,area,approx_perimeter,diameter
0,66.70491453228323,58.147524347053675,8.5518798828125
1,66.70491453228323,58.147524347053675,9.931305885314941
