,area,approx_perimeter,diameter
0,192.6824007656409,100.36045988188776,13.315765380859375
1,192.6824007656409,100.36045988188776,18.424089431762695
