,area,approx_perimeter,diameter
0,41.41316163734644,45.711902157530105,6.9048662185668945
1,41.41316163734644,45.711902157530105,7.636480331420898
