,area,approx_perimeter,diameter
0,29.85831071729125,39.013011033015964,5.596912384033203
1,29.85831071729125,39.013011033015964,6.792456150054932
