,area,approx_perimeter,diameter
0,227.09764556918364,107.04595164472605,16.16745376586914
1,227.09764556918364,107.04595164472605,17.88467788696289
