,area,approx_perimeter,diameter
0,38.20057725343684,44.252356521205506,6.218273639678955
1,38.20057725343684,44.252356521205506,7.821863174438477
