,area,approx_perimeter,diameter
0,215.91971174343263,105.34307438543073,14.675905227661133
1,215.91971174343263,105.34307438543073,18.732576370239258
