,area,approx_perimeter,diameter
0,352.61845586249825,134.1281145415709,19.176437377929688
1,352.61845586249825,134.1281145415709,23.4124698638916
