,area,approx_perimeter,diameter
0,255.69679544843328,114.82735503285262,15.829513549804688
1,255.69679544843328,114.82735503285262,20.566852569580078
