,area,approx_perimeter,diameter
0,85.12090573573975,66.48673918570982,8.978172302246094
1,85.12090573573975,66.48673918570982,12.07142162322998
