,area,approx_perimeter,diameter
0,324.9831136301057,128.15971708046033,19.149612426757812
1,324.9831136301057,128.15971708046033,21.607818603515625
