,area,approx_perimeter,diameter
0,441.19489600723625,152.6137827130701,19.760967254638672
1,441.19489600723625,152.6137827130701,28.42708969116211
