,area,approx_perimeter,diameter
0,116.1939536737178,76.65120767367176,11.420157432556152
1,116.1939536737178,76.65120767367176,12.954526901245117
