,area,approx_perimeter,diameter
0,30.104474013855626,39.84647696939565,5.1710405349731445
1,30.104474013855626,39.84647696939565,7.412474632263184
