,area,approx_perimeter,diameter
0,239.7599763898263,111.78401816163716,14.948782920837402
1,239.7599763898263,111.78401816163716,20.421186447143555
