,area,approx_perimeter,diameter
0,80.65905996081952,64.09845595281088,9.222254753112793
1,80.65905996081952,64.09845595281088,11.135921478271484
