,area,approx_perimeter,diameter
0,477.7723378980295,166.77609408672606,17.939178466796875
1,477.7723378980295,166.77609408672606,33.91006088256836
