,area,approx_perimeter,diameter
0,93.64970191509869,68.87081837855528,10.169445991516113
1,93.64970191509869,68.87081837855528,11.72517204284668
