,area,approx_perimeter,diameter
0,160.13449990265144,90.2268121208065,13.08935546875
1,160.13449990265144,90.2268121208065,15.576746940612793
