,area,approx_perimeter,diameter
0,215.27859999191196,104.18946893092871,15.811805725097656
1,215.27859999191196,104.18946893092871,17.33522605895996
