,area,approx_perimeter,diameter
0,355.98191580008233,133.93218406878844,20.44304084777832
1,355.98191580008233,133.93218406878844,22.171371459960938
