,area,approx_perimeter,diameter
0,139.97369386932516,84.45016895188215,12.13765811920166
1,139.97369386932516,84.45016895188215,14.683231353759766
