,area,approx_perimeter,diameter
0,58.23192099191819,54.378603275822584,7.928638458251953
1,58.23192099191819,54.378603275822584,9.351313591003418
