,area,approx_perimeter,diameter
0,175.62764631144313,94.81296814708762,13.393874168395996
1,175.62764631144313,94.81296814708762,16.695398330688477
