,area,approx_perimeter,diameter
0,45.39292222331994,49.177951513901796,6.234494686126709
1,45.39292222331994,49.177951513901796,9.270368576049805
