,area,approx_perimeter,diameter
0,48.672905404300685,49.533098094783576,7.536880016326904
1,48.672905404300685,49.533098094783576,8.222536087036133
