,area,approx_perimeter,diameter
0,254.05396997079797,115.03117536026761,15.409431457519531
1,254.05396997079797,115.03117536026761,20.991790771484375
