,area,approx_perimeter,diameter
0,93.16093322091356,68.65571113442992,10.193559646606445
1,93.16093322091356,68.65571113442992,11.636384963989258
