,area,approx_perimeter,diameter
0,82.67170761959093,64.80685771603183,9.430466651916504
1,82.67170761959093,64.80685771603183,11.161789894104004
