,area,approx_perimeter,diameter
0,246.98973021537125,112.11155304766844,16.19469451904297
1,246.98973021537125,112.11155304766844,19.41852569580078
