,area,approx_perimeter,diameter
0,107.29786641397966,73.7872862904931,10.795661926269531
1,107.29786641397966,73.7872862904931,12.654702186584473
