,area,approx_perimeter,diameter
0,295.44942826026175,122.71558555707318,17.611135482788086
1,295.44942826026175,122.71558555707318,21.3602294921875
