,area,approx_perimeter,diameter
0,67.13286463224193,58.66570981702325,8.241623878479004
1,67.13286463224193,58.66570981702325,10.371283531188965
