,area,approx_perimeter,diameter
0,51.61401819001892,51.29564602064752,7.356353282928467
1,51.61401819001892,51.29564602064752,8.933367729187012
