,area,approx_perimeter,diameter
0,28.09458952739196,38.00703371890504,5.2876200675964355
1,28.09458952739196,38.00703371890504,6.765074253082275
