,area,approx_perimeter,diameter
0,102.9861232241946,72.13152682799337,10.803922653198242
1,102.9861232241946,72.13152682799337,12.13688850402832
