,area,approx_perimeter,diameter
0,230.2052190041193,108.2929303010523,15.574538230895996
1,230.2052190041193,108.2929303010523,18.81958770751953
