,area,approx_perimeter,diameter
0,156.8597577476562,89.20904154191611,13.061344146728516
1,156.8597577476562,89.20904154191611,15.290925979614258
