,area,approx_perimeter,diameter
0,116.3408490939174,77.05135809455275,11.006956100463867
1,116.3408490939174,77.05135809455275,13.457832336425781
