,area,approx_perimeter,diameter
0,189.18553831637809,98.13152373114958,14.160639762878418
1,189.18553831637809,98.13152373114958,17.010425567626953
