,area,approx_perimeter,diameter
0,144.6178321302613,85.79864195936722,12.379807472229004
1,144.6178321302613,85.79864195936722,14.87366771697998
