,area,approx_perimeter,diameter
0,284.3812283737898,120.09826442810292,17.609832763671875
1,284.3812283737898,120.09826442810292,20.561548233032227
