,area,approx_perimeter,diameter
0,116.36265237314005,76.83184857422512,11.25375747680664
1,116.36265237314005,76.83184857422512,13.1651611328125
