,area,approx_perimeter,diameter
0,139.20745560514155,84.22071846948674,12.1023530960083
1,139.20745560514155,84.22071846948674,14.645452499389648
