,area,approx_perimeter,diameter
0,278.6783837248424,121.48570211833213,15.612646102905273
1,278.6783837248424,121.48570211833213,22.726726531982422
