,area,approx_perimeter,diameter
0,282.5938847827035,120.54610207028728,16.765850067138672
1,282.5938847827035,120.54610207028728,21.46086883544922
