,area,approx_perimeter,diameter
0,48.2288489403937,49.36331601865347,7.39047908782959
1,48.2288489403937,49.36331601865347,8.308917045593262
