,area,approx_perimeter,diameter
0,146.517715015663,86.32162659792866,12.502557754516602
1,146.517715015663,86.32162659792866,14.92111873626709
