,area,approx_perimeter,diameter
0,173.8297039765867,93.76780138375612,13.946540832519531
1,173.8297039765867,93.76780138375612,15.869659423828125
