,area,approx_perimeter,diameter
0,291.97118616679154,122.0912609197357,17.410268783569336
1,291.97118616679154,122.0912609197357,21.352298736572266
