,area,approx_perimeter,diameter
0,120.16314739480254,78.24708138909251,11.245034217834473
1,120.16314739480254,78.24708138909251,13.605691909790039
