,area,approx_perimeter,diameter
0,122.72772327509549,78.69509075713216,11.880742073059082
1,122.72772327509549,78.69509075713216,13.152527809143066
