,area,approx_perimeter,diameter
0,370.85580445391,139.2532525545374,18.462570190429688
1,370.85580445391,139.2532525545374,25.575435638427734
