,area,approx_perimeter,diameter
0,63.537359666370214,57.39209290344476,7.788308143615723
1,63.537359666370214,57.39209290344476,10.387144088745117
