,area,approx_perimeter,diameter
0,157.81162697781892,89.35882602499593,13.264647483825684
1,157.81162697781892,89.35882602499593,15.147933959960938
