,area,approx_perimeter,diameter
0,142.63996578760558,85.84453341371254,11.766642570495605
1,142.63996578760558,85.84453341371254,15.434720993041992
