,area,approx_perimeter,diameter
0,112.315801577195,76.36837984069376,10.31570816040039
1,112.315801577195,76.36837984069376,13.862831115722656
