,area,approx_perimeter,diameter
0,282.7882739169341,124.21908100405639,14.983293533325195
1,282.7882739169341,124.21908100405639,24.03057861328125
