,area,approx_perimeter,diameter
0,76.93485266419772,62.31326945642745,9.394640922546387
1,76.93485266419772,62.31326945642745,10.426848411560059
