,area,approx_perimeter,diameter
0,286.2871492193946,120.22868048485441,18.076581954956055
1,286.2871492193946,120.22868048485441,20.164880752563477
