,area,approx_perimeter,diameter
0,254.46450969712546,116.4068542848821,14.774285316467285
1,254.46450969712546,116.4068542848821,21.929607391357422
