,area,approx_perimeter,diameter
0,321.4410456856269,127.60983203061438,18.819801330566406
1,321.4410456856269,127.60983203061438,21.74685287475586
