,area,approx_perimeter,diameter
0,185.39224281694175,96.79405208273224,14.470320701599121
1,185.39224281694175,96.79405208273224,16.312612533569336
