,area,approx_perimeter,diameter
0,117.3491556509413,77.3562368617228,11.08192253112793
1,117.3491556509413,77.3562368617228,13.482641220092773
