,area,approx_perimeter,diameter
0,139.68952207002835,84.8711985823898,11.700623512268066
1,139.68952207002835,84.8711985823898,15.2007474899292
