,area,approx_perimeter,diameter
0,137.88320359424415,89.96654956521445,9.548945426940918
1,137.88320359424415,89.96654956521445,18.385103225708008
