,area,approx_perimeter,diameter
0,246.39848104543583,111.39918355581909,17.081512451171875
1,246.39848104543583,111.39918355581909,18.36630630493164
