,area,approx_perimeter,diameter
0,150.85850204569203,87.35411513928615,12.990317344665527
1,150.85850204569203,87.35411513928615,14.786321640014648
