,area,approx_perimeter,diameter
0,160.31538258624556,89.84615560948014,13.809087753295898
1,160.31538258624556,89.84615560948014,14.781561851501465
