,area,approx_perimeter,diameter
0,240.12638055656055,110.56358065682615,15.946213722229004
1,240.12638055656055,110.56358065682615,19.17310333251953
