,area,approx_perimeter,diameter
0,276.58142427370706,119.65955735343448,16.303205490112305
1,276.58142427370706,119.65955735343448,21.600317001342773
