,area,approx_perimeter,diameter
0,75.06537468264801,61.57495740087892,9.236562728881836
1,75.06537468264801,61.57495740087892,10.347594261169434
