,area,approx_perimeter,diameter
0,227.73378801439563,109.31654219768168,14.363609313964844
1,227.73378801439563,109.31654219768168,20.187103271484375
