,area,approx_perimeter,diameter
0,137.11271036790146,83.59828037458507,11.997265815734863
1,137.11271036790146,83.59828037458507,14.55142593383789
