,area,approx_perimeter,diameter
0,226.9819646934251,107.40825608935523,15.597959518432617
1,226.9819646934251,107.40825608935523,18.52821922302246
