,area,approx_perimeter,diameter
0,241.03068285687257,110.41271206244028,16.426013946533203
1,241.03068285687257,110.41271206244028,18.683156967163086
