,area,approx_perimeter,diameter
0,33.3119098585679,43.086272847724416,4.994112014770508
1,33.3119098585679,43.086272847724416,8.492809295654297
