,area,approx_perimeter,diameter
0,23.477959344132145,34.35666715992937,5.402915000915527
1,23.477959344132145,34.35666715992937,5.532766342163086
2,23.477959344132145,34.35666715992937,5.2709221839904785
3,23.477959344132145,34.35666715992937,6.090757369995117
