,area,approx_perimeter,diameter
0,86.42065760781945,66.16742546700078,9.757864952087402
1,86.42065760781945,66.16742546700078,11.27646255493164
