,area,approx_perimeter,diameter
0,100.06184365101045,71.15585602942818,10.560282707214355
1,100.06184365101045,71.15585602942818,12.064326286315918
