,area,approx_perimeter,diameter
0,110.43401580190204,75.26526372843668,10.552655220031738
1,110.43401580190204,75.26526372843668,13.324509620666504
