,area,approx_perimeter,diameter
0,276.1087102291354,117.90448865955133,18.14042854309082
1,276.1087102291354,117.90448865955133,19.379505157470703
