,area,approx_perimeter,diameter
0,176.50637323700528,95.16879787261503,13.3284912109375
1,176.50637323700528,95.16879787261503,16.86124038696289
