,area,approx_perimeter,diameter
0,216.06652774434696,104.95909490608308,15.044161796569824
1,216.06652774434696,104.95909490608308,18.28645896911621
