,area,approx_perimeter,diameter
0,277.9419625424642,118.8268228036323,17.293075561523438
1,277.9419625424642,118.8268228036323,20.464069366455078
