,area,approx_perimeter,diameter
0,351.4090732095078,136.15989826999174,17.656740188598633
1,351.4090732095078,136.15989826999174,25.340347290039062
