,area,approx_perimeter,diameter
0,374.1633431656935,138.02906223152738,19.889419555664062
1,374.1633431656935,138.02906223152738,23.952411651611328
