,area,approx_perimeter,diameter
0,223.58734533928194,110.24720893322666,13.397175788879395
1,223.58734533928194,110.24720893322666,21.2492733001709
