,area,approx_perimeter,diameter
0,142.8411702724357,86.73485013046562,11.29437255859375
1,142.8411702724357,86.73485013046562,16.102800369262695
