,area,approx_perimeter,diameter
0,113.14594440922751,77.11832544841631,10.090670585632324
1,113.14594440922751,77.11832544841631,14.276741027832031
