,area,approx_perimeter,diameter
0,272.1530219093805,119.2032003949128,15.865311622619629
1,272.1530219093805,119.2032003949128,21.841108322143555
