,area,approx_perimeter,diameter
0,121.03134604153034,78.31993258004924,11.526347160339355
1,121.03134604153034,78.31993258004924,13.369534492492676
