,area,approx_perimeter,diameter
0,229.0686949351642,107.6174130895612,16.04564094543457
1,229.0686949351642,107.6174130895612,18.176856994628906
