,area,approx_perimeter,diameter
0,263.29265226654167,116.08337567450577,16.40420913696289
1,263.29265226654167,116.08337567450577,20.435890197753906
