,area,approx_perimeter,diameter
0,321.61464954217575,127.68605735210325,18.769084930419922
1,321.61464954217575,127.68605735210325,21.817392349243164
