,area,approx_perimeter,diameter
0,99.74354997991358,71.31395769576397,10.220609664916992
1,99.74354997991358,71.31395769576397,12.42562198638916
