,area,approx_perimeter,diameter
0,110.35710779044821,75.75413388373181,10.192011833190918
1,110.35710779044821,75.75413388373181,13.786388397216797
