,area,approx_perimeter,diameter
0,185.25566930212523,100.99484672344097,11.971964836120605
1,185.25566930212523,100.99484672344097,19.702266693115234
