,area,approx_perimeter,diameter
0,58.64852991477919,54.38358263816529,8.24860954284668
1,58.64852991477919,54.38358263816529,9.052874565124512
