,area,approx_perimeter,diameter
0,340.70718854567235,131.9516572122434,18.74852752685547
1,340.70718854567235,131.9516572122434,23.137916564941406
