,area,approx_perimeter,diameter
0,215.82537692517164,104.91612274023306,15.02045726776123
1,215.82537692517164,104.91612274023306,18.294876098632812
