,area,approx_perimeter,diameter
0,152.48477475149647,87.60514395223734,13.530080795288086
1,152.48477475149647,87.60514395223734,14.349481582641602
