,area,approx_perimeter,diameter
0,244.60508264922836,113.8036757281276,14.63321304321289
1,244.60508264922836,113.8036757281276,21.28314971923828
