,area,approx_perimeter,diameter
0,25.651422800691684,35.923467267919285,5.579398155212402
1,25.651422800691684,35.923467267919285,5.853750705718994
