,area,approx_perimeter,diameter
0,123.26845561772159,85.26453908308405,8.982858657836914
1,123.26845561772159,85.26453908308405,17.472196578979492
