,area,approx_perimeter,diameter
0,88.64051921578145,66.88737052467096,10.08137321472168
1,88.64051921578145,66.88737052467096,11.194964408874512
