,area,approx_perimeter,diameter
0,158.2233986644082,90.58028454423916,12.282270431518555
1,158.2233986644082,90.58028454423916,16.402202606201172
