,area,approx_perimeter,diameter
0,62.98511156188428,56.363973510881074,8.536060333251953
1,62.98511156188428,56.363973510881074,9.394865036010742
