,area,approx_perimeter,diameter
0,120.43607768272956,78.02007893412289,11.65550708770752
1,120.43607768272956,78.02007893412289,13.156353950500488
