,area,approx_perimeter,diameter
0,342.7842250054979,139.69639814837217,15.59487247467041
1,342.7842250054979,139.69639814837217,27.986534118652344
