,area,approx_perimeter,diameter
0,112.26672938753991,76.298536529964,10.346766471862793
1,112.26672938753991,76.298536529964,13.815179824829102
