,area,approx_perimeter,diameter
0,184.91694023110622,96.50911150820212,14.787213325500488
1,184.91694023110622,96.50911150820212,15.922104835510254
