,area,approx_perimeter,diameter
0,136.89352880620893,83.06165364785193,12.659209251403809
1,136.89352880620893,83.06165364785193,13.768494606018066
