,area,approx_perimeter,diameter
0,249.56095962874272,112.84539265171556,16.12554359436035
1,249.56095962874272,112.84539265171556,19.704816818237305
