,area,approx_perimeter,diameter
0,183.46549267764752,96.31198823402464,14.358668327331543
1,183.46549267764752,96.31198823402464,16.268606185913086
