,area,approx_perimeter,diameter
0,123.77215986780756,79.75758814745964,11.111340522766113
1,123.77215986780756,79.75758814745964,14.182951927185059
