,area,approx_perimeter,diameter
0,95.55527167836382,69.40067336303991,10.566093444824219
1,95.55527167836382,69.40067336303991,11.514638900756836
