,area,approx_perimeter,diameter
0,338.5767537732098,130.7149456863757,19.721263885498047
1,338.5767537732098,130.7149456863757,21.859111785888672
