,area,approx_perimeter,diameter
0,116.73054905861656,77.39462653985767,10.838501930236816
1,116.73054905861656,77.39462653985767,13.712776184082031
