,area,approx_perimeter,diameter
0,112.57568738604496,76.27357637891693,10.446178436279297
1,112.57568738604496,76.27357637891693,13.72136402130127
