,area,approx_perimeter,diameter
0,53.94271931882919,52.143713638700795,7.9390082359313965
1,53.94271931882919,52.143713638700795,8.651206970214844
