,area,approx_perimeter,diameter
0,61.411920901445775,55.95856947819744,8.018716812133789
1,61.411920901445775,55.95856947819744,9.75119686126709
