,area,approx_perimeter,diameter
0,125.62053434980179,79.52582840858065,12.243074417114258
1,125.62053434980179,79.52582840858065,13.064123153686523
