,area,approx_perimeter,diameter
0,457.2902985298396,155.9139499631745,19.86564064025879
1,457.2902985298396,155.9139499631745,29.308900833129883
