,area,approx_perimeter,diameter
0,235.47166839707126,110.56163897798457,14.945630073547363
1,235.47166839707126,110.56163897798457,20.06016731262207
