,area,approx_perimeter,diameter
0,273.33362069072285,117.88816424265617,17.09180450439453
1,273.33362069072285,117.88816424265617,20.361757278442383
