,area,approx_perimeter,diameter
0,55.528007534703015,52.89404047880777,8.080243110656738
1,55.528007534703015,52.89404047880777,8.74979305267334
