,area,approx_perimeter,diameter
0,118.36263224586948,77.52974490878631,11.300963401794434
1,118.36263224586948,77.52974490878631,13.335498809814453
