,area,approx_perimeter,diameter
0,220.41136865686215,105.53728380527528,15.783587455749512
1,220.41136865686215,105.53728380527528,17.780271530151367
