,area,approx_perimeter,diameter
0,99.6106721409668,71.33592279112595,10.147788047790527
1,99.6106721409668,71.33592279112595,12.498117446899414
