,area,approx_perimeter,diameter
0,224.29999443350147,108.13704801223363,14.448904037475586
1,224.29999443350147,108.13704801223363,19.765348434448242
