,area,approx_perimeter,diameter
0,89.14675586697996,67.03664718896349,10.197264671325684
1,89.14675586697996,67.03664718896349,11.130943298339844
