,area,approx_perimeter,diameter
0,166.77250399464907,92.08249012649918,13.352771759033203
1,166.77250399464907,92.08249012649918,15.902417182922363
