,area,approx_perimeter,diameter
0,150.12044443593362,87.70319190921806,12.34468936920166
1,150.12044443593362,87.70319190921806,15.48352336883545
