,area,approx_perimeter,diameter
0,243.31965587586083,111.3535379081722,15.993095397949219
1,243.31965587586083,111.3535379081722,19.371122360229492
