,area,approx_perimeter,diameter
0,108.35751845328045,76.25850373165382,9.515359878540039
1,108.35751845328045,76.25850373165382,14.499197006225586
