,area,approx_perimeter,diameter
0,143.49982660564717,85.08730008325274,12.861531257629395
1,143.49982660564717,85.08730008325274,14.205902099609375
