,area,approx_perimeter,diameter
0,251.3070881278635,116.26978714025152,14.436458587646484
1,251.3070881278635,116.26978714025152,22.164308547973633
