,area,approx_perimeter,diameter
0,157.54883660339644,89.02383067999006,13.849184036254883
1,157.54883660339644,89.02383067999006,14.484420776367188
