,area,approx_perimeter,diameter
0,96.92288132288641,70.15169392706039,10.233264923095703
1,96.92288132288641,70.15169392706039,12.059303283691406
