,area,approx_perimeter,diameter
0,312.97440604791166,132.9929078618247,15.036574363708496
1,312.97440604791166,132.9929078618247,26.501474380493164
