,area,approx_perimeter,diameter
0,104.84356374564219,73.44155562778822,10.19943904876709
1,104.84356374564219,73.44155562778822,13.088069915771484
