,area,approx_perimeter,diameter
0,175.9286059780334,94.06798380344314,14.660927772521973
1,175.9286059780334,94.06798380344314,15.278655052185059
