,area,approx_perimeter,diameter
0,96.58459958355913,70.34446551532486,9.90444278717041
1,96.58459958355913,70.34446551532486,12.416178703308105
