,area,approx_perimeter,diameter
0,240.04751416488162,110.43632678209742,16.06342124938965
1,240.04751416488162,110.43632678209742,19.026954650878906
