,area,approx_perimeter,diameter
0,131.0147126719385,81.4612410712995,12.025971412658691
1,131.0147126719385,81.4612410712995,13.871071815490723
