,area,approx_perimeter,diameter
0,325.33028892357873,134.48872869212775,15.656219482421875
1,325.33028892357873,134.48872869212775,26.457433700561523
