,area,approx_perimeter,diameter
0,142.98233180898174,84.85504251997206,13.02700138092041
1,142.98233180898174,84.85504251997206,13.974878311157227
