,area,approx_perimeter,diameter
0,180.1784908549636,97.91954251800917,12.446746826171875
1,180.1784908549636,97.91954251800917,18.431352615356445
