,area,approx_perimeter,diameter
0,68.3912102770382,58.734321501787974,8.892245292663574
1,68.3912102770382,58.734321501787974,9.792621612548828
