,area,approx_perimeter,diameter
0,172.16753286998684,93.68599549016528,13.43500804901123
1,172.16753286998684,93.68599549016528,16.31636619567871
