,area,approx_perimeter,diameter
0,171.58852372149886,94.75266798489565,12.541047096252441
1,171.58852372149886,94.75266798489565,17.420658111572266
