,area,approx_perimeter,diameter
0,268.5081602485151,116.85005377635726,16.932371139526367
1,268.5081602485151,116.85005377635726,20.190628051757812
