,area,approx_perimeter,diameter
0,94.2984632882118,68.90001188831522,10.613001823425293
1,94.2984632882118,68.90001188831522,11.312966346740723
