,area,approx_perimeter,diameter
0,105.11584057319351,72.81648481836146,11.022817611694336
1,105.11584057319351,72.81648481836146,12.14187240600586
