,area,approx_perimeter,diameter
0,56.965024730686565,55.86897020912864,6.684142112731934
1,56.965024730686565,55.86897020912864,10.85107421875
