,area,approx_perimeter,diameter
0,62.195889541962146,55.980726112114304,8.549337387084961
1,62.195889541962146,55.980726112114304,9.262737274169922
