,area,approx_perimeter,diameter
0,29.015955545112195,38.24912314610942,5.808942794799805
1,29.015955545112195,38.24912314610942,6.359894275665283
