,area,approx_perimeter,diameter
0,91.0457770180534,68.43701796920146,9.505792617797852
1,91.0457770180534,68.43701796920146,12.19499397277832
