,area,approx_perimeter,diameter
0,151.85733532771528,88.1525273682889,12.46410083770752
1,151.85733532771528,88.1525273682889,15.512612342834473
