,area,approx_perimeter,diameter
0,204.60686411156863,102.26627536048417,14.518779754638672
1,204.60686411156863,102.26627536048417,17.943212509155273
