,area,approx_perimeter,diameter
0,219.786528699237,106.14784815340496,14.91356086730957
1,219.786528699237,106.14784815340496,18.764190673828125
