,area,approx_perimeter,diameter
0,92.68863906528911,68.59060448756286,10.021209716796875
1,92.68863906528911,68.59060448756286,11.776506423950195
