,area,approx_perimeter,diameter
0,206.5645601950485,102.6785497046224,14.658122062683105
1,206.5645601950485,102.6785497046224,17.942691802978516
