,area,approx_perimeter,diameter
0,76.57780449261321,64.99070038619985,7.678155422210693
1,76.57780449261321,64.99070038619985,12.6986083984375
