,area,approx_perimeter,diameter
0,123.09801917497248,79.8627835706504,10.854594230651855
1,123.09801917497248,79.8627835706504,14.439348220825195
