,area,approx_perimeter,diameter
0,138.97054754202267,84.41889668442299,11.848066329956055
1,138.97054754202267,84.41889668442299,14.934318542480469
