,area,approx_perimeter,diameter
0,98.92681385620573,70.99535632253779,10.204684257507324
1,98.92681385620573,70.99535632253779,12.343109130859375
