,area,approx_perimeter,diameter
0,220.5254348392865,105.43389761659915,16.04322624206543
1,220.5254348392865,105.43389761659915,17.50157356262207
