,area,approx_perimeter,diameter
0,135.3629055041389,83.26595048959705,11.734772682189941
1,135.3629055041389,83.26595048959705,14.687067985534668
