,area,approx_perimeter,diameter
0,149.7448899777109,88.16788857641637,11.918569564819336
1,149.7448899777109,88.16788857641637,15.996979713439941
