,area,approx_perimeter,diameter
0,202.05572206139792,101.73098971460142,14.337054252624512
1,202.05572206139792,101.73098971460142,17.9440860748291
