,area,approx_perimeter,diameter
0,297.54701794721177,124.3243383605963,16.77518081665039
1,297.54701794721177,124.3243383605963,22.583877563476562
