,area,approx_perimeter,diameter
0,111.98551677396296,75.58606910509371,10.80786418914795
1,111.98551677396296,75.58606910509371,13.192651748657227
