,area,approx_perimeter,diameter
0,113.44313885000817,77.35021845271294,10.038273811340332
1,113.44313885000817,77.35021845271294,14.388957023620605
