,area,approx_perimeter,diameter
0,212.2278534699539,104.25810580328522,14.69534683227539
1,212.2278534699539,104.25810580328522,18.387922286987305
