,area,approx_perimeter,diameter
0,85.88875224679258,65.89390145565868,9.830729484558105
1,85.88875224679258,65.89390145565868,11.123991966247559
