,area,approx_perimeter,diameter
0,98.56069645100767,70.45021562976268,10.818573951721191
1,98.56069645100767,70.45021562976268,11.59962272644043
