,area,approx_perimeter,diameter
0,235.9451904368149,108.99974202535076,16.746606826782227
1,235.9451904368149,108.99974202535076,17.9388427734375
