,area,approx_perimeter,diameter
0,265.2214720343956,116.8565513165337,16.186655044555664
1,265.2214720343956,116.8565513165337,20.862276077270508
