,area,approx_perimeter,diameter
0,294.6204251804274,125.31821994738816,15.869810104370117
1,294.6204251804274,125.31821994738816,23.637483596801758
