,area,approx_perimeter,diameter
0,297.3890387225144,125.71719401148496,16.027624130249023
1,297.3890387225144,125.71719401148496,23.624679565429688
