,area,approx_perimeter,diameter
0,157.43890554740955,89.08788297989553,13.550017356872559
1,157.43890554740955,89.08788297989553,14.793888092041016
