,area,approx_perimeter,diameter
0,157.54925806438698,89.76608254614885,12.715968132019043
1,157.54925806438698,89.76608254614885,15.77527904510498
