,area,approx_perimeter,diameter
0,162.4645725067681,90.92263573125511,13.138555526733398
1,162.4645725067681,90.92263573125511,15.744220733642578
