,area,approx_perimeter,diameter
0,85.23750487842779,65.58840059815408,9.890715599060059
1,85.23750487842779,65.58840059815408,10.97269058227539
