,area,approx_perimeter,diameter
0,308.85850821453323,127.31115967515753,16.725208282470703
1,308.85850821453323,127.31115967515753,23.51246452331543
