,area,approx_perimeter,diameter
0,302.60100330772536,123.67511255500365,18.46624755859375
1,302.60100330772536,123.67511255500365,20.86420440673828
