,area,approx_perimeter,diameter
0,116.01856726462275,77.19133001810337,10.779173851013184
1,116.01856726462275,77.19133001810337,13.704151153564453
