,area,approx_perimeter,diameter
0,156.2643164605851,90.40275406892077,11.97886848449707
1,156.2643164605851,90.40275406892077,16.609407424926758
