,area,approx_perimeter,diameter
0,269.2432482846252,116.64613210887477,17.440549850463867
1,269.2432482846252,116.64613210887477,19.655982971191406
