,area,approx_perimeter,diameter
0,103.05239307487416,72.03970068402805,11.056339263916016
1,103.05239307487416,72.03970068402805,11.86743450164795
