,area,approx_perimeter,diameter
0,91.5888438119909,68.45451124281837,9.684711456298828
1,91.5888438119909,68.45451124281837,12.041095733642578
