,area,approx_perimeter,diameter
0,130.74673306241783,81.1680203859339,12.389986991882324
1,130.74673306241783,81.1680203859339,13.436003684997559
