,area,approx_perimeter,diameter
0,103.94594596711163,72.47521816249251,10.83996868133545
1,103.94594596711163,72.47521816249251,12.209268569946289
