,area,approx_perimeter,diameter
0,79.15583086087368,63.28588756231112,9.394923210144043
1,79.15583086087368,63.28588756231112,10.727531433105469
