,area,approx_perimeter,diameter
0,187.24736524193275,99.53919991215153,12.817901611328125
1,187.24736524193275,99.53919991215153,18.59982681274414
