,area,approx_perimeter,diameter
0,50.32917090345182,50.39677071815379,7.604421615600586
1,50.32917090345182,50.39677071815379,8.426819801330566
