,area,approx_perimeter,diameter
0,249.90363448056576,112.65898579881,16.4151554107666
1,249.90363448056576,112.65898579881,19.383745193481445
