,area,approx_perimeter,diameter
0,127.92133225616406,80.24315365716573,12.37968635559082
1,127.92133225616406,80.24315365716573,13.156593322753906
