,area,approx_perimeter,diameter
0,386.89537152918575,142.63439291926508,18.644351959228516
1,386.89537152918575,142.63439291926508,26.421432495117188
