,area,approx_perimeter,diameter
0,288.4285098576604,120.6657026711029,18.165964126586914
1,288.4285098576604,120.6657026711029,20.215749740600586
