,area,approx_perimeter,diameter
0,105.10348548256725,73.28409900784776,10.41675090789795
1,105.10348548256725,73.28409900784776,12.846799850463867
