,area,approx_perimeter,diameter
0,137.5009255419646,86.15579449704278,10.618853569030762
1,137.5009255419646,86.15579449704278,16.486865997314453
