,area,approx_perimeter,diameter
0,135.94949163305995,83.57139325271002,11.658757209777832
1,135.94949163305995,83.57139325271002,14.846888542175293
