,area,approx_perimeter,diameter
0,107.5620146071036,73.69733805021411,11.075414657592773
1,107.5620146071036,73.69733805021411,12.365425109863281
