,area,approx_perimeter,diameter
0,197.08278108362526,99.64508683649339,15.234101295471191
1,197.08278108362526,99.64508683649339,16.471834182739258
