,area,approx_perimeter,diameter
0,105.03610355702102,75.43547595919706,9.229843139648438
1,105.03610355702102,75.43547595919706,14.489533424377441
