,area,approx_perimeter,diameter
0,83.95173327256228,65.35546669307956,9.448726654052734
1,83.95173327256228,65.35546669307956,11.312705993652344
