,area,approx_perimeter,diameter
0,151.9303914711819,91.73473560929874,10.753006935119629
1,151.9303914711819,91.73473560929874,17.98973846435547
