,area,approx_perimeter,diameter
0,132.27096639013763,81.78811285177814,12.175561904907227
1,132.27096639013763,81.78811285177814,13.83202075958252
