,area,approx_perimeter,diameter
0,248.43497779529122,112.56518662130084,16.11359214782715
1,248.43497779529122,112.56518662130084,19.630460739135742
