,area,approx_perimeter,diameter
0,84.8498025264372,66.84320392131747,8.70754623413086
1,84.8498025264372,66.84320392131747,12.406953811645508
