,area,approx_perimeter,diameter
0,92.50412490612804,68.39022088643674,10.193126678466797
1,92.50412490612804,68.39022088643674,11.55483627319336
