,area,approx_perimeter,diameter
0,134.1760743621073,83.64890137735631,11.168281555175781
1,134.1760743621073,83.64890137735631,15.296738624572754
