,area,approx_perimeter,diameter
0,133.5224982315409,82.00001980193733,12.588542938232422
1,133.5224982315409,82.00001980193733,13.504829406738281
