,area,approx_perimeter,diameter
0,146.9826443509531,86.5436486437501,12.432826042175293
1,146.9826443509531,86.5436486437501,15.052419662475586
