,area,approx_perimeter,diameter
0,259.55246606471644,115.95418779511947,15.769376754760742
1,259.55246606471644,115.95418779511947,20.95659637451172
