,area,approx_perimeter,diameter
0,310.78954025195713,125.53934790908357,18.423912048339844
1,310.78954025195713,125.53934790908357,21.47804069519043
