,area,approx_perimeter,diameter
0,155.0122893410022,88.99294923859115,12.655835151672363
1,155.0122893410022,88.99294923859115,15.595002174377441
