,area,approx_perimeter,diameter
0,357.8437630146321,138.74501157019867,17.22603416442871
1,357.8437630146321,138.74501157019867,26.449548721313477
