,area,approx_perimeter,diameter
0,205.22376363628143,102.99096961915586,14.098833084106445
1,205.22376363628143,102.99096961915586,18.53337860107422
