,area,approx_perimeter,diameter
0,91.91962183302033,68.04693997840987,10.415149688720703
1,91.91962183302033,68.04693997840987,11.23706340789795
