,area,approx_perimeter,diameter
0,108.82891715322845,75.14903829995271,10.169601440429688
1,108.82891715322845,75.14903829995271,13.625438690185547
