,area,approx_perimeter,diameter
0,314.91383452823686,126.57958122864133,18.299917221069336
1,314.91383452823686,126.57958122864133,21.9105224609375
