,area,approx_perimeter,diameter
0,46.0250771957341,48.52427196830672,6.867208480834961
1,46.0250771957341,48.52427196830672,8.533445358276367
