,area,approx_perimeter,diameter
0,169.7735774131144,94.77117257748488,12.209832191467285
1,169.7735774131144,94.77117257748488,17.703964233398438
