,area,approx_perimeter,diameter
0,52.19365803686337,52.51200423116491,6.786750316619873
1,52.19365803686337,52.51200423116491,9.791877746582031
