,area,approx_perimeter,diameter
0,164.3579016832944,91.16850273487582,13.575011253356934
1,164.3579016832944,91.16850273487582,15.415602684020996
