,area,approx_perimeter,diameter
0,135.19758610142293,82.65969248190929,12.355072021484375
1,135.19758610142293,82.65969248190929,13.93265151977539
