,area,approx_perimeter,diameter
0,310.7651773912376,128.67559407457446,16.3121337890625
1,310.7651773912376,128.67559407457446,24.256698608398438
