,area,approx_perimeter,diameter
0,179.49075134051515,96.26783566770585,13.219436645507812
1,179.49075134051515,96.26783566770585,17.28778076171875
