,area,approx_perimeter,diameter
0,255.4568929802468,114.42027976467907,16.092761993408203
1,255.4568929802468,114.42027976467907,20.211435317993164
