,area,approx_perimeter,diameter
0,79.70649316565327,63.81893462182849,9.071120262145996
1,79.70649316565327,63.81893462182849,11.187753677368164
