,area,approx_perimeter,diameter
0,125.33096980194323,80.84176478489755,10.795619010925293
1,125.33096980194323,80.84176478489755,14.781583786010742
