,area,approx_perimeter,diameter
0,196.44626844577758,100.0149792552056,14.410863876342773
1,196.44626844577758,100.0149792552056,17.356569290161133
