,area,approx_perimeter,diameter
0,231.28729577936892,108.2982345585635,15.894061088562012
1,231.28729577936892,108.2982345585635,18.527935028076172
