,area,approx_perimeter,diameter
0,170.25715037939517,92.69290508130123,13.986082077026367
1,170.25715037939517,92.69290508130123,15.499561309814453
