,area,approx_perimeter,diameter
0,91.13535202300618,67.70646237909457,10.542011260986328
1,91.13535202300618,67.70646237909457,11.007115364074707
