,area,approx_perimeter,diameter
0,226.74093929390406,106.97459572464766,16.129682540893555
1,226.74093929390406,106.97459572464766,17.898401260375977
