,area,approx_perimeter,diameter
0,284.9805725652754,122.03608163448422,16.203479766845703
1,284.9805725652754,122.03608163448422,22.393247604370117
