,area,approx_perimeter,diameter
0,222.47877943475518,107.01266822753571,14.835603713989258
1,222.47877943475518,107.01266822753571,19.093849182128906
