,area,approx_perimeter,diameter
0,117.2502470797309,77.92895800502389,10.602556228637695
1,117.2502470797309,77.92895800502389,14.080345153808594
