,area,approx_perimeter,diameter
0,68.03146708811255,58.52081085968691,9.019547462463379
1,68.03146708811255,58.52081085968691,9.603625297546387
