,area,approx_perimeter,diameter
0,103.62864031947632,72.40149281209933,10.764167785644531
1,103.62864031947632,72.40149281209933,12.257713317871094
