,area,approx_perimeter,diameter
0,145.89749667861832,86.32580120602192,12.288314819335938
1,145.89749667861832,86.32580120602192,15.117000579833984
