,area,approx_perimeter,diameter
0,170.31249554195477,93.08322359290595,13.462413787841797
1,170.31249554195477,93.08322359290595,16.10770606994629
