,area,approx_perimeter,diameter
0,140.28309569475454,85.29582371433355,11.561677932739258
1,140.28309569475454,85.29582371433355,15.4487943649292
