,area,approx_perimeter,diameter
0,141.77292177281927,85.30320367911911,11.936784744262695
1,141.77292177281927,85.30320367911911,15.122237205505371
