,area,approx_perimeter,diameter
0,115.82860138191194,76.35099004721077,11.798172950744629
1,115.82860138191194,76.35099004721077,12.500033378601074
