,area,approx_perimeter,diameter
0,49.79626814423859,50.508549416029624,7.112643718719482
1,49.79626814423859,50.508549416029624,8.914066314697266
