,area,approx_perimeter,diameter
0,97.64580573082546,70.69170794869264,9.991201400756836
1,97.64580573082546,70.69170794869264,12.443598747253418
