,area,approx_perimeter,diameter
0,47.471883325688175,49.38075263628371,6.892005920410156
1,47.471883325688175,49.38075263628371,8.770027160644531
