,area,approx_perimeter,diameter
0,222.2550932952553,107.19895959347716,14.658998489379883
1,222.2550932952553,107.19895959347716,19.304454803466797
