,area,approx_perimeter,diameter
0,257.3833524159121,118.59799606504184,14.262785911560059
1,257.3833524159121,118.59799606504184,22.97662353515625
