,area,approx_perimeter,diameter
0,92.84146498070405,68.64320611079216,10.0342378616333
1,92.84146498070405,68.64320611079216,11.780608177185059
