,area,approx_perimeter,diameter
0,199.52345703348237,103.3233360012253,12.97665786743164
1,199.52345703348237,103.3233360012253,19.576778411865234
