,area,approx_perimeter,diameter
0,238.76664321764827,112.1057301640796,14.618663787841797
1,238.76664321764827,112.1057301640796,20.795822143554688
