,area,approx_perimeter,diameter
0,92.35852539034093,68.37885429461582,10.12103271484375
1,92.35852539034093,68.37885429461582,11.618826866149902
