,area,approx_perimeter,diameter
0,250.8032953288741,114.8221462984678,15.02052116394043
1,250.8032953288741,114.8221462984678,21.2597599029541
