,area,approx_perimeter,diameter
0,235.79613062643833,109.63175200315888,15.730608940124512
1,235.79613062643833,109.63175200315888,19.085399627685547
