,area,approx_perimeter,diameter
0,126.17760842988899,80.0072139242917,11.717954635620117
1,126.17760842988899,80.0072139242917,13.710099220275879
