,area,approx_perimeter,diameter
0,106.22633091221712,73.53805062729512,10.605364799499512
1,106.22633091221712,73.53805062729512,12.753127098083496
