,area,approx_perimeter,diameter
0,132.00039514618925,81.71759100779663,12.142827033996582
1,132.00039514618925,81.71759100779663,13.840938568115234
