,area,approx_perimeter,diameter
0,105.42181163695075,75.3332087882269,9.339456558227539
1,105.42181163695075,75.3332087882269,14.372058868408203
