,area,approx_perimeter,diameter
0,125.54909702185107,79.47938074787405,12.324271202087402
1,125.54909702185107,79.47938074787405,12.970671653747559
