,area,approx_perimeter,diameter
0,186.15633890309647,97.45969753254725,13.92924976348877
1,186.15633890309647,97.45969753254725,17.0161075592041
