,area,approx_perimeter,diameter
0,277.6798349197565,119.17216872346573,16.88193702697754
1,277.6798349197565,119.17216872346573,20.942676544189453
