,area,approx_perimeter,diameter
0,159.96989700735517,89.75205081042101,13.785962104797363
1,159.96989700735517,89.75205081042101,14.774449348449707
