,area,approx_perimeter,diameter
0,209.49035318226743,103.20208558196583,14.967714309692383
1,209.49035318226743,103.20208558196583,17.820449829101562
