,area,approx_perimeter,diameter
0,218.7399659817276,105.40133139532527,15.356874465942383
1,218.7399659817276,105.40133139532527,18.135746002197266
