,area,approx_perimeter,diameter
0,293.2202551313275,121.72486454838754,18.207901000976562
1,293.2202551313275,121.72486454838754,20.50426483154297
