,area,approx_perimeter,diameter
0,170.9460802812623,93.5782180917648,13.182243347167969
1,170.9460802812623,93.5782180917648,16.511249542236328
