,area,approx_perimeter,diameter
0,550.505055645243,166.9325213059664,24.722423553466797
1,550.505055645243,166.9325213059664,28.351783752441406
