,area,approx_perimeter,diameter
0,292.8481317531352,125.97108363011698,15.406845092773438
1,292.8481317531352,125.97108363011698,24.201309204101562
