,area,approx_perimeter,diameter
0,106.47956921028299,73.44043106312223,10.839007377624512
1,106.47956921028299,73.44043106312223,12.50797176361084
