,area,approx_perimeter,diameter
0,82.84615682712852,64.54332822521746,10.110538482666016
1,82.84615682712852,64.54332822521746,10.432975769042969
