,area,approx_perimeter,diameter
0,146.46226016561232,86.32614513153577,12.477543830871582
1,146.46226016561232,86.32614513153577,14.945372581481934
