,area,approx_perimeter,diameter
0,345.779585482662,134.78606034361414,17.654895782470703
1,345.779585482662,134.78606034361414,24.9370059967041
