,area,approx_perimeter,diameter
0,219.37380378005324,106.15420472605878,14.814599990844727
1,219.37380378005324,106.15420472605878,18.854063034057617
