,area,approx_perimeter,diameter
0,51.787259436530064,53.425066245704656,6.320883274078369
1,51.787259436530064,53.425066245704656,10.4317045211792
