,area,approx_perimeter,diameter
0,199.673645928767,100.82674137713998,14.535484313964844
1,199.673645928767,100.82674137713998,17.49046516418457
