,area,approx_perimeter,diameter
0,68.56475127554593,59.81798199197989,7.971104621887207
1,68.56475127554593,59.81798199197989,10.951976776123047
