,area,approx_perimeter,diameter
0,117.37687627722453,77.43902634449857,11.013472557067871
1,117.37687627722453,77.43902634449857,13.569642066955566
