,area,approx_perimeter,diameter
0,30.53971951253518,39.26221420071787,5.9149980545043945
1,30.53971951253518,39.26221420071787,6.573861598968506
