,area,approx_perimeter,diameter
0,59.079638839038466,54.769961763212294,7.989729404449463
1,59.079638839038466,54.769961763212294,9.41490364074707
