,area,approx_perimeter,diameter
0,118.59736485963077,77.51878656460127,11.422747611999512
1,118.59736485963077,77.51878656460127,13.219486236572266
