,area,approx_perimeter,diameter
0,214.48033516990367,106.15884467304491,13.902461051940918
1,214.48033516990367,106.15884467304491,19.642913818359375
