,area,approx_perimeter,diameter
0,116.32290100981623,77.95348423338076,10.360010147094727
1,116.32290100981623,77.95348423338076,14.2960205078125
