,area,approx_perimeter,diameter
0,90.8919908554253,67.76612432333245,10.145975112915039
1,90.8919908554253,67.76612432333245,11.406225204467773
