,area,approx_perimeter,diameter
0,92.27463575351226,70.29792594953938,8.8113374710083
1,92.27463575351226,70.29792594953938,13.333698272705078
