,area,approx_perimeter,diameter
0,38.30346062138636,44.105739120011485,6.42695951461792
1,38.30346062138636,44.105739120011485,7.588266372680664
