,area,approx_perimeter,diameter
0,117.49986695202908,76.96347889652729,11.704448699951172
1,117.49986695202908,76.96347889652729,12.781932830810547
