,area,approx_perimeter,diameter
0,265.3440823911034,118.42092971568164,15.292640686035156
1,265.3440823911034,118.42092971568164,22.09210205078125
