,area,approx_perimeter,diameter
0,268.6858139517563,117.11917233251252,16.703859329223633
1,268.6858139517563,117.11917233251252,20.48038101196289
