,area,approx_perimeter,diameter
0,130.74449282569083,82.06901711704069,11.348451614379883
1,130.74449282569083,82.06901711704069,14.668878555297852
