,area,approx_perimeter,diameter
0,228.1579828802659,107.35244448440814,16.09878921508789
1,228.1579828802659,107.35244448440814,18.04482078552246
