,area,approx_perimeter,diameter
0,100.0418788104554,71.21510105669172,10.466856002807617
1,100.0418788104554,71.21510105669172,12.169583320617676
