,area,approx_perimeter,diameter
0,117.11441758418576,77.1942720827096,11.157537460327148
1,117.11441758418576,77.1942720827096,13.364481925964355
