,area,approx_perimeter,diameter
0,124.94730036155318,81.26913308113517,10.490561485290527
1,124.94730036155318,81.26913308113517,15.164855003356934
