,area,approx_perimeter,diameter
0,140.33702473835137,84.04084798863128,12.988237380981445
1,140.33702473835137,84.04084798863128,13.757266998291016
