,area,approx_perimeter,diameter
0,30.453921574943127,39.249079838240284,5.835252285003662
1,30.453921574943127,39.249079838240284,6.644980430603027
