,area,approx_perimeter,diameter
0,78.81870137622316,63.23295061738811,9.263045310974121
1,78.81870137622316,63.23295061738811,10.833919525146484
