,area,approx_perimeter,diameter
0,297.32987078524656,127.42895596840145,15.343917846679688
1,297.32987078524656,127.42895596840145,24.672456741333008
