,area,approx_perimeter,diameter
0,311.1980212354697,126.78521342073846,17.38837432861328
1,311.1980212354697,126.78521342073846,22.78704261779785
