,area,approx_perimeter,diameter
0,233.56352967493868,109.19800391127103,15.572336196899414
1,233.56352967493868,109.19800391127103,19.096834182739258
