,area,approx_perimeter,diameter
0,121.07691210458047,78.32341689488108,11.543608665466309
1,121.07691210458047,78.32341689488108,13.354568481445312
