,area,approx_perimeter,diameter
0,194.4609356256024,101.74791291967131,12.921180725097656
1,194.4609356256024,101.74791291967131,19.161975860595703
