,area,approx_perimeter,diameter
0,173.62033799147304,94.18430789015699,13.392796516418457
1,173.62033799147304,94.18430789015699,16.505908966064453
