,area,approx_perimeter,diameter
0,174.1792812413629,94.44405247155088,13.318979263305664
1,174.1792812413629,94.44405247155088,16.650821685791016
