,area,approx_perimeter,diameter
0,157.43121581933295,95.48494703446761,10.358607292175293
1,157.43121581933295,95.48494703446761,19.350830078125
