,area,approx_perimeter,diameter
0,217.8629532532615,105.06647552938304,15.48093032836914
1,217.8629532532615,105.06647552938304,17.918285369873047
