,area,approx_perimeter,diameter
0,30.79683238216341,40.6152174501526,5.089084148406982
1,30.79683238216341,40.6152174501526,7.705069065093994
