,area,approx_perimeter,diameter
0,254.81678194896443,114.71829725831951,15.740270614624023
1,254.81678194896443,114.71829725831951,20.612276077270508
