,area,approx_perimeter,diameter
0,99.29251769195554,71.56290047935893,9.858745574951172
1,99.29251769195554,71.56290047935893,12.823452949523926
