,area,approx_perimeter,diameter
0,101.23740135784894,72.24940304598023,9.962611198425293
1,101.23740135784894,72.24940304598023,12.938321113586426
