,area,approx_perimeter,diameter
0,229.68600342728212,108.21446861259379,15.513092994689941
1,229.68600342728212,108.21446861259379,18.85151481628418
