,area,approx_perimeter,diameter
0,109.24478902012456,74.15890731104842,11.425383567810059
1,109.24478902012456,74.15890731104842,12.174189567565918
