,area,approx_perimeter,diameter
0,423.9008000783297,148.0768017171312,20.224109649658203
1,423.9008000783297,148.0768017171312,26.687318801879883
