,area,approx_perimeter,diameter
0,31.626805214084182,40.14033045657438,5.771770477294922
1,31.626805214084182,40.14033045657438,6.976801872253418
