,area,approx_perimeter,diameter
0,180.2855947304299,95.24136576350682,14.770745277404785
1,180.2855947304299,95.24136576350682,15.540634155273438
