,area,approx_perimeter,diameter
0,156.20949497445443,90.15894975970737,12.107338905334473
1,156.20949497445443,90.15894975970737,16.427400588989258
