,area,approx_perimeter,diameter
0,82.90879495704448,65.06915806536551,9.269165992736816
1,82.90879495704448,65.06915806536551,11.388592720031738
