,area,approx_perimeter,diameter
0,248.14910702047453,111.73882850836405,17.326417922973633
1,248.14910702047453,111.73882850836405,18.235347747802734
