,area,approx_perimeter,diameter
0,84.3421358435707,65.50021766669897,9.478282928466797
1,84.3421358435707,65.50021766669897,11.329873085021973
