,area,approx_perimeter,diameter
0,74.14561902222437,61.40346308265122,8.897790908813477
1,74.14561902222437,61.40346308265122,10.609951972961426
