,area,approx_perimeter,diameter
0,318.34550708240744,127.29950918298766,18.365163803100586
1,318.34550708240744,127.29950918298766,22.070594787597656
