,area,approx_perimeter,diameter
0,294.29027147848905,122.22411528039697,17.85045623779297
1,294.29027147848905,122.22411528039697,20.991172790527344
