,area,approx_perimeter,diameter
0,317.1651957540772,127.91819270187462,17.607576370239258
1,317.1651957540772,127.91819270187462,22.934858322143555
