,area,approx_perimeter,diameter
0,34.08130292310767,41.416349518860315,6.397427558898926
1,34.08130292310767,41.416349518860315,6.782986164093018
