,area,approx_perimeter,diameter
0,234.99805254620145,113.22523516638479,13.66297435760498
1,234.99805254620145,113.22523516638479,21.89924430847168
