,area,approx_perimeter,diameter
0,201.79925132272078,105.05062185392892,12.61634349822998
1,201.79925132272078,105.05062185392892,20.365550994873047
