,area,approx_perimeter,diameter
0,390.3909153415534,146.02431466004882,17.578815460205078
1,390.3909153415534,146.02431466004882,28.276145935058594
