,area,approx_perimeter,diameter
0,30.665510582634234,39.60814725443354,5.605605602264404
1,30.665510582634234,39.60814725443354,6.965267181396484
