,area,approx_perimeter,diameter
0,279.20529112365045,119.38614488206291,17.031208038330078
1,279.20529112365045,119.38614488206291,20.873165130615234
