,area,approx_perimeter,diameter
0,110.54194860853593,75.35788848653452,10.513505935668945
1,110.54194860853593,75.35788848653452,13.387197494506836
