,area,approx_perimeter,diameter
0,268.93132927724514,118.95221134874215,15.52698040008545
1,268.93132927724514,118.95221134874215,22.052839279174805
