,area,approx_perimeter,diameter
0,92.33881115125516,69.78324077636519,9.057596206665039
1,92.33881115125516,69.78324077636519,12.980201721191406
