,area,approx_perimeter,diameter
0,160.2747169000022,90.25871297055696,13.103606224060059
1,160.2747169000022,90.25871297055696,15.573431015014648
