,area,approx_perimeter,diameter
0,69.52505748997434,59.45879425660214,8.616798400878906
1,69.52505748997434,59.45879425660214,10.273195266723633
