,area,approx_perimeter,diameter
0,360.7025409542167,142.05699822385037,16.349895477294922
1,360.7025409542167,142.05699822385037,28.089521408081055
