,area,approx_perimeter,diameter
0,111.09140269403262,75.6691266393073,10.44683837890625
1,111.09140269403262,75.6691266393073,13.539595603942871
