,area,approx_perimeter,diameter
0,176.01457967276644,95.63646168620144,12.892642974853516
1,176.01457967276644,95.63646168620144,17.38268280029297
