,area,approx_perimeter,diameter
0,104.23608209342301,72.9278001344309,10.423456192016602
1,104.23608209342301,72.9278001344309,12.73258113861084
