,area,approx_perimeter,diameter
0,109.99845853224701,74.44424039577706,11.378349304199219
1,109.99845853224701,74.44424039577706,12.308849334716797
