,area,approx_perimeter,diameter
0,187.65581103815248,99.47166132821788,12.916831016540527
1,187.65581103815248,99.47166132821788,18.49763298034668
