,area,approx_perimeter,diameter
0,129.75765006472588,83.34528422434094,10.455755233764648
1,129.75765006472588,83.34528422434094,15.80111312866211
