,area,approx_perimeter,diameter
0,49.80386235762378,50.552529960647895,7.080265045166016
1,49.80386235762378,50.552529960647895,8.956196784973145
