,area,approx_perimeter,diameter
0,37.17330250900695,43.867280137644364,5.977626323699951
1,37.17330250900695,43.867280137644364,7.917945384979248
