,area,approx_perimeter,diameter
0,107.32543295266093,73.94470985669489,10.632000923156738
1,107.32543295266093,73.94470985669489,12.852800369262695
