,area,approx_perimeter,diameter
0,31.905656944714117,41.088053633552605,5.291266918182373
1,31.905656944714117,41.088053633552605,7.6774702072143555
