,area,approx_perimeter,diameter
0,193.98802922007238,99.42654377880058,14.280230522155762
1,193.98802922007238,99.42654377880058,17.296165466308594
