,area,approx_perimeter,diameter
0,94.86042748521986,69.47952766725776,10.035771369934082
1,94.86042748521986,69.47952766725776,12.034954071044922
