,area,approx_perimeter,diameter
0,318.66065113839375,127.92429509215553,17.867984771728516
1,318.66065113839375,127.92429509215553,22.707168579101562
