,area,approx_perimeter,diameter
0,128.43341568017698,81.08092340221003,11.452432632446289
1,128.43341568017698,81.08092340221003,14.278757095336914
