,area,approx_perimeter,diameter
0,76.35192716092712,62.440856261605205,8.897235870361328
1,76.35192716092712,62.440856261605205,10.926347732543945
