,area,approx_perimeter,diameter
0,260.48327875837276,114.43038114298452,18.08234214782715
1,260.48327875837276,114.43038114298452,18.34151840209961
