,area,approx_perimeter,diameter
0,119.8115176941341,77.6803405778161,11.91181468963623
1,119.8115176941341,77.6803405778161,12.806509017944336
