,area,approx_perimeter,diameter
0,99.46456328389502,70.86279579626598,10.661863327026367
1,99.46456328389502,70.86279579626598,11.878056526184082
