,area,approx_perimeter,diameter
0,73.55165824133518,60.93174077857834,9.17812728881836
1,73.55165824133518,60.93174077857834,10.203484535217285
