,area,approx_perimeter,diameter
0,117.77171049814179,77.30161604936171,11.314244270324707
1,117.77171049814179,77.30161604936171,13.25334644317627
