,area,approx_perimeter,diameter
0,302.2385976462864,127.68040987467216,15.764238357543945
1,302.2385976462864,127.68040987467216,24.411083221435547
