,area,approx_perimeter,diameter
0,130.3813435094956,81.41387345802165,11.811431884765625
1,130.3813435094956,81.41387345802165,14.054746627807617
