,area,approx_perimeter,diameter
0,86.67184294922501,66.87053910560316,9.203730583190918
1,86.67184294922501,66.87053910560316,11.990139961242676
