,area,approx_perimeter,diameter
0,107.1406551333388,74.19107171954865,10.34925651550293
1,107.1406551333388,74.19107171954865,13.181209564208984
