,area,approx_perimeter,diameter
0,99.12263639720558,71.27702358948441,10.021817207336426
1,99.12263639720558,71.27702358948441,12.59321117401123
