,area,approx_perimeter,diameter
0,233.97973427794815,108.71973230413136,16.291898727416992
1,233.97973427794815,108.71973230413136,18.285913467407227
