,area,approx_perimeter,diameter
0,168.8883314826881,93.97523687311427,12.45788860321045
1,168.8883314826881,93.97523687311427,17.260974884033203
