,area,approx_perimeter,diameter
0,121.22941718882936,78.24491626816533,11.748326301574707
1,121.22941718882936,78.24491626816533,13.138389587402344
