,area,approx_perimeter,diameter
0,129.03834989879465,81.09009856920576,11.648026466369629
1,129.03834989879465,81.09009856920576,14.10511302947998
