,area,approx_perimeter,diameter
0,244.12338391851415,112.97266579640795,14.984307289123535
1,244.12338391851415,112.97266579640795,20.74353790283203
