,area,approx_perimeter,diameter
0,95.93421527569427,69.99501177998444,9.969919204711914
1,95.93421527569427,69.99501177998444,12.251577377319336
