,area,approx_perimeter,diameter
0,112.24000126143046,76.91226984262717,9.99807357788086
1,112.24000126143046,76.91226984262717,14.293594360351562
