,area,approx_perimeter,diameter
0,237.36800717021146,110.71474827284278,15.196062088012695
1,237.36800717021146,110.71474827284278,19.888463973999023
