,area,approx_perimeter,diameter
0,274.85564651928223,120.74671808640318,15.460180282592773
1,274.85564651928223,120.74671808640318,22.636028289794922
