,area,approx_perimeter,diameter
0,115.45501633340585,76.21800395549,11.815991401672363
1,115.45501633340585,76.21800395549,12.440927505493164
