,area,approx_perimeter,diameter
0,30.64327890587316,40.44772657829209,5.104262351989746
1,30.64327890587316,40.44772657829209,7.643853664398193
