,area,approx_perimeter,diameter
0,140.55629330710883,84.429538729466,12.384461402893066
1,140.55629330710883,84.429538729466,14.45051383972168
