,area,approx_perimeter,diameter
0,27.903107376113372,37.540964617287706,5.632192611694336
1,27.903107376113372,37.540964617287706,6.307905673980713
