,area,approx_perimeter,diameter
0,237.40770297999268,112.90012871269275,14.075223922729492
1,237.40770297999268,112.90012871269275,21.475812911987305
