,area,approx_perimeter,diameter
0,209.5067769648639,102.7622167675785,15.646463394165039
1,209.5067769648639,102.7622167675785,17.048728942871094
