,area,approx_perimeter,diameter
0,295.66677289489536,123.49120535023887,17.01133918762207
1,295.66677289489536,123.49120535023887,22.129629135131836
