,area,approx_perimeter,diameter
0,288.5247721073838,121.07603214844632,17.609825134277344
1,288.5247721073838,121.07603214844632,20.861146926879883
