,area,approx_perimeter,diameter
0,86.30619433145884,66.94377762981813,9.04310417175293
1,86.30619433145884,66.94377762981813,12.151630401611328
