,area,approx_perimeter,diameter
0,407.9823785188281,149.84111174750313,17.778247833251953
1,407.9823785188281,149.84111174750313,29.218812942504883
