,area,approx_perimeter,diameter
0,134.09535030258405,82.31612161121296,12.314532279968262
1,134.09535030258405,82.31612161121296,13.864554405212402
