,area,approx_perimeter,diameter
0,244.40445416717537,111.75454255376823,15.882463455200195
1,244.40445416717537,111.75454255376823,19.593019485473633
