,area,approx_perimeter,diameter
0,93.11077699903417,68.48397889736373,10.489036560058594
1,93.11077699903417,68.48397889736373,11.302498817443848
