,area,approx_perimeter,diameter
0,209.51962869947025,104.42071947136323,14.0191650390625
1,209.51962869947025,104.42071947136323,19.02885627746582
