,area,approx_perimeter,diameter
0,119.74671635515823,77.731031044317,11.740442276000977
1,119.74671635515823,77.731031044317,12.986414909362793
