,area,approx_perimeter,diameter
0,409.120278119191,146.0832148737483,19.491708755493164
1,409.120278119191,146.0832148737483,26.724599838256836
