,area,approx_perimeter,diameter
0,69.28584045943697,59.83046038500587,8.200003623962402
1,69.28584045943697,59.83046038500587,10.758223533630371
