,area,approx_perimeter,diameter
0,292.18155326984294,121.57653104759541,18.06781005859375
1,292.18155326984294,121.57653104759541,20.590049743652344
