,area,approx_perimeter,diameter
0,105.31935891084062,73.7131856269789,10.146193504333496
1,105.31935891084062,73.7131856269789,13.216461181640625
