,area,approx_perimeter,diameter
0,78.47046455375813,62.80614259191238,9.93007755279541
1,78.47046455375813,62.80614259191238,10.061522483825684
