,area,approx_perimeter,diameter
0,129.40956044681255,80.68122283653575,12.559809684753418
1,129.40956044681255,80.68122283653575,13.118779182434082
