,area,approx_perimeter,diameter
0,82.94053486096959,64.67987261367068,9.794425010681152
1,82.94053486096959,64.67987261367068,10.781967163085938
