,area,approx_perimeter,diameter
0,31.299979330744826,40.59301487223854,5.291087627410889
1,31.299979330744826,40.59301487223854,7.531980991363525
