,area,approx_perimeter,diameter
0,133.8707084699122,85.3472421768809,10.352046012878418
1,133.8707084699122,85.3472421768809,16.465293884277344
