,area,approx_perimeter,diameter
0,161.7754737075,91.62620239040446,12.39744758605957
1,161.7754737075,91.62620239040446,16.6146240234375
