,area,approx_perimeter,diameter
0,173.70947301162437,93.56241414290267,14.270480155944824
1,173.70947301162437,93.56241414290267,15.49869155883789
