,area,approx_perimeter,diameter
0,92.27708262538,68.55692689722751,9.866783142089844
1,92.27708262538,68.55692689722751,11.907713890075684
