,area,approx_perimeter,diameter
0,77.69924545978513,62.790680794982684,9.186613082885742
1,77.69924545978513,62.790680794982684,10.768903732299805
