,area,approx_perimeter,diameter
0,342.9480206800338,132.52897196056003,18.683774948120117
1,342.9480206800338,132.52897196056003,23.370811462402344
