,area,approx_perimeter,diameter
0,171.54241086782773,94.11579550838445,12.920943260192871
1,171.54241086782773,94.11579550838445,16.903919219970703
