,area,approx_perimeter,diameter
0,212.06281853119913,103.36997839437534,15.783724784851074
1,212.06281853119913,103.36997839437534,17.106657028198242
