,area,approx_perimeter,diameter
0,99.9781374857641,70.89163773813799,11.2283296585083
1,99.9781374857641,70.89163773813799,11.337048530578613
