,area,approx_perimeter,diameter
0,250.845521022318,112.73030199654603,16.62380027770996
1,250.845521022318,112.73030199654603,19.212600708007812
