,area,approx_perimeter,diameter
0,384.06892165031746,142.73405354191337,18.275394439697266
1,384.06892165031746,142.73405354191337,26.757930755615234
