,area,approx_perimeter,diameter
0,248.95149948608,113.41373071090266,15.542059898376465
1,248.95149948608,113.41373071090266,20.394651412963867
