,area,approx_perimeter,diameter
0,200.08409634404288,102.04513532086206,13.698222160339355
1,200.08409634404288,102.04513532086206,18.597667694091797
