,area,approx_perimeter,diameter
0,130.26737253364627,81.45147502702636,11.727704048156738
1,130.26737253364627,81.45147502702636,14.142714500427246
