,area,approx_perimeter,diameter
0,287.33828546750425,122.36042664950911,16.372669219970703
1,287.33828546750425,122.36042664950911,22.34519386291504
