,area,approx_perimeter,diameter
0,172.3449760362441,93.30536247228994,13.986876487731934
1,172.3449760362441,93.30536247228994,15.688737869262695
