,area,approx_perimeter,diameter
0,27.149776574406683,37.23402231906762,5.305685043334961
1,27.149776574406683,37.23402231906762,6.515307426452637
2,27.149776574406683,37.23402231906762,5.523571491241455
3,27.149776574406683,37.23402231906762,5.804514408111572
