,area,approx_perimeter,diameter
0,100.78491150514247,71.51420212145976,10.461153030395508
1,100.78491150514247,71.51420212145976,12.266653060913086
