,area,approx_perimeter,diameter
0,273.1358990207017,119.56079233999827,15.814815521240234
1,273.1358990207017,119.56079233999827,21.98997688293457
