,area,approx_perimeter,diameter
0,345.3916841196904,131.86747989667816,20.297216415405273
1,345.3916841196904,131.86747989667816,21.666337966918945
