,area,approx_perimeter,diameter
0,127.58688525551835,80.36874017955947,11.895464897155762
1,127.58688525551835,80.36874017955947,13.656352996826172
