,area,approx_perimeter,diameter
0,213.50523857198215,103.61775727652186,16.208480834960938
1,213.50523857198215,103.61775727652186,16.771671295166016
