,area,approx_perimeter,diameter
0,166.56906321786985,92.17196253511433,13.193389892578125
1,166.56906321786985,92.17196253511433,16.074892044067383
