,area,approx_perimeter,diameter
0,103.55672017038201,72.53507426473469,10.55148696899414
1,103.55672017038201,72.53507426473469,12.49610710144043
