,area,approx_perimeter,diameter
0,113.36719216344883,76.1950012816486,10.744290351867676
1,113.36719216344883,76.1950012816486,13.434446334838867
