,area,approx_perimeter,diameter
0,87.80203562473858,66.61866383710898,9.94796371459961
1,87.80203562473858,66.61866383710898,11.23777961730957
