,area,approx_perimeter,diameter
0,216.66452056504963,104.81137100909656,15.393045425415039
1,216.66452056504963,104.81137100909656,17.921459197998047
