,area,approx_perimeter,diameter
0,181.49453429192664,95.81010180410294,14.254860877990723
1,181.49453429192664,95.81010180410294,16.21103286743164
