,area,approx_perimeter,diameter
0,356.3794126604621,135.80649923019072,18.520938873291016
1,356.3794126604621,135.80649923019072,24.49964141845703
