,area,approx_perimeter,diameter
0,137.70415126878896,84.6642802935025,11.359293937683105
1,137.70415126878896,84.6642802935025,15.43497085571289
