,area,approx_perimeter,diameter
0,38.11368720927344,46.08908386976869,5.341342449188232
1,38.11368720927344,46.08908386976869,9.085329055786133
