,area,approx_perimeter,diameter
0,133.5412450238701,81.99477751816013,12.622797012329102
1,133.5412450238701,81.99477751816013,13.470072746276855
