,area,approx_perimeter,diameter
0,290.70389953915384,121.2357678857793,18.0733642578125
1,290.70389953915384,121.2357678857793,20.479623794555664
