,area,approx_perimeter,diameter
0,84.05546889119434,65.82724429280967,9.082348823547363
1,84.05546889119434,65.82724429280967,11.783597946166992
