,area,approx_perimeter,diameter
0,108.45862991055348,73.9028621595845,11.3494291305542
1,108.45862991055348,73.9028621595845,12.167468070983887
