,area,approx_perimeter,diameter
0,42.15350147853676,47.55626332555595,5.937919616699219
1,42.15350147853676,47.55626332555595,9.038772583007812
