,area,approx_perimeter,diameter
0,111.75859553864836,75.16997426011436,11.206476211547852
1,111.75859553864836,75.16997426011436,12.697609901428223
