,area,approx_perimeter,diameter
0,155.2473568628073,90.36000425585391,11.80645751953125
1,155.2473568628073,90.36000425585391,16.742284774780273
