,area,approx_perimeter,diameter
0,108.1610828184492,74.26928453526872,10.636163711547852
1,108.1610828184492,74.26928453526872,12.94780445098877
