,area,approx_perimeter,diameter
0,261.2282575046707,115.388820983709,16.561019897460938
1,261.2282575046707,115.388820983709,20.083675384521484
