,area,approx_perimeter,diameter
0,207.01313694945802,103.64336794077744,14.027201652526855
1,207.01313694945802,103.64336794077744,18.790441513061523
