,area,approx_perimeter,diameter
0,55.77717182047635,52.982777204403035,8.187321662902832
1,55.77717182047635,52.982777204403035,8.67410659790039
