,area,approx_perimeter,diameter
0,243.41614189210213,110.99283224705893,16.45427703857422
1,243.41614189210213,110.99283224705893,18.83565330505371
