,area,approx_perimeter,diameter
0,203.5533877072707,101.57262038333663,14.943585395812988
1,203.5533877072707,101.57262038333663,17.34337615966797
