,area,approx_perimeter,diameter
0,65.94292121124712,57.7119881770444,8.657694816589355
1,65.94292121124712,57.7119881770444,9.69786262512207
