,area,approx_perimeter,diameter
0,158.2096346186097,89.33639170347992,13.516081809997559
1,158.2096346186097,89.33639170347992,14.90363597869873
