,area,approx_perimeter,diameter
0,86.76037431113231,67.81917556190912,8.695505142211914
1,86.76037431113231,67.81917556190912,12.703889846801758
