,area,approx_perimeter,diameter
0,214.05171764064886,103.95656081559173,15.637019157409668
1,214.05171764064886,103.95656081559173,17.429096221923828
