,area,approx_perimeter,diameter
0,262.5544570042974,116.6258305770617,15.858366012573242
1,262.5544570042974,116.6258305770617,21.08002281188965
