,area,approx_perimeter,diameter
0,311.31180937708825,127.51819020338435,16.95297622680664
1,311.31180937708825,127.51819020338435,23.380821228027344
