,area,approx_perimeter,diameter
0,36.90215420525692,43.81159550291001,5.890203952789307
1,36.90215420525692,43.81159550291001,7.976851463317871
