,area,approx_perimeter,diameter
0,101.84188470209514,72.84036961096899,9.7507963180542
1,101.84188470209514,72.84036961096899,13.298310279846191
