,area,approx_perimeter,diameter
0,200.3863495033759,100.94799031404636,14.624157905578613
1,200.3863495033759,100.94799031404636,17.446462631225586
