,area,approx_perimeter,diameter
0,118.14189543947833,77.14015722394707,11.820219039916992
1,118.14189543947833,77.14015722394707,12.725900650024414
