,area,approx_perimeter,diameter
0,146.1131223229212,86.30923786807962,12.374079704284668
1,146.1131223229212,86.30923786807962,15.034411430358887
