,area,approx_perimeter,diameter
0,251.70817487136202,113.48097100683025,16.05660057067871
1,251.70817487136202,113.48097100683025,19.959692001342773
