,area,approx_perimeter,diameter
0,177.8482976943967,94.82598022447519,14.137381553649902
1,177.8482976943967,94.82598022447519,16.017356872558594
