,area,approx_perimeter,diameter
0,121.30973777383984,78.18673132212419,11.927423477172852
1,121.30973777383984,78.18673132212419,12.94968318939209
