,area,approx_perimeter,diameter
0,119.32008949934225,78.6309847298366,10.684630393981934
1,119.32008949934225,78.6309847298366,14.218840599060059
