,area,approx_perimeter,diameter
0,510.4584335033846,170.3769222609697,19.056499481201172
1,510.4584335033846,170.3769222609697,34.10573196411133
