,area,approx_perimeter,diameter
0,300.6941825811483,124.29896984957247,17.33104705810547
1,300.6941825811483,124.29896984957247,22.090744018554688
