,area,approx_perimeter,diameter
0,184.99232836341812,98.62800733663211,12.892684936523438
1,184.99232836341812,98.62800733663211,18.26923942565918
