,area,approx_perimeter,diameter
0,232.38384397946857,109.65346438617365,14.963279724121094
1,232.38384397946857,109.65346438617365,19.773759841918945
