,area,approx_perimeter,diameter
0,96.31590250804241,69.76820869524725,10.428409576416016
1,96.31590250804241,69.76820869524725,11.75953197479248
