,area,approx_perimeter,diameter
0,214.17354842556435,104.02230953897384,15.57706069946289
1,214.17354842556435,104.02230953897384,17.506141662597656
