,area,approx_perimeter,diameter
0,287.5244997144865,121.8974312450116,16.69345474243164
1,287.5244997144865,121.8974312450116,21.93000602722168
