,area,approx_perimeter,diameter
0,449.6468991768767,155.02044869247172,19.517955780029297
1,449.6468991768767,155.02044869247172,29.332386016845703
