,area,approx_perimeter,diameter
0,271.3820988722059,116.93625551138726,17.857770919799805
1,271.3820988722059,116.93625551138726,19.349246978759766
