,area,approx_perimeter,diameter
0,370.53822558654406,139.80671405278528,18.135873794555664
1,370.53822558654406,139.80671405278528,26.013851165771484
