,area,approx_perimeter,diameter
0,220.88652994508706,106.67482931927564,14.748844146728516
1,220.88652994508706,106.67482931927564,19.06871223449707
