,area,approx_perimeter,diameter
0,205.41698394205844,101.74252488750469,15.521418571472168
1,205.41698394205844,101.74252488750469,16.850587844848633
