,area,approx_perimeter,diameter
0,198.4768025448989,101.31379745720147,13.845008850097656
1,198.4768025448989,101.31379745720147,18.2526798248291
