,area,approx_perimeter,diameter
0,91.70994212619748,68.68865448293815,9.538545608520508
1,91.70994212619748,68.68865448293815,12.241774559020996
