,area,approx_perimeter,diameter
0,84.66577640537058,65.72452173833275,9.395669937133789
1,84.66577640537058,65.72452173833275,11.473350524902344
