,area,approx_perimeter,diameter
0,29.77897591273391,38.93763794712265,5.613433837890625
1,29.77897591273391,38.93763794712265,6.754469871520996
