,area,approx_perimeter,diameter
0,188.75777438465047,98.32107808877535,13.861740112304688
1,188.75777438465047,98.32107808877535,17.337928771972656
