,area,approx_perimeter,diameter
0,83.92939145034428,65.46009639616804,9.333821296691895
1,83.92939145034428,65.46009639616804,11.448925018310547
