,area,approx_perimeter,diameter
0,350.3275518735973,132.93232932094503,20.12451934814453
1,350.3275518735973,132.93232932094503,22.164548873901367
