,area,approx_perimeter,diameter
0,282.8436939524411,121.6911469748895,16.08025360107422
1,282.8436939524411,121.6911469748895,22.395652770996094
