,area,approx_perimeter,diameter
0,173.48753812899142,95.62734783291745,12.427302360534668
1,173.48753812899142,95.62734783291745,17.774669647216797
