,area,approx_perimeter,diameter
0,282.03547093999987,120.53105734065345,16.67186737060547
1,282.03547093999987,120.53105734065345,21.539201736450195
