,area,approx_perimeter,diameter
0,42.742325394827965,46.35286038320131,7.331445217132568
1,42.742325394827965,46.35286038320131,7.4229865074157715
