,area,approx_perimeter,diameter
0,134.82795554623522,83.0248908853576,11.77793025970459
1,134.82795554623522,83.0248908853576,14.575420379638672
