,area,approx_perimeter,diameter
0,99.92073544882386,71.11177696118709,10.54378604888916
1,99.92073544882386,71.11177696118709,12.066162109375
