,area,approx_perimeter,diameter
0,160.25124143385054,91.23434606704025,12.313582420349121
1,160.25124143385054,91.23434606704025,16.570175170898438
