,area,approx_perimeter,diameter
0,152.17431238755285,91.08824665635727,11.003608703613281
1,152.17431238755285,91.08824665635727,17.60825538635254
