,area,approx_perimeter,diameter
0,157.48968443399687,89.79212065057574,12.676139831542969
1,157.48968443399687,89.79212065057574,15.81886100769043
