,area,approx_perimeter,diameter
0,35.360433584736896,42.40473601544868,6.144077777862549
1,35.360433584736896,42.40473601544868,7.327755928039551
