,area,approx_perimeter,diameter
0,266.9883089491337,116.6337642143266,16.76300048828125
1,266.9883089491337,116.6337642143266,20.279190063476562
