,area,approx_perimeter,diameter
0,237.65545137330773,109.65902394746166,16.277009963989258
1,237.65545137330773,109.65902394746166,18.590166091918945
