,area,approx_perimeter,diameter
0,189.84488563914348,98.01467108180259,14.540792465209961
1,189.84488563914348,98.01467108180259,16.623441696166992
