,area,approx_perimeter,diameter
0,75.02817806545103,61.64646459882996,9.099669456481934
1,75.02817806545103,61.64646459882996,10.498056411743164
