,area,approx_perimeter,diameter
0,59.511587330434786,55.49768657356474,7.567628860473633
1,59.511587330434786,55.49768657356474,10.012714385986328
