,area,approx_perimeter,diameter
0,96.51231749954091,70.15020996753165,10.052825927734375
1,96.51231749954091,70.15020996753165,12.223756790161133
