,area,approx_perimeter,diameter
0,53.19079311277026,52.65861607130478,7.036813735961914
1,53.19079311277026,52.65861607130478,9.624330520629883
