,area,approx_perimeter,diameter
0,32.6079449291933,40.86432413213296,5.762312889099121
1,32.6079449291933,40.86432413213296,7.205045223236084
