,area,approx_perimeter,diameter
0,280.9371771064533,119.04140485746083,18.021602630615234
1,280.9371771064533,119.04140485746083,19.848419189453125
