,area,approx_perimeter,diameter
0,118.23706209645516,77.10132388256535,12.11841869354248
1,118.23706209645516,77.10132388256535,12.422751426696777
