,area,approx_perimeter,diameter
0,138.95874013461463,83.69295829447114,12.737410545349121
1,138.95874013461463,83.69295829447114,13.890402793884277
