,area,approx_perimeter,diameter
0,52.39138383097564,51.36192822221145,7.894369602203369
1,52.39138383097564,51.36192822221145,8.449918746948242
