,area,approx_perimeter,diameter
0,180.0655243947485,95.1736728388234,14.802906036376953
1,180.0655243947485,95.1736728388234,15.48794174194336
