,area,approx_perimeter,diameter
0,114.75453018491751,76.18607430814386,11.331839561462402
1,114.75453018491751,76.18607430814386,12.893758773803711
