,area,approx_perimeter,diameter
0,150.1896830797018,87.24074889654543,12.846370697021484
1,150.1896830797018,87.24074889654543,14.885717391967773
