,area,approx_perimeter,diameter
0,210.53082713242952,103.0574783510515,15.58690071105957
1,210.53082713242952,103.0574783510515,17.197528839111328
