,area,approx_perimeter,diameter
0,60.40521280412162,56.221884081620495,7.43944787979126
1,60.40521280412162,56.221884081620495,10.338173866271973
