,area,approx_perimeter,diameter
0,249.70408834954557,113.30759646918891,15.765106201171875
1,249.70408834954557,113.30759646918891,20.166887283325195
