,area,approx_perimeter,diameter
0,349.6584110048028,133.30182415520787,19.36920738220215
1,349.6584110048028,133.30182415520787,22.984880447387695
