,area,approx_perimeter,diameter
0,162.6762159165528,91.73666371909358,12.524855613708496
1,162.6762159165528,91.73666371909358,16.537179946899414
