,area,approx_perimeter,diameter
0,32.57330594492897,40.81995488061734,5.778815746307373
1,32.57330594492897,40.81995488061734,7.17683744430542
