,area,approx_perimeter,diameter
0,81.80014261943245,64.15960238010712,9.926718711853027
1,81.80014261943245,64.15960238010712,10.49200439453125
