,area,approx_perimeter,diameter
0,266.9290708128275,116.38902377419544,17.018280029296875
1,266.9290708128275,116.38902377419544,19.970563888549805
