,area,approx_perimeter,diameter
0,225.55659532847835,109.55795589380084,13.926380157470703
1,225.55659532847835,109.55795589380084,20.62183952331543
