,area,approx_perimeter,diameter
0,82.45272732435339,64.79307104428167,9.3388671875
1,82.45272732435339,64.79307104428167,11.241414070129395
