,area,approx_perimeter,diameter
0,132.2958492474985,82.39917012457975,11.53378677368164
1,132.2958492474985,82.39917012457975,14.604423522949219
