,area,approx_perimeter,diameter
0,131.10583628337696,81.18121765200738,12.850077629089355
1,131.10583628337696,81.18121765200738,12.99051570892334
