,area,approx_perimeter,diameter
0,131.5377548460295,81.35312784461229,12.613746643066406
1,131.5377548460295,81.35312784461229,13.277503967285156
