,area,approx_perimeter,diameter
0,254.01008206927645,114.12017343567345,16.027009963989258
1,254.01008206927645,114.12017343567345,20.179414749145508
