,area,approx_perimeter,diameter
0,182.91067640111547,97.47749389036315,13.151626586914062
1,182.91067640111547,97.47749389036315,17.7080078125
