,area,approx_perimeter,diameter
0,207.79058246638297,106.5923758387053,12.804450988769531
1,207.79058246638297,106.5923758387053,20.662126541137695
