,area,approx_perimeter,diameter
0,195.61503654244802,99.71384010107096,14.476958274841309
1,195.61503654244802,99.71384010107096,17.204221725463867
