,area,approx_perimeter,diameter
0,315.67160586134446,131.2639777442815,15.822993278503418
1,315.67160586134446,131.2639777442815,25.4013614654541
