,area,approx_perimeter,diameter
0,210.2334362427153,102.98782554010731,15.569422721862793
1,210.2334362427153,102.98782554010731,17.192514419555664
