,area,approx_perimeter,diameter
0,64.93775875774631,57.192378473944615,8.759419441223145
1,64.93775875774631,57.192378473944615,9.439132690429688
