,area,approx_perimeter,diameter
0,211.59765899185578,103.71824279117835,15.044602394104004
1,211.59765899185578,103.71824279117835,17.907718658447266
