,area,approx_perimeter,diameter
0,228.73926624351688,107.34117161056162,16.435468673706055
1,228.73926624351688,107.34117161056162,17.720205307006836
