,area,approx_perimeter,diameter
0,127.00459200630581,79.94765929951934,12.361371994018555
1,127.00459200630581,79.94765929951934,13.081660270690918
