,area,approx_perimeter,diameter
0,108.02056932375956,73.98138578463967,10.90155029296875
1,108.02056932375956,73.98138578463967,12.616192817687988
