,area,approx_perimeter,diameter
0,44.66831730600967,47.405512405428716,7.359553813934326
1,44.66831730600967,47.405512405428716,7.727841854095459
