,area,approx_perimeter,diameter
0,204.20944747351618,103.32045399220372,13.707387924194336
1,204.20944747351618,103.32045399220372,18.96842384338379
