,area,approx_perimeter,diameter
0,309.0003825707325,125.5908401283223,17.92063331604004
1,309.0003825707325,125.5908401283223,21.9541072845459
