,area,approx_perimeter,diameter
0,88.66040984378024,67.63359421837819,9.30851936340332
1,88.66040984378024,67.63359421837819,12.127163887023926
