,area,approx_perimeter,diameter
0,116.20845084109729,76.76730923544626,11.26350212097168
1,116.20845084109729,76.76730923544626,13.136340141296387
