,area,approx_perimeter,diameter
0,391.7417826371357,140.5592681466414,21.304088592529297
1,391.7417826371357,140.5592681466414,23.412460327148438
