,area,approx_perimeter,diameter
0,215.8397183463094,106.58722873251365,13.899280548095703
1,215.8397183463094,106.58722873251365,19.771934509277344
