,area,approx_perimeter,diameter
0,89.33426464839334,67.04971474375301,10.371922492980957
1,89.33426464839334,67.04971474375301,10.966522216796875
