,area,approx_perimeter,diameter
0,56.62432942005506,53.42893881606093,8.122649192810059
1,56.62432942005506,53.42893881606093,8.87596321105957
