,area,approx_perimeter,diameter
0,221.4743506256693,105.63767883603887,16.133275985717773
1,221.4743506256693,105.63767883603887,17.478775024414062
