,area,approx_perimeter,diameter
0,292.88856121767606,125.84019151041645,15.460616111755371
1,292.88856121767606,125.84019151041645,24.120468139648438
