,area,approx_perimeter,diameter
0,375.1860381998181,137.503481429232,20.97195816040039
1,375.1860381998181,137.503481429232,22.77811622619629
