,area,approx_perimeter,diameter
0,98.22819151882689,71.08342061735362,9.874967575073242
1,98.22819151882689,71.08342061735362,12.665157318115234
