,area,approx_perimeter,diameter
0,69.33675019029945,59.69016703749011,8.320608139038086
1,69.33675019029945,59.69016703749011,10.610076904296875
