,area,approx_perimeter,diameter
0,42.23779802011608,46.364613719482364,6.694205284118652
1,42.23779802011608,46.364613719482364,8.033639907836914
