,area,approx_perimeter,diameter
0,211.59987423476954,103.64512166588788,15.12989616394043
1,211.59987423476954,103.64512166588788,17.80695152282715
