,area,approx_perimeter,diameter
0,125.13856992929198,80.04517428361203,11.295111656188965
1,125.13856992929198,80.04517428361203,14.106224060058594
