,area,approx_perimeter,diameter
0,49.85233714108737,50.07155412352925,7.819780349731445
1,49.85233714108737,50.07155412352925,8.117103576660156
