,area,approx_perimeter,diameter
0,116.18009351308791,76.85964627988993,11.141395568847656
1,116.18009351308791,76.85964627988993,13.277070045471191
