,area,approx_perimeter,diameter
0,219.13665056957436,106.02708048481455,14.86191463470459
1,219.13665056957436,106.02708048481455,18.77372169494629
