,area,approx_perimeter,diameter
0,322.49374337359956,128.55944426580493,18.08162498474121
1,322.49374337359956,128.55944426580493,22.70878791809082
