,area,approx_perimeter,diameter
0,73.27740072417016,61.04685390317538,8.84118938446045
1,73.27740072417016,61.04685390317538,10.55284309387207
