,area,approx_perimeter,diameter
0,338.82547269369405,135.54619832291968,16.554790496826172
1,338.82547269369405,135.54619832291968,26.059284210205078
