,area,approx_perimeter,diameter
0,63.26891637454604,57.147192720362526,7.854023456573486
1,63.26891637454604,57.147192720362526,10.256715774536133
