,area,approx_perimeter,diameter
0,65.86550511366019,57.80703437475071,8.463953018188477
1,65.86550511366019,57.80703437475071,9.908203125
