,area,approx_perimeter,diameter
0,106.21189474050618,73.99887857803701,10.207504272460938
1,106.21189474050618,73.99887857803701,13.248408317565918
