,area,approx_perimeter,diameter
0,237.1493772024443,109.61179434755063,16.16057777404785
1,237.1493772024443,109.61179434755063,18.68423080444336
