,area,approx_perimeter,diameter
0,294.5397757076903,124.37333696516428,16.30771255493164
1,294.5397757076903,124.37333696516428,22.996461868286133
