,area,approx_perimeter,diameter
0,227.97204125417653,107.40077493494357,15.943382263183594
1,227.97204125417653,107.40077493494357,18.205862045288086
