,area,approx_perimeter,diameter
0,84.05086627140246,65.1062439083215,9.870691299438477
1,84.05086627140246,65.1062439083215,10.841883659362793
