,area,approx_perimeter,diameter
0,49.87876295709689,50.13314667849527,7.6533732414245605
1,49.87876295709689,50.13314667849527,8.297989845275879
