,area,approx_perimeter,diameter
0,227.15015552789134,108.11453462704502,15.002266883850098
1,227.15015552789134,108.11453462704502,19.27819061279297
