,area,approx_perimeter,diameter
0,131.1674785818111,82.13189087773627,11.418535232543945
1,131.1674785818111,82.13189087773627,14.62601089477539
