,area,approx_perimeter,diameter
0,106.66940298725963,73.4119643816702,10.992193222045898
1,106.66940298725963,73.4119643816702,12.355650901794434
