,area,approx_perimeter,diameter
0,39.286912592665594,44.52220964327878,6.726785659790039
1,39.286912592665594,44.52220964327878,7.4361891746521
