,area,approx_perimeter,diameter
0,126.00976307910356,80.72391907153039,11.033336639404297
1,126.00976307910356,80.72391907153039,14.541440963745117
