,area,approx_perimeter,diameter
0,182.0313049292611,96.13419289269879,14.029396057128906
1,182.0313049292611,96.13419289269879,16.520273208618164
