,area,approx_perimeter,diameter
0,147.18748652603193,86.73237511825776,12.318964958190918
1,147.18748652603193,86.73237511825776,15.212717056274414
