,area,approx_perimeter,diameter
0,234.9414833719554,109.25389358162063,15.89348030090332
1,234.9414833719554,109.25389358162063,18.821352005004883
