,area,approx_perimeter,diameter
0,108.31515987708788,74.29393634702716,10.67174243927002
1,108.31515987708788,74.29393634702716,12.923020362854004
