,area,approx_perimeter,diameter
0,27.12168124377696,37.07804743677962,5.452368259429932
1,27.12168124377696,37.07804743677962,6.333467483520508
