,area,approx_perimeter,diameter
0,161.59441253844983,91.39156114944939,12.509644508361816
1,161.59441253844983,91.39156114944939,16.447181701660156
