,area,approx_perimeter,diameter
0,152.04348049617943,88.27682412111416,12.412118911743164
1,152.04348049617943,88.27682412111416,15.596673965454102
