,area,approx_perimeter,diameter
0,254.50571063194693,113.62552642163637,16.64570426940918
1,254.50571063194693,113.62552642163637,19.467288970947266
