,area,approx_perimeter,diameter
0,202.81125433625266,101.22692645654855,15.155661582946777
1,202.81125433625266,101.22692645654855,17.038339614868164
