,area,approx_perimeter,diameter
0,107.26045232955002,73.90761037156616,10.643867492675781
1,107.26045232955002,73.90761037156616,12.830698013305664
