,area,approx_perimeter,diameter
0,265.5416323013873,118.47907063513395,15.291600227355957
1,265.5416323013873,118.47907063513395,22.11005401611328
