,area,approx_perimeter,diameter
0,38.10069845283461,43.780841125545464,6.801970481872559
1,38.10069845283461,43.780841125545464,7.131950378417969
