,area,approx_perimeter,diameter
0,587.604809999064,172.4997634957518,25.49347496032715
1,587.604809999064,172.4997634957518,29.347183227539062
