,area,approx_perimeter,diameter
0,416.18821206671566,147.95252904519987,19.328594207763672
1,416.18821206671566,147.95252904519987,27.41571807861328
