,area,approx_perimeter,diameter
0,81.30869579669823,64.09366267232386,9.597023963928223
1,81.30869579669823,64.09366267232386,10.78724479675293
