,area,approx_perimeter,diameter
0,109.03964174939657,74.75081385078981,10.516834259033203
1,109.03964174939657,74.75081385078981,13.201081275939941
