,area,approx_perimeter,diameter
0,232.27560909045104,108.37278856840462,16.15011215209961
1,232.27560909045104,108.37278856840462,18.312101364135742
