,area,approx_perimeter,diameter
0,188.002372444859,97.86772161243012,14.071195602416992
1,188.002372444859,97.86772161243012,17.011493682861328
