,area,approx_perimeter,diameter
0,146.09988967522187,85.73129268355345,13.322442054748535
1,146.09988967522187,85.73129268355345,13.96291732788086
