,area,approx_perimeter,diameter
0,105.12466272228144,74.2086136813942,9.792563438415527
1,105.12466272228144,74.2086136813942,13.668420791625977
