,area,approx_perimeter,diameter
0,108.70961420885337,74.01452003393307,11.291971206665039
1,108.70961420885337,74.01452003393307,12.257680892944336
