,area,approx_perimeter,diameter
0,94.93629224175149,69.60307977257202,9.943280220031738
1,94.93629224175149,69.60307977257202,12.1566162109375
