,area,approx_perimeter,diameter
0,108.60936149985422,74.43005428015695,10.651341438293457
1,108.60936149985422,74.43005428015695,12.982940673828125
