,area,approx_perimeter,diameter
0,140.73111344089054,97.10301323694067,8.511445045471191
1,140.73111344089054,97.10301323694067,21.052173614501953
