,area,approx_perimeter,diameter
0,124.7738472932888,79.61857798830425,11.583401679992676
1,124.7738472932888,79.61857798830425,13.715055465698242
