,area,approx_perimeter,diameter
0,25.488574719438656,36.788082328826775,4.699808120727539
1,25.488574719438656,36.788082328826775,6.90518856048584
