,area,approx_perimeter,diameter
0,50.62099597627746,50.569225202734486,7.577539443969727
1,50.62099597627746,50.569225202734486,8.505749702453613
