,area,approx_perimeter,diameter
0,263.5750920758734,115.9353764431753,16.606172561645508
1,263.5750920758734,115.9353764431753,20.20900535583496
