,area,approx_perimeter,diameter
0,111.45739937093829,74.94344135550384,11.435408592224121
1,111.45739937093829,74.94344135550384,12.409873008728027
