,area,approx_perimeter,diameter
0,91.89365266034076,68.83471152372206,9.491621971130371
1,91.89365266034076,68.83471152372206,12.326937675476074
