,area,approx_perimeter,diameter
0,94.54561968712575,69.000338338958,10.595891952514648
1,94.54561968712575,69.000338338958,11.360933303833008
