,area,approx_perimeter,diameter
0,141.37672137104508,85.0012661040341,12.075005531311035
1,141.37672137104508,85.0012661040341,14.907358169555664
