,area,approx_perimeter,diameter
0,101.95849896207929,72.09196386525748,10.342832565307617
1,101.95849896207929,72.09196386525748,12.551454544067383
