,area,approx_perimeter,diameter
0,96.74895700510045,69.99811081279512,10.340585708618164
1,96.74895700510045,69.99811081279512,11.912729263305664
