,area,approx_perimeter,diameter
0,107.65382408481113,74.19808044060575,10.515243530273438
1,107.65382408481113,74.19808044060575,13.035276412963867
