,area,approx_perimeter,diameter
0,126.72200306433494,80.79340188394231,11.17490291595459
1,126.72200306433494,80.79340188394231,14.438377380371094
