,area,approx_perimeter,diameter
0,127.17170653634106,80.3575197792325,11.720474243164062
1,127.17170653634106,80.3575197792325,13.815144538879395
