,area,approx_perimeter,diameter
0,120.16276101355464,79.90184808409485,10.193062782287598
1,120.16276101355464,79.90184808409485,15.009814262390137
