,area,approx_perimeter,diameter
0,46.36635424416838,48.572776997764755,7.019057750701904
1,46.36635424416838,48.572776997764755,8.410740852355957
