,area,approx_perimeter,diameter
0,214.5039230972784,104.17478579558835,15.473054885864258
1,214.5039230972784,104.17478579558835,17.650999069213867
