,area,approx_perimeter,diameter
0,260.05138620852733,116.15693489667537,15.726309776306152
1,260.05138620852733,116.15693489667537,21.054380416870117
