,area,approx_perimeter,diameter
0,102.45873052972911,74.4014951438178,9.154839515686035
1,102.45873052972911,74.4014951438178,14.249786376953125
