,area,approx_perimeter,diameter
0,37.43892611056579,43.881040108566374,6.09915018081665
1,37.43892611056579,43.881040108566374,7.815633296966553
