,area,approx_perimeter,diameter
0,138.06871029693724,83.55353562494169,12.451871871948242
1,138.06871029693724,83.55353562494169,14.117920875549316
