,area,approx_perimeter,diameter
0,174.94088259096327,94.7483211436322,13.267245292663574
1,174.94088259096327,94.7483211436322,16.78883934020996
