,area,approx_perimeter,diameter
0,366.7228006877537,136.44385557494832,19.92038345336914
1,366.7228006877537,136.44385557494832,23.439607620239258
