,area,approx_perimeter,diameter
0,351.3134394548895,137.84360857453257,16.923986434936523
1,351.3134394548895,137.84360857453257,26.430307388305664
