,area,approx_perimeter,diameter
0,100.99733183736194,71.39821614214877,10.759746551513672
1,100.99733183736194,71.39821614214877,11.951377868652344
