,area,approx_perimeter,diameter
0,73.09936130093213,60.957862189367404,8.846851348876953
1,73.09936130093213,60.957862189367404,10.520465850830078
