,area,approx_perimeter,diameter
0,83.22043838980365,64.7861074515345,9.816898345947266
1,83.22043838980365,64.7861074515345,10.793587684631348
