,area,approx_perimeter,diameter
0,126.65591570487831,80.31456314054246,11.563912391662598
1,126.65591570487831,80.31456314054246,13.945394515991211
