,area,approx_perimeter,diameter
0,93.30964649371259,68.77747551263828,10.108175277709961
1,93.30964649371259,68.77747551263828,11.753410339355469
