,area,approx_perimeter,diameter
0,106.17643294980742,73.09712336613227,11.308488845825195
1,106.17643294980742,73.09712336613227,11.954562187194824
