,area,approx_perimeter,diameter
0,187.90646465180015,100.45774369786028,12.51600456237793
1,187.90646465180015,100.45774369786028,19.115520477294922
