,area,approx_perimeter,diameter
0,71.59450967339865,60.08076402006179,9.12701416015625
1,71.59450967339865,60.08076402006179,9.98759937286377
