,area,approx_perimeter,diameter
0,162.2197672324758,90.3054978699498,14.240503311157227
1,162.2197672324758,90.3054978699498,14.50402545928955
