,area,approx_perimeter,diameter
0,108.71007003782047,75.27125747503288,10.065601348876953
1,108.71007003782047,75.27125747503288,13.75118637084961
