,area,approx_perimeter,diameter
0,395.2006719942725,141.03268251559157,21.788129806518555
1,395.2006719942725,141.03268251559157,23.09446144104004
