,area,approx_perimeter,diameter
0,122.40588685709258,79.17414931196919,11.164477348327637
1,122.40588685709258,79.17414931196919,13.959633827209473
