,area,approx_perimeter,diameter
0,124.19002249564683,79.35356183296786,11.65195083618164
1,124.19002249564683,79.35356183296786,13.570572853088379
