,area,approx_perimeter,diameter
0,175.883174379745,94.27537183791321,14.100432395935059
1,175.883174379745,94.27537183791321,15.881882667541504
