,area,approx_perimeter,diameter
0,83.0526452039061,65.31509210809403,9.11630916595459
1,83.0526452039061,65.31509210809403,11.599640846252441
