,area,approx_perimeter,diameter
0,99.93646999473086,71.73273833365911,9.935260772705078
1,99.93646999473086,71.73273833365911,12.807219505310059
