,area,approx_perimeter,diameter
0,169.48316208422455,93.70255656045406,12.740816116333008
1,169.48316208422455,93.70255656045406,16.937114715576172
