,area,approx_perimeter,diameter
0,270.53759176564944,117.42497288009255,16.855419158935547
1,270.53759176564944,117.42497288009255,20.436107635498047
