,area,approx_perimeter,diameter
0,144.9723896589748,87.47722905524193,11.330101013183594
1,144.9723896589748,87.47722905524193,16.291521072387695
