,area,approx_perimeter,diameter
0,209.6146314153004,102.98214783861464,15.293498039245605
1,209.6146314153004,102.98214783861464,17.451183319091797
