,area,approx_perimeter,diameter
0,37.48075242837839,43.77229155718622,6.211975574493408
1,37.48075242837839,43.77229155718622,7.682254314422607
2,37.48075242837839,43.77229155718622,5.07619047164917
3,37.48075242837839,43.77229155718622,7.390069961547852
