,area,approx_perimeter,diameter
0,38.52874333435669,44.080905811296006,6.681530952453613
1,38.52874333435669,44.080905811296006,7.342077732086182
