,area,approx_perimeter,diameter
0,68.78439058510193,58.853964064802696,9.037676811218262
1,68.78439058510193,58.853964064802696,9.690433502197266
