,area,approx_perimeter,diameter
0,241.9702977688395,110.89650209728063,16.106212615966797
1,241.9702977688395,110.89650209728063,19.12840461730957
