,area,approx_perimeter,diameter
0,83.04427314472551,64.68400195146212,9.88482666015625
1,83.04427314472551,64.68400195146212,10.696722984313965
