,area,approx_perimeter,diameter
0,295.0859246679524,123.98748321851298,16.598712921142578
1,295.0859246679524,123.98748321851298,22.63519287109375
