,area,approx_perimeter,diameter
0,262.0738758337826,115.24437010468691,16.96660614013672
1,262.0738758337826,115.24437010468691,19.667034149169922
