,area,approx_perimeter,diameter
0,166.15631485354444,91.90629634967742,13.334691047668457
1,166.15631485354444,91.90629634967742,15.865143775939941
