,area,approx_perimeter,diameter
0,241.82749738103584,111.5164798137244,15.506664276123047
1,241.82749738103584,111.5164798137244,19.856258392333984
