,area,approx_perimeter,diameter
0,112.9278388020228,76.11197751764155,10.669816017150879
1,112.9278388020228,76.11197751764155,13.475789070129395
