,area,approx_perimeter,diameter
0,374.67785026867097,138.20649039825238,19.819316864013672
1,374.67785026867097,138.20649039825238,24.070186614990234
