,area,approx_perimeter,diameter
0,109.67516508681022,74.29214543994472,11.491693496704102
1,109.67516508681022,74.29214543994472,12.151625633239746
