,area,approx_perimeter,diameter
0,120.1927926629341,78.1126444409868,11.404909133911133
1,120.1927926629341,78.1126444409868,13.418275833129883
