,area,approx_perimeter,diameter
0,92.6879346111229,68.73126943525172,9.866531372070312
1,92.6879346111229,68.73126943525172,11.961036682128906
