,area,approx_perimeter,diameter
0,79.5663055558209,63.464484812142956,9.39761734008789
1,79.5663055558209,63.464484812142956,10.780069351196289
