,area,approx_perimeter,diameter
0,434.58669996187206,150.23902458257885,20.28064727783203
1,434.58669996187206,150.23902458257885,27.28379249572754
