,area,approx_perimeter,diameter
0,23.833568216970864,34.674170005954004,5.2460737228393555
1,23.833568216970864,34.674170005954004,5.784486293792725
