,area,approx_perimeter,diameter
0,133.03466590057053,81.90286798413493,12.43256950378418
1,133.03466590057053,81.90286798413493,13.624295234680176
