,area,approx_perimeter,diameter
0,149.12367794428548,87.63253793696482,12.130986213684082
1,149.12367794428548,87.63253793696482,15.651667594909668
