,area,approx_perimeter,diameter
0,177.2954347096457,95.07545710814081,13.629158020019531
1,177.2954347096457,95.07545710814081,16.562986373901367
