,area,approx_perimeter,diameter
0,154.1499883483761,88.13414909091827,13.451752662658691
1,154.1499883483761,88.13414909091827,14.590653419494629
