,area,approx_perimeter,diameter
0,106.11249526171035,73.15392114155559,11.089702606201172
1,106.11249526171035,73.15392114155559,12.183070182800293
