,area,approx_perimeter,diameter
0,217.83138356849454,106.48432353695769,14.287083625793457
1,217.83138356849454,106.48432353695769,19.41274642944336
