,area,approx_perimeter,diameter
0,257.2830621622276,115.65136743633501,15.571825981140137
1,257.2830621622276,115.65136743633501,21.036901473999023
