,area,approx_perimeter,diameter
0,117.86084374831657,77.83180239200723,10.841134071350098
1,117.86084374831657,77.83180239200723,13.842194557189941
