,area,approx_perimeter,diameter
0,299.73043288233924,124.47130791880056,17.035049438476562
1,299.73043288233924,124.47130791880056,22.402555465698242
