,area,approx_perimeter,diameter
0,131.8419273821694,82.72224866903656,11.18803882598877
1,131.8419273821694,82.72224866903656,15.004091262817383
