,area,approx_perimeter,diameter
0,165.48853652321586,92.06871911362127,12.97315788269043
1,165.48853652321586,92.06871911362127,16.241731643676758
