,area,approx_perimeter,diameter
0,119.16664280598582,77.58895179114515,11.625777244567871
1,119.16664280598582,77.58895179114515,13.050971031188965
