,area,approx_perimeter,diameter
0,74.54738362958578,61.24482545809823,9.493525505065918
1,74.54738362958578,61.24482545809823,9.998043060302734
