,area,approx_perimeter,diameter
0,156.59747313638007,88.75993983449972,13.78369426727295
1,156.59747313638007,88.75993983449972,14.465359687805176
