,area,approx_perimeter,diameter
0,419.9113549384178,146.33829454535513,20.95516586303711
1,419.9113549384178,146.33829454535513,25.513887405395508
