,area,approx_perimeter,diameter
0,6.615515653911399,25.03409069964596,1.4408270120620728
1,6.615515653911399,25.03409069964596,5.846042633056641
2,6.615515653911399,25.03409069964596,5.563778877258301
3,6.615515653911399,25.03409069964596,8.364790916442871
