,area,approx_perimeter,diameter
0,114.53071742883928,76.23327338792087,11.154114723205566
1,114.53071742883928,76.23327338792087,13.073654174804688
