,area,approx_perimeter,diameter
0,225.98326211154819,111.23103983596776,13.328853607177734
1,225.98326211154819,111.23103983596776,21.587064743041992
