,area,approx_perimeter,diameter
0,412.36821641312935,146.44050538369046,19.699108123779297
1,412.36821641312935,146.44050538369046,26.653162002563477
