,area,approx_perimeter,diameter
0,124.6103045935039,80.58959601655599,10.775769233703613
1,124.6103045935039,80.58959601655599,14.723660469055176
