,area,approx_perimeter,diameter
0,145.73718118898614,85.7110125727538,13.041858673095703
1,145.73718118898614,85.7110125727538,14.227906227111816
