,area,approx_perimeter,diameter
0,154.35232497903394,89.72163200999579,11.976456642150879
1,154.35232497903394,89.72163200999579,16.40948486328125
