,area,approx_perimeter,diameter
0,132.4128736431086,82.26911159156879,11.679901123046875
1,132.4128736431086,82.26911159156879,14.434480667114258
