,area,approx_perimeter,diameter
0,226.3725240348926,111.00206298728234,13.454864501953125
1,226.3725240348926,111.00206298728234,21.421728134155273
