,area,approx_perimeter,diameter
0,189.27989820442474,97.95680076216202,14.39684009552002
1,189.27989820442474,97.95680076216202,16.73969078063965
