,area,approx_perimeter,diameter
0,275.3875061956526,119.024566118552,16.531513214111328
1,275.3875061956526,119.024566118552,21.210052490234375
