,area,approx_perimeter,diameter
0,122.164888604203,80.72184149182542,10.208219528198242
1,122.164888604203,80.72184149182542,15.237247467041016
