,area,approx_perimeter,diameter
0,196.48898466917115,103.26095807222998,12.592013359069824
1,196.48898466917115,103.26095807222998,19.86795425415039
