,area,approx_perimeter,diameter
0,115.56722831088511,76.32898781562908,11.605305671691895
1,115.56722831088511,76.32898781562908,12.679094314575195
