,area,approx_perimeter,diameter
0,40.22501219098359,45.641814539763615,6.212000370025635
1,40.22501219098359,45.641814539763615,8.244699478149414
