,area,approx_perimeter,diameter
0,373.8865269954689,137.2128090249144,21.076452255249023
1,373.8865269954689,137.2128090249144,22.586681365966797
