,area,approx_perimeter,diameter
0,41.711888935126915,45.92466385657285,6.844300746917725
1,41.711888935126915,45.92466385657285,7.759627819061279
