,area,approx_perimeter,diameter
0,56.503386805211846,53.84955858018466,7.538128852844238
1,56.503386805211846,53.84955858018466,9.543793678283691
