,area,approx_perimeter,diameter
0,69.12435473042602,59.592965503550246,8.312275886535645
1,69.12435473042602,59.592965503550246,10.588178634643555
