,area,approx_perimeter,diameter
0,182.85525026150856,96.573277770542,13.822994232177734
1,182.85525026150856,96.573277770542,16.842844009399414
