,area,approx_perimeter,diameter
0,173.68343329363134,94.9674632896294,12.827629089355469
1,173.68343329363134,94.9674632896294,17.239398956298828
