,area,approx_perimeter,diameter
0,108.02112944798886,73.91236021966385,11.001729011535645
1,108.02112944798886,73.91236021966385,12.501378059387207
