,area,approx_perimeter,diameter
0,254.3121084938493,114.96105388344405,15.494210243225098
1,254.3121084938493,114.96105388344405,20.898143768310547
