,area,approx_perimeter,diameter
0,64.99875444898667,57.605237708402306,8.2152681350708
1,64.99875444898667,57.605237708402306,10.07380199432373
