,area,approx_perimeter,diameter
0,95.76750838082653,69.42875061652288,10.71481990814209
1,95.76750838082653,69.42875061652288,11.380030632019043
