,area,approx_perimeter,diameter
0,164.2529342670323,91.66540227117021,12.975358009338379
1,164.2529342670323,91.66540227117021,16.11773109436035
