,area,approx_perimeter,diameter
0,182.5950551874136,97.32109793584746,13.185249328613281
1,182.5950551874136,97.32109793584746,17.632373809814453
