,area,approx_perimeter,diameter
0,97.3832392466132,70.60387732285383,9.971478462219238
1,97.3832392466132,70.60387732285383,12.434684753417969
