,area,approx_perimeter,diameter
0,100.87245815869271,71.22358365008462,11.13354206085205
1,100.87245815869271,71.22358365008462,11.535843849182129
