,area,approx_perimeter,diameter
0,179.23708470439016,95.26186549553455,14.092546463012695
1,179.23708470439016,95.26186549553455,16.193790435791016
