,area,approx_perimeter,diameter
0,100.65636523488006,71.79645831421003,10.124113082885742
1,100.65636523488006,71.79645831421003,12.658853530883789
