,area,approx_perimeter,diameter
0,309.828985746595,128.3007982979486,16.36791229248047
1,309.828985746595,128.3007982979486,24.101211547851562
