,area,approx_perimeter,diameter
0,100.7473039854869,71.44593905971682,10.530010223388672
1,100.7473039854869,71.44593905971682,12.181892395019531
