,area,approx_perimeter,diameter
0,192.72925494538555,100.50742319574363,13.24405288696289
1,192.72925494538555,100.50742319574363,18.52835464477539
