,area,approx_perimeter,diameter
0,151.6533745629829,89.52129422053922,11.563542366027832
1,151.6533745629829,89.52129422053922,16.69826316833496
