,area,approx_perimeter,diameter
0,282.6338943362249,119.21303548021282,18.681108474731445
1,282.6338943362249,119.21303548021282,19.26334571838379
