,area,approx_perimeter,diameter
0,298.7254402584025,125.20285287857128,16.44985580444336
1,298.7254402584025,125.20285287857128,23.12172508239746
