,area,approx_perimeter,diameter
0,136.62973876070973,82.99634355990996,12.612436294555664
1,136.62973876070973,82.99634355990996,13.792924880981445
