,area,approx_perimeter,diameter
0,482.9467117629904,157.26724055990235,22.174217224121094
1,482.9467117629904,157.26724055990235,27.730712890625
