,area,approx_perimeter,diameter
0,95.22119582304921,69.40522541570297,10.313960075378418
1,95.22119582304921,69.40522541570297,11.7548828125
