,area,approx_perimeter,diameter
0,283.65278843431383,120.33313077969416,17.166427612304688
1,283.65278843431383,120.33313077969416,21.038619995117188
