,area,approx_perimeter,diameter
0,112.59858465128583,76.3100097141973,10.427935600280762
1,112.59858465128583,76.3100097141973,13.748164176940918
