,area,approx_perimeter,diameter
0,104.35965979906476,72.83822369943022,10.566793441772461
1,104.35965979906476,72.83822369943022,12.574755668640137
