,area,approx_perimeter,diameter
0,71.39818672057251,59.907156564318726,9.527276992797852
1,71.39818672057251,59.907156564318726,9.541760444641113
