,area,approx_perimeter,diameter
0,123.01040056081553,80.23469182244914,10.614001274108887
1,123.01040056081553,80.23469182244914,14.756141662597656
