,area,approx_perimeter,diameter
0,137.25685030783637,83.89565252935957,11.775710105895996
1,137.25685030783637,83.89565252935957,14.840790748596191
