,area,approx_perimeter,diameter
0,239.88652476370973,110.66943424057276,15.778708457946777
1,239.88652476370973,110.66943424057276,19.357288360595703
