,area,approx_perimeter,diameter
0,66.59103098702573,58.05609982418903,8.6023530960083
1,66.59103098702573,58.05609982418903,9.856179237365723
