,area,approx_perimeter,diameter
0,89.33260980510391,67.20553772667537,10.020173072814941
1,89.33260980510391,67.20553772667537,11.351282119750977
