,area,approx_perimeter,diameter
0,265.7518687324585,116.44601601964153,16.642738342285156
1,265.7518687324585,116.44601601964153,20.33113670349121
