,area,approx_perimeter,diameter
0,113.70197131121124,76.30011212304882,10.766366004943848
1,113.70197131121124,76.30011212304882,13.446491241455078
