,area,approx_perimeter,diameter
0,145.36250890177288,88.19950578496116,11.072956085205078
1,145.36250890177288,88.19950578496116,16.71471405029297
