,area,approx_perimeter,diameter
0,73.22866060039624,61.02123827913807,8.844098091125488
1,73.22866060039624,61.02123827913807,10.54235553741455
