,area,approx_perimeter,diameter
0,314.1578317340631,126.17751909153854,18.576135635375977
1,314.1578317340631,126.17751909153854,21.53290557861328
