,area,approx_perimeter,diameter
0,116.67103751224752,77.35734979124452,10.84989070892334
1,116.67103751224752,77.35734979124452,13.691398620605469
