,area,approx_perimeter,diameter
0,201.1042112265538,100.7967182460225,15.097402572631836
1,201.1042112265538,100.7967182460225,16.960124969482422
