,area,approx_perimeter,diameter
0,278.47372986255465,121.17581508325054,15.734259605407715
1,278.47372986255465,121.17581508325054,22.53450584411621
