,area,approx_perimeter,diameter
0,373.94935309597673,138.118407705875,19.754722595214844
1,373.94935309597673,138.118407705875,24.101938247680664
