,area,approx_perimeter,diameter
0,106.41095566131256,73.79076465459028,10.434837341308594
1,106.41095566131256,73.79076465459028,12.984067916870117
