,area,approx_perimeter,diameter
0,102.35962187088639,71.87935530467993,10.829718589782715
1,102.35962187088639,71.87935530467993,12.034321784973145
