,area,approx_perimeter,diameter
0,111.49936915719478,74.98717626358946,11.369028091430664
1,111.49936915719478,74.98717626358946,12.487030982971191
