,area,approx_perimeter,diameter
0,197.39744510521194,106.76406829655309,11.638086318969727
1,197.39744510521194,106.76406829655309,21.59583854675293
