,area,approx_perimeter,diameter
0,243.27380638456546,115.22502507970107,13.893207550048828
1,243.27380638456546,115.22502507970107,22.294767379760742
