,area,approx_perimeter,diameter
0,331.42544864180076,132.34381411749618,17.093032836914062
1,331.42544864180076,132.34381411749618,24.687484741210938
