,area,approx_perimeter,diameter
0,190.39213783325684,98.83085839877997,13.851323127746582
1,190.39213783325684,98.83085839877997,17.501201629638672
