,area,approx_perimeter,diameter
0,40.73923341462016,45.87924326670218,6.287093162536621
1,40.73923341462016,45.87924326670218,8.25036334991455
2,40.73923341462016,45.87924326670218,5.8737311363220215
3,40.73923341462016,45.87924326670218,9.714265823364258
