,area,approx_perimeter,diameter
0,242.97287701294638,111.46159180396143,15.80453109741211
1,242.97287701294638,111.46159180396143,19.574302673339844
