,area,approx_perimeter,diameter
0,216.5818026766204,104.3839770910424,16.211872100830078
1,216.5818026766204,104.3839770910424,17.009788513183594
