,area,approx_perimeter,diameter
0,282.8110680942031,119.89452561015347,17.40800666809082
1,282.8110680942031,119.89452561015347,20.68509292602539
