,area,approx_perimeter,diameter
0,249.19766207756717,115.54257053685333,14.472551345825195
1,249.19766207756717,115.54257053685333,21.92345428466797
