,area,approx_perimeter,diameter
0,120.46632847960382,77.95860419362786,11.787056922912598
1,120.46632847960382,77.95860419362786,13.012789726257324
