,area,approx_perimeter,diameter
0,44.53811446802224,47.533591738621816,6.962329864501953
1,44.53811446802224,47.533591738621816,8.144929885864258
