,area,approx_perimeter,diameter
0,106.31007682700775,73.63129282549622,10.544514656066895
1,106.31007682700775,73.63129282549622,12.836834907531738
