,area,approx_perimeter,diameter
0,52.92507235494984,52.01839528325131,7.378363609313965
1,52.92507235494984,52.01839528325131,9.132959365844727
