,area,approx_perimeter,diameter
0,230.4122172489485,109.76234187731346,14.552966117858887
1,230.4122172489485,109.76234187731346,20.15877342224121
