,area,approx_perimeter,diameter
0,318.6602879522256,126.82520923645717,19.107078552246094
1,318.6602879522256,126.82520923645717,21.23458480834961
