,area,approx_perimeter,diameter
0,226.51416336393632,111.78883340139231,13.201159477233887
1,226.51416336393632,111.78883340139231,21.84708023071289
