,area,approx_perimeter,diameter
0,259.36262139928124,115.50779021254067,16.04469871520996
1,259.36262139928124,115.50779021254067,20.58192253112793
