,area,approx_perimeter,diameter
0,123.57344795604455,79.7433432957496,11.064705848693848
1,123.57344795604455,79.7433432957496,14.219862937927246
