,area,approx_perimeter,diameter
0,416.48884627866875,146.54924253409627,20.202768325805664
1,416.48884627866875,146.54924253409627,26.24838638305664
