,area,approx_perimeter,diameter
0,123.87912667212075,79.96750801495878,10.988066673278809
1,123.87912667212075,79.96750801495878,14.354463577270508
