,area,approx_perimeter,diameter
0,307.3657132201726,125.46223188267037,17.690765380859375
1,307.3657132201726,125.46223188267037,22.121721267700195
