,area,approx_perimeter,diameter
0,137.29287722318486,83.45473530472037,12.225842475891113
1,137.29287722318486,83.45473530472037,14.29813289642334
