,area,approx_perimeter,diameter
0,163.30933278255154,91.05122872339244,13.294533729553223
1,163.30933278255154,91.05122872339244,15.640405654907227
