,area,approx_perimeter,diameter
0,117.99057821291206,77.25758473930816,11.48320484161377
1,117.99057821291206,77.25758473930816,13.082608222961426
