,area,approx_perimeter,diameter
0,123.15487653541976,79.09610567943592,11.512927055358887
1,123.15487653541976,79.09610567943592,13.619964599609375
