,area,approx_perimeter,diameter
0,160.0903277705734,90.15074222415163,13.161246299743652
1,160.0903277705734,90.15074222415163,15.487388610839844
