,area,approx_perimeter,diameter
0,190.77475707992,98.88273079811982,13.903975486755371
1,190.77475707992,98.88273079811982,17.4699649810791
