,area,approx_perimeter,diameter
0,117.73259072086748,78.62077973297525,10.316502571105957
1,117.73259072086748,78.62077973297525,14.530291557312012
