,area,approx_perimeter,diameter
0,347.5370295120401,133.50293236209657,18.73341941833496
1,347.5370295120401,133.50293236209657,23.62077522277832
