,area,approx_perimeter,diameter
0,147.11486273558313,86.41938875884334,12.617531776428223
1,147.11486273558313,86.41938875884334,14.845412254333496
