,area,approx_perimeter,diameter
0,32.43591215842752,41.74725757754227,5.196083068847656
1,32.43591215842752,41.74725757754227,7.948041915893555
