,area,approx_perimeter,diameter
0,177.033556590428,96.14124559924247,12.795793533325195
1,177.033556590428,96.14124559924247,17.615642547607422
