,area,approx_perimeter,diameter
0,34.5865561023083,41.69818068792733,6.574229717254639
1,34.5865561023083,41.69818068792733,6.698422908782959
