,area,approx_perimeter,diameter
0,261.6277872623345,118.12388817884072,14.941502571105957
1,261.6277872623345,118.12388817884072,22.294601440429688
