,area,approx_perimeter,diameter
0,114.14967418014778,76.4223474282917,10.811572074890137
1,114.14967418014778,76.4223474282917,13.442992210388184
