,area,approx_perimeter,diameter
0,27.19862284264,37.23442439104997,5.342304706573486
1,27.19862284264,37.23442439104997,6.482288837432861
2,27.19862284264,37.23442439104997,5.388437271118164
3,27.19862284264,37.23442439104997,6.822721481323242
