,area,approx_perimeter,diameter
0,154.61227521010161,88.61153828840314,12.914320945739746
1,154.61227521010161,88.61153828840314,15.243423461914062
