,area,approx_perimeter,diameter
0,42.29852046861729,47.01011044140224,6.245707035064697
1,42.29852046861729,47.01011044140224,8.622906684875488
