,area,approx_perimeter,diameter
0,63.53500788316258,56.69102044255632,8.42841625213623
1,63.53500788316258,56.69102044255632,9.597922325134277
