,area,approx_perimeter,diameter
0,161.38767117487362,92.53577336221936,11.841670036315918
1,161.38767117487362,92.53577336221936,17.352718353271484
