,area,approx_perimeter,diameter
0,29.28796556583477,38.46524026469219,5.7633376121521
1,29.28796556583477,38.46524026469219,6.470312595367432
