,area,approx_perimeter,diameter
0,269.65596411906205,119.65804095291924,15.286338806152344
1,269.65596411906205,119.65804095291924,22.460357666015625
