,area,approx_perimeter,diameter
0,189.25767178202216,98.42676229280131,13.900938987731934
1,189.25767178202216,98.42676229280131,17.33482551574707
