,area,approx_perimeter,diameter
0,136.23277683808368,85.59523972161902,10.633545875549316
1,136.23277683808368,85.59523972161902,16.312240600585938
