,area,approx_perimeter,diameter
0,80.27136952764255,63.5251684175357,10.012178421020508
1,80.27136952764255,63.5251684175357,10.208036422729492
