,area,approx_perimeter,diameter
0,130.3787155068716,81.5891462887681,11.631715774536133
1,130.3787155068716,81.5891462887681,14.271612167358398
