,area,approx_perimeter,diameter
0,178.66816542939017,97.55991198502691,12.371702194213867
1,178.66816542939017,97.55991198502691,18.387718200683594
