,area,approx_perimeter,diameter
0,247.5527154742928,112.34729020524144,16.10243034362793
1,247.5527154742928,112.34729020524144,19.57430648803711
