,area,approx_perimeter,diameter
0,95.17971847014813,70.22603108441893,9.543926239013672
1,95.17971847014813,70.22603108441893,12.697770118713379
