,area,approx_perimeter,diameter
0,129.10454249004104,81.95079271648056,11.015128135681152
1,129.10454249004104,81.95079271648056,14.92320442199707
