,area,approx_perimeter,diameter
0,332.21681503134164,129.57131852202252,19.373004913330078
1,332.21681503134164,129.57131852202252,21.83407211303711
