,area,approx_perimeter,diameter
0,47.071172585183135,49.11102281882267,6.911975383758545
1,47.071172585183135,49.11102281882267,8.670875549316406
