,area,approx_perimeter,diameter
0,94.95138913695847,69.23182118056035,10.4258394241333
1,94.95138913695847,69.23182118056035,11.595791816711426
