,area,approx_perimeter,diameter
0,149.6755087950047,89.42022699452558,11.26904296875
1,149.6755087950047,89.42022699452558,16.911176681518555
