,area,approx_perimeter,diameter
0,138.02425140158434,87.02479259382348,10.384037017822266
1,138.02425140158434,87.02479259382348,16.92385482788086
