,area,approx_perimeter,diameter
0,199.2872166722445,102.35867948691006,13.386178016662598
1,199.2872166722445,102.35867948691006,18.955400466918945
