,area,approx_perimeter,diameter
0,128.3344289626886,81.12974324223765,11.381048202514648
1,128.3344289626886,81.12974324223765,14.357242584228516
