,area,approx_perimeter,diameter
0,187.99200345917197,97.63795328042961,14.32841682434082
1,187.99200345917197,97.63795328042961,16.705184936523438
