,area,approx_perimeter,diameter
0,250.3970329502239,113.41813222294284,15.822799682617188
1,250.3970329502239,113.41813222294284,20.14911460876465
