,area,approx_perimeter,diameter
0,139.64582453779144,85.63421589434218,11.231094360351562
1,139.64582453779144,85.63421589434218,15.831278800964355
