,area,approx_perimeter,diameter
0,83.26778577884673,64.95423806697332,9.571407318115234
1,83.26778577884673,64.95423806697332,11.0767240524292
