,area,approx_perimeter,diameter
0,334.7255972692461,131.26600902301698,18.193449020385742
1,334.7255972692461,131.26600902301698,23.42523765563965
