,area,approx_perimeter,diameter
0,89.1294062679031,68.05140341651034,9.176575660705566
1,89.1294062679031,68.05140341651034,12.366604804992676
