,area,approx_perimeter,diameter
0,339.3581994348297,132.6914242436495,17.9653263092041
1,339.3581994348297,132.6914242436495,24.05101203918457
