,area,approx_perimeter,diameter
0,193.1017489750856,98.92045171530472,14.568378448486328
1,193.1017489750856,98.92045171530472,16.876605987548828
