,area,approx_perimeter,diameter
0,200.27860820529122,100.42099228860768,15.437843322753906
1,200.27860820529122,100.42099228860768,16.518022537231445
