,area,approx_perimeter,diameter
0,229.65281371526743,107.6849099462283,16.18480110168457
1,229.65281371526743,107.6849099462283,18.06652069091797
