,area,approx_perimeter,diameter
0,190.60206118242553,99.57037873251211,13.386103630065918
1,190.60206118242553,99.57037873251211,18.129404067993164
