,area,approx_perimeter,diameter
0,243.42404118427933,111.07918336982256,16.3371639251709
1,243.42404118427933,111.07918336982256,18.97129249572754
