,area,approx_perimeter,diameter
0,47.961563488854644,49.56449299648552,6.984466075897217
1,47.961563488854644,49.56449299648552,8.743196487426758
