,area,approx_perimeter,diameter
0,52.98985353897189,52.784532935088265,6.901031017303467
1,52.98985353897189,52.784532935088265,9.776622772216797
