,area,approx_perimeter,diameter
0,282.5155143273281,121.00031129322551,16.43575096130371
1,282.5155143273281,121.00031129322551,21.885822296142578
