,area,approx_perimeter,diameter
0,222.16420498609813,106.21185340898413,15.489912033081055
1,222.16420498609813,106.21185340898413,18.261449813842773
