,area,approx_perimeter,diameter
0,200.9633105831693,100.84569076205507,14.958014488220215
1,200.9633105831693,100.84569076205507,17.106176376342773
