,area,approx_perimeter,diameter
0,150.04961656561497,86.89961078041982,13.4329833984375
1,150.04961656561497,86.89961078041982,14.22238826751709
