,area,approx_perimeter,diameter
0,73.6635222980393,61.6494180216706,8.484294891357422
1,73.6635222980393,61.6494180216706,11.054697036743164
