,area,approx_perimeter,diameter
0,77.43738420950726,63.22086667835848,8.690528869628906
1,77.43738420950726,63.22086667835848,11.345263481140137
