,area,approx_perimeter,diameter
0,287.9063324866455,122.90711323338682,16.153194427490234
1,287.9063324866455,122.90711323338682,22.693574905395508
