,area,approx_perimeter,diameter
0,56.85123051856087,54.30984550537119,7.353588104248047
1,56.85123051856087,54.30984550537119,9.843525886535645
