,area,approx_perimeter,diameter
0,53.979687110623246,52.10497222559117,8.126897811889648
1,53.979687110623246,52.10497222559117,8.456987380981445
