,area,approx_perimeter,diameter
0,31.1262678629944,40.451685482639895,5.290866851806641
1,31.1262678629944,40.451685482639895,7.49049186706543
