,area,approx_perimeter,diameter
0,162.96326240273254,90.57381043774768,13.958040237426758
1,162.96326240273254,90.57381043774768,14.865358352661133
