,area,approx_perimeter,diameter
0,127.20659439108023,81.23771875240755,11.000457763671875
1,127.20659439108023,81.23771875240755,14.723429679870605
