,area,approx_perimeter,diameter
0,128.3447719485226,81.03468179146275,11.464311599731445
1,128.3447719485226,81.03468179146275,14.254117012023926
