,area,approx_perimeter,diameter
0,137.14922267088116,84.35133164933781,11.423208236694336
1,137.14922267088116,84.35133164933781,15.286757469177246
