,area,approx_perimeter,diameter
0,217.66805477016595,104.98596269018431,15.5202054977417
1,217.66805477016595,104.98596269018431,17.856952667236328
