,area,approx_perimeter,diameter
0,157.18515230749998,88.93915658372848,13.75851821899414
1,157.18515230749998,88.93915658372848,14.54621410369873
