,area,approx_perimeter,diameter
0,76.03649950748354,61.86396933752501,9.549162864685059
1,76.03649950748354,61.86396933752501,10.138341903686523
