,area,approx_perimeter,diameter
0,223.63829150272983,106.3389991906974,15.846587181091309
1,223.63829150272983,106.3389991906974,17.968860626220703
