,area,approx_perimeter,diameter
0,311.99865493275115,127.01732159211241,17.363908767700195
1,311.99865493275115,127.01732159211241,22.877857208251953
