,area,approx_perimeter,diameter
0,55.3700755502055,53.064468944250365,7.686952590942383
1,55.3700755502055,53.064468944250365,9.171302795410156
