,area,approx_perimeter,diameter
0,55.72549452427382,53.936179897012586,7.181058883666992
1,55.72549452427382,53.936179897012586,9.880423545837402
