,area,approx_perimeter,diameter
0,474.9998644186606,156.5946721859433,21.51243019104004
1,474.9998644186606,156.5946721859433,28.113449096679688
