,area,approx_perimeter,diameter
0,132.54485846609268,81.97139060716243,12.047850608825684
1,132.54485846609268,81.97139060716243,14.007590293884277
