,area,approx_perimeter,diameter
0,167.31761419172824,92.01646364279223,13.64987850189209
1,167.31761419172824,92.01646364279223,15.607128143310547
