,area,approx_perimeter,diameter
0,303.8435709758363,129.75678477809154,15.197745323181152
1,303.8435709758363,129.75678477809154,25.455463409423828
