,area,approx_perimeter,diameter
0,210.44275598546278,106.05678502938355,13.35069751739502
1,210.44275598546278,106.05678502938355,20.069665908813477
