,area,approx_perimeter,diameter
0,327.2807421527904,129.8160707315524,17.97667694091797
1,327.2807421527904,129.8160707315524,23.18041229248047
