,area,approx_perimeter,diameter
0,120.45000889469686,78.13356098531445,11.496049880981445
1,120.45000889469686,78.13356098531445,13.340383529663086
