,area,approx_perimeter,diameter
0,235.12399316874817,109.29950461412133,15.895987510681152
1,235.12399316874817,109.29950461412133,18.8330020904541
