,area,approx_perimeter,diameter
0,292.8605317980297,123.59106222412245,16.494266510009766
1,292.8605317980297,123.59106222412245,22.606740951538086
