,area,approx_perimeter,diameter
0,86.82983847264202,66.3190762114846,9.787530899047852
1,86.82983847264202,66.3190762114846,11.295513153076172
