,area,approx_perimeter,diameter
0,205.52064407514908,103.04668250010862,14.121757507324219
1,205.52064407514908,103.04668250010862,18.530059814453125
