,area,approx_perimeter,diameter
0,189.50259766021526,98.80444057721424,13.662349700927734
1,189.50259766021526,98.80444057721424,17.66037368774414
