,area,approx_perimeter,diameter
0,51.31694536878349,51.32296655625119,7.180408000946045
1,51.31694536878349,51.32296655625119,9.099589347839355
