,area,approx_perimeter,diameter
0,215.662490947344,104.70732877072396,15.191100120544434
1,215.662490947344,104.70732877072396,18.075716018676758
