,area,approx_perimeter,diameter
0,107.85799887663077,74.04726337236704,10.744386672973633
1,107.85799887663077,74.04726337236704,12.781471252441406
