,area,approx_perimeter,diameter
0,144.32325603073505,89.28659546524425,10.519511222839355
1,144.32325603073505,89.28659546524425,17.46830940246582
