,area,approx_perimeter,diameter
0,235.4683507971013,109.05855670192156,16.354942321777344
1,235.4683507971013,109.05855670192156,18.331315994262695
