,area,approx_perimeter,diameter
0,163.3945260326938,92.97782662230728,11.97628116607666
1,163.3945260326938,92.97782662230728,17.37103271484375
