,area,approx_perimeter,diameter
0,350.35112924849534,134.57319689573882,18.416837692260742
1,350.35112924849534,134.57319689573882,24.221363067626953
