,area,approx_perimeter,diameter
0,186.62863141424813,98.73261590994198,13.126509666442871
1,186.62863141424813,98.73261590994198,18.102523803710938
