,area,approx_perimeter,diameter
0,312.8231065665567,127.6210843425758,17.11286735534668
1,312.8231065665567,127.6210843425758,23.274810791015625
