,area,approx_perimeter,diameter
0,191.5400552212094,98.66769317586315,14.327722549438477
1,191.5400552212094,98.66769317586315,17.02129364013672
