,area,approx_perimeter,diameter
0,174.00871878365194,94.67706038806988,13.093443870544434
1,174.00871878365194,94.67706038806988,16.92104721069336
