,area,approx_perimeter,diameter
0,24.36795911450638,36.240616458752406,4.481502532958984
1,24.36795911450638,36.240616458752406,6.923180103302002
