,area,approx_perimeter,diameter
0,109.37105474691747,74.20826433801075,11.411492347717285
1,109.37105474691747,74.20826433801075,12.203097343444824
