,area,approx_perimeter,diameter
0,312.43187603160027,126.89857141954121,17.519405364990234
1,312.43187603160027,126.89857141954121,22.70628547668457
