,area,approx_perimeter,diameter
0,85.59645349509846,65.84307446915014,9.722330093383789
1,85.59645349509846,65.84307446915014,11.209739685058594
