,area,approx_perimeter,diameter
0,152.83431413663774,88.06720393790464,12.879963874816895
1,152.83431413663774,88.06720393790464,15.108325958251953
