,area,approx_perimeter,diameter
0,82.46238446163193,65.28158235816886,8.939413070678711
1,82.46238446163193,65.28158235816886,11.745107650756836
