,area,approx_perimeter,diameter
0,83.09282698836084,64.63438077982214,10.163084030151367
1,83.09282698836084,64.63438077982214,10.409937858581543
