,area,approx_perimeter,diameter
0,43.00366099358731,46.79270964487507,6.744481086730957
1,43.00366099358731,46.79270964487507,8.118335723876953
