,area,approx_perimeter,diameter
0,251.00783570089303,112.93291340839085,16.421998977661133
1,251.00783570089303,112.93291340839085,19.461278915405273
