,area,approx_perimeter,diameter
0,150.70130871446167,87.48361676206257,12.749956130981445
1,150.70130871446167,87.48361676206257,15.0493745803833
