,area,approx_perimeter,diameter
0,66.27890604115247,57.71950614506075,9.184503555297852
1,66.27890604115247,57.71950614506075,9.188185691833496
