,area,approx_perimeter,diameter
0,125.2350035554153,80.81036896060364,10.791738510131836
1,125.2350035554153,80.81036896060364,14.7755765914917
