,area,approx_perimeter,diameter
0,196.89972705861751,100.75830012064314,13.894842147827148
1,196.89972705861751,100.75830012064314,18.04270362854004
