,area,approx_perimeter,diameter
0,41.10958737274729,45.581275020249706,6.8119306564331055
1,41.10958737274729,45.581275020249706,7.683923244476318
