,area,approx_perimeter,diameter
0,229.04880416481663,110.37834932013668,14.044652938842773
1,229.04880416481663,110.37834932013668,20.7647705078125
