,area,approx_perimeter,diameter
0,137.97744373469,83.47434502913401,12.534692764282227
1,137.97744373469,83.47434502913401,14.015368461608887
