,area,approx_perimeter,diameter
0,361.8927658350433,135.6041516533132,19.716230392456055
1,361.8927658350433,135.6041516533132,23.370399475097656
