,area,approx_perimeter,diameter
0,73.44242809011523,61.354014995200366,8.625737190246582
1,73.44242809011523,61.354014995200366,10.840789794921875
