,area,approx_perimeter,diameter
0,87.29534287133802,66.28818069089161,10.224568367004395
1,87.29534287133802,66.28818069089161,10.870667457580566
