,area,approx_perimeter,diameter
0,186.45008733285334,96.92919059962007,14.793635368347168
1,186.45008733285334,96.92919059962007,16.04714584350586
