,area,approx_perimeter,diameter
0,132.5726621244088,81.70641376209771,12.54786205291748
1,132.5726621244088,81.70641376209771,13.452232360839844
