,area,approx_perimeter,diameter
0,111.19917358092621,74.85203394854555,11.433613777160645
1,111.19917358092621,74.85203394854555,12.383065223693848
