,area,approx_perimeter,diameter
0,124.75481781345745,80.38794211766242,10.934170722961426
1,124.75481781345745,80.38794211766242,14.527189254760742
