,area,approx_perimeter,diameter
0,332.3782888856072,131.87952963327993,17.45216178894043
1,332.3782888856072,131.87952963327993,24.24898338317871
