,area,approx_perimeter,diameter
0,69.15739276286412,60.18268418565708,7.946329116821289
1,69.15739276286412,60.18268418565708,11.081082344055176
