,area,approx_perimeter,diameter
0,105.26432051753133,73.17643424717816,10.586962699890137
1,105.26432051753133,73.17643424717816,12.659598350524902
