,area,approx_perimeter,diameter
0,34.11637588351707,41.73658739814582,5.949487209320068
1,34.11637588351707,41.73658739814582,7.301187038421631
