,area,approx_perimeter,diameter
0,108.84904247315738,74.41901004116228,10.758142471313477
1,108.84904247315738,74.41901004116228,12.88241958618164
