,area,approx_perimeter,diameter
0,118.30391749436012,77.9201407818426,10.906763076782227
1,118.30391749436012,77.9201407818426,13.810626029968262
