,area,approx_perimeter,diameter
0,54.06050911296835,52.65540626944938,7.3872575759887695
1,54.06050911296835,52.65540626944938,9.317663192749023
