,area,approx_perimeter,diameter
0,327.8107146406232,132.57573305169532,16.576128005981445
1,327.8107146406232,132.57573305169532,25.179677963256836
