,area,approx_perimeter,diameter
0,203.8289756241679,101.25901627209456,15.75028133392334
1,203.8289756241679,101.25901627209456,16.47736358642578
