,area,approx_perimeter,diameter
0,138.72574413450383,87.04182074311706,10.480785369873047
1,138.72574413450383,87.04182074311706,16.85284996032715
