,area,approx_perimeter,diameter
0,373.85012363035696,139.92618737565058,18.475841522216797
1,373.85012363035696,139.92618737565058,25.76341438293457
