,area,approx_perimeter,diameter
0,154.08782674554723,88.14878683521964,13.373286247253418
1,154.08782674554723,88.14878683521964,14.670344352722168
