,area,approx_perimeter,diameter
0,100.4215538387579,71.85556230904734,9.997550010681152
1,100.4215538387579,71.85556230904734,12.789202690124512
