,area,approx_perimeter,diameter
0,47.54295767384364,48.94842453518192,7.4640398025512695
1,47.54295767384364,48.94842453518192,8.110028266906738
