,area,approx_perimeter,diameter
0,293.15121770542163,133.98506121544588,13.326570510864258
1,293.15121770542163,133.98506121544588,28.008085250854492
