,area,approx_perimeter,diameter
0,120.07188485476144,82.20415746276173,9.362096786499023
1,120.07188485476144,82.20415746276173,16.32970428466797
