,area,approx_perimeter,diameter
0,53.78615556260388,52.62382702974385,7.289474964141846
1,53.78615556260388,52.62382702974385,9.394731521606445
