,area,approx_perimeter,diameter
0,160.67476241149208,90.09813128518176,13.492581367492676
1,160.67476241149208,90.09813128518176,15.16221809387207
