,area,approx_perimeter,diameter
0,162.95198280369053,90.51983811240439,14.181440353393555
1,162.95198280369053,90.51983811240439,14.630171775817871
