,area,approx_perimeter,diameter
0,83.43744745990746,64.84291531152607,9.893074989318848
1,83.43744745990746,64.84291531152607,10.73840618133545
