,area,approx_perimeter,diameter
0,97.83195544931128,70.15889528726687,10.882635116577148
1,97.83195544931128,70.15889528726687,11.446080207824707
