,area,approx_perimeter,diameter
0,131.1879001590975,82.30361665871023,11.300018310546875
1,131.1879001590975,82.30361665871023,14.781712532043457
