,area,approx_perimeter,diameter
0,223.54809454224866,107.08071170932239,15.01745319366455
1,223.54809454224866,107.08071170932239,18.953298568725586
