,area,approx_perimeter,diameter
0,128.62910584718222,81.97261631325179,10.89464282989502
1,128.62910584718222,81.97261631325179,15.032678604125977
