,area,approx_perimeter,diameter
0,278.08394630488635,118.8757535791918,17.27613639831543
1,278.08394630488635,118.8757535791918,20.494598388671875
