,area,approx_perimeter,diameter
0,43.05668964706358,47.503739972614,6.260883331298828
1,43.05668964706358,47.503739972614,8.756189346313477
