,area,approx_perimeter,diameter
0,215.54489366516663,104.12604291546982,16.208093643188477
1,215.54489366516663,104.12604291546982,16.93229866027832
