,area,approx_perimeter,diameter
0,112.10687280436086,75.1951487566199,11.391467094421387
1,112.10687280436086,75.1951487566199,12.530335426330566
