,area,approx_perimeter,diameter
0,65.3179719973253,57.656409112352456,8.325298309326172
1,65.3179719973253,57.656409112352456,9.989482879638672
