,area,approx_perimeter,diameter
0,346.411736950068,132.79923313141666,19.150592803955078
1,346.411736950068,132.79923313141666,23.031408309936523
