,area,approx_perimeter,diameter
0,65.86049302165466,58.54662393046108,7.858788013458252
1,65.86049302165466,58.54662393046108,10.670371055603027
