,area,approx_perimeter,diameter
0,136.09601830610762,83.20165747570005,12.042430877685547
1,136.09601830610762,83.20165747570005,14.38935661315918
