,area,approx_perimeter,diameter
0,202.03696849975537,102.217883214489,13.96898365020752
1,202.03696849975537,102.217883214489,18.41518783569336
