,area,approx_perimeter,diameter
0,81.75832884690242,65.43974799026445,8.638091087341309
1,81.75832884690242,65.43974799026445,12.051034927368164
