,area,approx_perimeter,diameter
0,166.3117647828458,93.50077185892259,12.23209285736084
1,166.3117647828458,93.50077185892259,17.311405181884766
