,area,approx_perimeter,diameter
0,117.44102159398015,77.36990046709249,11.10268497467041
1,117.44102159398015,77.36990046709249,13.467963218688965
