,area,approx_perimeter,diameter
0,198.36767541886607,100.02229511168032,15.159073829650879
1,198.36767541886607,100.02229511168032,16.661279678344727
