,area,approx_perimeter,diameter
0,222.9638184835756,107.40894649439329,14.656229972839355
1,222.9638184835756,107.40894649439329,19.369670867919922
