,area,approx_perimeter,diameter
0,55.13112039124863,53.4481697136596,7.262948513031006
1,55.13112039124863,53.4481697136596,9.664824485778809
