,area,approx_perimeter,diameter
0,108.71460623899505,75.46189082114479,9.960074424743652
1,108.71460623899505,75.46189082114479,13.897459983825684
