,area,approx_perimeter,diameter
0,186.8021496890265,96.99072424988458,14.888162612915039
1,186.8021496890265,96.99072424988458,15.97536849975586
