,area,approx_perimeter,diameter
0,79.98886306908672,63.46280915452678,9.757473945617676
1,79.98886306908672,63.46280915452678,10.437638282775879
