,area,approx_perimeter,diameter
0,101.12840210812767,71.68641804366418,10.419205665588379
1,101.12840210812767,71.68641804366418,12.358013153076172
2,101.12840210812767,71.68641804366418,11.027776718139648
3,101.12840210812767,71.68641804366418,14.145792007446289
