,area,approx_perimeter,diameter
0,222.58418745341652,108.50905602751402,13.98311996459961
1,222.58418745341652,108.50905602751402,20.267507553100586
