,area,approx_perimeter,diameter
0,108.17688921433047,73.96050558081834,11.017687797546387
1,108.17688921433047,73.96050558081834,12.501270294189453
