,area,approx_perimeter,diameter
0,51.84530154716195,51.09052225000651,7.86242151260376
1,51.84530154716195,51.09052225000651,8.395821571350098
