,area,approx_perimeter,diameter
0,187.23443572633224,97.2143847004185,14.647826194763184
1,187.23443572633224,97.2143847004185,16.275062561035156
