,area,approx_perimeter,diameter
0,153.92373492622076,89.11139800567149,12.267499923706055
1,153.92373492622076,89.11139800567149,15.975690841674805
