,area,approx_perimeter,diameter
0,81.59845842265182,64.62154150148176,9.134076118469238
1,81.59845842265182,64.62154150148176,11.374372482299805
