,area,approx_perimeter,diameter
0,153.649783614009,88.22170557037039,13.018270492553711
1,153.649783614009,88.22170557037039,15.027570724487305
