,area,approx_perimeter,diameter
0,108.05495456683583,74.65880604179621,10.281037330627441
1,108.05495456683583,74.65880604179621,13.381902694702148
