,area,approx_perimeter,diameter
0,108.60283245864343,80.55981663095949,8.314776420593262
1,108.60283245864343,80.55981663095949,16.63032341003418
