,area,approx_perimeter,diameter
0,86.76928143679055,67.05443041243255,9.110663414001465
1,86.76928143679055,67.05443041243255,12.126238822937012
