,area,approx_perimeter,diameter
0,239.01964435917847,110.93862487007999,15.363067626953125
1,239.01964435917847,110.93862487007999,19.809146881103516
