,area,approx_perimeter,diameter
0,143.86939668993176,86.20751064801017,11.821466445922852
1,143.86939668993176,86.20751064801017,15.495556831359863
