,area,approx_perimeter,diameter
0,79.43161415744567,63.29167526454476,9.59614086151123
1,79.43161415744567,63.29167526454476,10.53918170928955
