,area,approx_perimeter,diameter
0,140.66335860401531,84.7005769135136,12.125204086303711
1,140.66335860401531,84.7005769135136,14.770732879638672
