,area,approx_perimeter,diameter
0,251.29361083323008,113.77564447623773,15.73485279083252
1,251.29361083323008,113.77564447623773,20.33428382873535
