,area,approx_perimeter,diameter
0,236.2328271866229,109.0003186221566,17.009632110595703
1,236.2328271866229,109.0003186221566,17.682979583740234
