,area,approx_perimeter,diameter
0,95.91396662083437,69.631298965597,10.39214038848877
1,95.91396662083437,69.631298965597,11.751328468322754
