,area,approx_perimeter,diameter
0,108.190438166403,75.26595784641417,9.943483352661133
1,108.190438166403,75.26595784641417,13.853529930114746
