,area,approx_perimeter,diameter
0,41.14950663018817,47.84263905376263,5.564375400543213
1,41.14950663018817,47.84263905376263,9.415823936462402
