,area,approx_perimeter,diameter
0,106.15680636260271,73.08487860517421,11.328559875488281
1,106.15680636260271,73.08487860517421,11.93117618560791
