,area,approx_perimeter,diameter
0,150.0780063628183,87.09870716700017,13.002768516540527
1,150.0780063628183,87.09870716700017,14.695735931396484
