,area,approx_perimeter,diameter
0,36.65371649019852,44.01129564302729,5.684678554534912
1,36.65371649019852,44.01129564302729,8.209604263305664
