,area,approx_perimeter,diameter
0,79.57024196382024,63.32329264382899,9.658879280090332
1,79.57024196382024,63.32329264382899,10.488999366760254
