,area,approx_perimeter,diameter
0,138.38660173637953,85.25246927138268,11.177630424499512
1,138.38660173637953,85.25246927138268,15.763564109802246
