,area,approx_perimeter,diameter
0,197.7412615103424,100.18064819976836,14.641654968261719
1,197.7412615103424,100.18064819976836,17.19559669494629
