,area,approx_perimeter,diameter
0,286.83189758187336,122.11615521510625,16.439311981201172
1,286.83189758187336,122.11615521510625,22.215389251708984
