,area,approx_perimeter,diameter
0,60.78701769185165,55.48634702843164,8.193359375
1,60.78701769185165,55.48634702843164,9.446239471435547
