,area,approx_perimeter,diameter
0,119.16478061353018,78.1601195179673,10.981237411499023
1,119.16478061353018,78.1601195179673,13.816777229309082
