,area,approx_perimeter,diameter
0,153.37513371935916,88.37303298096057,12.733620643615723
1,153.37513371935916,88.37303298096057,15.336037635803223
