,area,approx_perimeter,diameter
0,64.97907395894241,57.301948765583745,8.571288108825684
1,64.97907395894241,57.301948765583745,9.652449607849121
