,area,approx_perimeter,diameter
0,90.14236291271612,67.49982261880793,10.081063270568848
1,90.14236291271612,67.49982261880793,11.384991645812988
