,area,approx_perimeter,diameter
0,139.87856647217436,84.02326184679369,12.665739059448242
1,139.87856647217436,84.02326184679369,14.061470985412598
