,area,approx_perimeter,diameter
0,39.94411199776161,45.91854325727455,5.946787357330322
1,39.94411199776161,45.91854325727455,8.552251815795898
