,area,approx_perimeter,diameter
0,282.4931849156928,119.45658792966356,17.907669067382812
1,282.4931849156928,119.45658792966356,20.0853328704834
