,area,approx_perimeter,diameter
0,254.5269370407749,114.76215818122898,15.657788276672363
1,254.5269370407749,114.76215818122898,20.697288513183594
