,area,approx_perimeter,diameter
0,146.52810304950057,88.13142786460085,11.302433967590332
1,146.52810304950057,88.13142786460085,16.506654739379883
