,area,approx_perimeter,diameter
0,63.80278255260274,57.47460304183161,7.828596591949463
1,63.80278255260274,57.47460304183161,10.376856803894043
