,area,approx_perimeter,diameter
0,325.3859254513149,128.1240063310604,19.37194061279297
1,325.3859254513149,128.1240063310604,21.38630485534668
