,area,approx_perimeter,diameter
0,131.75965907675567,81.38812643376724,12.818914413452148
1,131.75965907675567,81.38812643376724,13.087037086486816
