,area,approx_perimeter,diameter
0,237.15881527785086,110.17771296961435,15.563677787780762
1,237.15881527785086,110.17771296961435,19.401582717895508
