,area,approx_perimeter,diameter
0,159.94180795124677,90.93733550782548,12.435880661010742
1,159.94180795124677,90.93733550782548,16.375537872314453
