,area,approx_perimeter,diameter
0,129.0355093996493,81.9484248210536,11.000506401062012
1,129.0355093996493,81.9484248210536,14.935050010681152
