,area,approx_perimeter,diameter
0,411.76501079968284,144.505126310032,21.2016658782959
1,411.76501079968284,144.505126310032,24.7280330657959
