,area,approx_perimeter,diameter
0,173.37196034753003,94.07027421730929,13.426591873168945
1,173.37196034753003,94.07027421730929,16.44080924987793
