,area,approx_perimeter,diameter
0,185.56231811334908,96.67199285009407,14.828103065490723
1,185.56231811334908,96.67199285009407,15.933614730834961
