,area,approx_perimeter,diameter
0,68.21989110642852,58.565239415465044,9.205713272094727
1,68.21989110642852,58.565239415465044,9.435473442077637
