,area,approx_perimeter,diameter
0,30.50953845393634,39.25463718198339,5.8903326988220215
1,30.50953845393634,39.25463718198339,6.594865322113037
