,area,approx_perimeter,diameter
0,130.75645520408548,81.32232269830088,12.099753379821777
1,130.75645520408548,81.32232269830088,13.759312629699707
