,area,approx_perimeter,diameter
0,29.92834311386024,38.90283004987334,5.79412841796875
1,29.92834311386024,38.90283004987334,6.576649188995361
