,area,approx_perimeter,diameter
0,104.3868596223337,72.85723787395105,10.557592391967773
1,104.3868596223337,72.85723787395105,12.588994979858398
