,area,approx_perimeter,diameter
0,117.6189022215673,77.29838731889835,11.250658988952637
1,117.6189022215673,77.29838731889835,13.310956954956055
