,area,approx_perimeter,diameter
0,143.6903162048836,84.98649719628409,13.499491691589355
1,143.6903162048836,84.98649719628409,13.55252456665039
