,area,approx_perimeter,diameter
0,147.78623238875042,88.7243322829225,11.253799438476562
1,147.78623238875042,88.7243322829225,16.720333099365234
