,area,approx_perimeter,diameter
0,102.47319162490605,72.88174202415858,9.893407821655273
1,102.47319162490605,72.88174202415858,13.187864303588867
