,area,approx_perimeter,diameter
0,121.55325745437273,78.36396158732022,11.738329887390137
1,121.55325745437273,78.36396158732022,13.184704780578613
