,area,approx_perimeter,diameter
0,181.39026952209477,97.9740374493251,12.613948822021484
1,181.39026952209477,97.9740374493251,18.309354782104492
