,area,approx_perimeter,diameter
0,206.5275174628729,102.09158993620191,15.400650024414062
1,206.5275174628729,102.09158993620191,17.074539184570312
