,area,approx_perimeter,diameter
0,81.51514285184246,64.90954103431339,8.885224342346191
1,81.51514285184246,64.90954103431339,11.680999755859375
