,area,approx_perimeter,diameter
0,82.4771590889716,64.93554780761973,9.212186813354492
1,82.4771590889716,64.93554780761973,11.399375915527344
