,area,approx_perimeter,diameter
0,332.3932302889967,132.03542725696735,17.370325088500977
1,332.3932302889967,132.03542725696735,24.364322662353516
