,area,approx_perimeter,diameter
0,75.64152138516505,61.729466309848355,9.445025444030762
1,75.64152138516505,61.729466309848355,10.196878433227539
