,area,approx_perimeter,diameter
0,159.17110386099506,89.59881751862633,13.57517147064209
1,159.17110386099506,89.59881751862633,14.92894172668457
