,area,approx_perimeter,diameter
0,209.6753252422262,103.21784137861015,15.0079984664917
1,209.6753252422262,103.21784137861015,17.78830909729004
