,area,approx_perimeter,diameter
0,129.7038836733813,84.12044376567349,10.149592399597168
1,129.7038836733813,84.12044376567349,16.27100944519043
