,area,approx_perimeter,diameter
0,34.698753475731934,41.844626710947395,6.316034317016602
1,34.698753475731934,41.844626710947395,6.99486780166626
