,area,approx_perimeter,diameter
0,210.51910703071312,103.17699699642917,15.368144035339355
1,210.51910703071312,103.17699699642917,17.441354751586914
