,area,approx_perimeter,diameter
0,294.4387067085036,122.20780215508736,17.913110733032227
1,294.4387067085036,122.20780215508736,20.928302764892578
