,area,approx_perimeter,diameter
0,77.44291864910139,66.05633201903916,7.507784366607666
1,77.44291864910139,66.05633201903916,13.1334867477417
