,area,approx_perimeter,diameter
0,276.9754865330819,118.174633672586,17.946971893310547
1,276.9754865330819,118.174633672586,19.6498966217041
