,area,approx_perimeter,diameter
0,299.42992191634556,124.36822549000537,17.054147720336914
1,299.42992191634556,124.36822549000537,22.355031967163086
