,area,approx_perimeter,diameter
0,106.71317461916665,73.77206586687066,10.563206672668457
1,106.71317461916665,73.77206586687066,12.862707138061523
