,area,approx_perimeter,diameter
0,211.2853299088358,104.3718019251754,14.395150184631348
1,211.2853299088358,104.3718019251754,18.688018798828125
