,area,approx_perimeter,diameter
0,176.87225313109147,96.01289398596147,12.838406562805176
1,176.87225313109147,96.01289398596147,17.541175842285156
