,area,approx_perimeter,diameter
0,32.29183478110502,40.36735606009802,6.09282112121582
1,32.29183478110502,40.36735606009802,6.74814510345459
