,area,approx_perimeter,diameter
0,68.14941798207215,58.56074838476438,9.06527042388916
1,68.14941798207215,58.56074838476438,9.57175350189209
