,area,approx_perimeter,diameter
0,250.90984609585837,112.32296859868795,17.604862213134766
1,250.90984609585837,112.32296859868795,18.146596908569336
