,area,approx_perimeter,diameter
0,247.9973955636548,111.8502133880516,16.92154312133789
1,247.9973955636548,111.8502133880516,18.660242080688477
