,area,approx_perimeter,diameter
0,100.36739072160309,71.4668135633603,10.324058532714844
1,100.36739072160309,71.4668135633603,12.3780517578125
