,area,approx_perimeter,diameter
0,91.87991037142,68.02794772147463,10.424622535705566
1,91.87991037142,68.02794772147463,11.222002029418945
