,area,approx_perimeter,diameter
0,20.451185453965966,32.224911333089345,4.700015544891357
1,20.451185453965966,32.224911333089345,5.540249347686768
