,area,approx_perimeter,diameter
0,117.88011384071328,76.99783627411614,12.015015602111816
1,117.88011384071328,76.99783627411614,12.491837501525879
