,area,approx_perimeter,diameter
0,135.97664815176296,83.61862782246085,11.630044937133789
1,135.97664815176296,83.61862782246085,14.886515617370605
