,area,approx_perimeter,diameter
0,472.4076317586396,154.6041770384002,22.95286750793457
1,472.4076317586396,154.6041770384002,26.20535659790039
