,area,approx_perimeter,diameter
0,248.35047474847153,112.21251062613749,16.48213768005371
1,248.35047474847153,112.21251062613749,19.18498992919922
