,area,approx_perimeter,diameter
0,37.569471902001645,43.624779276464245,6.43645715713501
1,37.569471902001645,43.624779276464245,7.431873798370361
