,area,approx_perimeter,diameter
0,257.4997157799875,114.36559747164144,16.654296875
1,257.4997157799875,114.36559747164144,19.686140060424805
