,area,approx_perimeter,diameter
0,81.55627437297255,64.35625172031529,9.380558967590332
1,81.55627437297255,64.35625172031529,11.069774627685547
