,area,approx_perimeter,diameter
0,76.99045561514023,62.71562828866632,8.92121696472168
1,76.99045561514023,62.71562828866632,10.988107681274414
