,area,approx_perimeter,diameter
0,197.0987168578928,100.04265530281249,14.587937355041504
1,197.0987168578928,100.04265530281249,17.202835083007812
