,area,approx_perimeter,diameter
0,110.65890886498866,74.75830169931417,11.220109939575195
1,110.65890886498866,74.75830169931417,12.557390213012695
