,area,approx_perimeter,diameter
0,138.75275421094122,83.92017319288854,12.26241397857666
1,138.75275421094122,83.92017319288854,14.407073020935059
