,area,approx_perimeter,diameter
0,125.49883564078064,79.9416978309555,11.516308784484863
1,125.49883564078064,79.9416978309555,13.875112533569336
