,area,approx_perimeter,diameter
0,308.6424454193877,128.37995643563542,16.193756103515625
1,308.6424454193877,128.37995643563542,24.26711654663086
