,area,approx_perimeter,diameter
0,143.3629101196131,85.1840636740103,12.621999740600586
1,143.3629101196131,85.1840636740103,14.46168041229248
