,area,approx_perimeter,diameter
0,137.17058872299228,83.04376747325722,13.06701946258545
1,137.17058872299228,83.04376747325722,13.365788459777832
