,area,approx_perimeter,diameter
0,105.32570368786178,73.56075901954772,10.260629653930664
1,105.32570368786178,73.56075901954772,13.069846153259277
