,area,approx_perimeter,diameter
0,37.035750378823785,44.51651661332573,5.590438365936279
1,37.035750378823785,44.51651661332573,8.435006141662598
