,area,approx_perimeter,diameter
0,131.12136450063167,81.28178617411402,12.413891792297363
1,131.12136450063167,81.28178617411402,13.448554992675781
