,area,approx_perimeter,diameter
0,395.6116088185464,143.7568853394583,19.107290267944336
1,395.6116088185464,143.7568853394583,26.362102508544922
