,area,approx_perimeter,diameter
0,97.04907198729552,69.95034713599767,10.626871109008789
1,97.04907198729552,69.95034713599767,11.627760887145996
