,area,approx_perimeter,diameter
0,239.2628006284588,110.01477274651856,16.353796005249023
1,239.2628006284588,110.01477274651856,18.628021240234375
