,area,approx_perimeter,diameter
0,99.65226030965668,71.80733625530026,9.798036575317383
1,99.65226030965668,71.80733625530026,12.949655532836914
