,area,approx_perimeter,diameter
0,87.8295072274661,66.72248498557396,9.813090324401855
1,87.8295072274661,66.72248498557396,11.395798683166504
