,area,approx_perimeter,diameter
0,244.24143917049355,112.0012146216952,15.638134956359863
1,244.24143917049355,112.0012146216952,19.885866165161133
