,area,approx_perimeter,diameter
0,93.37179255215395,69.89417771432326,9.252437591552734
1,93.37179255215395,69.89417771432326,12.84900951385498
