,area,approx_perimeter,diameter
0,137.5617232392627,83.41249898522048,12.409402847290039
1,137.5617232392627,83.41249898522048,14.114218711853027
