,area,approx_perimeter,diameter
0,120.05102139001724,78.14832340246465,11.304935455322266
1,120.05102139001724,78.14832340246465,13.520971298217773
