,area,approx_perimeter,diameter
0,131.443535342769,81.30291946988436,12.710250854492188
1,131.443535342769,81.30291946988436,13.167254447937012
