,area,approx_perimeter,diameter
0,113.12691627734374,75.48830519958997,11.557974815368652
1,113.12691627734374,75.48830519958997,12.462188720703125
