,area,approx_perimeter,diameter
0,181.1626543185336,97.37667399233597,12.87720775604248
1,181.1626543185336,97.37667399233597,17.91253662109375
