,area,approx_perimeter,diameter
0,116.07220011505767,76.6906010879309,11.298442840576172
1,116.07220011505767,76.6906010879309,13.080361366271973
