,area,approx_perimeter,diameter
0,280.7778553497912,119.02387947425382,17.98316764831543
1,280.7778553497912,119.02387947425382,19.879560470581055
