,area,approx_perimeter,diameter
0,257.51753178678143,114.03069487127918,17.138866424560547
1,257.51753178678143,114.03069487127918,19.130874633789062
