,area,approx_perimeter,diameter
0,98.35321697656262,70.62437571565853,10.361529350280762
1,98.35321697656262,70.62437571565853,12.085783958435059
