,area,approx_perimeter,diameter
0,225.60593467356296,106.9009564387997,15.77581787109375
1,225.60593467356296,106.9009564387997,18.20827293395996
