,area,approx_perimeter,diameter
0,260.0366823498926,115.77092490794854,15.982426643371582
1,260.0366823498926,115.77092490794854,20.7158145904541
