,area,approx_perimeter,diameter
0,90.82631427868297,68.38834717219767,9.469182014465332
1,90.82631427868297,68.38834717219767,12.212634086608887
