,area,approx_perimeter,diameter
0,154.35976132483043,88.61804708388459,12.814884185791016
1,154.35976132483043,88.61804708388459,15.336615562438965
