,area,approx_perimeter,diameter
0,137.99982767660532,85.89629764416473,10.805926322937012
1,137.99982767660532,85.89629764416473,16.260229110717773
