,area,approx_perimeter,diameter
0,94.50630876824248,69.06150547448816,10.41646957397461
1,94.50630876824248,69.06150547448816,11.55181884765625
