,area,approx_perimeter,diameter
0,148.65207530361184,86.56569251534935,13.167524337768555
1,148.65207530361184,86.56569251534935,14.373977661132812
