,area,approx_perimeter,diameter
0,45.265187442581464,47.86291021429916,7.096088409423828
1,45.265187442581464,47.86291021429916,8.121858596801758
