,area,approx_perimeter,diameter
0,319.6519154691719,127.59623136694921,18.365577697753906
1,319.6519154691719,127.59623136694921,22.160667419433594
