,area,approx_perimeter,diameter
0,75.77288331857544,62.550586163118375,8.587699890136719
1,75.77288331857544,62.550586163118375,11.23432731628418
