,area,approx_perimeter,diameter
0,251.73630050579183,116.39330486051496,14.43912410736084
1,251.73630050579183,116.39330486051496,22.19806480407715
