,area,approx_perimeter,diameter
0,193.1573541028281,98.705021125558,14.947915077209473
1,193.1573541028281,98.705021125558,16.452835083007812
