,area,approx_perimeter,diameter
0,92.1756146865695,68.26476174803048,10.18126392364502
1,92.1756146865695,68.26476174803048,11.527216911315918
