,area,approx_perimeter,diameter
0,87.31406668877302,66.52203210852007,9.790043830871582
1,87.31406668877302,66.52203210852007,11.355589866638184
