,area,approx_perimeter,diameter
0,96.60667417497233,70.17365870159392,10.068462371826172
1,96.60667417497233,70.17365870159392,12.216705322265625
