,area,approx_perimeter,diameter
0,193.01008466897648,98.71354022137278,14.851022720336914
1,193.01008466897648,98.71354022137278,16.54755210876465
