,area,approx_perimeter,diameter
0,108.14147733425067,74.46234152254948,10.456881523132324
1,108.14147733425067,74.46234152254948,13.16740608215332
