,area,approx_perimeter,diameter
0,97.74309068125842,70.6594555120806,10.056411743164062
1,97.74309068125842,70.6594555120806,12.375226020812988
