,area,approx_perimeter,diameter
0,189.56316735444327,100.34174403070163,12.809575080871582
1,189.56316735444327,100.34174403070163,18.84210205078125
