,area,approx_perimeter,diameter
0,256.85297600950014,114.24443307187187,16.607328414916992
1,256.85297600950014,114.24443307187187,19.692232131958008
