,area,approx_perimeter,diameter
0,119.9691594793672,79.61547147014943,10.288206100463867
1,119.9691594793672,79.61547147014943,14.847046852111816
