,area,approx_perimeter,diameter
0,106.02668550005863,74.09612813525881,10.088335990905762
1,106.02668550005863,74.09612813525881,13.381529808044434
