,area,approx_perimeter,diameter
0,73.5720375890711,62.02898704398858,8.220499992370605
1,73.5720375890711,62.02898704398858,11.395271301269531
