,area,approx_perimeter,diameter
0,113.5744132032126,77.08123815603548,10.206830978393555
1,113.5744132032126,77.08123815603548,14.16771125793457
