,area,approx_perimeter,diameter
0,174.2743671446496,93.61091212618655,14.672042846679688
1,174.2743671446496,93.61091212618655,15.123525619506836
