,area,approx_perimeter,diameter
0,265.4318632750553,115.96273964783332,17.09868049621582
1,265.4318632750553,115.96273964783332,19.76517105102539
