,area,approx_perimeter,diameter
0,120.66645134076997,78.82576821291134,10.914576530456543
1,120.66645134076997,78.82576821291134,14.076340675354004
