,area,approx_perimeter,diameter
0,43.278026574045015,46.910096265908315,6.7999677658081055
1,43.278026574045015,46.910096265908315,8.103464126586914
