,area,approx_perimeter,diameter
0,314.00933594216013,127.19481525212656,17.580677032470703
1,314.00933594216013,127.19481525212656,22.74139404296875
