,area,approx_perimeter,diameter
0,229.47531541369355,107.60342070045596,16.2547664642334
1,229.47531541369355,107.60342070045596,17.974853515625
