,area,approx_perimeter,diameter
0,149.5343852282088,87.1606539888555,12.681370735168457
1,149.5343852282088,87.1606539888555,15.013605117797852
