,area,approx_perimeter,diameter
0,310.19943067476885,130.81354919792227,15.450270652770996
1,310.19943067476885,130.81354919792227,25.563188552856445
