,area,approx_perimeter,diameter
0,38.23649689533124,45.06649310436142,5.752560138702393
1,38.23649689533124,45.06649310436142,8.463052749633789
