,area,approx_perimeter,diameter
0,127.47872733818122,80.77857900241219,11.410160064697266
1,127.47872733818122,80.77857900241219,14.225125312805176
