,area,approx_perimeter,diameter
0,67.22318770750985,58.153460222516756,9.035945892333984
1,67.22318770750985,58.153460222516756,9.47230339050293
