,area,approx_perimeter,diameter
0,84.90999890529228,65.79019467032712,9.43759536743164
1,84.90999890529228,65.79019467032712,11.455329895019531
