,area,approx_perimeter,diameter
0,90.99348054276528,68.33422375093487,9.567505836486816
1,90.99348054276528,68.33422375093487,12.109373092651367
