,area,approx_perimeter,diameter
0,247.60571646482106,115.23820845988178,14.39934253692627
1,247.60571646482106,115.23820845988178,21.89415168762207
