,area,approx_perimeter,diameter
0,66.64063665122005,58.00871553567054,8.717336654663086
1,66.64063665122005,58.00871553567054,9.733419418334961
