,area,approx_perimeter,diameter
0,172.04950408731716,93.66105530967243,13.423312187194824
1,172.04950408731716,93.66105530967243,16.319387435913086
