,area,approx_perimeter,diameter
0,128.2620615629359,80.55453289171147,11.966012001037598
1,128.2620615629359,80.55453289171147,13.647682189941406
