,area,approx_perimeter,diameter
0,189.40402483439854,97.68462869813287,14.934329986572266
1,189.40402483439854,97.68462869813287,16.147808074951172
