,area,approx_perimeter,diameter
0,121.73408293454622,78.41154394418807,11.765735626220703
1,121.73408293454622,78.41154394418807,13.173562049865723
