,area,approx_perimeter,diameter
0,144.69623076400836,86.68303458218031,11.707136154174805
1,144.69623076400836,86.68303458218031,15.736808776855469
