,area,approx_perimeter,diameter
0,152.41617981382484,87.71231725849209,13.213030815124512
1,152.41617981382484,87.71231725849209,14.687191009521484
