,area,approx_perimeter,diameter
0,33.253195935780205,42.24975102583798,5.2693071365356445
1,33.253195935780205,42.24975102583798,8.035076141357422
