,area,approx_perimeter,diameter
0,123.5216270568768,78.92688776256584,11.965214729309082
1,123.5216270568768,78.92688776256584,13.144153594970703
