,area,approx_perimeter,diameter
0,217.72901598283087,104.80487552091921,15.850297927856445
1,217.72901598283087,104.80487552091921,17.489967346191406
