,area,approx_perimeter,diameter
0,130.97143268137674,81.59152181221592,11.845290184020996
1,130.97143268137674,81.59152181221592,14.078001022338867
