,area,approx_perimeter,diameter
0,233.38833102726605,109.4245726255662,15.334327697753906
1,233.38833102726605,109.4245726255662,19.378694534301758
