,area,approx_perimeter,diameter
0,157.64644945411703,89.6344354414553,12.869585990905762
1,157.64644945411703,89.6344354414553,15.596592903137207
