,area,approx_perimeter,diameter
0,59.37110946083765,55.10618782522053,7.8050312995910645
1,59.37110946083765,55.10618782522053,9.685245513916016
