,area,approx_perimeter,diameter
0,192.53310505957546,100.0650867457412,13.458799362182617
1,192.53310505957546,100.0650867457412,18.214162826538086
