,area,approx_perimeter,diameter
0,36.235050355191376,42.83378188589267,6.334003448486328
1,36.235050355191376,42.83378188589267,7.283844947814941
