,area,approx_perimeter,diameter
0,134.5935230394953,82.71775988227084,12.00156307220459
1,134.5935230394953,82.71775988227084,14.278956413269043
