,area,approx_perimeter,diameter
0,575.7506445531774,173.4498928090243,23.03657341003418
1,575.7506445531774,173.4498928090243,31.821941375732422
