,area,approx_perimeter,diameter
0,249.6122916224834,112.40036749441897,16.656890869140625
1,249.6122916224834,112.40036749441897,19.08016586303711
