,area,approx_perimeter,diameter
0,335.506676987103,132.17089271394468,17.720260620117188
1,335.506676987103,132.17089271394468,24.106889724731445
