,area,approx_perimeter,diameter
0,326.44001572602156,134.3759379025713,15.790751457214355
1,326.44001572602156,134.3759379025713,26.321504592895508
