,area,approx_perimeter,diameter
0,115.24937980085743,77.2952378727136,10.489790916442871
1,115.24937980085743,77.2952378727136,13.988845825195312
