,area,approx_perimeter,diameter
0,126.88564480506315,79.91441030008322,12.340622901916504
1,126.88564480506315,79.91441030008322,13.09138298034668
