,area,approx_perimeter,diameter
0,146.68208680571925,86.22311177334026,12.686014175415039
1,146.68208680571925,86.22311177334026,14.721837043762207
