,area,approx_perimeter,diameter
0,284.8528346908173,121.44606422433858,16.538375854492188
1,284.8528346908173,121.44606422433858,21.92995834350586
