,area,approx_perimeter,diameter
0,277.8417039809041,119.67414513703405,16.51669692993164
1,277.8417039809041,119.67414513703405,21.41826820373535
