,area,approx_perimeter,diameter
0,148.8359206298276,86.54863071744789,13.374298095703125
1,148.8359206298276,86.54863071744789,14.16925048828125
