,area,approx_perimeter,diameter
0,125.91438188611403,80.72310582283886,11.009407997131348
1,125.91438188611403,80.72310582283886,14.562015533447266
