,area,approx_perimeter,diameter
0,168.94581010803142,92.39831705470493,13.818037986755371
1,168.94581010803142,92.39831705470493,15.56722354888916
