,area,approx_perimeter,diameter
0,164.26712042544847,91.79080031843394,12.873518943786621
1,164.26712042544847,91.79080031843394,16.24663734436035
