,area,approx_perimeter,diameter
0,241.3621720515424,111.21743616486079,15.643766403198242
1,241.3621720515424,111.21743616486079,19.644365310668945
