,area,approx_perimeter,diameter
0,106.9985917884874,73.61693125309992,10.8685302734375
1,106.9985917884874,73.61693125309992,12.534798622131348
