,area,approx_perimeter,diameter
0,97.1449844861118,70.00605489165038,10.586715698242188
1,97.1449844861118,70.00605489165038,11.68340015411377
