,area,approx_perimeter,diameter
0,287.7816861204698,121.10431326814637,17.389507293701172
1,287.7816861204698,121.10431326814637,21.071041107177734
