,area,approx_perimeter,diameter
0,178.43132670298087,95.96913980512231,13.190189361572266
1,178.43132670298087,95.96913980512231,17.223848342895508
