,area,approx_perimeter,diameter
0,262.4122578777387,117.86164716494635,15.161995887756348
1,262.4122578777387,117.86164716494635,22.036258697509766
