,area,approx_perimeter,diameter
0,181.9962025131417,97.25054657809352,13.108281135559082
1,181.9962025131417,97.25054657809352,17.677738189697266
