,area,approx_perimeter,diameter
0,211.928098514954,105.25652689471012,13.96318244934082
1,211.928098514954,105.25652689471012,19.324766159057617
