,area,approx_perimeter,diameter
0,329.8711364652997,133.66803265063024,16.36263656616211
1,329.8711364652997,133.66803265063024,25.66853904724121
