,area,approx_perimeter,diameter
0,192.36687142844892,100.66898015463015,13.099555015563965
1,192.36687142844892,100.66898015463015,18.697513580322266
