,area,approx_perimeter,diameter
0,192.85048632456483,101.18156088733552,12.93218994140625
1,192.85048632456483,101.18156088733552,18.987106323242188
