,area,approx_perimeter,diameter
0,311.70100489549236,126.04567767051023,18.088808059692383
1,311.70100489549236,126.04567767051023,21.940088272094727
