,area,approx_perimeter,diameter
0,218.9373426602414,108.2058908064173,13.604900360107422
1,218.9373426602414,108.2058908064173,20.489652633666992
