,area,approx_perimeter,diameter
0,209.3435801375467,106.14411456447064,13.166261672973633
1,209.3435801375467,106.14411456447064,20.244510650634766
