,area,approx_perimeter,diameter
0,169.92366951229278,93.28550550368692,13.153285026550293
1,169.92366951229278,93.28550550368692,16.448631286621094
