,area,approx_perimeter,diameter
0,65.58007456770227,57.486715672055226,8.770909309387207
1,65.58007456770227,57.486715672055226,9.520009994506836
