,area,approx_perimeter,diameter
0,85.17847852595757,65.98389934156901,9.367647171020508
1,85.17847852595757,65.98389934156901,11.57735824584961
