,area,approx_perimeter,diameter
0,78.52461560678043,63.273874967702106,9.070061683654785
1,78.52461560678043,63.273874967702106,11.023149490356445
