,area,approx_perimeter,diameter
0,151.85845009054034,87.56515200005215,13.1636962890625
1,151.85845009054034,87.56515200005215,14.688289642333984
