,area,approx_perimeter,diameter
0,109.65133921808858,74.40802904308872,11.185440063476562
1,109.65133921808858,74.40802904308872,12.481620788574219
