,area,approx_perimeter,diameter
0,330.839850459823,130.27009517517817,18.266761779785156
1,330.839850459823,130.27009517517817,23.060375213623047
