,area,approx_perimeter,diameter
0,94.49660217738828,69.33395420547373,10.02962589263916
1,94.49660217738828,69.33395420547373,11.99614143371582
