,area,approx_perimeter,diameter
0,189.74585531221,99.97178887746787,13.01451301574707
1,189.74585531221,99.97178887746787,18.563270568847656
