,area,approx_perimeter,diameter
0,93.73674408001067,68.92437553967028,10.144883155822754
1,93.73674408001067,68.92437553967028,11.764485359191895
