,area,approx_perimeter,diameter
0,203.72738932089348,101.29738685405277,15.525274276733398
1,203.72738932089348,101.29738685405277,16.70783805847168
