,area,approx_perimeter,diameter
0,295.46661445361,124.47256891434569,16.383888244628906
1,295.46661445361,124.47256891434569,22.96156883239746
