,area,approx_perimeter,diameter
0,103.75302614822252,72.25019704561757,11.209673881530762
1,103.75302614822252,72.25019704561757,11.784683227539062
