,area,approx_perimeter,diameter
0,35.13129140196309,42.54299590769358,5.88167667388916
1,35.13129140196309,42.54299590769358,7.605067729949951
