,area,approx_perimeter,diameter
0,115.6240701796321,76.61755988222849,11.181380271911621
1,115.6240701796321,76.61755988222849,13.166275978088379
