,area,approx_perimeter,diameter
0,224.10605941893255,107.2229828435869,15.029126167297363
1,224.10605941893255,107.2229828435869,18.98584747314453
