,area,approx_perimeter,diameter
0,242.72036693468235,111.00662108914415,16.202926635742188
1,242.72036693468235,111.00662108914415,19.073169708251953
