,area,approx_perimeter,diameter
0,265.2011427770062,117.39545786143343,15.823042869567871
1,265.2011427770062,117.39545786143343,21.34005355834961
