,area,approx_perimeter,diameter
0,134.06297169727162,82.52270635170271,12.014237403869629
1,134.06297169727162,82.52270635170271,14.207666397094727
