,area,approx_perimeter,diameter
0,42.45595976818428,47.916633699791504,5.884284019470215
1,42.45595976818428,47.916633699791504,9.186607360839844
