,area,approx_perimeter,diameter
0,83.32698439086654,64.88960241432767,9.706354141235352
1,83.32698439086654,64.88960241432767,10.930490493774414
