,area,approx_perimeter,diameter
0,275.9917573221545,120.8667359221721,15.552196502685547
1,275.9917573221545,120.8667359221721,22.595111846923828
