,area,approx_perimeter,diameter
0,100.57395480310836,71.21699143044061,10.801196098327637
1,100.57395480310836,71.21699143044061,11.855607032775879
