,area,approx_perimeter,diameter
0,120.96280131522091,78.88431677603081,10.956327438354492
1,120.96280131522091,78.88431677603081,14.05713939666748
