,area,approx_perimeter,diameter
0,106.98293974497982,73.47675294741528,11.087030410766602
1,106.98293974497982,73.47675294741528,12.285968780517578
