,area,approx_perimeter,diameter
0,113.81755844298067,77.91246471619615,9.854501724243164
1,113.81755844298067,77.91246471619615,14.705666542053223
