,area,approx_perimeter,diameter
0,49.94749965617809,51.83879574674514,6.434393405914307
1,49.94749965617809,51.83879574674514,9.883625030517578
