,area,approx_perimeter,diameter
0,130.5931435144302,81.73896085536084,11.566417694091797
1,130.5931435144302,81.73896085536084,14.375786781311035
