,area,approx_perimeter,diameter
0,79.88740716069591,64.02681195969785,8.965867042541504
1,79.88740716069591,64.02681195969785,11.344781875610352
