,area,approx_perimeter,diameter
0,224.4598917973828,106.57571094673959,15.811960220336914
1,224.4598917973828,106.57571094673959,18.074369430541992
