,area,approx_perimeter,diameter
0,73.66032162704707,61.432315504017794,8.649053573608398
1,73.66032162704707,61.432315504017794,10.84364128112793
