,area,approx_perimeter,diameter
0,93.4150159796789,68.63712377834494,10.406301498413086
1,93.4150159796789,68.63712377834494,11.429583549499512
