,area,approx_perimeter,diameter
0,65.12089251857395,57.29347009196659,8.719955444335938
1,65.12089251857395,57.29347009196659,9.508591651916504
