,area,approx_perimeter,diameter
0,160.18590363323244,90.01189766075422,13.389296531677246
1,160.18590363323244,90.01189766075422,15.232691764831543
