,area,approx_perimeter,diameter
0,138.89915062664457,86.54452329259118,10.691424369812012
1,138.89915062664457,86.54452329259118,16.541471481323242
