,area,approx_perimeter,diameter
0,34.25808663880474,41.56074366534812,6.3121771812438965
1,34.25808663880474,41.56074366534812,6.91025447845459
