,area,approx_perimeter,diameter
0,60.87227156841102,56.30148850259226,7.546051502227783
1,60.87227156841102,56.30148850259226,10.2709321975708
