,area,approx_perimeter,diameter
0,100.45998107866025,71.40711725928054,10.43414306640625
1,100.45998107866025,71.40711725928054,12.258756637573242
