,area,approx_perimeter,diameter
0,129.32220798587832,80.96970238092379,11.899238586425781
1,129.32220798587832,80.96970238092379,13.8377046585083
