,area,approx_perimeter,diameter
0,407.0274654474772,145.5619922496779,19.52756118774414
1,407.0274654474772,145.5619922496779,26.539077758789062
