,area,approx_perimeter,diameter
0,189.40550764288062,97.58907020937909,15.303357124328613
1,189.40550764288062,97.58907020937909,15.758541107177734
