,area,approx_perimeter,diameter
0,379.5874293086932,141.6270526060398,18.29607582092285
1,379.5874293086932,141.6270526060398,26.415813446044922
