,area,approx_perimeter,diameter
0,123.05191708123809,79.08166236801218,11.486753463745117
1,123.05191708123809,79.08166236801218,13.639586448669434
