,area,approx_perimeter,diameter
0,175.6330845014584,94.45531370972792,13.75027847290039
1,175.6330845014584,94.45531370972792,16.263160705566406
