,area,approx_perimeter,diameter
0,28.6555306511624,37.99511382326488,5.810780048370361
1,28.6555306511624,37.99511382326488,6.2789082527160645
