,area,approx_perimeter,diameter
0,35.37533000484402,42.49287987196043,6.064669609069824
1,35.37533000484402,42.49287987196043,7.426829814910889
