,area,approx_perimeter,diameter
0,238.70131871301186,110.16314096015077,15.976517677307129
1,238.70131871301186,110.16314096015077,19.02316665649414
