,area,approx_perimeter,diameter
0,33.25109313574729,41.13124154346569,5.946319580078125
1,33.25109313574729,41.13124154346569,7.119800090789795
