,area,approx_perimeter,diameter
0,170.15831178185513,96.23640435158923,11.66576099395752
1,170.15831178185513,96.23640435158923,18.571638107299805
