,area,approx_perimeter,diameter
0,33.17089065915864,40.90234285630677,6.197256088256836
1,33.17089065915864,40.90234285630677,6.815030574798584
