,area,approx_perimeter,diameter
0,319.58923140126893,127.54837529360077,18.400541305541992
1,319.58923140126893,127.54837529360077,22.114221572875977
