,area,approx_perimeter,diameter
0,89.33947226444289,67.35781661635127,9.817192077636719
1,89.33947226444289,67.35781661635127,11.586872100830078
