,area,approx_perimeter,diameter
0,198.46049163592977,101.03893048725445,14.036108016967773
1,198.46049163592977,101.03893048725445,18.00269317626953
