,area,approx_perimeter,diameter
0,206.28808205386846,103.74881313889283,13.831070899963379
1,206.28808205386846,103.74881313889283,18.99015235900879
