,area,approx_perimeter,diameter
0,166.8378199711788,92.61290963541572,12.8899564743042
1,166.8378199711788,92.61290963541572,16.479846954345703
