,area,approx_perimeter,diameter
0,101.3954810016649,71.470014709585,10.934386253356934
1,101.3954810016649,71.470014709585,11.806857109069824
