,area,approx_perimeter,diameter
0,140.34216359643972,84.52760634473772,12.188270568847656
1,140.34216359643972,84.52760634473772,14.660750389099121
