,area,approx_perimeter,diameter
0,201.74486193800743,100.97786901651152,15.086503982543945
1,201.74486193800743,100.97786901651152,17.026445388793945
