,area,approx_perimeter,diameter
0,184.7633972741436,96.58152222179444,14.530560493469238
1,184.7633972741436,96.58152222179444,16.189882278442383
