,area,approx_perimeter,diameter
0,289.3467111150341,123.08295334256809,16.263612747192383
1,289.3467111150341,123.08295334256809,22.652265548706055
