,area,approx_perimeter,diameter
0,115.48712893598322,76.25566305821194,11.72395133972168
1,115.48712893598322,76.25566305821194,12.542083740234375
