,area,approx_perimeter,diameter
0,130.7593623187406,82.06446145901292,11.355816841125488
1,130.7593623187406,82.06446145901292,14.661031723022461
