,area,approx_perimeter,diameter
0,142.5907804938335,86.79135731879448,11.219393730163574
1,142.5907804938335,86.79135731879448,16.18199920654297
