,area,approx_perimeter,diameter
0,96.29553520453247,71.03307511834375,9.367444038391113
1,96.29553520453247,71.03307511834375,13.088659286499023
