,area,approx_perimeter,diameter
0,157.70550863191528,91.24489448931988,11.813852310180664
1,157.70550863191528,91.24489448931988,16.996732711791992
