,area,approx_perimeter,diameter
0,30.801765222209745,39.76975146356519,5.556901931762695
1,30.801765222209745,39.76975146356519,7.057534217834473
