,area,approx_perimeter,diameter
0,119.73259125964131,79.01761696260732,10.550581932067871
1,119.73259125964131,79.01761696260732,14.449275970458984
