,area,approx_perimeter,diameter
0,222.87499131653038,106.06870318499386,15.972476959228516
1,222.87499131653038,106.06870318499386,17.766389846801758
