,area,approx_perimeter,diameter
0,161.42228221552952,90.50483588402328,13.240407943725586
1,161.42228221552952,90.50483588402328,15.52287769317627
