,area,approx_perimeter,diameter
0,35.728734928532624,42.49142091083474,6.354159355163574
1,35.728734928532624,42.49142091083474,7.159285068511963
