,area,approx_perimeter,diameter
0,156.59716861619913,88.9291505192157,13.352516174316406
1,156.59716861619913,88.9291505192157,14.93244457244873
