,area,approx_perimeter,diameter
0,73.34593554547628,61.52115556409921,8.462638854980469
1,73.34593554547628,61.52115556409921,11.03520393371582
