,area,approx_perimeter,diameter
0,140.91484568481883,86.97480502426909,10.846517562866211
1,140.91484568481883,86.97480502426909,16.541563034057617
