,area,approx_perimeter,diameter
0,124.00282315299853,79.87504234001409,11.088933944702148
1,124.00282315299853,79.87504234001409,14.2380952835083
