,area,approx_perimeter,diameter
0,153.3361323542079,88.13807438281935,12.996133804321289
1,153.3361323542079,88.13807438281935,15.022439002990723
