,area,approx_perimeter,diameter
0,180.83508160582957,96.84600453433019,13.124667167663574
1,180.83508160582957,96.84600453433019,17.543025970458984
