,area,approx_perimeter,diameter
0,209.0916624957086,103.5177637790853,14.558826446533203
1,209.0916624957086,103.5177637790853,18.286073684692383
