,area,approx_perimeter,diameter
0,117.14371329587402,76.83780961613503,11.707756042480469
1,117.14371329587402,76.83780961613503,12.73958969116211
