,area,approx_perimeter,diameter
0,183.34715312187572,97.79755912662301,13.046446800231934
1,183.34715312187572,97.79755912662301,17.89336585998535
