,area,approx_perimeter,diameter
0,156.69619189652195,89.12372353531987,13.104080200195312
1,156.69619189652195,89.12372353531987,15.225165367126465
