,area,approx_perimeter,diameter
0,76.67844091989721,62.88805419674549,8.663443565368652
1,76.67844091989721,62.88805419674549,11.269193649291992
