,area,approx_perimeter,diameter
0,153.710202425195,89.8627250870321,11.772918701171875
1,153.710202425195,89.8627250870321,16.623737335205078
