,area,approx_perimeter,diameter
0,318.3363874858139,128.15867126970647,17.636884689331055
1,318.3363874858139,128.15867126970647,22.98129653930664
