,area,approx_perimeter,diameter
0,105.50999717270443,73.18919825083846,10.681960105895996
1,105.50999717270443,73.18919825083846,12.57629680633545
