,area,approx_perimeter,diameter
0,79.62145365256622,63.35714841181486,9.63003158569336
1,79.62145365256622,63.35714841181486,10.527191162109375
