,area,approx_perimeter,diameter
0,105.26238378883738,73.15574701080196,10.608859062194824
1,105.26238378883738,73.15574701080196,12.6332368850708
