,area,approx_perimeter,diameter
0,190.762286530653,98.26049078131665,14.562223434448242
1,190.762286530653,98.26049078131665,16.679189682006836
