,area,approx_perimeter,diameter
0,161.8194753711902,90.51603203106933,13.388846397399902
1,161.8194753711902,90.51603203106933,15.388551712036133
