,area,approx_perimeter,diameter
0,56.04653202725157,53.52483207509858,7.597834587097168
1,56.04653202725157,53.52483207509858,9.392236709594727
