,area,approx_perimeter,diameter
0,222.5416592807703,107.47158150647603,14.53676700592041
1,222.5416592807703,107.47158150647603,19.49187469482422
