,area,approx_perimeter,diameter
0,169.34954886954498,93.49013851071292,12.853466987609863
1,169.34954886954498,93.49013851071292,16.77543830871582
