,area,approx_perimeter,diameter
0,114.14496494020688,76.33225913126375,10.89165210723877
1,114.14496494020688,76.33225913126375,13.343603134155273
