,area,approx_perimeter,diameter
0,236.54171490057888,109.75096989594006,15.810306549072266
1,236.54171490057888,109.75096989594006,19.049236297607422
