,area,approx_perimeter,diameter
0,83.62346511160432,65.56974000899952,9.124004364013672
1,83.62346511160432,65.56974000899952,11.669514656066895
