,area,approx_perimeter,diameter
0,54.45653855023403,52.49933766774451,7.781163215637207
1,54.45653855023403,52.49933766774451,8.910778045654297
