,area,approx_perimeter,diameter
0,164.635354802024,95.5886266427109,11.163491249084473
1,164.635354802024,95.5886266427109,18.777301788330078
