,area,approx_perimeter,diameter
0,179.32618469384803,96.07013037252075,13.323341369628906
1,179.32618469384803,96.07013037252075,17.137231826782227
