,area,approx_perimeter,diameter
0,171.86652861199417,93.44162897763366,13.596671104431152
1,171.86652861199417,93.44162897763366,16.094179153442383
