,area,approx_perimeter,diameter
0,68.04356391760334,58.558463981739806,8.929267883300781
1,68.04356391760334,58.558463981739806,9.702447891235352
