,area,approx_perimeter,diameter
0,31.690581277278206,42.15218443102395,4.832827568054199
1,31.690581277278206,42.15218443102395,8.349087715148926
