,area,approx_perimeter,diameter
0,292.49684786163965,122.47198619671629,17.189332962036133
1,292.49684786163965,122.47198619671629,21.665678024291992
