,area,approx_perimeter,diameter
0,175.16832726599694,95.21448292022465,12.983192443847656
1,175.16832726599694,95.21448292022465,17.17845916748047
