,area,approx_perimeter,diameter
0,129.19693381990362,80.62576390167486,12.501984596252441
1,129.19693381990362,80.62576390167486,13.15780258178711
