,area,approx_perimeter,diameter
0,232.93159480159468,108.66545972768428,15.972532272338867
1,232.93159480159468,108.66545972768428,18.567983627319336
