,area,approx_perimeter,diameter
0,128.82475784654903,90.44111265525763,8.536271095275879
1,128.82475784654903,90.44111265525763,19.215038299560547
