,area,approx_perimeter,diameter
0,161.57692479128642,91.92142285471662,12.183672904968262
1,161.57692479128642,91.92142285471662,16.885395050048828
