,area,approx_perimeter,diameter
0,216.3110216972043,104.69830379588754,15.41667652130127
1,216.3110216972043,104.69830379588754,17.86479377746582
