,area,approx_perimeter,diameter
0,351.50819723248406,133.71819431510107,19.34895896911621
1,351.50819723248406,133.71819431510107,23.130657196044922
