,area,approx_perimeter,diameter
0,154.43726581479066,95.95580869627716,9.939337730407715
1,154.43726581479066,95.95580869627716,19.7835750579834
