,area,approx_perimeter,diameter
0,94.2744541776317,69.45278701329792,9.824017524719238
1,94.2744541776317,69.45278701329792,12.218419075012207
