,area,approx_perimeter,diameter
0,281.45690002358174,120.56503009295834,16.543237686157227
1,281.45690002358174,120.56503009295834,21.662147521972656
