,area,approx_perimeter,diameter
0,402.0459619866514,148.04020093757256,17.891605377197266
1,402.0459619866514,148.04020093757256,28.611228942871094
