,area,approx_perimeter,diameter
0,96.8856895168184,71.6325911220346,9.205090522766113
1,96.8856895168184,71.6325911220346,13.401138305664062
