,area,approx_perimeter,diameter
0,162.26900132275114,90.43784585948382,13.771018028259277
1,162.26900132275114,90.43784585948382,15.003052711486816
