,area,approx_perimeter,diameter
0,110.0804767008044,74.75501192100978,10.913969993591309
1,110.0804767008044,74.75501192100978,12.842147827148438
