,area,approx_perimeter,diameter
0,124.28546333559234,80.27868893203,10.886591911315918
1,124.28546333559234,80.27868893203,14.535785675048828
