,area,approx_perimeter,diameter
0,247.40451883716798,111.71075067540875,16.913137435913086
1,247.40451883716798,111.71075067540875,18.6248836517334
