,area,approx_perimeter,diameter
0,150.1608302946132,87.77269679672693,12.299006462097168
1,150.1608302946132,87.77269679672693,15.545215606689453
