,area,approx_perimeter,diameter
0,81.95222449247362,64.42619805775962,9.513134956359863
1,81.95222449247362,64.42619805775962,10.968499183654785
