,area,approx_perimeter,diameter
0,90.00070244784557,68.54764732953043,9.12462043762207
1,90.00070244784557,68.54764732953043,12.558599472045898
