,area,approx_perimeter,diameter
0,266.5675931276338,117.63801642335832,15.900388717651367
1,266.5675931276338,117.63801642335832,21.345666885375977
