,area,approx_perimeter,diameter
0,202.02305446043408,100.89712894847905,15.396122932434082
1,202.02305446043408,100.89712894847905,16.707046508789062
