,area,approx_perimeter,diameter
0,49.07808594153677,49.71952126075785,7.617015361785889
1,49.07808594153677,49.71952126075785,8.20375919342041
