,area,approx_perimeter,diameter
0,147.7445171307125,86.25779205467242,13.238595962524414
1,147.7445171307125,86.25779205467242,14.209525108337402
