,area,approx_perimeter,diameter
0,118.24772352200561,78.97877060876795,10.244932174682617
1,118.24772352200561,78.97877060876795,14.695819854736328
