,area,approx_perimeter,diameter
0,304.1678169648375,125.11993881098876,17.351215362548828
1,304.1678169648375,125.11993881098876,22.319963455200195
