,area,approx_perimeter,diameter
0,88.89567764931296,67.58761243077144,9.420672416687012
1,88.89567764931296,67.58761243077144,12.01458740234375
