,area,approx_perimeter,diameter
0,345.86278828947,134.04717137600406,18.08076286315918
1,345.86278828947,134.04717137600406,24.35550880432129
