,area,approx_perimeter,diameter
0,255.43048656643938,113.73698389460178,16.801105499267578
1,255.43048656643938,113.73698389460178,19.357309341430664
