,area,approx_perimeter,diameter
0,25.396889537641215,35.761627923632815,5.492552280426025
1,25.396889537641215,35.761627923632815,5.887303829193115
