,area,approx_perimeter,diameter
0,93.07685878400153,68.46529108956148,10.50452995300293
1,93.07685878400153,68.46529108956148,11.281717300415039
