,area,approx_perimeter,diameter
0,116.40894305113761,77.16452418363139,10.927159309387207
1,116.40894305113761,77.16452418363139,13.564043998718262
