,area,approx_perimeter,diameter
0,341.4476111504715,131.8981896687265,18.957338333129883
1,341.4476111504715,131.8981896687265,22.93278694152832
