,area,approx_perimeter,diameter
0,166.66369351378435,92.21273558923008,13.183023452758789
1,166.66369351378435,92.21273558923008,16.09667205810547
