,area,approx_perimeter,diameter
0,185.73199435450414,96.9835957208878,14.329910278320312
1,185.73199435450414,96.9835957208878,16.50263786315918
