,area,approx_perimeter,diameter
0,102.35445869604584,72.37826631388609,10.227371215820312
1,102.35445869604584,72.37826631388609,12.742447853088379
