,area,approx_perimeter,diameter
0,68.89657129846178,58.982960937235084,8.862649917602539
1,68.89657129846178,58.982960937235084,9.897924423217773
