,area,approx_perimeter,diameter
0,187.36914321725422,97.5343480649106,14.232611656188965
1,187.36914321725422,97.5343480649106,16.761913299560547
