,area,approx_perimeter,diameter
0,263.2495615635666,116.6836874640882,15.94265365600586
1,263.2495615635666,116.6836874640882,21.02408790588379
