,area,approx_perimeter,diameter
0,109.89330573254513,74.38946605687808,11.425954818725586
1,109.89330573254513,74.38946605687808,12.245847702026367
