,area,approx_perimeter,diameter
0,155.66771585775817,88.60490876435877,13.430027961730957
1,155.66771585775817,88.60490876435877,14.75814437866211
