,area,approx_perimeter,diameter
0,108.06903422226428,73.96464868583116,10.950444221496582
1,108.06903422226428,73.96464868583116,12.565496444702148
