,area,approx_perimeter,diameter
0,477.8703569222296,155.2084182873096,23.608863830566406
1,477.8703569222296,155.2084182873096,25.771821975708008
