,area,approx_perimeter,diameter
0,40.37088273131604,45.21168849562052,6.686511039733887
1,40.37088273131604,45.21168849562052,7.687387943267822
