,area,approx_perimeter,diameter
0,229.45954157059825,109.02560797935867,14.826799392700195
1,229.45954157059825,109.02560797935867,19.704654693603516
