,area,approx_perimeter,diameter
0,121.18246065356834,78.64761568794287,11.224793434143066
1,121.18246065356834,78.64761568794287,13.745847702026367
