,area,approx_perimeter,diameter
0,314.1608121969685,126.71671735581143,17.994413375854492
1,314.1608121969685,126.71671735581143,22.229230880737305
