,area,approx_perimeter,diameter
0,97.42721946923315,70.04334581941947,10.757951736450195
1,97.42721946923315,70.04334581941947,11.530837059020996
