,area,approx_perimeter,diameter
0,113.98260566598142,75.7231631829377,11.771190643310547
1,113.98260566598142,75.7231631829377,12.329012870788574
