,area,approx_perimeter,diameter
0,125.52026445591109,79.44744677690451,12.435675621032715
1,125.52026445591109,79.44744677690451,12.851522445678711
