,area,approx_perimeter,diameter
0,242.19434619725297,114.30529711707115,14.108135223388672
1,242.19434619725297,114.30529711707115,21.857702255249023
