,area,approx_perimeter,diameter
0,85.41866670913805,65.79482100032882,9.684828758239746
1,85.41866670913805,65.79482100032882,11.229772567749023
