,area,approx_perimeter,diameter
0,162.49940396762398,91.4880963301114,12.65617561340332
1,162.49940396762398,91.4880963301114,16.347803115844727
