,area,approx_perimeter,diameter
0,214.67349040449307,104.15707071029085,15.57252025604248
1,214.67349040449307,104.15707071029085,17.552122116088867
