,area,approx_perimeter,diameter
0,234.52942345899464,110.64672004725182,14.733874320983887
1,234.52942345899464,110.64672004725182,20.267047882080078
