,area,approx_perimeter,diameter
0,216.32606271376588,105.30276839342915,14.800747871398926
1,216.32606271376588,105.30276839342915,18.609525680541992
