,area,approx_perimeter,diameter
0,169.29379698124362,92.73658490989844,13.498025894165039
1,169.29379698124362,92.73658490989844,15.969117164611816
