,area,approx_perimeter,diameter
0,148.49945137558402,86.80847803082621,12.69698715209961
1,148.49945137558402,86.80847803082621,14.891357421875
