,area,approx_perimeter,diameter
0,251.03245818052383,121.49003856839407,12.861739158630371
1,251.03245818052383,121.49003856839407,24.85079574584961
