,area,approx_perimeter,diameter
0,207.4527218763447,103.14344276075333,14.475172996520996
1,207.4527218763447,103.14344276075333,18.247589111328125
