,area,approx_perimeter,diameter
0,123.86434088611055,78.97148580646075,12.146256446838379
1,123.86434088611055,78.97148580646075,12.984163284301758
