,area,approx_perimeter,diameter
0,197.8839115344885,102.56667289952605,13.066805839538574
1,197.8839115344885,102.56667289952605,19.281959533691406
