,area,approx_perimeter,diameter
0,580.3465381999409,170.79872532026704,27.066682815551758
1,580.3465381999409,170.79872532026704,27.299989700317383
