,area,approx_perimeter,diameter
0,227.83343894717123,107.06813239764053,16.598316192626953
1,227.83343894717123,107.06813239764053,17.476865768432617
