,area,approx_perimeter,diameter
0,265.8945420572095,115.64415115702555,18.030147552490234
1,265.8945420572095,115.64415115702555,18.776742935180664
