,area,approx_perimeter,diameter
0,89.24201301716548,67.19235216581967,9.982587814331055
1,89.24201301716548,67.19235216581967,11.382465362548828
