,area,approx_perimeter,diameter
0,171.94185762794288,94.44508662526553,12.791261672973633
1,171.94185762794288,94.44508662526553,17.11505699157715
