,area,approx_perimeter,diameter
0,209.1380258362221,102.70322458305455,15.562024116516113
1,209.1380258362221,102.70322458305455,17.111064910888672
