,area,approx_perimeter,diameter
0,169.34957484712277,94.91138917289895,12.075820922851562
1,169.34957484712277,94.91138917289895,17.855728149414062
