,area,approx_perimeter,diameter
0,354.360241065529,135.38371282557128,18.493253707885742
1,354.360241065529,135.38371282557128,24.397300720214844
