,area,approx_perimeter,diameter
0,263.8704247277295,116.42345100667308,16.247676849365234
1,263.8704247277295,116.42345100667308,20.678049087524414
