,area,approx_perimeter,diameter
0,41.94471099016057,46.21070681108789,6.663311004638672
1,41.94471099016057,46.21070681108789,8.014883995056152
