,area,approx_perimeter,diameter
0,83.6709220988026,64.90546566314715,9.984356880187988
1,83.6709220988026,64.90546566314715,10.670003890991211
