,area,approx_perimeter,diameter
0,166.1050800130984,91.48588579264414,13.968852996826172
1,166.1050800130984,91.48588579264414,15.140223503112793
