,area,approx_perimeter,diameter
0,359.5878375854157,135.0046600062358,19.858177185058594
1,359.5878375854157,135.0046600062358,23.05556297302246
