,area,approx_perimeter,diameter
0,99.25317217219956,70.86456314303987,10.522279739379883
1,99.25317217219956,70.86456314303987,12.010046005249023
