,area,approx_perimeter,diameter
0,132.13555129292527,82.21000784077765,11.643513679504395
1,132.13555129292527,82.21000784077765,14.449264526367188
