,area,approx_perimeter,diameter
0,98.00177200961264,70.53864161421144,10.292943954467773
1,98.00177200961264,70.53864161421144,12.122841835021973
