,area,approx_perimeter,diameter
0,206.17065839670036,103.98817226126394,13.679513931274414
1,206.17065839670036,103.98817226126394,19.189617156982422
