,area,approx_perimeter,diameter
0,153.91841214286475,88.45114624806497,12.840785026550293
1,153.91841214286475,88.45114624806497,15.261918067932129
