,area,approx_perimeter,diameter
0,144.1645401718753,86.66062155973142,11.603195190429688
1,144.1645401718753,86.66062155973142,15.819435119628906
