,area,approx_perimeter,diameter
0,446.50636215821834,149.97833105110323,22.945465087890625
1,446.50636215821834,149.97833105110323,24.776554107666016
