,area,approx_perimeter,diameter
0,65.64286318131862,58.00547358567076,8.154224395751953
1,65.64286318131862,58.00547358567076,10.24979019165039
