,area,approx_perimeter,diameter
0,164.8407812380382,91.6747917502414,13.142157554626465
1,164.8407812380382,91.6747917502414,15.970117568969727
