,area,approx_perimeter,diameter
0,342.20496051162377,134.79921917987588,17.21929931640625
1,342.20496051162377,134.79921917987588,25.30352020263672
