,area,approx_perimeter,diameter
0,50.24802205603803,50.696412429815624,7.1798553466796875
1,50.24802205603803,50.696412429815624,8.91073226928711
