,area,approx_perimeter,diameter
0,130.05679444673584,81.7165552363189,11.421758651733398
1,130.05679444673584,81.7165552363189,14.498069763183594
