,area,approx_perimeter,diameter
0,150.9190656447547,88.63591189574178,11.890536308288574
1,150.9190656447547,88.63591189574178,16.160425186157227
