,area,approx_perimeter,diameter
0,215.49983782326424,104.95543450825653,14.898263931274414
1,215.49983782326424,104.95543450825653,18.41710662841797
