,area,approx_perimeter,diameter
0,122.20175268069833,79.27137613769024,11.024293899536133
1,122.20175268069833,79.27137613769024,14.113566398620605
