,area,approx_perimeter,diameter
0,134.23902022037208,82.46543461362266,12.162199974060059
1,134.23902022037208,82.46543461362266,14.05324935913086
