,area,approx_perimeter,diameter
0,60.50793760731521,55.18455156862246,8.525263786315918
1,60.50793760731521,55.18455156862246,9.036799430847168
