,area,approx_perimeter,diameter
0,122.92575224730061,80.13229611881978,10.65172004699707
1,122.92575224730061,80.13229611881978,14.693770408630371
