,area,approx_perimeter,diameter
0,227.91988540062587,107.40726033655778,15.913859367370605
1,227.91988540062587,107.40726033655778,18.235464096069336
