,area,approx_perimeter,diameter
0,248.62199180369814,114.0340081239928,15.107833862304688
1,248.62199180369814,114.0340081239928,20.953060150146484
