,area,approx_perimeter,diameter
0,120.11601103295816,78.78908753860682,10.788652420043945
1,120.11601103295816,78.78908753860682,14.175677299499512
