,area,approx_perimeter,diameter
0,253.90991807571834,113.30384966938239,16.89113426208496
1,253.90991807571834,113.30384966938239,19.139516830444336
