,area,approx_perimeter,diameter
0,126.22254520125303,79.80833847636279,12.047439575195312
1,126.22254520125303,79.80833847636279,13.33989143371582
