,area,approx_perimeter,diameter
0,123.59873334323741,79.25612772759045,11.513439178466797
1,123.59873334323741,79.25612772759045,13.66844367980957
