,area,approx_perimeter,diameter
0,155.9534109747551,89.022955740054,12.937847137451172
1,155.9534109747551,89.022955740054,15.347688674926758
