,area,approx_perimeter,diameter
0,47.419570197811424,50.8463253917277,6.142927646636963
1,47.419570197811424,50.8463253917277,9.828615188598633
