,area,approx_perimeter,diameter
0,195.65546118307228,99.40670515181608,14.91794204711914
1,195.65546118307228,99.40670515181608,16.69910430908203
