,area,approx_perimeter,diameter
0,110.13508990044194,75.88110926217557,10.06435489654541
1,110.13508990044194,75.88110926217557,13.933168411254883
