,area,approx_perimeter,diameter
0,43.56734442047033,47.051829937060674,6.839315414428711
1,43.56734442047033,47.051829937060674,8.11070442199707
