,area,approx_perimeter,diameter
0,276.24542579937906,118.01107096539705,17.940759658813477
1,276.24542579937906,118.01107096539705,19.604888916015625
