,area,approx_perimeter,diameter
0,109.32282878499828,74.35925965286623,11.063323020935059
1,109.32282878499828,74.35925965286623,12.581585884094238
