,area,approx_perimeter,diameter
0,125.0917189120962,79.82066082754588,11.488597869873047
1,125.0917189120962,79.82066082754588,13.863460540771484
