,area,approx_perimeter,diameter
0,72.33194384676625,60.43704911702794,9.078292846679688
1,72.33194384676625,60.43704911702794,10.14462661743164
