,area,approx_perimeter,diameter
0,164.77967093668173,91.4207027048054,13.402959823608398
1,164.77967093668173,91.4207027048054,15.653556823730469
