,area,approx_perimeter,diameter
0,100.92605856859993,72.1761156125191,9.920610427856445
1,100.92605856859993,72.1761156125191,12.953139305114746
