,area,approx_perimeter,diameter
0,89.07203110518941,67.2597568476606,9.799154281616211
1,89.07203110518941,67.2597568476606,11.573451042175293
