,area,approx_perimeter,diameter
0,337.5777833130575,135.54005011437943,16.434972763061523
1,337.5777833130575,135.54005011437943,26.152606964111328
