,area,approx_perimeter,diameter
0,96.54303244710749,70.55291061982139,9.729963302612305
1,96.54303244710749,70.55291061982139,12.63338851928711
