,area,approx_perimeter,diameter
0,249.56856467457195,115.19095935197502,14.671693801879883
1,249.56856467457195,115.19095935197502,21.658069610595703
