,area,approx_perimeter,diameter
0,151.65220506770444,87.31176324667018,13.80660629272461
1,151.65220506770444,87.31176324667018,13.98530387878418
