,area,approx_perimeter,diameter
0,230.2669698642676,108.31054784282456,15.57347583770752
1,230.2669698642676,108.31054784282456,18.82592010498047
