,area,approx_perimeter,diameter
0,232.93173125502994,108.69903954281743,15.929524421691895
1,232.93173125502994,108.69903954281743,18.618125915527344
