,area,approx_perimeter,diameter
0,57.524784836416075,54.069674493247554,7.8545684814453125
1,57.524784836416075,54.069674493247554,9.324870109558105
