,area,approx_perimeter,diameter
0,220.58934809983035,106.50751954874187,14.809761047363281
1,220.58934809983035,106.50751954874187,18.9647274017334
