,area,approx_perimeter,diameter
0,217.34493409790727,104.91283191472554,15.501903533935547
1,217.34493409790727,104.91283191472554,17.85149574279785
