,area,approx_perimeter,diameter
0,229.2037090497926,108.54337553493596,15.11435317993164
1,229.2037090497926,108.54337553493596,19.308218002319336
