,area,approx_perimeter,diameter
0,321.4416429289044,129.07235619266558,17.528308868408203
1,321.4416429289044,129.07235619266558,23.349212646484375
