,area,approx_perimeter,diameter
0,107.7390251576621,73.91352684993072,10.849660873413086
1,107.7390251576621,73.91352684993072,12.6434907913208
