,area,approx_perimeter,diameter
0,112.46890013865891,75.51787313200414,11.086126327514648
1,112.46890013865891,75.51787313200414,12.917032241821289
