,area,approx_perimeter,diameter
0,352.1784216235288,141.96765395518005,15.70866584777832
1,352.1784216235288,141.96765395518005,28.545230865478516
