,area,approx_perimeter,diameter
0,116.86665439070853,77.09263736712202,11.167393684387207
1,116.86665439070853,77.09263736712202,13.324438095092773
