,area,approx_perimeter,diameter
0,30.353136205019,39.27190966624276,5.710285186767578
1,30.353136205019,39.27190966624276,6.767930507659912
