,area,approx_perimeter,diameter
0,73.95243933815084,61.43267865596125,8.774394989013672
1,73.95243933815084,61.43267865596125,10.73112964630127
