,area,approx_perimeter,diameter
0,211.3221577951594,103.0884635314014,16.114561080932617
1,211.3221577951594,103.0884635314014,16.696931838989258
