,area,approx_perimeter,diameter
0,125.43473524624122,79.63889295254197,11.868762016296387
1,125.43473524624122,79.63889295254197,13.456202507019043
