,area,approx_perimeter,diameter
0,215.3303816011867,106.30786582197914,13.961767196655273
1,215.3303816011867,106.30786582197914,19.636995315551758
