,area,approx_perimeter,diameter
0,35.684040037754585,42.97805699544222,5.857659816741943
1,35.684040037754585,42.97805699544222,7.756396293640137
