,area,approx_perimeter,diameter
0,163.94115105386072,91.01360528969211,13.621747016906738
1,163.94115105386072,91.01360528969211,15.323758125305176
