,area,approx_perimeter,diameter
0,117.39849524662495,78.47066452575206,10.32205581665039
1,117.39849524662495,78.47066452575206,14.481263160705566
