,area,approx_perimeter,diameter
0,135.37754106581806,83.22924669892943,11.770743370056152
1,135.37754106581806,83.22924669892943,14.643768310546875
