,area,approx_perimeter,diameter
0,99.14593803709026,70.61643243616383,11.010409355163574
1,99.14593803709026,70.61643243616383,11.465198516845703
