,area,approx_perimeter,diameter
0,304.9311208030891,125.23105429350912,17.40726661682129
1,304.9311208030891,125.23105429350912,22.303924560546875
