,area,approx_perimeter,diameter
0,103.31830263670975,72.88428207328374,10.1409330368042
1,103.31830263670975,72.88428207328374,12.972075462341309
