,area,approx_perimeter,diameter
0,175.19188708850095,95.20484117115844,12.99466323852539
1,175.19188708850095,95.20484117115844,17.165603637695312
