,area,approx_perimeter,diameter
0,93.27255574673124,69.80932751313456,9.27391242980957
1,93.27255574673124,69.80932751313456,12.805631637573242
