,area,approx_perimeter,diameter
0,80.52414863082896,64.21859414100025,9.05330753326416
1,80.52414863082896,64.21859414100025,11.324759483337402
