,area,approx_perimeter,diameter
0,28.946835085015262,38.25633609135885,5.703493595123291
1,28.946835085015262,38.25633609135885,6.4620490074157715
