,area,approx_perimeter,diameter
0,172.97850572652294,93.954123273017,13.42022705078125
1,172.97850572652294,93.954123273017,16.411277770996094
