,area,approx_perimeter,diameter
0,225.15537398775047,107.41448402640033,15.112836837768555
1,225.15537398775047,107.41448402640033,18.969087600708008
