,area,approx_perimeter,diameter
0,62.823144854093634,56.45839121034904,8.263422966003418
1,62.823144854093634,56.45839121034904,9.679876327514648
