,area,approx_perimeter,diameter
0,196.76384244755232,100.21683341853914,14.302618026733398
1,196.76384244755232,100.21683341853914,17.516199111938477
