,area,approx_perimeter,diameter
0,192.7473136628493,99.62888413835715,13.791839599609375
1,192.7473136628493,99.62888413835715,17.794109344482422
