,area,approx_perimeter,diameter
0,160.52437587668211,91.236419973615,12.371334075927734
1,160.52437587668211,91.236419973615,16.520933151245117
