,area,approx_perimeter,diameter
0,95.60464754490758,69.4233768456819,10.5576753616333
1,95.60464754490758,69.4233768456819,11.52977466583252
