,area,approx_perimeter,diameter
0,105.78398548593245,73.37698068538403,10.591477394104004
1,105.78398548593245,73.37698068538403,12.716672897338867
