,area,approx_perimeter,diameter
0,231.08902362197486,108.0585969237381,16.169452667236328
1,231.08902362197486,108.0585969237381,18.196762084960938
