,area,approx_perimeter,diameter
0,110.37344140127581,75.2942121653745,10.510335922241211
1,110.37344140127581,75.2942121653745,13.370821952819824
