,area,approx_perimeter,diameter
0,281.66836532328597,119.04440813908533,18.46828842163086
1,281.66836532328597,119.04440813908533,19.41876220703125
