,area,approx_perimeter,diameter
0,122.07017382003205,78.65465633119108,11.5766019821167
1,122.07017382003205,78.65465633119108,13.425750732421875
