,area,approx_perimeter,diameter
0,139.16950539119284,86.35340568488391,10.812386512756348
1,139.16950539119284,86.35340568488391,16.38825225830078
