,area,approx_perimeter,diameter
0,150.81370022074046,89.1950598861273,11.569345474243164
1,150.81370022074046,89.1950598861273,16.59747886657715
