,area,approx_perimeter,diameter
0,124.82460181995714,80.38028296154786,10.95688247680664
1,124.82460181995714,80.38028296154786,14.505186080932617
