,area,approx_perimeter,diameter
0,149.35469378249456,87.94263189613896,11.973230361938477
1,149.35469378249456,87.94263189613896,15.882455825805664
