,area,approx_perimeter,diameter
0,91.8515052767995,68.8087091618864,9.49674129486084
1,91.8515052767995,68.8087091618864,12.314641952514648
