,area,approx_perimeter,diameter
0,45.57605452842695,48.91885062326811,6.4176716804504395
1,45.57605452842695,48.91885062326811,9.04210090637207
