,area,approx_perimeter,diameter
0,200.3377452714631,101.2263180475611,14.33748722076416
1,200.3377452714631,101.2263180475611,17.790979385375977
