,area,approx_perimeter,diameter
0,111.8092202435791,75.14857047546295,11.273463249206543
1,111.8092202435791,75.14857047546295,12.627878189086914
