,area,approx_perimeter,diameter
0,228.3872710673478,107.4653211747525,16.0089054107666
1,228.3872710673478,107.4653211747525,18.164371490478516
