,area,approx_perimeter,diameter
0,117.6346366463478,77.17255024187163,11.41927719116211
1,117.6346366463478,77.17255024187163,13.11616039276123
