,area,approx_perimeter,diameter
0,121.73631529949033,80.07308408263249,10.425786018371582
1,121.73631529949033,80.07308408263249,14.866935729980469
