,area,approx_perimeter,diameter
0,132.20536125820627,82.21586879518404,11.660656929016113
1,132.20536125820627,82.21586879518404,14.435644149780273
