,area,approx_perimeter,diameter
0,235.39551242708512,110.8321571055731,14.771669387817383
1,235.39551242708512,110.8321571055731,20.289844512939453
