,area,approx_perimeter,diameter
0,100.90884356539736,71.31602684032458,10.86345100402832
1,100.90884356539736,71.31602684032458,11.826916694641113
