,area,approx_perimeter,diameter
0,32.26412689545429,41.888087238750686,5.08616304397583
1,32.26412689545429,41.888087238750686,8.076807975769043
