,area,approx_perimeter,diameter
0,182.09040381679554,95.81614598614973,14.55588436126709
1,182.09040381679554,95.81614598614973,15.927902221679688
