,area,approx_perimeter,diameter
0,325.8212105549238,130.62669023874136,17.24955177307129
1,325.8212105549238,130.62669023874136,24.0498104095459
