,area,approx_perimeter,diameter
0,205.85771540665442,101.89303728974033,15.442829132080078
1,205.85771540665442,101.89303728974033,16.972679138183594
