,area,approx_perimeter,diameter
0,221.2963024997402,106.42288353815199,15.039715766906738
1,221.2963024997402,106.42288353815199,18.734609603881836
