,area,approx_perimeter,diameter
0,176.9542875231189,94.81560256839592,13.79531478881836
1,176.9542875231189,94.81560256839592,16.332008361816406
