,area,approx_perimeter,diameter
0,155.28401685763967,88.64994385800142,13.143729209899902
1,155.28401685763967,88.64994385800142,15.042439460754395
