,area,approx_perimeter,diameter
0,137.05246634744904,83.35811518846384,12.245107650756836
1,137.05246634744904,83.35811518846384,14.250639915466309
