,area,approx_perimeter,diameter
0,42.389582855584266,46.21408961050166,7.06149435043335
1,42.389582855584266,46.21408961050166,7.643154621124268
