,area,approx_perimeter,diameter
0,79.82662422031676,64.0523689848729,8.923279762268066
1,79.82662422031676,64.0523689848729,11.390253067016602
