,area,approx_perimeter,diameter
0,38.33156017216044,44.42067131594194,6.156783580780029
1,38.33156017216044,44.42067131594194,7.927070617675781
