,area,approx_perimeter,diameter
0,130.23879196773743,80.99058387757431,12.418025970458984
1,130.23879196773743,80.99058387757431,13.353586196899414
