,area,approx_perimeter,diameter
0,286.88751940172256,121.31095974031778,17.00826644897461
1,286.88751940172256,121.31095974031778,21.476411819458008
