,area,approx_perimeter,diameter
0,156.9291489384771,89.02710022608156,13.359990119934082
1,156.9291489384771,89.02710022608156,14.955729484558105
