,area,approx_perimeter,diameter
0,68.58241775857444,58.81464721187327,8.908291816711426
1,68.58241775857444,58.81464721187327,9.802310943603516
