,area,approx_perimeter,diameter
0,130.72368000825773,81.32717511879805,12.075307846069336
1,130.72368000825773,81.32717511879805,13.783711433410645
