,area,approx_perimeter,diameter
0,296.13387584622245,122.0401162134676,19.043079376220703
1,296.13387584622245,122.0401162134676,19.7998104095459
