,area,approx_perimeter,diameter
0,211.15512102273593,104.80005323687672,14.090179443359375
1,211.15512102273593,104.80005323687672,19.080739974975586
