,area,approx_perimeter,diameter
0,107.13398152621342,73.42885711981651,11.348915100097656
1,107.13398152621342,73.42885711981651,12.01940631866455
