,area,approx_perimeter,diameter
0,313.38186154584724,128.07321663925373,16.936397552490234
1,313.38186154584724,128.07321663925373,23.559329986572266
