,area,approx_perimeter,diameter
0,118.71932979197119,77.32406085737661,11.861391067504883
1,118.71932979197119,77.32406085737661,12.743711471557617
