,area,approx_perimeter,diameter
0,185.81462463104828,96.76570517034818,14.763829231262207
1,185.81462463104828,96.76570517034818,16.02474021911621
