,area,approx_perimeter,diameter
0,229.08401827554,111.35889347115682,13.648077964782715
1,229.08401827554,111.35889347115682,21.371421813964844
