,area,approx_perimeter,diameter
0,35.81693252486617,42.44799727303683,6.596953868865967
1,35.81693252486617,42.44799727303683,6.912817001342773
