,area,approx_perimeter,diameter
0,111.64592522488826,75.16504714436532,11.15017032623291
1,111.64592522488826,75.16504714436532,12.74886417388916
