,area,approx_perimeter,diameter
0,146.18296838502647,87.4883323858537,11.558523178100586
1,146.18296838502647,87.4883323858537,16.102916717529297
