,area,approx_perimeter,diameter
0,31.140922654314924,40.13598227802085,5.480731010437012
1,31.140922654314924,40.13598227802085,7.234409809112549
