,area,approx_perimeter,diameter
0,118.26059219797119,77.71683983245539,11.066967964172363
1,118.26059219797119,77.71683983245539,13.605719566345215
