,area,approx_perimeter,diameter
0,148.9798428171244,86.90652928375565,12.770936965942383
1,148.9798428171244,86.90652928375565,14.853023529052734
