,area,approx_perimeter,diameter
0,112.86804317081689,75.98557641194954,10.756431579589844
1,112.86804317081689,75.98557641194954,13.360198020935059
