,area,approx_perimeter,diameter
0,111.36823282548735,74.9263102635732,11.399889945983887
1,111.36823282548735,74.9263102635732,12.438579559326172
