,area,approx_perimeter,diameter
0,149.12244361606147,88.42182881784146,11.642899513244629
1,149.12244361606147,88.42182881784146,16.30767250061035
