,area,approx_perimeter,diameter
0,166.80040540740634,93.74288920320149,12.197041511535645
1,166.80040540740634,93.74288920320149,17.41216278076172
