,area,approx_perimeter,diameter
0,195.5196573646067,99.9557780158445,14.205133438110352
1,195.5196573646067,99.9557780158445,17.524887084960938
