,area,approx_perimeter,diameter
0,59.67550079616571,55.1433616444477,7.922893524169922
1,59.67550079616571,55.1433616444477,9.590083122253418
