,area,approx_perimeter,diameter
0,62.879538833040655,56.31171618908355,8.539599418640137
1,62.879538833040655,56.31171618908355,9.37523078918457
