,area,approx_perimeter,diameter
0,120.84908418194873,78.09257008551755,11.78529167175293
1,120.84908418194873,78.09257008551755,13.056090354919434
