,area,approx_perimeter,diameter
0,159.8824234319889,90.32701923718462,12.902698516845703
1,159.8824234319889,90.32701923718462,15.777213096618652
