,area,approx_perimeter,diameter
0,296.6512244659748,124.26830315045761,16.67070960998535
1,296.6512244659748,124.26830315045761,22.6569881439209
