,area,approx_perimeter,diameter
0,145.18176427315933,86.05491954246425,12.313827514648438
1,145.18176427315933,86.05491954246425,15.011673927307129
