,area,approx_perimeter,diameter
0,125.0522556612934,82.33356146245606,10.062114715576172
1,125.0522556612934,82.33356146245606,15.823858261108398
