,area,approx_perimeter,diameter
0,239.34095916184114,109.78344507198399,16.86036491394043
1,239.34095916184114,109.78344507198399,18.07424545288086
