,area,approx_perimeter,diameter
0,116.92537038171524,77.0357702151701,11.258279800415039
1,116.92537038171524,77.0357702151701,13.223512649536133
