,area,approx_perimeter,diameter
0,118.25138317526772,77.72207785489354,11.058910369873047
1,118.25138317526772,77.72207785489354,13.614572525024414
