,area,approx_perimeter,diameter
0,146.26703135419226,86.39761795315891,12.338958740234375
1,146.26703135419226,86.39761795315891,15.093086242675781
