,area,approx_perimeter,diameter
0,136.07854413406108,83.16402241500984,12.077507019042969
1,136.07854413406108,83.16402241500984,14.345724105834961
