,area,approx_perimeter,diameter
0,86.23393869917244,65.86652603041867,10.227845191955566
1,86.23393869917244,65.86652603041867,10.735053062438965
