,area,approx_perimeter,diameter
0,58.083872926154136,54.06395149548646,8.366976737976074
1,58.083872926154136,54.06395149548646,8.83887767791748
