,area,approx_perimeter,diameter
0,114.59801846733839,79.04311489709812,9.549941062927246
1,114.59801846733839,79.04311489709812,15.278704643249512
