,area,approx_perimeter,diameter
0,184.24485949549378,96.84532943322736,13.97065258026123
1,184.24485949549378,96.84532943322736,16.791473388671875
