,area,approx_perimeter,diameter
0,55.26913118073305,54.664877257952526,6.71614933013916
1,55.26913118073305,54.664877257952526,10.477855682373047
