,area,approx_perimeter,diameter
0,330.7859807815633,132.00611266236547,17.179218292236328
1,330.7859807815633,132.00611266236547,24.516237258911133
