,area,approx_perimeter,diameter
0,156.32355884002087,88.86997867324199,13.308313369750977
1,156.32355884002087,88.86997867324199,14.955864906311035
