,area,approx_perimeter,diameter
0,66.89476656916689,59.30535287565036,7.754656791687012
1,66.89476656916689,59.30535287565036,10.98347282409668
