,area,approx_perimeter,diameter
0,291.1127610321419,125.61220041445218,15.355554580688477
1,291.1127610321419,125.61220041445218,24.138254165649414
