,area,approx_perimeter,diameter
0,218.62553930969742,107.98622742478986,13.656110763549805
1,218.62553930969742,107.98622742478986,20.383745193481445
