,area,approx_perimeter,diameter
0,192.26353423148558,98.4239200345009,15.034594535827637
1,192.26353423148558,98.4239200345009,16.282283782958984
