,area,approx_perimeter,diameter
0,86.23499493960266,66.56028674235004,9.284955024719238
1,86.23499493960266,66.56028674235004,11.825345993041992
