,area,approx_perimeter,diameter
0,74.86948020087654,62.45961499552552,8.357253074645996
1,74.86948020087654,62.45961499552552,11.406473159790039
