,area,approx_perimeter,diameter
0,122.92879962114313,79.15060825647949,11.36545181274414
1,122.92879962114313,79.15060825647949,13.771367073059082
