,area,approx_perimeter,diameter
0,241.64146216573954,112.69028730894296,14.751388549804688
1,241.64146216573954,112.69028730894296,20.856847763061523
