,area,approx_perimeter,diameter
0,192.17674805626163,100.18055658505624,13.325186729431152
1,192.17674805626163,100.18055658505624,18.362747192382812
