,area,approx_perimeter,diameter
0,280.45423421357185,120.26453275360116,16.573457717895508
1,280.45423421357185,120.26453275360116,21.54561996459961
