,area,approx_perimeter,diameter
0,178.57368404922144,95.36344985663996,13.7328462600708
1,178.57368404922144,95.36344985663996,16.556442260742188
