,area,approx_perimeter,diameter
0,61.71745724855675,55.93628853000323,8.2196683883667
1,61.71745724855675,55.93628853000323,9.560131072998047
