,area,approx_perimeter,diameter
0,258.4889594142599,118.90380650337767,14.275481224060059
1,258.4889594142599,118.90380650337767,23.054800033569336
