,area,approx_perimeter,diameter
0,247.1994159548125,112.35694473218891,16.004993438720703
1,247.1994159548125,112.35694473218891,19.665367126464844
