,area,approx_perimeter,diameter
0,64.85863100066047,57.09933763347364,9.031817436218262
1,64.85863100066047,57.09933763347364,9.143295288085938
