,area,approx_perimeter,diameter
0,241.70615728877965,110.35813204134836,16.85190200805664
1,241.70615728877965,110.35813204134836,18.26202392578125
