,area,approx_perimeter,diameter
0,279.1770284273243,119.1264489655218,17.29048728942871
1,279.1770284273243,119.1264489655218,20.558080673217773
