,area,approx_perimeter,diameter
0,94.44277326428943,69.33807442108636,10.001302719116211
1,94.44277326428943,69.33807442108636,12.023261070251465
