,area,approx_perimeter,diameter
0,148.04798338449362,86.99014890640565,12.350756645202637
1,148.04798338449362,86.99014890640565,15.262267112731934
