,area,approx_perimeter,diameter
0,340.03568185078024,136.8432895014151,16.214683532714844
1,340.03568185078024,136.8432895014151,26.70091438293457
