,area,approx_perimeter,diameter
0,60.256240353084294,55.092010418006886,8.438431739807129
1,60.256240353084294,55.092010418006886,9.091811180114746
