,area,approx_perimeter,diameter
0,317.40751633669356,128.29943490447366,17.392765045166016
1,317.40751633669356,128.29943490447366,23.235857009887695
