,area,approx_perimeter,diameter
0,93.75499045115455,69.4209393698703,9.666552543640137
1,93.75499045115455,69.4209393698703,12.349031448364258
