,area,approx_perimeter,diameter
0,47.40550816637208,49.21228251800612,7.000170707702637
1,47.40550816637208,49.21228251800612,8.622442245483398
