,area,approx_perimeter,diameter
0,366.19918433494513,140.1613471159707,17.504348754882812
1,366.19918433494513,140.1613471159707,26.636768341064453
