,area,approx_perimeter,diameter
0,230.291415004233,109.28790907931518,14.812182426452637
1,230.291415004233,109.28790907931518,19.79560661315918
