,area,approx_perimeter,diameter
0,119.51828550529785,77.97455821333986,11.280016899108887
1,119.51828550529785,77.97455821333986,13.490707397460938
