,area,approx_perimeter,diameter
0,118.39314306729909,77.80592650769167,11.03180980682373
1,118.39314306729909,77.80592650769167,13.664379119873047
