,area,approx_perimeter,diameter
0,135.88003675705914,83.83877106723072,11.448691368103027
1,135.88003675705914,83.83877106723072,15.111581802368164
