,area,approx_perimeter,diameter
0,219.63003791567348,107.05919216505204,14.26683521270752
1,219.63003791567348,107.05919216505204,19.600818634033203
