,area,approx_perimeter,diameter
0,95.56084405908587,69.4663670974862,10.43571662902832
1,95.56084405908587,69.4663670974862,11.659174919128418
