,area,approx_perimeter,diameter
0,114.16554803175384,76.24020714617278,10.99077033996582
1,114.16554803175384,76.24020714617278,13.225650787353516
