,area,approx_perimeter,diameter
0,164.3748943113377,91.58012021121229,13.089544296264648
1,164.3748943113377,91.58012021121229,15.988991737365723
