,area,approx_perimeter,diameter
0,201.14284214696812,100.80470346370127,15.101775169372559
1,201.14284214696812,100.80470346370127,16.958471298217773
