,area,approx_perimeter,diameter
0,162.08681106060186,91.34801294869258,12.657601356506348
1,162.08681106060186,91.34801294869258,16.304458618164062
