,area,approx_perimeter,diameter
0,147.696789494427,87.00912014013515,12.230683326721191
1,147.696789494427,87.00912014013515,15.375542640686035
