,area,approx_perimeter,diameter
0,249.9654214425236,115.7055676573927,14.500991821289062
1,249.9654214425236,115.7055676573927,21.94786834716797
