,area,approx_perimeter,diameter
0,141.65207750013738,84.77358334751445,12.413032531738281
1,141.65207750013738,84.77358334751445,14.529650688171387
