,area,approx_perimeter,diameter
0,199.4301004821773,100.41062382807463,14.977343559265137
1,199.4301004821773,100.41062382807463,16.953760147094727
