,area,approx_perimeter,diameter
0,166.22746534773026,91.51717641681249,13.980123519897461
1,166.22746534773026,91.51717641681249,15.139163970947266
