,area,approx_perimeter,diameter
0,132.7695752340845,82.37174695935882,11.702945709228516
1,132.7695752340845,82.37174695935882,14.444865226745605
