,area,approx_perimeter,diameter
0,186.99361696575852,98.09596687236932,13.610026359558105
1,186.99361696575852,98.09596687236932,17.493549346923828
