,area,approx_perimeter,diameter
0,210.37866400527022,104.14445626317278,14.36648941040039
1,210.37866400527022,104.14445626317278,18.644947052001953
