,area,approx_perimeter,diameter
0,232.40110441602934,110.4443279929584,14.503093719482422
1,232.40110441602934,110.4443279929584,20.402700424194336
