,area,approx_perimeter,diameter
0,217.19037554657177,104.89551929014104,15.468750953674316
1,217.19037554657177,104.89551929014104,17.877033233642578
