,area,approx_perimeter,diameter
0,123.79755039069119,79.17533448690554,11.70458984375
1,123.79755039069119,79.17533448690554,13.466848373413086
