,area,approx_perimeter,diameter
0,120.2136126909154,78.11454061581395,11.411774635314941
1,120.2136126909154,78.11454061581395,13.41252613067627
