,area,approx_perimeter,diameter
0,256.23509139645444,115.10344641905041,15.73897933959961
1,256.23509139645444,115.10344641905041,20.72870445251465
