,area,approx_perimeter,diameter
0,56.6271718167273,54.555695801144616,7.1392717361450195
1,56.6271718167273,54.555695801144616,10.0990629196167
