,area,approx_perimeter,diameter
0,36.98154066245723,43.52565324910182,6.130654811859131
1,36.98154066245723,43.52565324910182,7.680478096008301
