,area,approx_perimeter,diameter
0,141.78701363595192,97.34893537097243,8.560726165771484
1,141.78701363595192,97.34893537097243,21.088027954101562
