,area,approx_perimeter,diameter
0,121.48371467386607,78.47962415152557,11.53018569946289
1,121.48371467386607,78.47962415152557,13.415037155151367
