,area,approx_perimeter,diameter
0,83.66072176696642,64.87034213395258,10.101388931274414
1,83.66072176696642,64.87034213395258,10.545098304748535
