,area,approx_perimeter,diameter
0,147.41024224289453,86.16127444168482,13.220388412475586
1,147.41024224289453,86.16127444168482,14.196901321411133
