,area,approx_perimeter,diameter
0,167.97348462400004,92.16077764124138,13.731447219848633
1,167.97348462400004,92.16077764124138,15.57523250579834
