,area,approx_perimeter,diameter
0,86.20289338415759,65.95549158878137,9.952986717224121
1,86.20289338415759,65.95549158878137,11.02753734588623
