,area,approx_perimeter,diameter
0,138.34412288502202,84.06313098820142,11.96447467803955
1,138.34412288502202,84.06313098820142,14.722352027893066
