,area,approx_perimeter,diameter
0,178.30529560538545,94.97443063550313,14.113953590393066
1,178.30529560538545,94.97443063550313,16.08517074584961
