,area,approx_perimeter,diameter
0,266.2665934425259,116.86322758970847,16.390989303588867
1,266.2665934425259,116.86322758970847,20.683385848999023
