,area,approx_perimeter,diameter
0,101.1076147733646,73.0894318045407,9.4448881149292
1,101.1076147733646,73.0894318045407,13.630041122436523
