,area,approx_perimeter,diameter
0,112.36076209992983,77.07738170406044,9.943290710449219
1,112.36076209992983,77.07738170406044,14.387808799743652
