,area,approx_perimeter,diameter
0,302.776892120329,124.83347310974821,17.311540603637695
1,302.776892120329,124.83347310974821,22.268815994262695
