,area,approx_perimeter,diameter
0,112.69627372871732,75.75627830312402,10.911234855651855
1,112.69627372871732,75.75627830312402,13.150606155395508
