,area,approx_perimeter,diameter
0,182.47883933598263,96.85359540226814,13.48315715789795
1,182.47883933598263,96.85359540226814,17.231815338134766
