,area,approx_perimeter,diameter
0,197.19337858657664,100.22961088114234,14.412908554077148
1,197.19337858657664,100.22961088114234,17.420106887817383
