,area,approx_perimeter,diameter
0,165.55035050778858,91.4779669481194,13.657187461853027
1,165.55035050778858,91.4779669481194,15.434016227722168
