,area,approx_perimeter,diameter
0,87.49436093173765,68.4635506867198,8.575615882873535
1,87.49436093173765,68.4635506867198,12.990469932556152
