,area,approx_perimeter,diameter
0,108.37227371326624,75.7090679316799,9.759477615356445
1,108.37227371326624,75.7090679316799,14.138447761535645
