,area,approx_perimeter,diameter
0,106.84565886540729,73.28984677195615,11.551401138305664
1,106.84565886540729,73.28984677195615,11.776936531066895
