,area,approx_perimeter,diameter
0,60.28536579208502,56.0310351371899,7.50862979888916
1,60.28536579208502,56.0310351371899,10.222599029541016
