,area,approx_perimeter,diameter
0,116.63704045276208,76.67764799631145,11.667732238769531
1,116.63704045276208,76.67764799631145,12.727999687194824
