,area,approx_perimeter,diameter
0,64.4135434198419,57.02197522953707,8.587504386901855
1,64.4135434198419,57.02197522953707,9.550373077392578
