,area,approx_perimeter,diameter
0,188.20674574426155,98.05271041261909,13.951539993286133
1,188.20674574426155,98.05271041261909,17.176044464111328
