,area,approx_perimeter,diameter
0,170.07174280662554,94.59602325270554,12.3470458984375
1,170.07174280662554,94.59602325270554,17.537965774536133
