,area,approx_perimeter,diameter
0,117.62983297119759,77.17400306720944,11.414729118347168
1,117.62983297119759,77.17400306720944,13.120850563049316
