,area,approx_perimeter,diameter
0,83.16277274015073,64.69212948260783,10.00776481628418
1,83.16277274015073,64.69212948260783,10.580397605895996
