,area,approx_perimeter,diameter
0,47.08194186256998,48.84509291102973,7.193467617034912
1,47.08194186256998,48.84509291102973,8.333476066589355
