,area,approx_perimeter,diameter
0,46.916543718733756,48.82362467971526,7.101064205169678
1,46.916543718733756,48.82362467971526,8.412260055541992
