,area,approx_perimeter,diameter
0,92.7385417657083,68.93479503488783,9.700942993164062
1,92.7385417657083,68.93479503488783,12.171845436096191
