,area,approx_perimeter,diameter
0,178.20680483406665,95.82438328244655,13.241704940795898
1,178.20680483406665,95.82438328244655,17.135251998901367
