,area,approx_perimeter,diameter
0,111.26916666845783,75.09158440046475,11.05622386932373
1,111.26916666845783,75.09158440046475,12.81380558013916
