,area,approx_perimeter,diameter
0,224.22180912531243,111.45264575469963,13.059849739074707
1,224.22180912531243,111.45264575469963,21.859981536865234
