,area,approx_perimeter,diameter
0,118.14708020230596,77.67976688151668,11.06143856048584
1,118.14708020230596,77.67976688151668,13.599454879760742
