,area,approx_perimeter,diameter
0,332.9433651512761,133.87084153250788,16.599950790405273
1,332.9433651512761,133.87084153250788,25.53722381591797
