,area,approx_perimeter,diameter
0,182.36888611654115,95.95739534590162,14.429145812988281
1,182.36888611654115,95.95739534590162,16.092378616333008
