,area,approx_perimeter,diameter
0,207.6829095781064,106.76449330643486,12.732540130615234
1,207.6829095781064,106.76449330643486,20.768054962158203
