,area,approx_perimeter,diameter
0,139.55457680790582,84.45442284276974,11.994489669799805
1,139.55457680790582,84.45442284276974,14.814002990722656
