,area,approx_perimeter,diameter
0,95.4605378809852,69.41467251783618,10.458539962768555
1,95.4605378809852,69.41467251783618,11.621520042419434
