,area,approx_perimeter,diameter
0,109.35629876490373,74.92596424618816,10.477931022644043
1,109.35629876490373,74.92596424618816,13.28857421875
