,area,approx_perimeter,diameter
0,6.2158283555800455,17.806769287427507,2.547290802001953
1,6.2158283555800455,17.806769287427507,3.106923818588257
2,6.2158283555800455,17.806769287427507,5.070018768310547
3,6.2158283555800455,17.806769287427507,10.08499526977539
