,area,approx_perimeter,diameter
0,323.42754395892786,130.23619513981996,17.137821197509766
1,323.42754395892786,130.23619513981996,24.02876853942871
