,area,approx_perimeter,diameter
0,103.16403388035826,72.52164177257472,10.399104118347168
1,103.16403388035826,72.52164177257472,12.631138801574707
