,area,approx_perimeter,diameter
0,289.3454822495955,121.98415264522602,16.959993362426758
1,289.3454822495955,121.98415264522602,21.72206687927246
