,area,approx_perimeter,diameter
0,67.26022351426343,59.09552798307105,7.9843363761901855
1,67.26022351426343,59.09552798307105,10.725797653198242
