,area,approx_perimeter,diameter
0,80.27100299908086,65.35225226383622,8.310206413269043
1,80.27100299908086,65.35225226383622,12.298637390136719
