,area,approx_perimeter,diameter
0,305.9342937934936,125.73619099974698,17.22173500061035
1,305.9342937934936,125.73619099974698,22.61837387084961
