,area,approx_perimeter,diameter
0,404.5554724540152,143.05474982270582,21.26531410217285
1,404.5554724540152,143.05474982270582,24.22235679626465
