,area,approx_perimeter,diameter
0,281.4226795895919,121.81703317369092,15.816709518432617
1,281.4226795895919,121.81703317369092,22.65442657470703
