,area,approx_perimeter,diameter
0,238.48258954509117,110.12691794976043,15.953408241271973
1,238.48258954509117,110.12691794976043,19.033266067504883
