,area,approx_perimeter,diameter
0,319.9719416900086,131.00503524295178,16.366891860961914
1,319.9719416900086,131.00503524295178,24.89177131652832
