,area,approx_perimeter,diameter
0,254.00318469865897,113.80708562948783,16.30546760559082
1,254.00318469865897,113.80708562948783,19.834260940551758
