,area,approx_perimeter,diameter
0,151.88680885412023,88.4893019496158,12.207690238952637
1,151.88680885412023,88.4893019496158,15.841513633728027
