,area,approx_perimeter,diameter
0,194.26302697710565,98.85369187861798,15.379324913024902
1,194.26302697710565,98.85369187861798,16.082849502563477
