,area,approx_perimeter,diameter
0,478.01863249804524,157.86584576182216,21.09197235107422
1,478.01863249804524,157.86584576182216,28.856107711791992
