,area,approx_perimeter,diameter
0,252.73097790442233,115.9084376299627,14.76885986328125
1,252.73097790442233,115.9084376299627,21.7882137298584
