,area,approx_perimeter,diameter
0,74.60268655728541,62.045269034816684,8.535334587097168
1,74.60268655728541,62.045269034816684,11.128689765930176
