,area,approx_perimeter,diameter
0,296.0361968847502,122.11828789831802,18.68817710876465
1,296.0361968847502,122.11828789831802,20.16916847229004
