,area,approx_perimeter,diameter
0,142.66663534416108,85.77292220344341,11.823165893554688
1,142.66663534416108,85.77292220344341,15.36380386352539
