,area,approx_perimeter,diameter
0,186.99402304859063,97.66281147926802,13.975910186767578
1,186.99402304859063,97.66281147926802,17.035612106323242
