,area,approx_perimeter,diameter
0,153.89355532796722,88.02081157595173,13.552725791931152
1,153.89355532796722,88.02081157595173,14.457856178283691
