,area,approx_perimeter,diameter
0,42.27754994269804,46.11982194366496,7.158250331878662
1,42.27754994269804,46.11982194366496,7.519917011260986
