,area,approx_perimeter,diameter
0,167.42241157720284,92.1291811412908,13.537864685058594
1,167.42241157720284,92.1291811412908,15.746119499206543
