,area,approx_perimeter,diameter
0,225.00184359881496,108.04961155123233,14.625897407531738
1,225.00184359881496,108.04961155123233,19.58725929260254
