,area,approx_perimeter,diameter
0,102.69656964556009,72.56932116502207,10.185506820678711
1,102.69656964556009,72.56932116502207,12.837587356567383
