,area,approx_perimeter,diameter
0,274.75237751065634,120.0091355555867,15.810290336608887
1,274.75237751065634,120.0091355555867,22.126449584960938
