,area,approx_perimeter,diameter
0,281.78813654264087,120.11585826165368,16.949609756469727
1,281.78813654264087,120.11585826165368,21.167673110961914
