,area,approx_perimeter,diameter
0,133.35183883568638,82.95713139562467,11.408459663391113
1,133.35183883568638,82.95713139562467,14.882713317871094
