,area,approx_perimeter,diameter
0,30.54415841808449,39.431204483251314,5.688788414001465
1,30.54415841808449,39.431204483251314,6.836258888244629
