,area,approx_perimeter,diameter
0,48.11315972005617,51.16779221729476,6.205283164978027
1,48.11315972005617,51.16779221729476,9.872164726257324
