,area,approx_perimeter,diameter
0,224.34977255564579,106.47302878601754,15.928979873657227
1,224.34977255564579,106.47302878601754,17.93278694152832
