,area,approx_perimeter,diameter
0,82.63028456200361,64.4956208486758,9.937785148620605
1,82.63028456200361,64.4956208486758,10.586679458618164
