,area,approx_perimeter,diameter
0,189.31892234954415,97.73460323542061,14.767247200012207
1,189.31892234954415,97.73460323542061,16.32317352294922
