,area,approx_perimeter,diameter
0,60.1557472892716,55.9541874562231,7.510364055633545
1,60.1557472892716,55.9541874562231,10.198264122009277
