,area,approx_perimeter,diameter
0,40.469647380754765,45.724250153571916,6.26826286315918
1,40.469647380754765,45.724250153571916,8.220388412475586
