,area,approx_perimeter,diameter
0,125.05225755756096,80.05042851746593,11.263492584228516
1,125.05225755756096,80.05042851746593,14.136066436767578
