,area,approx_perimeter,diameter
0,88.20465891561187,67.9546386667783,8.980825424194336
1,88.20465891561187,67.9546386667783,12.505048751831055
