,area,approx_perimeter,diameter
0,111.8677517461554,75.0740736528214,11.474746704101562
1,111.8677517461554,75.0740736528214,12.412861824035645
