,area,approx_perimeter,diameter
0,32.96765606955615,40.71883917791689,6.357520580291748
1,32.96765606955615,40.71883917791689,6.602530479431152
