,area,approx_perimeter,diameter
0,111.11050770476729,74.81662097229335,11.443516731262207
1,111.11050770476729,74.81662097229335,12.362483978271484
