,area,approx_perimeter,diameter
0,236.7403479563744,110.17706974175024,15.468826293945312
1,236.7403479563744,110.17706974175024,19.48610496520996
