,area,approx_perimeter,diameter
0,117.92340589122308,77.10149529856437,11.726840019226074
1,117.92340589122308,77.10149529856437,12.803512573242188
