,area,approx_perimeter,diameter
0,179.39048330203602,95.31366190584934,14.082985877990723
1,179.39048330203602,95.31366190584934,16.218652725219727
