,area,approx_perimeter,diameter
0,219.78939297843144,105.95083267766263,15.085983276367188
1,219.78939297843144,105.95083267766263,18.549970626831055
