,area,approx_perimeter,diameter
0,58.752731202362504,54.48215208014043,8.159339904785156
1,58.752731202362504,54.48215208014043,9.168180465698242
