,area,approx_perimeter,diameter
0,121.13026389583958,79.80442984080497,10.434741973876953
1,121.13026389583958,79.80442984080497,14.78022575378418
