,area,approx_perimeter,diameter
0,150.55413955273679,87.27519060466247,12.963142395019531
1,150.55413955273679,87.27519060466247,14.787424087524414
