,area,approx_perimeter,diameter
0,108.01990910598599,74.8399345016313,10.150185585021973
1,108.01990910598599,74.8399345016313,13.550020217895508
