,area,approx_perimeter,diameter
0,112.98147771220657,75.82013146134308,10.95870590209961
1,112.98147771220657,75.82013146134308,13.126776695251465
