,area,approx_perimeter,diameter
0,127.42242507609103,80.26330746477115,11.96897029876709
1,127.42242507609103,80.26330746477115,13.5549898147583
