,area,approx_perimeter,diameter
0,177.0242471232513,98.14738694224393,11.902909278869629
1,177.0242471232513,98.14738694224393,18.936065673828125
