,area,approx_perimeter,diameter
0,274.38444925712486,124.45785485321986,14.097784996032715
1,274.38444925712486,124.45785485321986,24.780994415283203
