,area,approx_perimeter,diameter
0,44.684802641686325,47.56322839585579,7.038628578186035
1,44.684802641686325,47.56322839585579,8.083173751831055
