,area,approx_perimeter,diameter
0,92.75547801986413,68.31706398456745,10.585763931274414
1,92.75547801986413,68.31706398456745,11.156487464904785
