,area,approx_perimeter,diameter
0,28.86122026361895,38.12053911853735,5.86187219619751
1,28.86122026361895,38.12053911853735,6.268858432769775
