,area,approx_perimeter,diameter
0,84.32770961190882,65.50535512080346,9.46588134765625
1,84.32770961190882,65.50535512080346,11.34277629852295
