,area,approx_perimeter,diameter
0,255.02144159513446,113.53118183463974,16.961149215698242
1,255.02144159513446,113.53118183463974,19.143949508666992
