,area,approx_perimeter,diameter
0,186.5098339211757,98.69607029870448,13.12520694732666
1,186.5098339211757,98.69607029870448,18.092796325683594
