,area,approx_perimeter,diameter
0,289.2467528301046,122.24763493491825,16.753116607666016
1,289.2467528301046,122.24763493491825,21.982799530029297
