,area,approx_perimeter,diameter
0,98.25904540679016,70.86465282625115,10.0656156539917
1,98.25904540679016,70.86465282625115,12.42917537689209
