,area,approx_perimeter,diameter
0,219.50182556074995,105.41531579340422,15.602442741394043
1,219.50182556074995,105.41531579340422,17.912477493286133
