,area,approx_perimeter,diameter
0,239.97528212348146,115.8507629791115,13.341704368591309
1,239.97528212348146,115.8507629791115,22.901573181152344
