,area,approx_perimeter,diameter
0,106.5675213905672,73.56927916622597,10.718518257141113
1,106.5675213905672,73.56927916622597,12.659024238586426
