,area,approx_perimeter,diameter
0,108.59842986218905,75.80377862092752,9.762190818786621
1,108.59842986218905,75.80377862092752,14.16401481628418
