,area,approx_perimeter,diameter
0,88.65527148466124,67.04152029644683,9.851115226745605
1,88.65527148466124,67.04152029644683,11.458539962768555
