,area,approx_perimeter,diameter
0,105.67189630648105,72.8904169025655,11.448604583740234
1,105.67189630648105,72.8904169025655,11.752142906188965
