,area,approx_perimeter,diameter
0,83.3954393110673,64.8545796450444,9.826383590698242
1,83.3954393110673,64.8545796450444,10.8058443069458
