,area,approx_perimeter,diameter
0,127.40092783627829,80.42252350802444,11.739850997924805
1,127.40092783627829,80.42252350802444,13.8172025680542
