,area,approx_perimeter,diameter
0,47.44266640053597,49.21632893678943,7.017035484313965
1,47.44266640053597,49.21632893678943,8.608461380004883
