,area,approx_perimeter,diameter
0,90.51869602277144,67.71113748252858,9.996074676513672
1,90.51869602277144,67.71113748252858,11.52972412109375
