,area,approx_perimeter,diameter
0,32.62649191431503,42.11375995899675,5.11788272857666
1,32.62649191431503,42.11375995899675,8.116899490356445
