,area,approx_perimeter,diameter
0,254.35696165184194,116.78964004198964,14.598042488098145
1,254.35696165184194,116.78964004198964,22.18498420715332
