,area,approx_perimeter,diameter
0,137.70620720556556,83.35555029107675,12.591974258422852
1,137.70620720556556,83.35555029107675,13.924185752868652
