,area,approx_perimeter,diameter
0,473.54178969015555,157.75769270853712,20.648311614990234
1,473.54178969015555,157.75769270853712,29.200069427490234
