,area,approx_perimeter,diameter
0,113.95002255992571,76.3762355565176,10.784147262573242
1,113.95002255992571,76.3762355565176,13.453606605529785
