,area,approx_perimeter,diameter
0,103.80979192746507,72.55714844254315,10.64492416381836
1,103.80979192746507,72.55714844254315,12.416690826416016
