,area,approx_perimeter,diameter
0,323.88869522167755,128.28857830642954,18.649887084960938
1,323.88869522167755,128.28857830642954,22.112085342407227
