,area,approx_perimeter,diameter
0,91.31255869247455,67.95973782007354,10.109383583068848
1,91.31255869247455,67.95973782007354,11.500479698181152
