,area,approx_perimeter,diameter
0,222.7068448157123,107.61201269913501,14.480425834655762
1,222.7068448157123,107.61201269913501,19.582239151000977
