,area,approx_perimeter,diameter
0,104.13206574437456,72.55918745988212,10.818353652954102
1,104.13206574437456,72.55918745988212,12.25556755065918
