,area,approx_perimeter,diameter
0,122.95676206332392,78.6623996816043,12.166143417358398
1,122.95676206332392,78.6623996816043,12.86795711517334
