,area,approx_perimeter,diameter
0,245.02951626839797,114.21166946084074,14.505182266235352
1,245.02951626839797,114.21166946084074,21.508262634277344
