,area,approx_perimeter,diameter
0,89.51726652898839,67.11847716394836,10.38209056854248
1,89.51726652898839,67.11847716394836,10.978224754333496
