,area,approx_perimeter,diameter
0,146.3721089659287,86.38740361509012,12.383355140686035
1,146.3721089659287,86.38740361509012,15.049778938293457
