,area,approx_perimeter,diameter
0,41.809462729521215,46.11499281978441,6.675165176391602
1,41.809462729521215,46.11499281978441,7.974853038787842
