,area,approx_perimeter,diameter
0,150.71798303403685,87.16087863431328,13.26867961883545
1,150.71798303403685,87.16087863431328,14.462636947631836
