,area,approx_perimeter,diameter
0,139.564838426832,83.82055363317923,12.914205551147461
1,139.564838426832,83.82055363317923,13.760000228881836
