,area,approx_perimeter,diameter
0,134.71855542838117,82.78409437764535,11.976375579833984
1,134.71855542838117,82.78409437764535,14.32227897644043
