,area,approx_perimeter,diameter
0,246.06190801761252,113.0747535025038,15.244590759277344
1,246.06190801761252,113.0747535025038,20.551273345947266
