,area,approx_perimeter,diameter
0,98.63318061437973,70.73094447231098,10.368492126464844
1,98.63318061437973,70.73094447231098,12.11204719543457
