,area,approx_perimeter,diameter
0,153.80835069350576,87.99248243237159,13.561746597290039
1,153.80835069350576,87.99248243237159,14.440239906311035
