,area,approx_perimeter,diameter
0,101.31231375534098,71.76012845177858,10.418967247009277
1,101.31231375534098,71.76012845177858,12.380770683288574
