,area,approx_perimeter,diameter
0,47.48359321552959,50.9363835621482,6.127390384674072
1,47.48359321552959,50.9363835621482,9.866841316223145
