,area,approx_perimeter,diameter
0,96.10909677016905,70.07799265009389,9.961332321166992
1,96.10909677016905,70.07799265009389,12.284491539001465
