,area,approx_perimeter,diameter
0,109.59523940360042,74.56473708251957,10.920928001403809
1,109.59523940360042,74.56473708251957,12.777393341064453
