,area,approx_perimeter,diameter
0,122.0328382815956,78.50099332566622,11.792181968688965
1,122.0328382815956,78.50099332566622,13.176275253295898
