,area,approx_perimeter,diameter
0,150.5968206717767,87.15098609785332,13.206939697265625
1,150.5968206717767,87.15098609785332,14.518566131591797
