,area,approx_perimeter,diameter
0,81.37720732489123,64.12840767050645,9.587965965270996
1,81.37720732489123,64.12840767050645,10.806533813476562
