,area,approx_perimeter,diameter
0,145.58170823327987,85.85135548528982,12.703951835632324
1,145.58170823327987,85.85135548528982,14.590765953063965
