,area,approx_perimeter,diameter
0,101.8294590000955,71.7301682085358,10.734794616699219
1,101.8294590000955,71.7301682085358,12.077855110168457
