,area,approx_perimeter,diameter
0,240.95514203031394,110.43660326939548,16.36171531677246
1,240.95514203031394,110.43660326939548,18.750699996948242
