,area,approx_perimeter,diameter
0,226.99049563927326,110.53402413174507,13.7073392868042
1,226.99049563927326,110.53402413174507,21.084564208984375
