,area,approx_perimeter,diameter
0,85.79645138604481,66.2806991673831,9.350866317749023
1,85.79645138604481,66.2806991673831,11.682279586791992
