,area,approx_perimeter,diameter
0,133.43326415810571,82.20697129274942,12.140244483947754
1,133.43326415810571,82.20697129274942,13.994158744812012
