,area,approx_perimeter,diameter
0,117.80267677074777,78.55449717908256,10.367080688476562
1,117.80267677074777,78.55449717908256,14.468009948730469
