,area,approx_perimeter,diameter
0,184.1560877960133,96.38610794447825,14.578018188476562
1,184.1560877960133,96.38610794447825,16.084135055541992
