,area,approx_perimeter,diameter
0,204.98114939911179,101.74418901262776,15.276455879211426
1,204.98114939911179,101.74418901262776,17.0844669342041
