,area,approx_perimeter,diameter
0,48.26531534711663,49.527074594228516,7.1948442459106445
1,48.26531534711663,49.527074594228516,8.541297912597656
