,area,approx_perimeter,diameter
0,113.994647064194,76.38431916543043,10.792173385620117
1,113.994647064194,76.38431916543043,13.44886589050293
