,area,approx_perimeter,diameter
0,117.41341339034695,77.04297263927737,11.494970321655273
1,117.41341339034695,77.04297263927737,13.005288124084473
