,area,approx_perimeter,diameter
0,236.32543169698963,111.28536589904567,14.671365737915039
1,236.32543169698963,111.28536589904567,20.509262084960938
