,area,approx_perimeter,diameter
0,238.2196149821865,111.29695667576533,14.976171493530273
1,238.2196149821865,111.29695667576533,20.25288200378418
