,area,approx_perimeter,diameter
0,137.18199108063624,83.97908331146101,11.68858814239502
1,137.18199108063624,83.97908331146101,14.943253517150879
