,area,approx_perimeter,diameter
0,149.27912084535552,88.84123542746602,11.461440086364746
1,149.27912084535552,88.84123542746602,16.583263397216797
