,area,approx_perimeter,diameter
0,234.7717201187345,111.39140592905994,14.384077072143555
1,234.7717201187345,111.39140592905994,20.781356811523438
