,area,approx_perimeter,diameter
0,109.99641480296036,75.22207640473196,10.449016571044922
1,109.99641480296036,75.22207640473196,13.403346061706543
