,area,approx_perimeter,diameter
0,61.18842982100949,55.67241639715425,8.215988159179688
1,61.18842982100949,55.67241639715425,9.482429504394531
