,area,approx_perimeter,diameter
0,135.2594596177118,83.40340662514542,11.595098495483398
1,135.2594596177118,83.40340662514542,14.852628707885742
