,area,approx_perimeter,diameter
0,276.0838839648018,121.37961205887991,15.333121299743652
1,276.0838839648018,121.37961205887991,22.925594329833984
