,area,approx_perimeter,diameter
0,41.79738317048481,49.14461102622538,5.351153373718262
1,41.79738317048481,49.14461102622538,9.945160865783691
