,area,approx_perimeter,diameter
0,231.3324191087167,108.54691160992184,15.623703002929688
1,231.3324191087167,108.54691160992184,18.85222625732422
