,area,approx_perimeter,diameter
0,196.94724368353565,100.35891712915141,14.221988677978516
1,196.94724368353565,100.35891712915141,17.63192367553711
