,area,approx_perimeter,diameter
0,216.4552762752022,104.97747595765217,15.134820938110352
1,216.4552762752022,104.97747595765217,18.209625244140625
