,area,approx_perimeter,diameter
0,102.40356131315265,72.42941533464855,10.201032638549805
1,102.40356131315265,72.42941533464855,12.781476974487305
