,area,approx_perimeter,diameter
0,19.107629327010372,31.126451386319697,4.570157527923584
1,19.107629327010372,31.126451386319697,5.32335901260376
