,area,approx_perimeter,diameter
0,299.95477504026206,122.83611986309232,19.109912872314453
1,299.95477504026206,122.83611986309232,19.985139846801758
