,area,approx_perimeter,diameter
0,203.10888777915022,102.27228989567281,14.157276153564453
1,203.10888777915022,102.27228989567281,18.26666831970215
