,area,approx_perimeter,diameter
0,43.814977631530404,47.15066299010804,6.899936676025391
1,43.814977631530404,47.15066299010804,8.0851411819458
