,area,approx_perimeter,diameter
0,188.27499074114672,97.32633650284451,15.104697227478027
1,188.27499074114672,97.32633650284451,15.870504379272461
