,area,approx_perimeter,diameter
0,129.6024107414678,83.22617389189718,10.47862720489502
1,129.6024107414678,83.22617389189718,15.747760772705078
