,area,approx_perimeter,diameter
0,207.48791285872176,103.12916890094482,14.495296478271484
1,207.48791285872176,103.12916890094482,18.2253475189209
