,area,approx_perimeter,diameter
0,77.86659163120989,63.0157334203247,9.024584770202637
1,77.86659163120989,63.0157334203247,10.985859870910645
