,area,approx_perimeter,diameter
0,174.35593852969663,93.66020308944324,14.53324031829834
1,174.35593852969663,93.66020308944324,15.27511215209961
