,area,approx_perimeter,diameter
0,273.93231530936254,121.18210936880837,15.15689468383789
1,273.93231530936254,121.18210936880837,23.01140594482422
