,area,approx_perimeter,diameter
0,292.6005121194492,121.30913120761397,18.933053970336914
1,292.6005121194492,121.30913120761397,19.677255630493164
