,area,approx_perimeter,diameter
0,247.00428359829235,112.76929168489912,15.622797012329102
1,247.00428359829235,112.76929168489912,20.130558013916016
