,area,approx_perimeter,diameter
0,298.19032860015693,123.68182921743603,17.33664321899414
1,298.19032860015693,123.68182921743603,21.89972496032715
