,area,approx_perimeter,diameter
0,286.8527755446443,121.01745230207281,17.255970001220703
1,286.8527755446443,121.01745230207281,21.16556167602539
