,area,approx_perimeter,diameter
0,134.20297873583246,82.91069974433748,11.682470321655273
1,134.20297873583246,82.91069974433748,14.626404762268066
