,area,approx_perimeter,diameter
0,154.69917428492258,90.07150850973055,11.85250473022461
1,154.69917428492258,90.07150850973055,16.61835289001465
