,area,approx_perimeter,diameter
0,70.5560074823668,59.57627365422475,9.263143539428711
1,70.5560074823668,59.57627365422475,9.698079109191895
