,area,approx_perimeter,diameter
0,57.64176875689521,53.92675286122098,8.152331352233887
1,57.64176875689521,53.92675286122098,9.002551078796387
