,area,approx_perimeter,diameter
0,118.4188554784028,77.43254161472922,11.452746391296387
1,118.4188554784028,77.43254161472922,13.165014266967773
