,area,approx_perimeter,diameter
0,77.08834023257745,62.78101142165617,8.903790473937988
1,77.08834023257745,62.78101142165617,11.023611068725586
