,area,approx_perimeter,diameter
0,157.71632841476193,89.84781424967464,12.692904472351074
1,157.71632841476193,89.84781424967464,15.82070255279541
