,area,approx_perimeter,diameter
0,158.1891600006704,89.22934534657138,13.778694152832031
1,158.1891600006704,89.22934534657138,14.617691040039062
