,area,approx_perimeter,diameter
0,236.47121643220615,109.26251657576215,16.440433502197266
1,236.47121643220615,109.26251657576215,18.31365966796875
