,area,approx_perimeter,diameter
0,151.43210561483733,87.46818461714612,13.099042892456055
1,151.43210561483733,87.46818461714612,14.719346046447754
