,area,approx_perimeter,diameter
0,43.467519144614755,46.74379834165083,7.405866622924805
1,43.467519144614755,46.74379834165083,7.4730706214904785
