,area,approx_perimeter,diameter
0,106.3488886687446,75.19728164230852,9.576545715332031
1,106.3488886687446,75.19728164230852,14.139504432678223
