,area,approx_perimeter,diameter
0,134.58064974139577,82.5337229675705,12.229236602783203
1,134.58064974139577,82.5337229675705,14.0117826461792
