,area,approx_perimeter,diameter
0,318.71419342735925,127.29222255213395,18.46353530883789
1,318.71419342735925,127.29222255213395,21.978429794311523
