,area,approx_perimeter,diameter
0,100.55605390504053,72.25299764835736,9.765007972717285
1,100.55605390504053,72.25299764835736,13.111299514770508
