,area,approx_perimeter,diameter
0,129.42595117802156,81.34117840369784,11.542686462402344
1,129.42595117802156,81.34117840369784,14.276593208312988
