,area,approx_perimeter,diameter
0,120.765312220491,78.09540401181268,11.725090980529785
1,120.765312220491,78.09540401181268,13.114027976989746
