,area,approx_perimeter,diameter
0,297.09141937914836,124.05564909430184,16.87167739868164
1,297.09141937914836,124.05564909430184,22.42032814025879
