,area,approx_perimeter,diameter
0,58.11106461114589,54.42339331299076,7.810678005218506
1,58.11106461114589,54.42339331299076,9.472840309143066
