,area,approx_perimeter,diameter
0,91.69804279016238,68.07216569757011,10.180329322814941
1,91.69804279016238,68.07216569757011,11.468545913696289
