,area,approx_perimeter,diameter
0,207.3478150601704,102.50689388862097,15.092936515808105
1,207.3478150601704,102.50689388862097,17.491853713989258
