,area,approx_perimeter,diameter
0,170.99368609345834,93.32846198493365,13.426989555358887
1,170.99368609345834,93.32846198493365,16.214797973632812
