,area,approx_perimeter,diameter
0,261.96767552114756,116.51996386140779,15.824850082397461
1,261.96767552114756,116.51996386140779,21.077457427978516
