,area,approx_perimeter,diameter
0,131.71513698053167,82.51579544428111,11.29067325592041
1,131.71513698053167,82.51579544428111,14.853403091430664
