,area,approx_perimeter,diameter
0,109.4810316651054,74.22074524617159,11.503026962280273
1,109.4810316651054,74.22074524617159,12.118165016174316
