,area,approx_perimeter,diameter
0,114.15930987993835,75.92408804108062,11.40951156616211
1,114.15930987993835,75.92408804108062,12.739559173583984
