,area,approx_perimeter,diameter
0,339.1252755620355,130.69075337234386,20.038007736206055
1,339.1252755620355,130.69075337234386,21.54843521118164
