,area,approx_perimeter,diameter
0,89.4600558873148,67.61168514136264,9.609481811523438
1,89.4600558873148,67.61168514136264,11.853301048278809
