,area,approx_perimeter,diameter
0,155.57004737821967,89.86339929325612,12.150054931640625
1,155.57004737821967,89.86339929325612,16.302637100219727
