,area,approx_perimeter,diameter
0,73.2744956587811,60.967389424696044,8.932661056518555
1,73.2744956587811,60.967389424696044,10.444366455078125
