,area,approx_perimeter,diameter
0,314.1504591724291,125.81410758258099,19.212053298950195
1,314.1504591724291,125.81410758258099,20.819679260253906
