,area,approx_perimeter,diameter
0,196.61729429987372,101.92347637815278,13.170827865600586
1,196.61729429987372,101.92347637815278,19.007226943969727
