,area,approx_perimeter,diameter
0,238.54366024138366,110.58038012259588,15.540380477905273
1,238.54366024138366,110.58038012259588,19.544130325317383
