,area,approx_perimeter,diameter
0,104.37235531074663,73.02306416694019,10.385660171508789
1,104.37235531074663,73.02306416694019,12.795624732971191
