,area,approx_perimeter,diameter
0,112.99462716009387,75.84509770010433,10.93753719329834
1,112.99462716009387,75.84509770010433,13.15371322631836
