,area,approx_perimeter,diameter
0,147.95251575426147,89.54289293469981,10.949431419372559
1,147.95251575426147,89.54289293469981,17.20445442199707
