,area,approx_perimeter,diameter
0,103.17211016596369,72.02684009606317,11.285046577453613
1,103.17211016596369,72.02684009606317,11.64043140411377
