,area,approx_perimeter,diameter
0,43.570493437568814,47.204955911269856,6.688318729400635
1,43.570493437568814,47.204955911269856,8.294412612915039
