,area,approx_perimeter,diameter
0,260.69121030382485,115.41274655653764,16.407974243164062
1,260.69121030382485,115.41274655653764,20.229331970214844
