,area,approx_perimeter,diameter
0,182.1632751196235,96.2585028170378,13.932409286499023
1,182.1632751196235,96.2585028170378,16.647335052490234
