,area,approx_perimeter,diameter
0,77.2240350101253,63.99470505567768,8.198543548583984
1,77.2240350101253,63.99470505567768,11.99294662475586
