,area,approx_perimeter,diameter
0,196.36877463618364,102.84981950922945,12.732889175415039
1,196.36877463618364,102.84981950922945,19.63611602783203
