,area,approx_perimeter,diameter
0,99.29202954999319,70.66933926474712,11.013945579528809
1,99.29202954999319,70.66933926474712,11.478405952453613
