,area,approx_perimeter,diameter
0,271.7737521214501,117.36179633325705,17.27229118347168
1,271.7737521214501,117.36179633325705,20.034000396728516
