,area,approx_perimeter,diameter
0,69.92861745728398,59.55556296284529,8.730880737304688
1,69.92861745728398,59.55556296284529,10.1978120803833
