,area,approx_perimeter,diameter
0,95.12470902648757,69.27878137085182,10.466935157775879
1,95.12470902648757,69.27878137085182,11.5713472366333
