,area,approx_perimeter,diameter
0,72.0191200243027,60.93310302382054,8.406290054321289
1,72.0191200243027,60.93310302382054,10.908211708068848
