,area,approx_perimeter,diameter
0,245.15223591064364,111.13105609451833,17.000120162963867
1,245.15223591064364,111.13105609451833,18.36090087890625
