,area,approx_perimeter,diameter
0,110.7572143280658,75.31669461339784,10.61659049987793
1,110.7572143280658,75.31669461339784,13.283027648925781
