,area,approx_perimeter,diameter
0,137.9813481383498,85.9935514719114,10.76218318939209
1,137.9813481383498,85.9935514719114,16.324132919311523
