,area,approx_perimeter,diameter
0,121.04970205360405,79.00272534807718,10.894390106201172
1,121.04970205360405,79.00272534807718,14.14721393585205
