,area,approx_perimeter,diameter
0,221.3442776122119,106.25421011429525,15.206287384033203
1,221.3442776122119,106.25421011429525,18.533405303955078
