,area,approx_perimeter,diameter
0,116.64725885972476,76.67128587000973,11.69150447845459
1,116.64725885972476,76.67128587000973,12.703232765197754
