,area,approx_perimeter,diameter
0,120.61453859355925,77.88969912844202,12.133399963378906
1,120.61453859355925,77.88969912844202,12.65689754486084
