,area,approx_perimeter,diameter
0,43.885497661160194,47.05113659480712,7.119128704071045
1,43.885497661160194,47.05113659480712,7.848818778991699
