,area,approx_perimeter,diameter
0,145.27660858724,85.72812027300748,12.73958969116211
1,145.27660858724,85.72812027300748,14.51945686340332
