,area,approx_perimeter,diameter
0,55.782801046633,53.13370703892211,7.876932621002197
1,55.782801046633,53.13370703892211,9.016818046569824
