,area,approx_perimeter,diameter
0,247.54388923331868,111.98285275937457,16.51828956604004
1,247.54388923331868,111.98285275937457,19.080829620361328
