,area,approx_perimeter,diameter
0,150.46242855308267,87.08232904854395,13.268444061279297
1,150.46242855308267,87.08232904854395,14.438370704650879
