,area,approx_perimeter,diameter
0,105.62054832118851,73.72600952047407,10.227577209472656
1,105.62054832118851,73.72600952047407,13.148789405822754
