,area,approx_perimeter,diameter
0,30.034430239771645,39.47752036882425,5.343094825744629
1,30.034430239771645,39.47752036882425,7.157092571258545
