,area,approx_perimeter,diameter
0,132.24022733905989,81.81890302384083,12.113774299621582
1,132.24022733905989,81.81890302384083,13.899341583251953
