,area,approx_perimeter,diameter
0,88.7375345694632,66.98947110411751,9.973864555358887
1,88.7375345694632,66.98947110411751,11.328020095825195
