,area,approx_perimeter,diameter
0,190.05854906328986,98.18618203955519,14.390393257141113
1,190.05854906328986,98.18618203955519,16.816083908081055
