,area,approx_perimeter,diameter
0,125.033225964733,79.83522393113685,11.452337265014648
1,125.033225964733,79.83522393113685,13.90085220336914
