,area,approx_perimeter,diameter
0,123.30492224779596,78.99769768726568,11.70994758605957
1,123.30492224779596,78.99769768726568,13.407122611999512
