,area,approx_perimeter,diameter
0,124.0909146181638,78.99195402090707,12.376757621765137
1,124.0909146181638,78.99195402090707,12.765658378601074
