,area,approx_perimeter,diameter
0,265.41520673345923,117.73658394611098,15.657418251037598
1,265.41520673345923,117.73658394611098,21.58319664001465
