,area,approx_perimeter,diameter
0,216.7993860460954,105.83446285615511,14.505437850952148
1,216.7993860460954,105.83446285615511,19.029935836791992
