,area,approx_perimeter,diameter
0,77.72408186749264,62.62711113381983,9.452388763427734
1,77.72408186749264,62.62711113381983,10.469456672668457
