,area,approx_perimeter,diameter
0,315.2209893114607,126.50094301358425,18.46828842163086
1,315.2209893114607,126.50094301358425,21.731945037841797
