,area,approx_perimeter,diameter
0,391.46324227853745,140.62811816291136,21.068923950195312
1,391.46324227853745,140.62811816291136,23.656949996948242
