,area,approx_perimeter,diameter
0,69.49613491108998,59.449211045698206,8.611934661865234
1,69.49613491108998,59.449211045698206,10.274721145629883
