,area,approx_perimeter,diameter
0,130.3958298086988,80.99136480132977,12.592381477355957
1,130.3958298086988,80.99136480132977,13.184569358825684
