,area,approx_perimeter,diameter
0,53.378188761459796,53.7307312675527,6.596784591674805
1,53.378188761459796,53.7307312675527,10.30247688293457
