,area,approx_perimeter,diameter
0,136.48872121948165,84.02656908883944,11.474154472351074
1,136.48872121948165,84.02656908883944,15.145589828491211
