,area,approx_perimeter,diameter
0,198.10858584296383,100.09661501548311,14.897234916687012
1,198.10858584296383,100.09661501548311,16.93198013305664
