,area,approx_perimeter,diameter
0,341.4031122669458,134.3592460056915,17.330219268798828
1,341.4031122669458,134.3592460056915,25.082656860351562
