,area,approx_perimeter,diameter
0,88.33070532984239,66.75130332231763,10.101838111877441
1,88.33070532984239,66.75130332231763,11.133235931396484
