,area,approx_perimeter,diameter
0,189.43611890607974,98.23090551979719,14.134227752685547
1,189.43611890607974,98.23090551979719,17.06478500366211
