,area,approx_perimeter,diameter
0,157.30758012531572,90.16119393485668,12.34936237335205
1,157.30758012531572,90.16119393485668,16.218669891357422
