,area,approx_perimeter,diameter
0,192.28469646834054,98.51744970884674,14.842702865600586
1,192.28469646834054,98.51744970884674,16.49460220336914
