,area,approx_perimeter,diameter
0,171.014258773263,95.81133577510623,11.95019245147705
1,171.014258773263,95.81133577510623,18.22080421447754
