,area,approx_perimeter,diameter
0,116.85915469360961,76.6769203614793,11.9005708694458
1,116.85915469360961,76.6769203614793,12.50273609161377
