,area,approx_perimeter,diameter
0,366.2110230881139,139.35734996077943,17.854150772094727
1,366.2110230881139,139.35734996077943,26.115739822387695
