,area,approx_perimeter,diameter
0,260.20487210958976,119.93209646456182,14.110658645629883
1,260.20487210958976,119.93209646456182,23.478927612304688
