,area,approx_perimeter,diameter
0,5.8596831258981235,18.448277683871588,1.9918878078460693
1,5.8596831258981235,18.448277683871588,3.7455825805664062
2,5.8596831258981235,18.448277683871588,6.5374321937561035
3,5.8596831258981235,18.448277683871588,8.08712100982666
