,area,approx_perimeter,diameter
0,121.3388287531409,79.77339140253645,10.495589256286621
1,121.3388287531409,79.77339140253645,14.719840049743652
