,area,approx_perimeter,diameter
0,147.95850719222605,87.02259076693579,12.295220375061035
1,147.95850719222605,87.02259076693579,15.321939468383789
