,area,approx_perimeter,diameter
0,151.28071356758588,87.48439869826983,12.99609661102295
1,151.28071356758588,87.48439869826983,14.821110725402832
