,area,approx_perimeter,diameter
0,220.84633472024174,106.68183136739995,14.7354154586792
1,220.84633472024174,106.68183136739995,19.082616806030273
