,area,approx_perimeter,diameter
0,108.3007188458181,74.85865318990906,10.214234352111816
1,108.3007188458181,74.85865318990906,13.5000581741333
