,area,approx_perimeter,diameter
0,335.65643119705834,131.57545829193657,18.12685775756836
1,335.65643119705834,131.57545829193657,23.576675415039062
