,area,approx_perimeter,diameter
0,250.84523401262575,114.33590640989324,15.292241096496582
1,250.84523401262575,114.33590640989324,20.885498046875
