,area,approx_perimeter,diameter
0,181.8916149721537,96.26587191046221,13.838778495788574
1,181.8916149721537,96.26587191046221,16.734973907470703
