,area,approx_perimeter,diameter
0,206.69260113848205,102.92710864473517,14.470979690551758
1,206.69260113848205,102.92710864473517,18.185997009277344
