,area,approx_perimeter,diameter
0,217.1449118358143,105.1118312395202,15.193617820739746
1,217.1449118358143,105.1118312395202,18.196949005126953
