,area,approx_perimeter,diameter
0,487.802731534534,160.68649922708948,20.676219940185547
1,487.802731534534,160.68649922708948,30.038843154907227
