,area,approx_perimeter,diameter
0,134.93628201357737,82.54998912100928,12.394529342651367
1,134.93628201357737,82.54998912100928,13.861454963684082
