,area,approx_perimeter,diameter
0,276.22596062252205,119.35211961714053,16.449739456176758
1,276.22596062252205,119.35211961714053,21.380388259887695
