,area,approx_perimeter,diameter
0,98.52735888674717,70.77312335449014,10.267838478088379
1,98.52735888674717,70.77312335449014,12.217657089233398
