,area,approx_perimeter,diameter
0,123.7435620661122,79.21234699306306,11.628990173339844
1,123.7435620661122,79.21234699306306,13.548484802246094
