,area,approx_perimeter,diameter
0,250.72570322267143,113.23577896425937,16.04591941833496
1,250.72570322267143,113.23577896425937,19.89501953125
