,area,approx_perimeter,diameter
0,107.69218956856683,73.60650359278014,11.430895805358887
1,107.69218956856683,73.60650359278014,11.995381355285645
