,area,approx_perimeter,diameter
0,213.11829863931794,103.5616725438174,16.019237518310547
1,213.11829863931794,103.5616725438174,16.939048767089844
