,area,approx_perimeter,diameter
0,72.64793052914062,60.67218176232378,8.938538551330566
1,72.64793052914062,60.67218176232378,10.348248481750488
