,area,approx_perimeter,diameter
0,136.3154590167726,82.91224411882698,12.572638511657715
1,136.3154590167726,82.91224411882698,13.804758071899414
