,area,approx_perimeter,diameter
0,298.4973917856197,126.08309861669234,15.998823165893555
1,298.4973917856197,126.08309861669234,23.755414962768555
