,area,approx_perimeter,diameter
0,165.52169847469568,92.80679114658838,12.463357925415039
1,165.52169847469568,92.80679114658838,16.909469604492188
