,area,approx_perimeter,diameter
0,58.750329684156775,54.4925937848747,8.139753341674805
1,58.750329684156775,54.4925937848747,9.189866065979004
