,area,approx_perimeter,diameter
0,95.72571543442471,69.5809105342989,10.353431701660156
1,95.72571543442471,69.5809105342989,11.772112846374512
