,area,approx_perimeter,diameter
0,145.43053548075295,86.03915493256379,12.414785385131836
1,145.43053548075295,86.03915493256379,14.915111541748047
