,area,approx_perimeter,diameter
0,81.65299672126088,64.13206523442237,9.822430610656738
1,81.65299672126088,64.13206523442237,10.584327697753906
