,area,approx_perimeter,diameter
0,203.38863482789196,101.63110260306983,14.813350677490234
1,203.38863482789196,101.63110260306983,17.481693267822266
