,area,approx_perimeter,diameter
0,232.52834636610442,108.91968393239985,15.572051048278809
1,232.52834636610442,108.91968393239985,19.012542724609375
