,area,approx_perimeter,diameter
0,299.4355612665643,123.29599287380705,17.99615478515625
1,299.4355612665643,123.29599287380705,21.185258865356445
