,area,approx_perimeter,diameter
0,110.0987529048595,74.7090325827969,10.980193138122559
1,110.0987529048595,74.7090325827969,12.766814231872559
