,area,approx_perimeter,diameter
0,263.75398129054724,115.3402786764025,17.468446731567383
1,263.75398129054724,115.3402786764025,19.224491119384766
