,area,approx_perimeter,diameter
0,134.900691855363,83.1494860843761,11.693107604980469
1,134.900691855363,83.1494860843761,14.689071655273438
