,area,approx_perimeter,diameter
0,130.30635811769662,83.26578719145257,10.587813377380371
1,130.30635811769662,83.26578719145257,15.670016288757324
