,area,approx_perimeter,diameter
0,105.65677904320923,73.5199697387531,10.405510902404785
1,105.65677904320923,73.5199697387531,12.92837905883789
