,area,approx_perimeter,diameter
0,111.11288739835322,75.89433498674585,10.300524711608887
1,111.11288739835322,75.89433498674585,13.734574317932129
