,area,approx_perimeter,diameter
0,314.2468152890653,128.5682761938599,16.792274475097656
1,314.2468152890653,128.5682761938599,23.827116012573242
