,area,approx_perimeter,diameter
0,200.95990273779458,103.12373840138892,13.276971817016602
1,200.95990273779458,103.12373840138892,19.27172088623047
