,area,approx_perimeter,diameter
0,122.57629300083603,79.47278743642109,10.981916427612305
1,122.57629300083603,79.47278743642109,14.21145248413086
