,area,approx_perimeter,diameter
0,180.45739135463745,97.96865119517825,12.46822738647461
1,180.45739135463745,97.96865119517825,18.42807960510254
