,area,approx_perimeter,diameter
0,331.18636783722843,130.35965381172485,18.259105682373047
1,331.18636783722843,130.35965381172485,23.094207763671875
