,area,approx_perimeter,diameter
0,454.751147100425,155.22040253108665,19.92923927307129
1,454.751147100425,155.22040253108665,29.05314826965332
