,area,approx_perimeter,diameter
0,99.12843663407801,71.61264591006312,9.77603530883789
1,99.12843663407801,71.61264591006312,12.910575866699219
