,area,approx_perimeter,diameter
0,143.65420072581753,86.23034046802762,11.754085540771484
1,143.65420072581753,86.23034046802762,15.561075210571289
