,area,approx_perimeter,diameter
0,209.38263713511313,102.76132421535458,15.575281143188477
1,209.38263713511313,102.76132421535458,17.116497039794922
