,area,approx_perimeter,diameter
0,174.11221562555153,93.89751704588154,13.879101753234863
1,174.11221562555153,93.89751704588154,15.972687721252441
