,area,approx_perimeter,diameter
0,113.18629043090412,75.43342440200902,11.886347770690918
1,113.18629043090412,75.43342440200902,12.124267578125
