,area,approx_perimeter,diameter
0,157.24209053409353,88.96727932022633,13.718859672546387
1,157.24209053409353,88.96727932022633,14.593548774719238
