,area,approx_perimeter,diameter
0,167.2487212204623,92.9368631639655,12.753813743591309
1,167.2487212204623,92.9368631639655,16.69678497314453
