,area,approx_perimeter,diameter
0,129.32792104868676,81.80842758475886,11.158673286437988
1,129.32792104868676,81.80842758475886,14.756720542907715
