,area,approx_perimeter,diameter
0,157.2022665328062,89.24928280004885,13.149479866027832
1,157.2022665328062,89.24928280004885,15.221601486206055
