,area,approx_perimeter,diameter
0,138.10851826531746,84.21942290326335,11.76108455657959
1,138.10851826531746,84.21942290326335,14.951446533203125
