,area,approx_perimeter,diameter
0,251.7103317728599,113.29727629920187,16.226791381835938
1,251.7103317728599,113.29727629920187,19.750518798828125
