,area,approx_perimeter,diameter
0,99.28228931114955,70.72433309969257,10.811952590942383
1,99.28228931114955,70.72433309969257,11.691702842712402
