,area,approx_perimeter,diameter
0,118.02515393895841,77.66493018348214,11.032599449157715
1,118.02515393895841,77.66493018348214,13.620932579040527
