,area,approx_perimeter,diameter
0,113.60687458244222,75.61149994574863,11.697929382324219
1,113.60687458244222,75.61149994574863,12.365330696105957
