,area,approx_perimeter,diameter
0,150.73479229018412,87.61133352950918,12.621183395385742
1,150.73479229018412,87.61133352950918,15.206299781799316
