,area,approx_perimeter,diameter
0,260.6623150809256,115.33038791482156,16.477985382080078
1,260.6623150809256,115.33038791482156,20.141149520874023
