,area,approx_perimeter,diameter
0,232.64807580882777,109.16075626080635,15.384359359741211
1,232.64807580882777,109.16075626080635,19.25440788269043
