,area,approx_perimeter,diameter
0,101.46877206043096,72.33305205764172,9.973180770874023
1,101.46877206043096,72.33305205764172,12.954147338867188
