,area,approx_perimeter,diameter
0,112.38064924507353,76.32305009786238,10.361050605773926
1,112.38064924507353,76.32305009786238,13.81013298034668
