,area,approx_perimeter,diameter
0,207.28776254534927,102.48129349352529,15.105220794677734
1,207.28776254534927,102.48129349352529,17.472566604614258
