,area,approx_perimeter,diameter
0,213.83581409649395,104.28051504509749,15.107133865356445
1,213.83581409649395,104.28051504509749,18.022228240966797
