,area,approx_perimeter,diameter
0,310.00599759956344,128.91552496630902,16.123628616333008
1,310.00599759956344,128.91552496630902,24.48033905029297
