,area,approx_perimeter,diameter
0,135.02343051055493,82.80944694991285,12.066947937011719
1,135.02343051055493,82.80944694991285,14.246947288513184
