,area,approx_perimeter,diameter
0,250.13101704008207,113.51634567867889,15.695363998413086
1,250.13101704008207,113.51634567867889,20.2911319732666
