,area,approx_perimeter,diameter
0,482.87356946137135,156.0099596195209,23.752838134765625
1,482.87356946137135,156.0099596195209,25.883800506591797
