,area,approx_perimeter,diameter
0,93.47175120546952,69.13432205973304,9.801619529724121
1,93.47175120546952,69.13432205973304,12.142067909240723
