,area,approx_perimeter,diameter
0,400.6673064351539,142.66175605339404,20.77117919921875
1,400.6673064351539,142.66175605339404,24.56025505065918
