,area,approx_perimeter,diameter
0,175.5703946711411,93.99754061812115,14.538029670715332
1,175.5703946711411,93.99754061812115,15.376441955566406
