,area,approx_perimeter,diameter
0,81.08334404416748,63.95884543118395,9.66919231414795
1,81.08334404416748,63.95884543118395,10.677057266235352
