,area,approx_perimeter,diameter
0,237.5249784699404,111.23165945244901,14.896536827087402
1,237.5249784699404,111.23165945244901,20.30177879333496
