,area,approx_perimeter,diameter
0,62.32874384341279,56.35516337126509,8.09785270690918
1,62.32874384341279,56.35516337126509,9.800057411193848
