,area,approx_perimeter,diameter
0,82.49754540368343,64.66166749726274,9.51559829711914
1,82.49754540368343,64.66166749726274,11.038626670837402
