,area,approx_perimeter,diameter
0,204.19419280445226,101.6019204105626,15.156721115112305
1,204.19419280445226,101.6019204105626,17.153322219848633
