,area,approx_perimeter,diameter
0,67.1506066573892,58.94553033028653,8.042984008789062
1,67.1506066573892,58.94553033028653,10.630234718322754
