,area,approx_perimeter,diameter
0,112.49104702260625,75.34549632365426,11.366948127746582
1,112.49104702260625,75.34549632365426,12.600396156311035
