,area,approx_perimeter,diameter
0,88.51724727695682,67.12839686479631,9.681672096252441
1,88.51724727695682,67.12839686479631,11.640929222106934
