,area,approx_perimeter,diameter
0,52.04835878602779,51.258871781263906,7.716729164123535
1,52.04835878602779,51.258871781263906,8.587839126586914
