,area,approx_perimeter,diameter
0,232.525580222432,109.49133534789198,15.102130889892578
1,232.525580222432,109.49133534789198,19.603906631469727
