,area,approx_perimeter,diameter
0,145.61077496171936,86.33488784831354,12.192566871643066
1,145.61077496171936,86.33488784831354,15.205772399902344
