,area,approx_perimeter,diameter
0,410.8840768539795,146.45080514909213,19.50343132019043
1,410.8840768539795,146.45080514909213,26.82368278503418
