,area,approx_perimeter,diameter
0,107.02545313030438,74.19861289313873,10.307427406311035
1,107.02545313030438,74.19861289313873,13.220470428466797
