,area,approx_perimeter,diameter
0,49.324946339448935,50.00855149284103,7.345056056976318
1,49.324946339448935,50.00855149284103,8.550305366516113
