,area,approx_perimeter,diameter
0,223.5192494143733,107.19939645572227,14.917757987976074
1,223.5192494143733,107.19939645572227,19.07750129699707
