,area,approx_perimeter,diameter
0,177.6573056448441,97.03967348868343,12.446532249450684
1,177.6573056448441,97.03967348868343,18.17376136779785
