,area,approx_perimeter,diameter
0,95.5735399512343,69.783434206293,10.028521537780762
1,95.5735399512343,69.783434206293,12.13419246673584
