,area,approx_perimeter,diameter
0,38.53479793798273,45.58914410887463,5.629502296447754
1,38.53479793798273,45.58914410887463,8.7155179977417
