,area,approx_perimeter,diameter
0,60.684249821150914,55.40305129556904,8.239514350891113
1,60.684249821150914,55.40305129556904,9.37744426727295
