,area,approx_perimeter,diameter
0,45.46756392131984,48.70083534413164,6.497241973876953
1,45.46756392131984,48.70083534413164,8.910103797912598
