,area,approx_perimeter,diameter
0,69.80557550779147,59.26271884410922,9.19590950012207
1,69.80557550779147,59.26271884410922,9.665081977844238
