,area,approx_perimeter,diameter
0,227.4521001664861,107.35370858713371,15.818086624145508
1,227.4521001664861,107.35370858713371,18.30821990966797
