,area,approx_perimeter,diameter
0,285.34651976920526,120.9106908808685,17.023466110229492
1,285.34651976920526,120.9106908808685,21.34197998046875
