,area,approx_perimeter,diameter
0,77.88219966106197,63.03670029867771,9.011290550231934
1,77.88219966106197,63.03670029867771,11.0042724609375
