,area,approx_perimeter,diameter
0,250.7057651506107,113.22006852690485,16.05524253845215
1,250.7057651506107,113.22006852690485,19.881885528564453
