,area,approx_perimeter,diameter
0,134.09391763269832,83.65479393628736,11.146827697753906
1,134.09391763269832,83.65479393628736,15.316795349121094
