,area,approx_perimeter,diameter
0,404.62787411706654,144.45396892354483,19.908369064331055
1,404.62787411706654,144.45396892354483,25.877971649169922
