,area,approx_perimeter,diameter
0,52.22995583575383,51.66380534496791,7.340425968170166
1,52.22995583575383,51.66380534496791,9.059589385986328
