,area,approx_perimeter,diameter
0,131.0984683663815,84.75965875431176,10.138459205627441
1,131.0984683663815,84.75965875431176,16.46401596069336
