,area,approx_perimeter,diameter
0,118.46540690950677,77.49037070470435,11.396764755249023
1,118.46540690950677,77.49037070470435,13.234882354736328
