,area,approx_perimeter,diameter
0,136.151823916451,83.16924107520562,12.10037899017334
1,136.151823916451,83.16924107520562,14.326318740844727
