,area,approx_perimeter,diameter
0,56.65489873584691,55.021993074592686,6.930064678192139
1,56.65489873584691,55.021993074592686,10.40903091430664
