,area,approx_perimeter,diameter
0,232.35478824789502,108.9418611874409,15.507059097290039
1,232.35478824789502,108.9418611874409,19.07797622680664
