,area,approx_perimeter,diameter
0,85.50042738975431,66.5787938741811,9.033281326293945
1,85.50042738975431,66.5787938741811,12.051271438598633
