,area,approx_perimeter,diameter
0,291.42836961699487,121.37979833115386,18.10700035095215
1,291.42836961699487,121.37979833115386,20.492523193359375
