,area,approx_perimeter,diameter
0,181.56284145819714,97.49408132377475,12.886032104492188
1,181.56284145819714,97.49408132377475,17.93981170654297
