,area,approx_perimeter,diameter
0,270.2437515687229,117.76224158568769,16.489192962646484
1,270.2437515687229,117.76224158568769,20.867305755615234
