,area,approx_perimeter,diameter
0,46.01916548597337,48.191304394649805,7.270116806030273
1,46.01916548597337,48.191304394649805,8.059488296508789
