,area,approx_perimeter,diameter
0,195.34812401633135,100.52449857668712,13.727188110351562
1,195.34812401633135,100.52449857668712,18.11914825439453
