,area,approx_perimeter,diameter
0,188.97998977884788,98.10901823943192,14.120848655700684
1,188.97998977884788,98.10901823943192,17.039825439453125
