,area,approx_perimeter,diameter
0,88.31147299151903,66.70570733434317,10.188599586486816
1,88.31147299151903,66.70570733434317,11.036026954650879
