,area,approx_perimeter,diameter
0,157.57163645807333,89.01512916900718,13.930913925170898
1,157.57163645807333,89.01512916900718,14.401527404785156
