,area,approx_perimeter,diameter
0,282.7520966393796,119.35799791673084,18.23502540588379
1,282.7520966393796,119.35799791673084,19.74283790588379
