,area,approx_perimeter,diameter
0,143.364177087676,85.75491246249227,12.02420711517334
1,143.364177087676,85.75491246249227,15.180788040161133
