,area,approx_perimeter,diameter
0,52.86217394852874,53.8796791457525,6.418444633483887
1,52.86217394852874,53.8796791457525,10.486373901367188
