,area,approx_perimeter,diameter
0,93.29449039316731,68.78787143940498,10.086801528930664
1,93.29449039316731,68.78787143940498,11.776402473449707
