,area,approx_perimeter,diameter
0,128.84845822769933,82.06402309519574,10.891901969909668
1,128.84845822769933,82.06402309519574,15.062103271484375
