,area,approx_perimeter,diameter
0,122.71562354229164,78.64615706487778,11.977713584899902
1,122.71562354229164,78.64615706487778,13.044758796691895
