,area,approx_perimeter,diameter
0,317.0403204045948,127.83930052216058,17.642213821411133
1,317.0403204045948,127.83930052216058,22.880817413330078
