,area,approx_perimeter,diameter
0,320.56852911990967,128.38787197545722,17.85869026184082
1,320.56852911990967,128.38787197545722,22.855009078979492
