,area,approx_perimeter,diameter
0,330.73502759715296,132.15870391344188,17.097949981689453
1,330.73502759715296,132.15870391344188,24.628971099853516
