,area,approx_perimeter,diameter
0,113.61565066797426,76.55319913697804,10.54405403137207
1,113.61565066797426,76.55319913697804,13.719574928283691
