,area,approx_perimeter,diameter
0,58.888289090283365,56.00798482475372,7.103346347808838
1,58.888289090283365,56.00798482475372,10.55543327331543
