,area,approx_perimeter,diameter
0,231.87503245671923,110.5337967161669,14.377209663391113
1,231.87503245671923,110.5337967161669,20.534753799438477
