,area,approx_perimeter,diameter
0,192.61805377649048,98.70859406851329,14.675769805908203
1,192.61805377649048,98.70859406851329,16.711145401000977
