,area,approx_perimeter,diameter
0,164.33551559892626,91.40350649783143,13.259002685546875
1,164.33551559892626,91.40350649783143,15.780860900878906
