,area,approx_perimeter,diameter
0,163.71192968180551,92.21856551159702,12.443148612976074
1,163.71192968180551,92.21856551159702,16.75174903869629
