,area,approx_perimeter,diameter
0,69.68178804253382,59.47027521536665,8.690775871276855
1,69.68178804253382,59.47027521536665,10.208709716796875
