,area,approx_perimeter,diameter
0,119.01754287658244,78.99594119286755,10.40038776397705
1,119.01754287658244,78.99594119286755,14.570403099060059
