,area,approx_perimeter,diameter
0,170.05168986047843,93.38606442420615,13.103859901428223
1,170.05168986047843,93.38606442420615,16.52311134338379
