,area,approx_perimeter,diameter
0,84.85686210925716,65.88422512429351,9.327688217163086
1,84.85686210925716,65.88422512429351,11.583053588867188
