,area,approx_perimeter,diameter
0,116.67611098960677,76.98892678369508,11.204363822937012
1,116.67611098960677,76.98892678369508,13.258819580078125
