,area,approx_perimeter,diameter
0,188.4449795613591,98.23324260263628,13.855630874633789
1,188.4449795613591,98.23324260263628,17.316829681396484
