,area,approx_perimeter,diameter
0,105.42265381428797,72.94378252985625,10.99653148651123
1,105.42265381428797,72.94378252985625,12.2064208984375
