,area,approx_perimeter,diameter
0,101.73293248022419,72.40429846053051,10.002525329589844
1,101.73293248022419,72.40429846053051,12.949769020080566
