,area,approx_perimeter,diameter
0,137.72392163477264,83.46414098519085,12.41289234161377
1,137.72392163477264,83.46414098519085,14.126888275146484
