,area,approx_perimeter,diameter
0,162.40478549454477,91.19645577286208,12.860532760620117
1,162.40478549454477,91.19645577286208,16.078664779663086
