,area,approx_perimeter,diameter
0,79.61414740907612,63.61064437802282,9.238985061645508
1,79.61414740907612,63.61064437802282,10.971755027770996
