,area,approx_perimeter,diameter
0,140.65121310794666,84.66196403667392,12.159268379211426
1,140.65121310794666,84.66196403667392,14.728080749511719
