,area,approx_perimeter,diameter
0,259.7770035102809,115.70995087278358,15.976710319519043
1,259.7770035102809,115.70995087278358,20.702531814575195
