,area,approx_perimeter,diameter
0,90.65006831220605,68.48353643138394,9.347419738769531
1,90.65006831220605,68.48353643138394,12.347712516784668
