,area,approx_perimeter,diameter
0,243.2224044810413,110.6912253924542,16.93721580505371
1,243.2224044810413,110.6912253924542,18.284019470214844
