,area,approx_perimeter,diameter
0,115.78709527512098,77.0856344803412,10.791086196899414
1,115.78709527512098,77.0856344803412,13.661711692810059
