,area,approx_perimeter,diameter
0,103.91864580783184,72.31251968785276,11.199897766113281
1,103.91864580783184,72.31251968785276,11.813797950744629
