,area,approx_perimeter,diameter
0,406.2866534724449,143.2717858636305,21.454059600830078
1,406.2866534724449,143.2717858636305,24.111997604370117
