,area,approx_perimeter,diameter
0,123.60014094339746,79.34169954942423,11.42159366607666
1,123.60014094339746,79.34169954942423,13.77851390838623
