,area,approx_perimeter,diameter
0,114.62213740917984,76.63318748050276,10.788742065429688
1,114.62213740917984,76.63318748050276,13.527196884155273
