,area,approx_perimeter,diameter
0,64.81219026883187,57.59394421206729,8.139123916625977
1,64.81219026883187,57.59394421206729,10.138860702514648
