,area,approx_perimeter,diameter
0,122.50696627421317,78.70336687857848,11.7304048538208
1,122.50696627421317,78.70336687857848,13.29712963104248
