,area,approx_perimeter,diameter
0,142.12789155175253,85.84614817749501,11.64295768737793
1,142.12789155175253,85.84614817749501,15.54268741607666
