,area,approx_perimeter,diameter
0,281.14890145574793,120.91851304833706,16.26467514038086
1,281.14890145574793,120.91851304833706,22.00904083251953
