,area,approx_perimeter,diameter
0,80.6528928606979,63.878433412096726,9.488021850585938
1,80.6528928606979,63.878433412096726,10.82316780090332
