,area,approx_perimeter,diameter
0,98.4825793685305,70.41150933227749,10.847492218017578
1,98.4825793685305,70.41150933227749,11.559530258178711
