,area,approx_perimeter,diameter
0,131.57526261591008,85.73292312597107,9.894157409667969
1,131.57526261591008,85.73292312597107,16.931894302368164
