,area,approx_perimeter,diameter
0,147.15273728920246,87.77122269743133,11.600500106811523
1,147.15273728920246,87.77122269743133,16.151086807250977
