,area,approx_perimeter,diameter
0,279.71915146377336,120.77072722553814,16.128923416137695
1,279.71915146377336,120.77072722553814,22.081417083740234
