,area,approx_perimeter,diameter
0,122.1953396884786,78.58887475862576,11.738638877868652
1,122.1953396884786,78.58887475862576,13.25400161743164
