,area,approx_perimeter,diameter
0,178.5983297920084,94.77187508474658,14.81031608581543
1,178.5983297920084,94.77187508474658,15.354058265686035
