,area,approx_perimeter,diameter
0,105.68527170652015,73.20855486352491,10.742039680480957
1,105.68527170652015,73.20855486352491,12.5267333984375
