,area,approx_perimeter,diameter
0,124.44788753643226,79.1813914521411,12.106639862060547
1,124.44788753643226,79.1813914521411,13.088022232055664
