,area,approx_perimeter,diameter
0,189.30934801071737,98.45368639013715,13.891281127929688
1,189.30934801071737,98.45368639013715,17.351613998413086
