,area,approx_perimeter,diameter
0,155.32339492171695,89.33992905921099,12.45253849029541
1,155.32339492171695,89.33992905921099,15.8814115524292
