,area,approx_perimeter,diameter
0,307.3999299253843,124.31650994907307,19.56028938293457
1,307.3999299253843,124.31650994907307,20.00960922241211
