,area,approx_perimeter,diameter
0,108.50675117005068,74.10105315844409,10.99191665649414
1,108.50675117005068,74.10105315844409,12.5687894821167
