,area,approx_perimeter,diameter
0,280.2280605270157,123.8659332682081,14.841809272766113
1,280.2280605270157,123.8659332682081,24.040023803710938
