,area,approx_perimeter,diameter
0,173.60633862267167,95.04759060246647,12.763318061828613
1,173.60633862267167,95.04759060246647,17.318572998046875
