,area,approx_perimeter,diameter
0,95.13203735656408,69.16408865363276,10.83211898803711
1,95.13203735656408,69.16408865363276,11.182103157043457
