,area,approx_perimeter,diameter
0,125.40695502073687,80.91391457510332,10.771676063537598
1,125.40695502073687,80.91391457510332,14.823421478271484
