,area,approx_perimeter,diameter
0,164.44479991843252,91.73322055873703,12.970450401306152
1,164.44479991843252,91.73322055873703,16.142663955688477
