,area,approx_perimeter,diameter
0,173.2825788781845,96.44327211426386,12.029748916625977
1,173.2825788781845,96.44327211426386,18.34038543701172
