,area,approx_perimeter,diameter
0,230.9541011788221,107.90662577198454,16.39853858947754
1,230.9541011788221,107.90662577198454,17.932079315185547
