,area,approx_perimeter,diameter
0,109.61766299628377,74.2745320797336,11.481863975524902
1,109.61766299628377,74.2745320797336,12.155652046203613
