,area,approx_perimeter,diameter
0,117.08008421600103,76.89667066287325,11.541119575500488
1,117.08008421600103,76.89667066287325,12.916510581970215
