,area,approx_perimeter,diameter
0,123.67877264588135,79.19551104893044,11.620938301086426
1,123.67877264588135,79.19551104893044,13.550773620605469
