,area,approx_perimeter,diameter
0,186.97175055693342,96.9948817483619,15.028119087219238
1,186.97175055693342,96.9948817483619,15.840959548950195
