,area,approx_perimeter,diameter
0,64.89180000740701,57.983318583856025,7.881955146789551
1,64.89180000740701,57.983318583856025,10.482526779174805
