,area,approx_perimeter,diameter
0,195.00874507420477,99.33415370069662,14.744058609008789
1,195.00874507420477,99.33415370069662,16.84019660949707
