,area,approx_perimeter,diameter
0,59.22231453168446,55.018626635907765,7.811712265014648
1,59.22231453168446,55.018626635907765,9.6527099609375
