,area,approx_perimeter,diameter
0,24.72852195490988,35.435360944789366,5.167685031890869
1,24.72852195490988,35.435360944789366,6.092734336853027
