,area,approx_perimeter,diameter
0,146.7111799320933,86.15619043659879,12.793513298034668
1,146.7111799320933,86.15619043659879,14.601030349731445
