,area,approx_perimeter,diameter
0,257.4872969804204,117.89241705706398,14.533729553222656
1,257.4872969804204,117.89241705706398,22.557390213012695
