,area,approx_perimeter,diameter
0,173.15337159078234,93.92187652976386,13.505510330200195
1,173.15337159078234,93.92187652976386,16.32413101196289
