,area,approx_perimeter,diameter
0,57.61185238898055,54.222958152448,7.744075775146484
1,57.61185238898055,54.222958152448,9.472232818603516
