,area,approx_perimeter,diameter
0,101.79047930899205,71.60472562287917,10.967442512512207
1,101.79047930899205,71.60472562287917,11.817127227783203
