,area,approx_perimeter,diameter
0,99.11576874067656,71.09142891615019,10.186182975769043
1,99.11576874067656,71.09142891615019,12.38914680480957
