,area,approx_perimeter,diameter
0,233.23638695304547,109.9067861419136,14.956377029418945
1,233.23638695304547,109.9067861419136,19.8554630279541
