,area,approx_perimeter,diameter
0,132.56241524647376,82.09327982495591,11.908397674560547
1,132.56241524647376,82.09327982495591,14.173502922058105
