,area,approx_perimeter,diameter
0,251.3629905868996,112.45083492830967,17.477458953857422
1,251.3629905868996,112.45083492830967,18.3118896484375
