,area,approx_perimeter,diameter
0,297.07584444648137,126.55616403704741,15.640345573425293
1,297.07584444648137,126.55616403704741,24.184165954589844
