,area,approx_perimeter,diameter
0,201.56968804205297,100.87283186351338,15.187678337097168
1,201.56968804205297,100.87283186351338,16.89833641052246
