,area,approx_perimeter,diameter
0,119.81604269107267,77.75976303065372,11.731505393981934
1,119.81604269107267,77.75976303065372,13.00383186340332
