,area,approx_perimeter,diameter
0,126.74014700535578,80.74734307980997,11.214028358459473
1,126.74014700535578,80.74734307980997,14.39006233215332
