,area,approx_perimeter,diameter
0,111.4573030175155,76.43173368235298,10.072124481201172
1,111.4573030175155,76.43173368235298,14.089564323425293
