,area,approx_perimeter,diameter
0,84.81725645573985,65.81728084412522,9.372016906738281
1,84.81725645573985,65.81728084412522,11.522886276245117
