,area,approx_perimeter,diameter
0,126.33150495999291,79.80914735220219,12.123449325561523
1,126.33150495999291,79.80914735220219,13.267698287963867
