,area,approx_perimeter,diameter
0,370.1356558713567,138.43298023460983,18.85517120361328
1,370.1356558713567,138.43298023460983,24.99427604675293
