,area,approx_perimeter,diameter
0,239.59688009423238,110.45866202733713,15.910841941833496
1,239.59688009423238,110.45866202733713,19.173355102539062
