,area,approx_perimeter,diameter
0,100.17291960820063,71.18638811031708,10.57962417602539
1,100.17291960820063,71.18638811031708,12.055638313293457
