,area,approx_perimeter,diameter
0,95.54306370495846,69.32111420685085,10.810445785522461
1,95.54306370495846,69.32111420685085,11.252931594848633
