,area,approx_perimeter,diameter
0,94.25397086421876,68.95786725905486,10.425212860107422
1,94.25397086421876,68.95786725905486,11.511312484741211
