,area,approx_perimeter,diameter
0,312.1189138492806,126.58613216335507,17.698036193847656
1,312.1189138492806,126.58613216335507,22.45458984375
