,area,approx_perimeter,diameter
0,169.03746606924082,93.07188180740444,13.09377384185791
1,169.03746606924082,93.07188180740444,16.43721580505371
