,area,approx_perimeter,diameter
0,229.87373214382387,109.35698856823068,14.69523811340332
1,229.87373214382387,109.35698856823068,19.916950225830078
