,area,approx_perimeter,diameter
0,83.57831501621304,64.94115931846389,9.805266380310059
1,83.57831501621304,64.94115931846389,10.852863311767578
