,area,approx_perimeter,diameter
0,124.7191039296894,79.19057495748115,12.415404319763184
1,124.7191039296894,79.19057495748115,12.79034423828125
