,area,approx_perimeter,diameter
0,93.12334296216699,68.47354783194008,10.53345775604248
1,93.12334296216699,68.47354783194008,11.256353378295898
