,area,approx_perimeter,diameter
0,326.0373583063138,129.18026312321197,18.251447677612305
1,326.0373583063138,129.18026312321197,22.74469757080078
