,area,approx_perimeter,diameter
0,173.8571944030304,94.61378084744173,13.103867530822754
1,173.8571944030304,94.61378084744173,16.892864227294922
