,area,approx_perimeter,diameter
0,123.416895360847,80.81504834225505,10.4046630859375
1,123.416895360847,80.81504834225505,15.102773666381836
