,area,approx_perimeter,diameter
0,428.87446624474074,147.74100272565008,21.331134796142578
1,428.87446624474074,147.74100272565008,25.599197387695312
