,area,approx_perimeter,diameter
0,177.55512964305063,95.3521564657401,13.449756622314453
1,177.55512964305063,95.3521564657401,16.80849838256836
