,area,approx_perimeter,diameter
0,154.0881521404291,88.83112536857092,12.526570320129395
1,154.0881521404291,88.83112536857092,15.661998748779297
