,area,approx_perimeter,diameter
0,152.64347435222828,88.67496491762863,12.262911796569824
1,152.64347435222828,88.67496491762863,15.848740577697754
