,area,approx_perimeter,diameter
0,26.37795171216653,36.63632998384968,5.294172763824463
1,26.37795171216653,36.63632998384968,6.343852519989014
2,26.37795171216653,36.63632998384968,4.011213302612305
3,26.37795171216653,36.63632998384968,4.607395648956299
