,area,approx_perimeter,diameter
0,248.50871835171708,112.97754291664003,15.772475242614746
1,248.50871835171708,112.97754291664003,20.06096839904785
