,area,approx_perimeter,diameter
0,101.30418196542215,72.23327445668679,9.994702339172363
1,101.30418196542215,72.23327445668679,12.905285835266113
