,area,approx_perimeter,diameter
0,122.78521577595535,78.58217157420627,12.269579887390137
1,122.78521577595535,78.58217157420627,12.741674423217773
