,area,approx_perimeter,diameter
0,164.26897701973022,91.14757199944803,13.565509796142578
1,164.26897701973022,91.14757199944803,15.41805362701416
