,area,approx_perimeter,diameter
0,90.88702636746945,68.76696661377224,9.237669944763184
1,90.88702636746945,68.76696661377224,12.527071952819824
