,area,approx_perimeter,diameter
0,395.448833379056,141.8150691641524,20.53896713256836
1,395.448833379056,141.8150691641524,24.51443099975586
