,area,approx_perimeter,diameter
0,126.96220017142288,80.45699543480181,11.532134056091309
1,126.96220017142288,80.45699543480181,14.01763916015625
