,area,approx_perimeter,diameter
0,243.40191769126417,113.15278139194292,14.778051376342773
1,243.40191769126417,113.15278139194292,20.97089385986328
