,area,approx_perimeter,diameter
0,110.92701013961289,75.08182820210052,10.90918254852295
1,110.92701013961289,75.08182820210052,12.946584701538086
