,area,approx_perimeter,diameter
0,481.7597319765921,156.6479546527584,22.542795181274414
1,481.7597319765921,156.6479546527584,27.210269927978516
