,area,approx_perimeter,diameter
0,57.73738436783134,54.17715190327764,7.860444068908691
1,57.73738436783134,54.17715190327764,9.352336883544922
