,area,approx_perimeter,diameter
0,77.2270801002034,63.321325319903174,8.556410789489746
1,77.2270801002034,63.321325319903174,11.491801261901855
