,area,approx_perimeter,diameter
0,330.5579562973826,131.84103600236682,17.233640670776367
1,330.5579562973826,131.84103600236682,24.42197036743164
