,area,approx_perimeter,diameter
0,83.04544060736644,64.82708671854171,9.615612030029297
1,83.04544060736644,64.82708671854171,10.996360778808594
