,area,approx_perimeter,diameter
0,83.5624057706834,64.90354085221247,9.871530532836914
1,83.5624057706834,64.90354085221247,10.777959823608398
