,area,approx_perimeter,diameter
0,153.5043568327741,90.7269598821686,11.341082572937012
1,153.5043568327741,90.7269598821686,17.233612060546875
