,area,approx_perimeter,diameter
0,78.1433083771452,63.43551104104166,8.782093048095703
1,78.1433083771452,63.43551104104166,11.329320907592773
