,area,approx_perimeter,diameter
0,171.20945497640838,94.740980612794,12.476994514465332
1,171.20945497640838,94.740980612794,17.471406936645508
