,area,approx_perimeter,diameter
0,187.9118483552273,97.50764519641982,14.476632118225098
1,187.9118483552273,97.50764519641982,16.527103424072266
