,area,approx_perimeter,diameter
0,252.17025417447402,113.75157395031545,15.931991577148438
1,252.17025417447402,113.75157395031545,20.15273094177246
