,area,approx_perimeter,diameter
0,180.69405195927442,96.34392385363748,13.443957328796387
1,180.69405195927442,96.34392385363748,17.113027572631836
