,area,approx_perimeter,diameter
0,190.60522379386813,98.81358952404923,13.918831825256348
1,190.60522379386813,98.81358952404923,17.435810089111328
