,area,approx_perimeter,diameter
0,242.00989571064696,110.48136077413997,16.73777198791504
1,242.00989571064696,110.48136077413997,18.409652709960938
