,area,approx_perimeter,diameter
0,50.09219426386394,55.2448382861784,5.536593914031982
1,50.09219426386394,55.2448382861784,11.51960277557373
2,50.09219426386394,55.2448382861784,5.592918395996094
3,50.09219426386394,55.2448382861784,7.2091145515441895
4,50.09219426386394,55.2448382861784,5.216446876525879
5,50.09219426386394,55.2448382861784,8.365728378295898
