,area,approx_perimeter,diameter
0,211.25713524532634,103.42305306812804,15.297433853149414
1,211.25713524532634,103.42305306812804,17.583402633666992
