,area,approx_perimeter,diameter
0,141.88705570941872,85.71308295086091,11.671904563903809
1,141.88705570941872,85.71308295086091,15.477869033813477
