,area,approx_perimeter,diameter
0,108.76412167909402,74.31484336545873,10.838790893554688
1,108.76412167909402,74.31484336545873,12.776589393615723
