,area,approx_perimeter,diameter
0,167.9504817793928,91.89810758806141,14.394486427307129
1,167.9504817793928,91.89810758806141,14.8557710647583
