,area,approx_perimeter,diameter
0,111.47964798020074,75.44024007917389,10.759562492370605
1,111.47964798020074,75.44024007917389,13.19201374053955
