,area,approx_perimeter,diameter
0,154.85476693502312,88.306149926218,13.561715126037598
1,154.85476693502312,88.306149926218,14.5385160446167
