,area,approx_perimeter,diameter
0,179.17124862821046,96.03261593648364,13.314619064331055
1,179.17124862821046,96.03261593648364,17.133642196655273
