,area,approx_perimeter,diameter
0,137.71281104478768,83.63989326032656,12.175057411193848
1,137.71281104478768,83.63989326032656,14.401689529418945
