,area,approx_perimeter,diameter
0,24.414462910286137,36.36656129979685,4.450752258300781
1,24.414462910286137,36.36656129979685,6.984315872192383
