,area,approx_perimeter,diameter
0,147.73445886958623,86.55199308200696,12.705195426940918
1,147.73445886958623,86.55199308200696,14.805073738098145
