,area,approx_perimeter,diameter
0,105.91228400549933,73.55454357264738,10.466811180114746
1,105.91228400549933,73.55454357264738,12.883743286132812
