,area,approx_perimeter,diameter
0,150.58541627575212,87.04784517693874,13.482283592224121
1,150.58541627575212,87.04784517693874,14.22098159790039
