,area,approx_perimeter,diameter
0,310.5459844331368,125.45438954144073,18.463327407836914
1,310.5459844331368,125.45438954144073,21.415393829345703
