,area,approx_perimeter,diameter
0,390.3622381448045,141.78182208741157,19.62842559814453
1,390.3622381448045,141.78182208741157,25.32167625427246
