,area,approx_perimeter,diameter
0,229.43150851247455,110.96950374943033,13.844022750854492
1,229.43150851247455,110.96950374943033,21.100894927978516
