,area,approx_perimeter,diameter
0,95.58940025444315,69.70259008951601,10.121874809265137
1,95.58940025444315,69.70259008951601,12.024274826049805
