,area,approx_perimeter,diameter
0,58.6637378578925,54.74812419969289,7.784244537353516
1,58.6637378578925,54.74812419969289,9.595406532287598
