,area,approx_perimeter,diameter
0,109.17399257986865,74.87644183352847,10.458971977233887
1,109.17399257986865,74.87644183352847,13.2904691696167
