,area,approx_perimeter,diameter
0,252.26005933171928,115.1804338483697,15.051142692565918
1,252.26005933171928,115.1804338483697,21.339740753173828
