,area,approx_perimeter,diameter
0,150.44523469353513,88.89224621696454,11.652891159057617
1,150.44523469353513,88.89224621696454,16.438222885131836
