,area,approx_perimeter,diameter
0,238.94752293416306,110.78857011941915,15.461624145507812
1,238.94752293416306,110.78857011941915,19.676939010620117
