,area,approx_perimeter,diameter
0,169.3785228044328,93.18320396567155,13.092507362365723
1,169.3785228044328,93.18320396567155,16.471973419189453
