,area,approx_perimeter,diameter
0,78.54779853016366,62.85253344480143,9.809708595275879
1,78.54779853016366,62.85253344480143,10.195018768310547
