,area,approx_perimeter,diameter
0,137.49330779873785,84.11249655930888,11.673019409179688
1,137.49330779873785,84.11249655930888,14.997140884399414
