,area,approx_perimeter,diameter
0,150.55556243815712,87.76631822933953,12.41714859008789
1,150.55556243815712,87.76631822933953,15.437787055969238
