,area,approx_perimeter,diameter
0,104.67198095162152,73.39587149541249,10.180303573608398
1,104.67198095162152,73.39587149541249,13.091211318969727
