,area,approx_perimeter,diameter
0,228.4501698290308,107.45831466412447,16.04613494873047
1,228.4501698290308,107.45831466412447,18.12721824645996
