,area,approx_perimeter,diameter
0,114.22664166834332,76.15162066476172,11.115442276000977
1,114.22664166834332,76.15162066476172,13.084308624267578
