,area,approx_perimeter,diameter
0,177.97848479246903,95.00691902237521,13.935306549072266
1,177.97848479246903,95.00691902237521,16.261518478393555
