,area,approx_perimeter,diameter
0,27.27022844617348,37.53667139228551,5.143753528594971
1,27.27022844617348,37.53667139228551,6.750232696533203
