,area,approx_perimeter,diameter
0,121.60030702211893,78.91170141344631,11.128941535949707
1,121.60030702211893,78.91170141344631,13.912043571472168
