,area,approx_perimeter,diameter
0,38.15796037995942,44.845095845858616,5.8295207023620605
1,38.15796037995942,44.845095845858616,8.334171295166016
