,area,approx_perimeter,diameter
0,178.9210994863646,96.9122314585513,12.722683906555176
1,178.9210994863646,96.9122314585513,17.9057674407959
