,area,approx_perimeter,diameter
0,181.5654285886644,96.476297954941,13.556142807006836
1,181.5654285886644,96.476297954941,17.05324935913086
