,area,approx_perimeter,diameter
0,304.8209725907625,126.03802041022821,16.85749626159668
1,304.8209725907625,126.03802041022821,23.022998809814453
