,area,approx_perimeter,diameter
0,239.87428192213767,109.82027441500556,17.249034881591797
1,239.87428192213767,109.82027441500556,17.706348419189453
