,area,approx_perimeter,diameter
0,72.89378173939821,60.55940423477547,9.397216796875
1,72.89378173939821,60.55940423477547,9.876461029052734
