,area,approx_perimeter,diameter
0,251.30560843753133,112.99001273895269,16.443111419677734
1,251.30560843753133,112.99001273895269,19.459348678588867
