,area,approx_perimeter,diameter
0,150.73899806607443,88.68928184952465,11.821677207946777
1,150.73899806607443,88.68928184952465,16.23516273498535
