,area,approx_perimeter,diameter
0,306.48980185544275,125.03815560222681,17.88728141784668
1,306.48980185544275,125.03815560222681,21.816335678100586
