,area,approx_perimeter,diameter
0,55.9137358855321,55.405154835898045,6.603755950927734
1,55.9137358855321,55.405154835898045,10.780467987060547
2,55.9137358855321,55.405154835898045,3.391184091567993
3,55.9137358855321,55.405154835898045,10.72153377532959
