,area,approx_perimeter,diameter
0,68.19979832966942,59.3456098899083,8.145132064819336
1,68.19979832966942,59.3456098899083,10.660929679870605
