,area,approx_perimeter,diameter
0,445.18524381395935,151.4936509504285,20.90155029296875
1,445.18524381395935,151.4936509504285,27.118919372558594
