,area,approx_perimeter,diameter
0,46.826893158985236,48.714919303096046,7.170876979827881
1,46.826893158985236,48.714919303096046,8.314443588256836
