,area,approx_perimeter,diameter
0,28.59183555081277,38.14129860078034,5.51346492767334
1,28.59183555081277,38.14129860078034,6.602790832519531
