,area,approx_perimeter,diameter
0,142.24325948128202,84.95847671975687,12.428780555725098
1,142.24325948128202,84.95847671975687,14.571803092956543
