,area,approx_perimeter,diameter
0,98.79553568126852,71.65977954673019,9.653295516967773
1,98.79553568126852,71.65977954673019,13.03082275390625
