,area,approx_perimeter,diameter
0,100.42217773465781,71.18440393502787,10.749035835266113
1,100.42217773465781,71.18440393502787,11.895158767700195
