,area,approx_perimeter,diameter
0,414.826461603603,147.37803812210205,19.471357345581055
1,414.826461603603,147.37803812210205,27.125661849975586
