,area,approx_perimeter,diameter
0,102.58087496551228,72.20401633011167,10.488494873046875
1,102.58087496551228,72.20401633011167,12.4526948928833
