,area,approx_perimeter,diameter
0,46.577769783356686,48.46408065317092,7.3530168533325195
1,46.577769783356686,48.46408065317092,8.065350532531738
