,area,approx_perimeter,diameter
0,324.1356534850776,128.44899357310598,18.534563064575195
1,324.1356534850776,128.44899357310598,22.266633987426758
