,area,approx_perimeter,diameter
0,256.8293588479706,114.29742250853282,16.541595458984375
1,256.8293588479706,114.29742250853282,19.768667221069336
