,area,approx_perimeter,diameter
0,221.15583898767252,105.46849783985836,16.43781280517578
1,221.15583898767252,105.46849783985836,17.130281448364258
