,area,approx_perimeter,diameter
0,37.69529842595803,43.806489932199796,6.317737102508545
1,37.69529842595803,43.806489932199796,7.596888542175293
