,area,approx_perimeter,diameter
0,293.4951241631031,121.60941595250561,18.565284729003906
1,293.4951241631031,121.60941595250561,20.128406524658203
