,area,approx_perimeter,diameter
0,237.83226322583963,114.04370130975299,13.696752548217773
1,237.83226322583963,114.04370130975299,22.10870361328125
