,area,approx_perimeter,diameter
0,84.2513103329579,65.17058994883152,9.91200065612793
1,84.2513103329579,65.17058994883152,10.822446823120117
