,area,approx_perimeter,diameter
0,425.02528452518334,149.00312589267892,19.80605125427246
1,425.02528452518334,149.00312589267892,27.322912216186523
