,area,approx_perimeter,diameter
0,148.7303760017752,86.53856437633183,13.302018165588379
1,148.7303760017752,86.53856437633183,14.236140251159668
