,area,approx_perimeter,diameter
0,124.7865601397613,80.1693796221913,11.092637062072754
1,124.7865601397613,80.1693796221913,14.323301315307617
