,area,approx_perimeter,diameter
0,88.47460111906675,67.83219170259666,9.1238431930542
1,88.47460111906675,67.83219170259666,12.346700668334961
