,area,approx_perimeter,diameter
0,34.36525148933216,42.18478574245015,5.742918491363525
1,34.36525148933216,42.18478574245015,7.618982791900635
