,area,approx_perimeter,diameter
0,259.1616258413895,117.36712653962306,14.958568572998047
1,259.1616258413895,117.36712653962306,22.05925178527832
