,area,approx_perimeter,diameter
0,144.46217730242222,89.46995451338509,10.479595184326172
1,144.46217730242222,89.46995451338509,17.55172348022461
