,area,approx_perimeter,diameter
0,188.41371198198894,98.07608662916923,13.987576484680176
1,188.41371198198894,98.07608662916923,17.150632858276367
