,area,approx_perimeter,diameter
0,66.4661355865717,58.48631394078753,8.112569808959961
1,66.4661355865717,58.48631394078753,10.431628227233887
