,area,approx_perimeter,diameter
0,108.33137533219595,74.27898734470875,10.693429946899414
1,108.33137533219595,74.27898734470875,12.898741722106934
