,area,approx_perimeter,diameter
0,57.54581400806334,54.440989558100874,7.533324241638184
1,57.54581400806334,54.440989558100874,9.726065635681152
