,area,approx_perimeter,diameter
0,140.331075568596,83.9880544720124,13.311302185058594
1,140.331075568596,83.9880544720124,13.422809600830078
