,area,approx_perimeter,diameter
0,55.71721666587207,52.94845646053866,8.204795837402344
1,55.71721666587207,52.94845646053866,8.646328926086426
