,area,approx_perimeter,diameter
0,95.30133828308007,69.40271337349859,10.368474960327148
1,95.30133828308007,69.40271337349859,11.702919960021973
