,area,approx_perimeter,diameter
0,80.50583516563177,65.04349289139522,8.515349388122559
1,80.50583516563177,65.04349289139522,12.037464141845703
