,area,approx_perimeter,diameter
0,84.51569853931221,66.52523128372584,8.787337303161621
1,84.51569853931221,66.52523128372584,12.245885848999023
