,area,approx_perimeter,diameter
0,94.31025877014456,69.18882479003321,10.107505798339844
1,94.31025877014456,69.18882479003321,11.88023567199707
