,area,approx_perimeter,diameter
0,225.37734473198722,109.42110647741004,13.962607383728027
1,225.37734473198722,109.42110647741004,20.55198860168457
