,area,approx_perimeter,diameter
0,28.774670518346618,39.268665923102816,4.915231227874756
1,28.774670518346618,39.268665923102816,7.453779220581055
