,area,approx_perimeter,diameter
0,281.27379649815066,118.90945095537991,18.788835525512695
1,281.27379649815066,118.90945095537991,19.06072998046875
