,area,approx_perimeter,diameter
0,129.3068088772658,80.6889625003369,12.406664848327637
1,129.3068088772658,80.6889625003369,13.270169258117676
