,area,approx_perimeter,diameter
0,78.87362608526776,63.11980794472009,9.464007377624512
1,78.87362608526776,63.11980794472009,10.611257553100586
