,area,approx_perimeter,diameter
0,166.96031852352948,92.18864757701434,13.30147933959961
1,166.96031852352948,92.18864757701434,15.981717109680176
