,area,approx_perimeter,diameter
0,335.3142315628243,132.1382884164477,17.712045669555664
1,335.3142315628243,132.1382884164477,24.104236602783203
