,area,approx_perimeter,diameter
0,60.40298092435523,55.20573946742323,8.340313911437988
1,60.40298092435523,55.20573946742323,9.221171379089355
