,area,approx_perimeter,diameter
0,88.6281660736835,67.48992513118121,9.403338432312012
1,88.6281660736835,67.48992513118121,12.000513076782227
