,area,approx_perimeter,diameter
0,119.57431163453673,77.92614698032206,11.357980728149414
1,119.57431163453673,77.92614698032206,13.40438461303711
