,area,approx_perimeter,diameter
0,53.621880687376304,52.699494631846264,7.170608043670654
1,53.621880687376304,52.699494631846264,9.5212984085083
