,area,approx_perimeter,diameter
0,148.67614811035654,86.65348270628968,13.005732536315918
1,148.67614811035654,86.65348270628968,14.555147171020508
