,area,approx_perimeter,diameter
0,141.86530076448935,85.1468654137864,12.096895217895508
1,141.86530076448935,85.1468654137864,14.931807518005371
