,area,approx_perimeter,diameter
0,201.91952617813413,100.82828738258026,15.510910034179688
1,201.91952617813413,100.82828738258026,16.574909210205078
