,area,approx_perimeter,diameter
0,107.14255101814216,73.88678582500108,10.617762565612793
1,107.14255101814216,73.88678582500108,12.848105430603027
