,area,approx_perimeter,diameter
0,76.2709691774693,61.942847364282954,9.627668380737305
1,76.2709691774693,61.942847364282954,10.08668041229248
