,area,approx_perimeter,diameter
0,368.72189074740453,141.31109007471878,17.302879333496094
1,368.72189074740453,141.31109007471878,27.132553100585938
