,area,approx_perimeter,diameter
0,113.58199981770484,75.80115768770486,11.265671730041504
1,113.58199981770484,75.80115768770486,12.836970329284668
