,area,approx_perimeter,diameter
0,269.58568378077814,117.17097310649032,16.873754501342773
1,269.58568378077814,117.17097310649032,20.342073440551758
