,area,approx_perimeter,diameter
0,43.50977153271989,46.98757130358918,6.874114990234375
1,43.50977153271989,46.98757130358918,8.058980941772461
