,area,approx_perimeter,diameter
0,192.1883009299023,98.45025408215031,14.924988746643066
1,192.1883009299023,98.45025408215031,16.39543914794922
