,area,approx_perimeter,diameter
0,378.27996407962695,138.04496168391307,21.120471954345703
1,378.27996407962695,138.04496168391307,22.804462432861328
