,area,approx_perimeter,diameter
0,116.60815079720983,76.79607340340193,11.427397727966309
1,116.60815079720983,76.79607340340193,12.99246883392334
