,area,approx_perimeter,diameter
0,300.2261308383088,125.4593901023457,16.52153778076172
1,300.2261308383088,125.4593901023457,23.13705825805664
