,area,approx_perimeter,diameter
0,199.8328553020536,101.10157871111267,14.316856384277344
1,199.8328553020536,101.10157871111267,17.77171516418457
