,area,approx_perimeter,diameter
0,151.79999022202074,87.60194546989406,13.069072723388672
1,151.79999022202074,87.60194546989406,14.788941383361816
