,area,approx_perimeter,diameter
0,257.1354721663904,114.45304471805588,16.45930290222168
1,257.1354721663904,114.45304471805588,19.891185760498047
