,area,approx_perimeter,diameter
0,116.68294307011178,76.8025798083697,11.459744453430176
1,116.68294307011178,76.8025798083697,12.964105606079102
