,area,approx_perimeter,diameter
0,148.46793810914212,86.7736504550963,12.72766399383545
1,148.46793810914212,86.7736504550963,14.852313041687012
