,area,approx_perimeter,diameter
0,136.09944748327806,83.40236014695435,11.845111846923828
1,136.09944748327806,83.40236014695435,14.629426956176758
