,area,approx_perimeter,diameter
0,74.887490604445,61.37016593279592,9.580815315246582
1,74.887490604445,61.37016593279592,9.952150344848633
