,area,approx_perimeter,diameter
0,36.60403140686269,43.18662854333753,6.206161975860596
1,36.60403140686269,43.18662854333753,7.509584903717041
