,area,approx_perimeter,diameter
0,115.53144990945609,76.25978808084288,11.759608268737793
1,115.53144990945609,76.25978808084288,12.5088529586792
