,area,approx_perimeter,diameter
0,281.04030032684074,118.94926287475428,18.3127384185791
1,281.04030032684074,118.94926287475428,19.5400390625
