,area,approx_perimeter,diameter
0,37.76565265369026,43.806454482221845,6.368404865264893
1,37.76565265369026,43.806454482221845,7.550512790679932
