,area,approx_perimeter,diameter
0,228.54716087497295,108.41302341969322,15.073479652404785
1,228.54716087497295,108.41302341969322,19.305116653442383
