,area,approx_perimeter,diameter
0,93.45640904683559,68.78439184654675,10.180548667907715
1,93.45640904683559,68.78439184654675,11.688210487365723
