,area,approx_perimeter,diameter
0,102.61698106131608,72.22195695555263,10.484424591064453
1,102.61698106131608,72.22195695555263,12.4619140625
