,area,approx_perimeter,diameter
0,229.3514825640026,108.19826969387232,15.441292762756348
1,229.3514825640026,108.19826969387232,18.911588668823242
