,area,approx_perimeter,diameter
0,87.59341126926034,66.42817900171045,10.162138938903809
1,87.59341126926034,66.42817900171045,10.9747953414917
