,area,approx_perimeter,diameter
0,125.62854953597791,79.87846649092104,11.63736343383789
1,125.62854953597791,79.87846649092104,13.744972229003906
