,area,approx_perimeter,diameter
0,102.62567838050865,72.43331881991894,10.276786804199219
1,102.62567838050865,72.43331881991894,12.714778900146484
