,area,approx_perimeter,diameter
0,134.56716788896392,82.26373919144646,12.857759475708008
1,134.56716788896392,82.26373919144646,13.325512886047363
