,area,approx_perimeter,diameter
0,220.89785540178067,109.26868924035502,13.433311462402344
1,220.89785540178067,109.26868924035502,20.937196731567383
