,area,approx_perimeter,diameter
0,70.21577857364996,59.55541967987766,8.928487777709961
1,70.21577857364996,59.55541967987766,10.013062477111816
