,area,approx_perimeter,diameter
0,100.52917174209482,72.5490557200416,9.586626052856445
1,100.52917174209482,72.5490557200416,13.351696014404297
