,area,approx_perimeter,diameter
0,191.07793277836618,99.92809489636508,13.267794609069824
1,191.07793277836618,99.92809489636508,18.33673095703125
