,area,approx_perimeter,diameter
0,360.01824206195835,135.40831263733085,19.495908737182617
1,360.01824206195835,135.40831263733085,23.5120849609375
