,area,approx_perimeter,diameter
0,99.28319105753806,71.9596679406345,9.60425090789795
1,99.28319105753806,71.9596679406345,13.16201400756836
