,area,approx_perimeter,diameter
0,73.75809592768843,61.06076670548105,9.114567756652832
1,73.75809592768843,61.06076670548105,10.303475379943848
