,area,approx_perimeter,diameter
0,76.30952014766766,62.11947872464374,9.25232982635498
1,76.30952014766766,62.11947872464374,10.501171112060547
