,area,approx_perimeter,diameter
0,67.28165804661987,58.55865236753087,8.406233787536621
1,67.28165804661987,58.55865236753087,10.190731048583984
