,area,approx_perimeter,diameter
0,123.17375180400619,79.16221635700278,11.446661949157715
1,123.17375180400619,79.16221635700278,13.700910568237305
