,area,approx_perimeter,diameter
0,81.07188499512851,64.20269485449813,9.309344291687012
1,81.07188499512851,64.20269485449813,11.08820629119873
