,area,approx_perimeter,diameter
0,97.15719512612468,70.16154196381059,10.340514183044434
1,97.15719512612468,70.16154196381059,11.963078498840332
