,area,approx_perimeter,diameter
0,137.95251839871543,83.94361387533004,11.947949409484863
1,137.95251839871543,83.94361387533004,14.700983047485352
