,area,approx_perimeter,diameter
0,105.72607799359866,73.08870688517352,10.939947128295898
1,105.72607799359866,73.08870688517352,12.304869651794434
