,area,approx_perimeter,diameter
0,202.52659554052408,105.20942329781892,12.649640083312988
1,202.52659554052408,105.20942329781892,20.385154724121094
