,area,approx_perimeter,diameter
0,101.84870169215085,71.76573872252496,10.688807487487793
1,101.84870169215085,71.76573872252496,12.132110595703125
