,area,approx_perimeter,diameter
0,373.4655672671437,138.6885319948545,19.19223403930664
1,373.4655672671437,138.6885319948545,24.776226043701172
