,area,approx_perimeter,diameter
0,78.17120448033275,62.775650665792654,9.546147346496582
1,78.17120448033275,62.775650665792654,10.426265716552734
