,area,approx_perimeter,diameter
0,39.38933223219254,45.50336546713677,5.952873229980469
1,39.38933223219254,45.50336546713677,8.424848556518555
