,area,approx_perimeter,diameter
0,507.15948569210656,163.11185925029272,21.44657325744629
1,507.15948569210656,163.11185925029272,30.10902976989746
