,area,approx_perimeter,diameter
0,85.65051276575979,65.84643257596704,9.750061988830566
1,85.65051276575979,65.84643257596704,11.184915542602539
