,area,approx_perimeter,diameter
0,124.00320411672577,79.37990864875628,11.538861274719238
1,124.00320411672577,79.37990864875628,13.682960510253906
