,area,approx_perimeter,diameter
0,244.60666809968305,112.07055375050376,15.661108016967773
1,244.60666809968305,112.07055375050376,19.886388778686523
