,area,approx_perimeter,diameter
0,265.31001815595704,116.42925813415299,16.55398178100586
1,265.31001815595704,116.42925813415299,20.406160354614258
