,area,approx_perimeter,diameter
0,143.97239174513635,86.87764941056376,11.442163467407227
1,143.97239174513635,86.87764941056376,16.020689010620117
