,area,approx_perimeter,diameter
0,107.21697096140934,73.83241839939376,10.706244468688965
1,107.21697096140934,73.83241839939376,12.750772476196289
