,area,approx_perimeter,diameter
0,208.13210523705723,106.12856933848441,13.014968872070312
1,208.13210523705723,106.12856933848441,20.361326217651367
