,area,approx_perimeter,diameter
0,248.82280604957327,113.76666259881371,15.293946266174316
1,248.82280604957327,113.76666259881371,20.714799880981445
