,area,approx_perimeter,diameter
0,241.16914440557468,112.95182421120856,14.55351734161377
1,241.16914440557468,112.95182421120856,21.099098205566406
