,area,approx_perimeter,diameter
0,110.72998023843235,74.62783163846098,11.635950088500977
1,110.72998023843235,74.62783163846098,12.1163969039917
