,area,approx_perimeter,diameter
0,192.67761568820464,99.3434105457209,13.999276161193848
1,192.67761568820464,99.3434105457209,17.52410316467285
