,area,approx_perimeter,diameter
0,411.5164022877776,148.2440469750726,18.696697235107422
1,411.5164022877776,148.2440469750726,28.024145126342773
