,area,approx_perimeter,diameter
0,102.44177704345407,73.43061848617047,9.575654983520508
1,102.44177704345407,73.43061848617047,13.621305465698242
