,area,approx_perimeter,diameter
0,278.4052743137177,120.9137024841332,15.857443809509277
1,278.4052743137177,120.9137024841332,22.35395622253418
