,area,approx_perimeter,diameter
0,106.07939307856297,73.20060593989753,10.975687026977539
1,106.07939307856297,73.20060593989753,12.305788040161133
