,area,approx_perimeter,diameter
0,192.89042904035637,99.12149365912816,14.263507843017578
1,192.89042904035637,99.12149365912816,17.21846580505371
