,area,approx_perimeter,diameter
0,157.43668626397604,89.08167238202404,13.562979698181152
1,157.43668626397604,89.08167238202404,14.779541015625
