,area,approx_perimeter,diameter
0,113.9638074877647,76.95317064195082,10.374780654907227
1,113.9638074877647,76.95317064195082,13.986148834228516
