,area,approx_perimeter,diameter
0,138.2546345065397,84.43748822021387,11.638021469116211
1,138.2546345065397,84.43748822021387,15.125532150268555
