,area,approx_perimeter,diameter
0,106.49889454467002,73.95509844721684,10.328706741333008
1,106.49889454467002,73.95509844721684,13.128323554992676
