,area,approx_perimeter,diameter
0,137.08236187859652,83.1661997744312,12.564071655273438
1,137.08236187859652,83.1661997744312,13.891888618469238
