,area,approx_perimeter,diameter
0,228.5476864563498,107.2058506210976,16.769515991210938
1,228.5476864563498,107.2058506210976,17.35267448425293
