,area,approx_perimeter,diameter
0,268.1164278327333,119.08737631979132,15.348755836486816
1,268.1164278327333,119.08737631979132,22.241310119628906
