,area,approx_perimeter,diameter
0,196.43106309378794,100.72049068018242,13.820793151855469
1,196.43106309378794,100.72049068018242,18.0961971282959
