,area,approx_perimeter,diameter
0,82.54962243263358,65.49505050086648,8.829115867614746
1,82.54962243263358,65.49505050086648,11.904413223266602
