,area,approx_perimeter,diameter
0,113.02146011328549,75.70221584232617,11.114535331726074
1,113.02146011328549,75.70221584232617,12.947315216064453
