,area,approx_perimeter,diameter
0,99.94792390682798,72.0103598724346,9.750317573547363
1,99.94792390682798,72.0103598724346,13.051641464233398
