,area,approx_perimeter,diameter
0,120.9840863202211,77.9951809116515,12.232378005981445
1,120.9840863202211,77.9951809116515,12.592949867248535
