,area,approx_perimeter,diameter
0,235.91878796668888,110.01594920954189,15.417417526245117
1,235.91878796668888,110.01594920954189,19.483232498168945
