,area,approx_perimeter,diameter
0,193.92942424733434,99.5747772908511,14.123527526855469
1,193.92942424733434,99.5747772908511,17.482786178588867
