,area,approx_perimeter,diameter
0,208.98033684628703,103.92374281983578,14.231053352355957
1,208.98033684628703,103.92374281983578,18.697282791137695
