,area,approx_perimeter,diameter
0,139.61767665531346,84.98629173958172,11.6035737991333
1,139.61767665531346,84.98629173958172,15.319999694824219
