,area,approx_perimeter,diameter
0,228.15440459169866,107.5675980639327,15.779227256774902
1,228.15440459169866,107.5675980639327,18.409976959228516
