,area,approx_perimeter,diameter
0,142.43729979534137,85.01867538866315,12.434462547302246
1,142.43729979534137,85.01867538866315,14.585013389587402
