,area,approx_perimeter,diameter
0,123.74802117532843,80.65753267266577,10.549256324768066
1,123.74802117532843,80.65753267266577,14.9357328414917
