,area,approx_perimeter,diameter
0,174.15989093484953,93.65066308832141,14.377100944519043
1,174.15989093484953,93.65066308832141,15.4236421585083
