,area,approx_perimeter,diameter
0,136.1405287202336,83.02647307509741,12.277193069458008
1,136.1405287202336,83.02647307509741,14.11882209777832
