,area,approx_perimeter,diameter
0,92.02582037069428,68.61282681525392,9.711980819702148
1,92.02582037069428,68.61282681525392,12.064574241638184
