,area,approx_perimeter,diameter
0,117.48094195595702,77.00679442482488,11.600240707397461
1,117.48094195595702,77.00679442482488,12.894679069519043
