,area,approx_perimeter,diameter
0,34.70430544085803,41.86546751505284,6.283751010894775
1,34.70430544085803,41.86546751505284,7.0319294929504395
