,area,approx_perimeter,diameter
0,137.97413915147655,84.70854079671227,11.3935546875
1,137.97413915147655,84.70854079671227,15.418728828430176
