,area,approx_perimeter,diameter
0,140.96348101637204,84.79761833939524,12.131598472595215
1,140.96348101637204,84.79761833939524,14.794445991516113
