,area,approx_perimeter,diameter
0,270.6165134925533,117.23494593225399,17.081764221191406
1,270.6165134925533,117.23494593225399,20.17119789123535
