,area,approx_perimeter,diameter
0,3.6680027411532574,15.370463171455844,1.421883225440979
1,3.6680027411532574,15.370463171455844,3.2845497131347656
2,3.6680027411532574,15.370463171455844,4.592134475708008
3,3.6680027411532574,15.370463171455844,8.848834037780762
