,area,approx_perimeter,diameter
0,26.103087349892565,36.342167853082046,5.395143985748291
1,26.103087349892565,36.342167853082046,6.160258769989014
