,area,approx_perimeter,diameter
0,413.08795863792477,145.44752833395899,20.508859634399414
1,413.08795863792477,145.44752833395899,25.645498275756836
