,area,approx_perimeter,diameter
0,281.7796500771084,119.24167751689026,18.003915786743164
1,281.7796500771084,119.24167751689026,19.92749786376953
