,area,approx_perimeter,diameter
0,108.58877911228943,74.20295310981928,10.894272804260254
1,108.58877911228943,74.20295310981928,12.691028594970703
