,area,approx_perimeter,diameter
0,134.32163245860056,83.09198224169256,11.571422576904297
1,134.32163245860056,83.09198224169256,14.779826164245605
