,area,approx_perimeter,diameter
0,128.19072015767716,80.64702090067519,11.8059663772583
1,128.19072015767716,80.64702090067519,13.825000762939453
