,area,approx_perimeter,diameter
0,123.273145173989,80.98382305729947,10.299751281738281
1,123.273145173989,80.98382305729947,15.238838195800781
