,area,approx_perimeter,diameter
0,140.50691342223413,84.07603209544183,13.057411193847656
1,140.50691342223413,84.07603209544183,13.70095157623291
