,area,approx_perimeter,diameter
0,106.71712058142467,73.2694467457732,11.392583847045898
1,106.71712058142467,73.2694467457732,11.926746368408203
