,area,approx_perimeter,diameter
0,111.7708339111157,75.2001540131975,11.166742324829102
1,111.7708339111157,75.2001540131975,12.744186401367188
