,area,approx_perimeter,diameter
0,77.77760855047383,62.9430806438448,9.056072235107422
1,77.77760855047383,62.9430806438448,10.935152053833008
