,area,approx_perimeter,diameter
0,114.68712440304611,76.06139647170716,11.509590148925781
1,114.68712440304611,76.06139647170716,12.687174797058105
