,area,approx_perimeter,diameter
0,250.747609988469,114.59397865967293,15.13219165802002
1,250.747609988469,114.59397865967293,21.09818458557129
