,area,approx_perimeter,diameter
0,205.28636736887248,101.84420043092209,15.245370864868164
1,205.28636736887248,101.84420043092209,17.144792556762695
