,area,approx_perimeter,diameter
0,186.75958615675452,97.00658043470192,14.813538551330566
1,186.75958615675452,97.00658043470192,16.052186965942383
