,area,approx_perimeter,diameter
0,82.62975181188601,65.00729367575563,9.21028995513916
1,82.62975181188601,65.00729367575563,11.422818183898926
