,area,approx_perimeter,diameter
0,151.83816159279797,88.34993334267254,12.298195838928223
1,151.83816159279797,88.34993334267254,15.719895362854004
