,area,approx_perimeter,diameter
0,269.5691089861,117.39826495227467,16.651826858520508
1,269.5691089861,117.39826495227467,20.611915588378906
