,area,approx_perimeter,diameter
0,94.95184589410353,69.19893265146733,10.492599487304688
1,94.95184589410353,69.19893265146733,11.52206802368164
