,area,approx_perimeter,diameter
0,259.0005739774701,114.93287254059366,16.453655242919922
1,259.0005739774701,114.93287254059366,20.042341232299805
