,area,approx_perimeter,diameter
0,222.46594615883487,106.02654563435462,15.85947322845459
1,222.46594615883487,106.02654563435462,17.86014175415039
