,area,approx_perimeter,diameter
0,57.279371684270366,54.29586839281909,7.529815673828125
1,57.279371684270366,54.29586839281909,9.68554401397705
