,area,approx_perimeter,diameter
0,140.8877244066373,85.13668149842451,11.822041511535645
1,140.8877244066373,85.13668149842451,15.173675537109375
