,area,approx_perimeter,diameter
0,128.67678438539613,81.72613118877108,11.05113410949707
1,128.67678438539613,81.72613118877108,14.825299263000488
