,area,approx_perimeter,diameter
0,46.85316878597342,48.77764073922246,7.111423969268799
1,46.85316878597342,48.77764073922246,8.38865852355957
