,area,approx_perimeter,diameter
0,144.20126645135227,87.24849511706567,11.297872543334961
1,144.20126645135227,87.24849511706567,16.25109100341797
