,area,approx_perimeter,diameter
0,84.81922323351333,66.1107675188218,9.134200096130371
1,84.81922323351333,66.1107675188218,11.823168754577637
