,area,approx_perimeter,diameter
0,247.39959172341392,113.01687798186539,15.522932052612305
1,247.39959172341392,113.01687798186539,20.292490005493164
