,area,approx_perimeter,diameter
0,209.43308345542056,105.05434766453911,13.66096019744873
1,209.43308345542056,105.05434766453911,19.519746780395508
