,area,approx_perimeter,diameter
0,439.9892027202656,148.88330930175104,22.768043518066406
1,439.9892027202656,148.88330930175104,24.605173110961914
