,area,approx_perimeter,diameter
0,85.40051534049854,65.57147089186081,10.091399192810059
1,85.40051534049854,65.57147089186081,10.77504825592041
