,area,approx_perimeter,diameter
0,187.99289681615815,98.0084176892688,13.933145523071289
1,187.99289681615815,98.0084176892688,17.17917823791504
