,area,approx_perimeter,diameter
0,118.28689718818033,77.28756755468271,11.608329772949219
1,118.28689718818033,77.28756755468271,12.974093437194824
