,area,approx_perimeter,diameter
0,67.1968323267253,60.54827451702667,7.305328369140625
1,67.1968323267253,60.54827451702667,11.711679458618164
