,area,approx_perimeter,diameter
0,142.85239744253312,85.88024556287617,11.794766426086426
1,142.85239744253312,85.88024556287617,15.420849800109863
