,area,approx_perimeter,diameter
0,281.697115495246,119.89324751776346,17.130245208740234
1,281.697115495246,119.89324751776346,20.937698364257812
