,area,approx_perimeter,diameter
0,165.2015587341776,93.14255732793794,12.214747428894043
1,165.2015587341776,93.14255732793794,17.22026252746582
