,area,approx_perimeter,diameter
0,168.7198674427332,92.20432826375864,14.075393676757812
1,168.7198674427332,92.20432826375864,15.262152671813965
