,area,approx_perimeter,diameter
0,104.14405713104394,74.61856711264876,9.38768482208252
1,104.14405713104394,74.61856711264876,14.124923706054688
