,area,approx_perimeter,diameter
0,12.767878925501666,28.6366538570362,2.659499168395996
1,12.767878925501666,28.6366538570362,6.112642765045166
2,12.767878925501666,28.6366538570362,5.105334281921387
3,12.767878925501666,28.6366538570362,8.421235084533691
