,area,approx_perimeter,diameter
0,112.35563376961642,75.6491133747245,10.887089729309082
1,112.35563376961642,75.6491133747245,13.139933586120605
