,area,approx_perimeter,diameter
0,162.2454516300126,91.1541014475098,12.852191925048828
1,162.2454516300126,91.1541014475098,16.073314666748047
