,area,approx_perimeter,diameter
0,98.6262626259549,71.52250083905068,9.692037582397461
1,98.6262626259549,71.52250083905068,12.956497192382812
