,area,approx_perimeter,diameter
0,83.00704168543578,64.86647024629609,9.537760734558105
1,83.00704168543578,64.86647024629609,11.080991744995117
