,area,approx_perimeter,diameter
0,112.58724133652767,75.64455313756456,10.987178802490234
1,112.58724133652767,75.64455313756456,13.047073364257812
