,area,approx_perimeter,diameter
0,161.4041156757474,90.68764508843883,13.0308837890625
1,161.4041156757474,90.68764508843883,15.770695686340332
