,area,approx_perimeter,diameter
0,149.15663311198335,86.66438453286217,13.315360069274902
1,149.15663311198335,86.66438453286217,14.262635231018066
