,area,approx_perimeter,diameter
0,203.38175785714137,101.39101588533767,15.14047622680664
1,203.38175785714137,101.39101588533767,17.103404998779297
