,area,approx_perimeter,diameter
0,218.2260915376115,105.66779357559027,14.947418212890625
1,218.2260915376115,105.66779357559027,18.588768005371094
