,area,approx_perimeter,diameter
0,98.52189689497757,70.91713110856635,10.118087768554688
1,98.52189689497757,70.91713110856635,12.397794723510742
