,area,approx_perimeter,diameter
0,191.72818386677406,100.21083129115905,13.228506088256836
1,191.72818386677406,100.21083129115905,18.453777313232422
