,area,approx_perimeter,diameter
0,119.83931675748094,77.89878595774812,11.516674041748047
1,119.83931675748094,77.89878595774812,13.248977661132812
