,area,approx_perimeter,diameter
0,100.54509954062442,72.25735638962647,9.759336471557617
1,100.54509954062442,72.25735638962647,13.1174898147583
