,area,approx_perimeter,diameter
0,53.86629708468567,52.49694511880152,7.427741527557373
1,53.86629708468567,52.49694511880152,9.233587265014648
