,area,approx_perimeter,diameter
0,80.1601574744627,64.47472276658485,8.741119384765625
1,80.1601574744627,64.47472276658485,11.676202774047852
