,area,approx_perimeter,diameter
0,136.20882790072574,82.81536829843432,12.730650901794434
1,136.20882790072574,82.81536829843432,13.622749328613281
