,area,approx_perimeter,diameter
0,109.62979031419167,75.3303344549673,10.267660140991211
1,109.62979031419167,75.3303344549673,13.594624519348145
