,area,approx_perimeter,diameter
0,67.04969794717067,58.34009021804336,8.520439147949219
1,67.04969794717067,58.34009021804336,10.019474983215332
