,area,approx_perimeter,diameter
0,93.07972175261995,69.13907106086178,9.656027793884277
1,93.07972175261995,69.13907106086178,12.27345085144043
