,area,approx_perimeter,diameter
0,86.86957725093808,66.70228673221766,9.40206241607666
1,86.86957725093808,66.70228673221766,11.763991355895996
