,area,approx_perimeter,diameter
0,234.82532625221944,110.79016185308026,14.701833724975586
1,234.82532625221944,110.79016185308026,20.336843490600586
