,area,approx_perimeter,diameter
0,31.03959828785871,39.694147773198154,5.797271728515625
1,31.03959828785871,39.694147773198154,6.817145347595215
