,area,approx_perimeter,diameter
0,98.08471683960204,70.52272416208646,10.354022979736328
1,98.08471683960204,70.52272416208646,12.061528205871582
