,area,approx_perimeter,diameter
0,58.59207977525787,54.850845546422796,7.664276599884033
1,58.59207977525787,54.850845546422796,9.733697891235352
