,area,approx_perimeter,diameter
0,60.528536498493864,55.678424994419146,7.848188877105713
1,60.528536498493864,55.678424994419146,9.819759368896484
