,area,approx_perimeter,diameter
0,30.417830104136353,39.14226736333191,5.996915340423584
1,30.417830104136353,39.14226736333191,6.458184242248535
