,area,approx_perimeter,diameter
0,327.8682371629815,128.55133451472713,19.578706741333008
1,327.8682371629815,128.55133451472713,21.32187843322754
