,area,approx_perimeter,diameter
0,116.12029242592189,76.71867468980602,11.284544944763184
1,116.12029242592189,76.71867468980602,13.101897239685059
