,area,approx_perimeter,diameter
0,275.81688024162787,119.47308758100195,16.29443359375
1,275.81688024162787,119.47308758100195,21.552204132080078
