,area,approx_perimeter,diameter
0,115.55122119036358,77.06786777773532,10.732512474060059
1,115.55122119036358,77.06786777773532,13.70828914642334
