,area,approx_perimeter,diameter
0,60.84109594395756,55.871613626154065,7.827510356903076
1,60.84109594395756,55.871613626154065,9.8965425491333
2,60.84109594395756,55.871613626154065,5.499983310699463
3,60.84109594395756,55.871613626154065,7.342967510223389
