,area,approx_perimeter,diameter
0,214.98596137624185,104.4845170392736,15.234492301940918
1,214.98596137624185,104.4845170392736,17.967689514160156
