,area,approx_perimeter,diameter
0,84.47168266903739,66.15662051352014,8.991852760314941
1,84.47168266903739,66.15662051352014,11.961126327514648
