,area,approx_perimeter,diameter
0,140.7541937865953,86.46562632796307,11.037215232849121
1,140.7541937865953,86.46562632796307,16.23723030090332
