,area,approx_perimeter,diameter
0,179.38172255767014,95.05694443297219,14.555340766906738
1,179.38172255767014,95.05694443297219,15.691553115844727
