,area,approx_perimeter,diameter
0,52.417006688461214,53.84834235405421,6.326920986175537
1,52.417006688461214,53.84834235405421,10.548480987548828
