,area,approx_perimeter,diameter
0,205.81735052242928,101.74226858775882,15.873429298400879
1,205.81735052242928,101.74226858775882,16.509021759033203
