,area,approx_perimeter,diameter
0,211.48003862896124,106.78541881704307,13.193500518798828
1,211.48003862896124,106.78541881704307,20.408893585205078
