,area,approx_perimeter,diameter
0,77.4845754336883,62.59432215976526,9.325822830200195
1,77.4845754336883,62.59432215976526,10.57884407043457
