,area,approx_perimeter,diameter
0,154.6150780256294,88.83081568987444,12.684403419494629
1,154.6150780256294,88.83081568987444,15.520007133483887
