,area,approx_perimeter,diameter
0,91.58457473724894,68.75073495523054,9.453181266784668
1,91.58457473724894,68.75073495523054,12.335434913635254
