,area,approx_perimeter,diameter
0,194.75145827034237,98.97926815468207,15.392297744750977
1,194.75145827034237,98.97926815468207,16.109697341918945
