,area,approx_perimeter,diameter
0,223.88312171197362,106.39165383946528,15.864078521728516
1,223.88312171197362,106.39165383946528,17.968698501586914
