,area,approx_perimeter,diameter
0,89.03368649470175,67.58470900289315,9.471646308898926
1,89.03368649470175,67.58470900289315,11.968480110168457
