,area,approx_perimeter,diameter
0,105.3465368939777,72.98454885430864,10.875741004943848
1,105.3465368939777,72.98454885430864,12.33307933807373
