,area,approx_perimeter,diameter
0,29.187954867459357,38.51005312919845,5.600419998168945
1,29.187954867459357,38.51005312919845,6.635798454284668
