,area,approx_perimeter,diameter
0,195.95375568403844,101.36833303276894,13.341821670532227
1,195.95375568403844,101.36833303276894,18.700300216674805
