,area,approx_perimeter,diameter
0,135.66030642193016,83.32175799012593,11.778133392333984
1,135.66030642193016,83.32175799012593,14.66514778137207
