,area,approx_perimeter,diameter
0,141.63905980594032,84.6651859056725,12.553475379943848
1,141.63905980594032,84.6651859056725,14.365778923034668
