,area,approx_perimeter,diameter
0,256.06035178071096,114.02958995782421,16.62639617919922
1,256.06035178071096,114.02958995782421,19.608949661254883
