,area,approx_perimeter,diameter
0,33.76284793692317,41.248532273842784,6.29155158996582
1,33.76284793692317,41.248532273842784,6.832685470581055
