,area,approx_perimeter,diameter
0,238.29371390130677,110.67720091820472,15.409320831298828
1,238.29371390130677,110.67720091820472,19.68970489501953
