,area,approx_perimeter,diameter
0,100.43668980666529,71.78154471434709,10.060541152954102
1,100.43668980666529,71.78154471434709,12.711042404174805
