,area,approx_perimeter,diameter
0,138.6664751990362,84.9935497029968,11.37890911102295
1,138.6664751990362,84.9935497029968,15.516042709350586
