,area,approx_perimeter,diameter
0,180.87518258233905,96.15738703167568,13.646697044372559
1,180.87518258233905,96.15738703167568,16.875690460205078
