,area,approx_perimeter,diameter
0,170.50869798207322,92.94362785258417,13.703093528747559
1,170.50869798207322,92.94362785258417,15.843022346496582
