,area,approx_perimeter,diameter
0,102.23504643204573,73.16615439150493,9.665374755859375
1,102.23504643204573,73.16615439150493,13.467631340026855
