,area,approx_perimeter,diameter
0,326.88639608568815,128.70106664002563,18.9583683013916
1,326.88639608568815,128.70106664002563,21.95361328125
