,area,approx_perimeter,diameter
0,275.8311048402124,120.13787951691026,15.898852348327637
1,275.8311048402124,120.13787951691026,22.08958625793457
