,area,approx_perimeter,diameter
0,387.4491232107088,140.21192785340904,20.517845153808594
1,387.4491232107088,140.21192785340904,24.043243408203125
