,area,approx_perimeter,diameter
0,203.53785493050532,101.79116828619772,14.68230152130127
1,203.53785493050532,101.79116828619772,17.65066909790039
