,area,approx_perimeter,diameter
0,95.55097694795751,70.572511253485,9.434510231018066
1,95.55097694795751,70.572511253485,12.895134925842285
