,area,approx_perimeter,diameter
0,114.82754291144063,76.64138920369652,10.850227355957031
1,114.82754291144063,76.64138920369652,13.474645614624023
