,area,approx_perimeter,diameter
0,100.61002559057859,71.56891072722037,10.319859504699707
1,100.61002559057859,71.56891072722037,12.413023948669434
