,area,approx_perimeter,diameter
0,444.25333035154296,152.88538378921533,19.956588745117188
1,444.25333035154296,152.88538378921533,28.34356689453125
