,area,approx_perimeter,diameter
0,247.89293082567062,113.11373127624385,15.549352645874023
1,247.89293082567062,113.11373127624385,20.29840660095215
