,area,approx_perimeter,diameter
0,326.50723442614026,129.21383295097124,18.316692352294922
1,326.50723442614026,129.21383295097124,22.69634246826172
