,area,approx_perimeter,diameter
0,306.09407530782937,126.06325123931973,17.035438537597656
1,306.09407530782937,126.06325123931973,22.877666473388672
