,area,approx_perimeter,diameter
0,179.77921487963084,95.26293299466037,14.346343994140625
1,179.77921487963084,95.26293299466037,15.955424308776855
