,area,approx_perimeter,diameter
0,243.46752192132655,112.12129665509889,15.39483642578125
1,243.46752192132655,112.12129665509889,20.136133193969727
