,area,approx_perimeter,diameter
0,89.8249889008082,68.29258387713854,9.227001190185547
1,89.8249889008082,68.29258387713854,12.395005226135254
