,area,approx_perimeter,diameter
0,66.599925279608,57.915147598666394,8.883548736572266
1,66.599925279608,57.915147598666394,9.54547119140625
