,area,approx_perimeter,diameter
0,259.24901308869624,115.57411361591775,15.973588943481445
1,259.24901308869624,115.57411361591775,20.664491653442383
