,area,approx_perimeter,diameter
0,112.66737052432427,76.79218671247999,10.155406951904297
1,112.66737052432427,76.79218671247999,14.125731468200684
