,area,approx_perimeter,diameter
0,41.45789665018071,49.58333962847966,5.178955078125
1,41.45789665018071,49.58333962847966,10.192371368408203
