,area,approx_perimeter,diameter
0,32.397785200894916,40.607127585615224,5.861960411071777
1,32.397785200894916,40.607127585615224,7.036919116973877
