,area,approx_perimeter,diameter
0,180.30947482688177,96.01679273220057,13.616482734680176
1,180.30947482688177,96.01679273220057,16.860239028930664
