,area,approx_perimeter,diameter
0,211.75882357235318,105.81538227687476,13.64936351776123
1,211.75882357235318,105.81538227687476,19.753280639648438
