,area,approx_perimeter,diameter
0,107.96421174259439,74.27959363033597,10.553144454956055
1,107.96421174259439,74.27959363033597,13.025909423828125
