,area,approx_perimeter,diameter
0,293.1685662858225,121.86705747098048,17.975345611572266
1,293.1685662858225,121.86705747098048,20.76587677001953
