,area,approx_perimeter,diameter
0,97.99603771973217,70.93459722976964,9.913167953491211
1,97.99603771973217,70.93459722976964,12.58653450012207
