,area,approx_perimeter,diameter
0,289.1425156916436,123.03770239789148,16.25885581970215
1,289.1425156916436,123.03770239789148,22.642902374267578
