,area,approx_perimeter,diameter
0,324.2180717079131,135.11883364682498,15.372965812683105
1,324.2180717079131,135.11883364682498,26.852806091308594
