,area,approx_perimeter,diameter
0,75.99697721363066,62.527062919467845,8.683794975280762
1,75.99697721363066,62.527062919467845,11.142865180969238
