,area,approx_perimeter,diameter
0,209.19334771777199,106.68208993643195,12.943277359008789
1,209.19334771777199,106.68208993643195,20.578500747680664
