,area,approx_perimeter,diameter
0,125.01148218458016,80.31648509074716,11.049099922180176
1,125.01148218458016,80.31648509074716,14.405658721923828
