,area,approx_perimeter,diameter
0,147.6957699947229,87.67392557337463,11.76901626586914
1,147.6957699947229,87.67392557337463,15.9785737991333
