,area,approx_perimeter,diameter
0,82.26216066976731,64.48062150175448,9.632545471191406
1,82.26216066976731,64.48062150175448,10.873495101928711
