,area,approx_perimeter,diameter
0,80.54628863574474,63.67346309632338,9.823775291442871
1,80.54628863574474,63.67346309632338,10.439440727233887
