,area,approx_perimeter,diameter
0,102.23759961965052,71.75969384978002,10.997364044189453
1,102.23759961965052,71.75969384978002,11.83674144744873
