,area,approx_perimeter,diameter
0,122.38008857643563,78.46762307760521,12.177064895629883
1,122.38008857643563,78.46762307760521,12.79611873626709
