,area,approx_perimeter,diameter
0,331.7204008428838,131.0825579692483,17.830339431762695
1,331.7204008428838,131.0825579692483,23.68768882751465
