,area,approx_perimeter,diameter
0,53.797972900518445,52.58547663139915,7.323434352874756
1,53.797972900518445,52.58547663139915,9.353221893310547
