,area,approx_perimeter,diameter
0,122.45631907860775,80.81884044136301,10.220053672790527
1,122.45631907860775,80.81884044136301,15.255910873413086
