,area,approx_perimeter,diameter
0,310.9919129233026,132.17381832337645,15.102449417114258
1,310.9919129233026,132.17381832337645,26.218740463256836
