,area,approx_perimeter,diameter
0,126.94093538700781,80.97062299028511,11.108596801757812
1,126.94093538700781,80.97062299028511,14.549652099609375
