,area,approx_perimeter,diameter
0,157.04587514634218,89.2709306723379,13.057982444763184
1,157.04587514634218,89.2709306723379,15.313010215759277
