,area,approx_perimeter,diameter
0,350.2824474933217,134.9822566950653,18.146568298339844
1,350.2824474933217,134.9822566950653,24.577289581298828
