,area,approx_perimeter,diameter
0,110.36430328390082,74.50375879205596,11.620580673217773
1,110.36430328390082,74.50375879205596,12.092355728149414
