,area,approx_perimeter,diameter
0,186.62669012144835,97.408491345113,14.126468658447266
1,186.62669012144835,97.408491345113,16.820940017700195
