,area,approx_perimeter,diameter
0,104.3792079947127,73.77402060398786,9.85301399230957
1,104.3792079947127,73.77402060398786,13.488231658935547
