,area,approx_perimeter,diameter
0,82.14818080891717,64.30066307421001,9.9307861328125
1,82.14818080891717,64.30066307421001,10.532329559326172
