,area,approx_perimeter,diameter
0,121.72159821346746,79.1266182673423,10.994197845458984
1,121.72159821346746,79.1266182673423,14.09659481048584
