,area,approx_perimeter,diameter
0,239.18276423403742,113.92754245215541,13.893155097961426
1,239.18276423403742,113.92754245215541,21.9199275970459
