,area,approx_perimeter,diameter
0,39.271109833337235,48.043824202143355,5.0890212059021
1,39.271109833337235,48.043824202143355,9.825372695922852
