,area,approx_perimeter,diameter
0,91.98816735599078,68.04687540222662,10.49493408203125
1,91.98816735599078,68.04687540222662,11.159953117370605
