,area,approx_perimeter,diameter
0,230.23134351844016,108.51571603619574,15.370360374450684
1,230.23134351844016,108.51571603619574,19.071748733520508
