,area,approx_perimeter,diameter
0,146.3849264980411,86.51104708929489,12.271434783935547
1,146.3849264980411,86.51104708929489,15.188368797302246
