,area,approx_perimeter,diameter
0,106.79714394773838,73.3514272409095,11.215540885925293
1,106.79714394773838,73.3514272409095,12.124100685119629
