,area,approx_perimeter,diameter
0,98.97001834835412,70.74104795921363,10.541747093200684
1,98.97001834835412,70.74104795921363,11.953667640686035
