,area,approx_perimeter,diameter
0,101.70282028036449,72.52435304451244,9.91030502319336
1,101.70282028036449,72.52435304451244,13.066404342651367
