,area,approx_perimeter,diameter
0,215.25392676066713,104.2207963009654,15.733102798461914
1,215.25392676066713,104.2207963009654,17.419946670532227
