,area,approx_perimeter,diameter
0,176.92787924526237,96.9197486372982,12.38447093963623
1,176.92787924526237,96.9197486372982,18.189842224121094
