,area,approx_perimeter,diameter
0,295.7889940326077,122.54610471569372,17.8824462890625
1,295.7889940326077,122.54610471569372,21.060331344604492
