,area,approx_perimeter,diameter
0,14.880509767523996,27.552391113078162,3.9403810501098633
1,14.880509767523996,27.552391113078162,4.808279514312744
2,14.880509767523996,27.552391113078162,1.655248761177063
3,14.880509767523996,27.552391113078162,3.18564510345459
4,14.880509767523996,27.552391113078162,3.493677854537964
5,14.880509767523996,27.552391113078162,4.914827346801758
