,area,approx_perimeter,diameter
0,83.95446270714419,66.10563069184236,8.870428085327148
1,83.95446270714419,66.10563069184236,12.050618171691895
