,area,approx_perimeter,diameter
0,36.74374719871748,43.83154326676937,5.811841011047363
1,36.74374719871748,43.83154326676937,8.049702644348145
