,area,approx_perimeter,diameter
0,87.59872615193726,67.53087205004505,9.057503700256348
1,87.59872615193726,67.53087205004505,12.314006805419922
