,area,approx_perimeter,diameter
0,158.73016342993478,90.06300356824191,12.798357009887695
1,158.73016342993478,90.06300356824191,15.791208267211914
