,area,approx_perimeter,diameter
0,104.7762009743931,73.19909150568154,10.374287605285645
1,104.7762009743931,73.19909150568154,12.85921573638916
