,area,approx_perimeter,diameter
0,59.231895793105316,54.866078795153015,7.9702839851379395
1,59.231895793105316,54.866078795153015,9.462196350097656
