,area,approx_perimeter,diameter
0,36.35801846833329,43.84817487549404,5.654646396636963
1,36.35801846833329,43.84817487549404,8.186624526977539
