,area,approx_perimeter,diameter
0,61.53329966407058,56.295178579183414,7.7902421951293945
1,61.53329966407058,56.295178579183414,10.057021141052246
