,area,approx_perimeter,diameter
0,257.4162061646083,113.84366882932275,17.51508331298828
1,257.4162061646083,113.84366882932275,18.71258544921875
