,area,approx_perimeter,diameter
0,212.10682878831014,104.08793429320438,14.815095901489258
1,212.10682878831014,104.08793429320438,18.228893280029297
