,area,approx_perimeter,diameter
0,138.6591608503235,84.35648083628747,11.8087739944458
1,138.6591608503235,84.35648083628747,14.95043659210205
