,area,approx_perimeter,diameter
0,122.80441271113476,79.28766536492307,11.195672035217285
1,122.80441271113476,79.28766536492307,13.966060638427734
