,area,approx_perimeter,diameter
0,80.72903660542194,63.78645395134319,9.719842910766602
1,80.72903660542194,63.78645395134319,10.575006484985352
