,area,approx_perimeter,diameter
0,228.28364675972801,107.20755438181031,16.496482849121094
1,228.28364675972801,107.20755438181031,17.61949920654297
