,area,approx_perimeter,diameter
0,117.6642670471965,77.17437769758935,11.43207836151123
1,117.6642670471965,77.17437769758935,13.10477352142334
