,area,approx_perimeter,diameter
0,102.82419094470804,71.91423888041521,11.213703155517578
1,102.82419094470804,71.91423888041521,11.674985885620117
