,area,approx_perimeter,diameter
0,217.02612984399045,104.5675792828797,15.980379104614258
1,217.02612984399045,104.5675792828797,17.291595458984375
