,area,approx_perimeter,diameter
0,220.46618898098154,106.4623874911724,14.81733512878418
1,220.46618898098154,106.4623874911724,18.94445037841797
