,area,approx_perimeter,diameter
0,17.341559443699644,31.523019854028,3.480562210083008
1,17.341559443699644,31.523019854028,6.3437910079956055
2,17.341559443699644,31.523019854028,5.580881118774414
3,17.341559443699644,31.523019854028,8.222899436950684
