,area,approx_perimeter,diameter
0,143.66715034905488,85.07473066594035,13.011815071105957
1,143.66715034905488,85.07473066594035,14.058199882507324
