,area,approx_perimeter,diameter
0,480.05519156788796,159.64307134406786,20.4013671875
1,480.05519156788796,159.64307134406786,29.96001434326172
