,area,approx_perimeter,diameter
0,108.19459123984376,74.60747874403192,10.360045433044434
1,108.19459123984376,74.60747874403192,13.29701042175293
