,area,approx_perimeter,diameter
0,277.7103830900219,119.2421324958579,16.82777214050293
1,277.7103830900219,119.2421324958579,21.01239776611328
