,area,approx_perimeter,diameter
0,118.07111630998921,77.18221351112291,11.664169311523438
1,118.07111630998921,77.18221351112291,12.888428688049316
