,area,approx_perimeter,diameter
0,232.77019906743453,110.94451478664146,14.308801651000977
1,232.77019906743453,110.94451478664146,20.712581634521484
