,area,approx_perimeter,diameter
0,183.9434523562623,96.30269023935828,14.629220008850098
1,183.9434523562623,96.30269023935828,16.009334564208984
