,area,approx_perimeter,diameter
0,205.0598021261564,104.35193675391263,13.327713966369629
1,205.0598021261564,104.35193675391263,19.590024948120117
