,area,approx_perimeter,diameter
0,149.40396650763563,87.15138451941709,12.643180847167969
1,149.40396650763563,87.15138451941709,15.045821189880371
