,area,approx_perimeter,diameter
0,224.73017310440125,107.10740172925819,15.280452728271484
1,224.73017310440125,107.10740172925819,18.7255802154541
