,area,approx_perimeter,diameter
0,85.76575823301107,65.82525080768526,9.859423637390137
1,85.76575823301107,65.82525080768526,11.07573413848877
