,area,approx_perimeter,diameter
0,134.1043788575389,82.2821678415642,12.379939079284668
1,134.1043788575389,82.2821678415642,13.792232513427734
