,area,approx_perimeter,diameter
0,133.62902292280188,82.50612588913779,11.867403030395508
1,133.62902292280188,82.50612588913779,14.336898803710938
