,area,approx_perimeter,diameter
0,72.20222801606695,60.32500256951172,9.189374923706055
1,72.20222801606695,60.32500256951172,10.004024505615234
