,area,approx_perimeter,diameter
0,187.06135708602073,97.10620280342104,14.773823738098145
1,187.06135708602073,97.10620280342104,16.12134552001953
