,area,approx_perimeter,diameter
0,117.7416894401428,78.13783533016989,10.595419883728027
1,117.7416894401428,78.13783533016989,14.148884773254395
