,area,approx_perimeter,diameter
0,289.4921329904989,122.46738124558797,16.64893341064453
1,289.4921329904989,122.46738124558797,22.13912582397461
