,area,approx_perimeter,diameter
0,242.99559595463865,112.35768597819063,15.155623435974121
1,242.99559595463865,112.35768597819063,20.414310455322266
