,area,approx_perimeter,diameter
0,255.79085265866217,116.65273886166463,14.838006973266602
1,255.79085265866217,116.65273886166463,21.949243545532227
