,area,approx_perimeter,diameter
0,346.8776517905055,134.5568686199708,17.92259407043457
1,346.8776517905055,134.5568686199708,24.642545700073242
