,area,approx_perimeter,diameter
0,119.93649369484618,77.68959382882178,12.018305778503418
1,119.93649369484618,77.68959382882178,12.706274032592773
