,area,approx_perimeter,diameter
0,183.4874681075995,96.35454227257783,14.302732467651367
1,183.4874681075995,96.35454227257783,16.334186553955078
