,area,approx_perimeter,diameter
0,108.25052539951172,74.93017128327241,10.15443229675293
1,108.25052539951172,74.93017128327241,13.573269844055176
