,area,approx_perimeter,diameter
0,178.71787268594835,96.38816785826742,12.979036331176758
1,178.71787268594835,96.38816785826742,17.532169342041016
