,area,approx_perimeter,diameter
0,127.74714520668286,81.81761382981722,10.78792953491211
1,127.74714520668286,81.81761382981722,15.077287673950195
