,area,approx_perimeter,diameter
0,117.32653374900829,76.95665533633536,11.591695785522461
1,117.32653374900829,76.95665533633536,12.887224197387695
