,area,approx_perimeter,diameter
0,232.99547915228,108.43810097646741,16.354280471801758
1,232.99547915228,108.43810097646741,18.139535903930664
