,area,approx_perimeter,diameter
0,199.64351832644715,102.51706337374732,13.364169120788574
1,199.64351832644715,102.51706337374732,19.02056312561035
