,area,approx_perimeter,diameter
0,88.51249621784686,67.09733744041287,9.712723731994629
1,88.51249621784686,67.09733744041287,11.603090286254883
