,area,approx_perimeter,diameter
0,86.99177976961134,66.13237451535475,10.408220291137695
1,86.99177976961134,66.13237451535475,10.64172077178955
