,area,approx_perimeter,diameter
0,163.44346783229975,90.94406433019041,13.492207527160645
1,163.44346783229975,90.94406433019041,15.423916816711426
