,area,approx_perimeter,diameter
0,150.19183147843123,87.90279249671845,12.206254959106445
1,150.19183147843123,87.90279249671845,15.666572570800781
