,area,approx_perimeter,diameter
0,144.02165516399836,85.64690182562724,12.327927589416504
1,144.02165516399836,85.64690182562724,14.874687194824219
