,area,approx_perimeter,diameter
0,199.1184321254678,102.01738444768073,13.539349555969238
1,199.1184321254678,102.01738444768073,18.72508430480957
