,area,approx_perimeter,diameter
0,203.06526490270804,102.80889324764861,13.796116828918457
1,203.06526490270804,102.80889324764861,18.740833282470703
