,area,approx_perimeter,diameter
0,249.54946502344342,113.0433145722812,15.94447135925293
1,249.54946502344342,113.0433145722812,19.927675247192383
