,area,approx_perimeter,diameter
0,138.61803832115297,83.59728186339349,12.705650329589844
1,138.61803832115297,83.59728186339349,13.890982627868652
