,area,approx_perimeter,diameter
0,150.2874663194505,88.97344630613127,11.581732749938965
1,150.2874663194505,88.97344630613127,16.521875381469727
