,area,approx_perimeter,diameter
0,169.98961626216675,92.4561896001719,14.469454765319824
1,169.98961626216675,92.4561896001719,14.958234786987305
