,area,approx_perimeter,diameter
0,240.04408826938078,113.23715006786688,14.272976875305176
1,240.04408826938078,113.23715006786688,21.4134464263916
