,area,approx_perimeter,diameter
0,215.20252411586637,104.52247834172756,15.259638786315918
1,215.20252411586637,104.52247834172756,17.95615005493164
