,area,approx_perimeter,diameter
0,249.057457080312,112.95778693814793,15.906806945800781
1,249.057457080312,112.95778693814793,19.93547821044922
