,area,approx_perimeter,diameter
0,307.83642428214915,127.44642356424207,16.522281646728516
1,307.83642428214915,127.44642356424207,23.72248077392578
