,area,approx_perimeter,diameter
0,102.82962758304299,71.98952526998751,10.971281051635742
1,102.82962758304299,71.98952526998751,11.933588027954102
