,area,approx_perimeter,diameter
0,29.111780923130965,38.3925741997505,5.678529739379883
1,29.111780923130965,38.3925741997505,6.527441501617432
