,area,approx_perimeter,diameter
0,40.702601226002464,47.58219085553252,5.534058570861816
1,40.702601226002464,47.58219085553252,9.364584922790527
