,area,approx_perimeter,diameter
0,80.79298942228488,64.21867785200459,9.164034843444824
1,80.79298942228488,64.21867785200459,11.225276947021484
