,area,approx_perimeter,diameter
0,165.28586771765518,91.91380344461396,13.051125526428223
1,165.28586771765518,91.91380344461396,16.12493133544922
