,area,approx_perimeter,diameter
0,33.38687670067136,43.55360522401219,4.878916263580322
1,33.38687670067136,43.55360522401219,8.712896347045898
