,area,approx_perimeter,diameter
0,246.47440614751824,113.9858220776035,14.810307502746582
1,246.47440614751824,113.9858220776035,21.189361572265625
