,area,approx_perimeter,diameter
0,253.9505006375135,113.65672951647684,16.44676971435547
1,253.9505006375135,113.65672951647684,19.65977668762207
