,area,approx_perimeter,diameter
0,67.23851534193876,59.707550896495256,7.653160095214844
1,67.23851534193876,59.707550896495256,11.186325073242188
