,area,approx_perimeter,diameter
0,165.10286572776633,91.69653945808088,13.204191207885742
1,165.10286572776633,91.69653945808088,15.920361518859863
