,area,approx_perimeter,diameter
0,54.584036735210915,52.617502561714616,7.713322639465332
1,54.584036735210915,52.617502561714616,9.010196685791016
