,area,approx_perimeter,diameter
0,215.90425302547783,105.65110510192835,14.451519012451172
1,215.90425302547783,105.65110510192835,19.022071838378906
