,area,approx_perimeter,diameter
0,110.29162612274821,74.60607339628648,11.253734588623047
1,110.29162612274821,74.60607339628648,12.478316307067871
