,area,approx_perimeter,diameter
0,103.83050053403022,74.30750673057986,9.459835052490234
1,103.83050053403022,74.30750673057986,13.974989891052246
