,area,approx_perimeter,diameter
0,324.5923075639787,128.0301772043387,19.228593826293945
1,324.5923075639787,128.0301772043387,21.493186950683594
