,area,approx_perimeter,diameter
0,99.37955756873507,74.07025181937297,8.7360258102417
1,99.37955756873507,74.07025181937297,14.484158515930176
