,area,approx_perimeter,diameter
0,324.51986249271926,133.41285132587706,15.931641578674316
1,324.51986249271926,133.41285132587706,25.93527603149414
