,area,approx_perimeter,diameter
0,380.2913040243404,141.89967641282487,18.245946884155273
1,380.2913040243404,141.89967641282487,26.537506103515625
