,area,approx_perimeter,diameter
0,274.17260272604653,119.40045328846668,16.066699981689453
1,274.17260272604653,119.40045328846668,21.727386474609375
