,area,approx_perimeter,diameter
0,114.44119406219244,76.18897675302352,11.16784381866455
1,114.44119406219244,76.18897675302352,13.047375679016113
