,area,approx_perimeter,diameter
0,76.33026481411771,62.235951743757695,9.104236602783203
1,76.33026481411771,62.235951743757695,10.674888610839844
