,area,approx_perimeter,diameter
0,71.62938666774868,64.08213187605283,7.06963586807251
1,71.62938666774868,64.08213187605283,12.900433540344238
