,area,approx_perimeter,diameter
0,139.5976860647094,84.18773948075747,12.284710884094238
1,139.5976860647094,84.18773948075747,14.468496322631836
