,area,approx_perimeter,diameter
0,135.2598066833456,82.984090032449,11.964348793029785
1,135.2598066833456,82.984090032449,14.394275665283203
