,area,approx_perimeter,diameter
0,46.341609480599296,48.707756909311016,6.876130104064941
1,46.341609480599296,48.707756909311016,8.580985069274902
