,area,approx_perimeter,diameter
0,330.116466109987,129.8580825535174,18.47910499572754
1,330.116466109987,129.8580825535174,22.745546340942383
