,area,approx_perimeter,diameter
0,99.56284486042432,71.97937028341205,9.665508270263672
1,99.56284486042432,71.97937028341205,13.115435600280762
