,area,approx_perimeter,diameter
0,70.96979809239949,59.91849528946236,8.904470443725586
1,70.96979809239949,59.91849528946236,10.147886276245117
