,area,approx_perimeter,diameter
0,53.0084653691879,52.18534774628916,7.279414176940918
1,53.0084653691879,52.18534774628916,9.271690368652344
