,area,approx_perimeter,diameter
0,82.33606765684712,64.35479077074245,10.02078628540039
1,82.33606765684712,64.35479077074245,10.461607933044434
