,area,approx_perimeter,diameter
0,134.2210975454529,82.91852564041459,11.681380271911621
1,134.2210975454529,82.91852564041459,14.629744529724121
