,area,approx_perimeter,diameter
0,161.85922769798702,91.56292161664712,12.456037521362305
1,161.85922769798702,91.56292161664712,16.545034408569336
