,area,approx_perimeter,diameter
0,294.8095457845225,123.21518660473413,17.05635643005371
1,294.8095457845225,123.21518660473413,22.007230758666992
