,area,approx_perimeter,diameter
0,249.5713242667329,114.34482045224473,15.085911750793457
1,249.5713242667329,114.34482045224473,21.063631057739258
