,area,approx_perimeter,diameter
0,242.45833852325728,112.20513146858288,15.156277656555176
1,242.45833852325728,112.20513146858288,20.368295669555664
