,area,approx_perimeter,diameter
0,97.68528153065812,70.71146724290345,9.988494873046875
1,97.68528153065812,70.71146724290345,12.45200252532959
