,area,approx_perimeter,diameter
0,234.73787354416308,111.15619926075463,14.494662284851074
1,234.73787354416308,111.15619926075463,20.619834899902344
