,area,approx_perimeter,diameter
0,277.49387943535277,119.98036435843652,16.250732421875
1,277.49387943535277,119.98036435843652,21.741554260253906
