,area,approx_perimeter,diameter
0,221.31053127947027,106.61466700101195,14.885393142700195
1,221.31053127947027,106.61466700101195,18.930055618286133
