,area,approx_perimeter,diameter
0,411.5030778348521,145.928601407869,19.904138565063477
1,411.5030778348521,145.928601407869,26.32326889038086
