,area,approx_perimeter,diameter
0,266.1479336512893,116.13045611074158,17.106306076049805
1,266.1479336512893,116.13045611074158,19.80965805053711
