,area,approx_perimeter,diameter
0,188.3573963978431,98.24903952536616,13.819927215576172
1,188.3573963978431,98.24903952536616,17.353498458862305
