,area,approx_perimeter,diameter
0,234.09951444803872,109.09219696972883,15.826102256774902
1,234.09951444803872,109.09219696972883,18.833744049072266
