,area,approx_perimeter,diameter
0,465.47695706717394,161.7794266139645,18.45462417602539
1,465.47695706717394,161.7794266139645,32.11464309692383
