,area,approx_perimeter,diameter
0,88.35613529162951,66.75356563652447,10.118821144104004
1,88.35613529162951,66.75356563652447,11.11775016784668
