,area,approx_perimeter,diameter
0,110.99740976399839,75.64291382524935,10.438255310058594
1,110.99740976399839,75.64291382524935,13.539263725280762
