,area,approx_perimeter,diameter
0,108.91911424882237,75.07772830418929,10.239618301391602
1,108.91911424882237,75.07772830418929,13.543485641479492
