,area,approx_perimeter,diameter
0,374.75549463210467,138.01312162681924,20.040658950805664
1,374.75549463210467,138.01312162681924,23.80927276611328
