,area,approx_perimeter,diameter
0,196.1280926834785,103.46926954149659,12.47098445892334
1,196.1280926834785,103.46926954149659,20.023923873901367
