,area,approx_perimeter,diameter
0,71.34890717093145,59.902143298682674,9.354736328125
1,71.34890717093145,59.902143298682674,9.711043357849121
