,area,approx_perimeter,diameter
0,220.41260422428135,106.95805834110938,14.465938568115234
1,220.41260422428135,106.95805834110938,19.399919509887695
