,area,approx_perimeter,diameter
0,133.8872669345787,82.11812044830971,12.58810043334961
1,133.8872669345787,82.11812044830971,13.54219913482666
