,area,approx_perimeter,diameter
0,227.36613444043425,107.20549574594857,16.00403594970703
1,227.36613444043425,107.20549574594857,18.088659286499023
