,area,approx_perimeter,diameter
0,80.69557177448168,63.721459977196126,9.87279987335205
1,80.69557177448168,63.721459977196126,10.406854629516602
