,area,approx_perimeter,diameter
0,175.02728645928264,95.74812687121882,12.63855266571045
1,175.02728645928264,95.74812687121882,17.632688522338867
