,area,approx_perimeter,diameter
0,169.9835528373815,92.711270420895,13.812243461608887
1,169.9835528373815,92.711270420895,15.669415473937988
