,area,approx_perimeter,diameter
0,144.90955677469296,85.84004327694936,12.440972328186035
1,144.90955677469296,85.84004327694936,14.830398559570312
