,area,approx_perimeter,diameter
0,282.7067808096191,120.24033275997294,17.039112091064453
1,282.7067808096191,120.24033275997294,21.12512969970703
