,area,approx_perimeter,diameter
0,280.86253791371126,118.94757966287818,18.202640533447266
1,280.86253791371126,118.94757966287818,19.64579200744629
