,area,approx_perimeter,diameter
0,134.60789292874816,83.03802648001819,11.69810676574707
1,134.60789292874816,83.03802648001819,14.650925636291504
