,area,approx_perimeter,diameter
0,265.5667318881601,115.74247533683332,17.514732360839844
1,265.5667318881601,115.74247533683332,19.305465698242188
