,area,approx_perimeter,diameter
0,145.73043901905484,86.80292630446561,11.870813369750977
1,145.73043901905484,86.80292630446561,15.630753517150879
