,area,approx_perimeter,diameter
0,137.24915051150967,84.57536503334381,11.310516357421875
1,137.24915051150967,84.57536503334381,15.450315475463867
