,area,approx_perimeter,diameter
0,264.68128674117565,117.74357887316268,15.542232513427734
1,264.68128674117565,117.74357887316268,21.683029174804688
