,area,approx_perimeter,diameter
0,385.2629740479755,140.62259938814287,19.675466537475586
1,385.2629740479755,140.62259938814287,24.93115234375
