,area,approx_perimeter,diameter
0,332.7137052170409,133.02840943439617,16.928569793701172
1,332.7137052170409,133.02840943439617,25.024219512939453
