,area,approx_perimeter,diameter
0,101.87203077809521,71.89223622831088,10.525618553161621
1,101.87203077809521,71.89223622831088,12.323028564453125
