,area,approx_perimeter,diameter
0,264.56336398134937,117.12941968612459,15.881627082824707
1,264.56336398134937,117.12941968612459,21.210203170776367
