,area,approx_perimeter,diameter
0,217.1690925713733,107.0464470310786,13.876754760742188
1,217.1690925713733,107.0464470310786,19.92600440979004
