,area,approx_perimeter,diameter
0,52.48710655193976,51.36469127935423,8.148362159729004
1,52.48710655193976,51.36469127935423,8.201483726501465
