,area,approx_perimeter,diameter
0,23.185578349347974,34.14983216569113,5.31998348236084
1,23.185578349347974,34.14983216569113,5.549038887023926
