,area,approx_perimeter,diameter
0,83.61675759330497,65.31843950344401,9.335022926330566
1,83.61675759330497,65.31843950344401,11.404809951782227
