,area,approx_perimeter,diameter
0,306.24174840826385,124.70601815164332,18.179737091064453
1,306.24174840826385,124.70601815164332,21.44800567626953
