,area,approx_perimeter,diameter
0,623.9462100464183,184.04461037396894,22.4259033203125
1,623.9462100464183,184.04461037396894,35.4247932434082
