,area,approx_perimeter,diameter
0,117.66875519312224,77.56843711995725,10.997204780578613
1,117.66875519312224,77.56843711995725,13.62350845336914
