,area,approx_perimeter,diameter
0,24.38419360075933,35.06946753915309,5.312512397766113
1,24.38419360075933,35.06946753915309,5.844112396240234
