,area,approx_perimeter,diameter
0,162.93426187963937,91.02441594743324,13.189661979675293
1,162.93426187963937,91.02441594743324,15.728556632995605
