,area,approx_perimeter,diameter
0,166.18555581816156,91.92025551317622,13.32931137084961
1,166.18555581816156,91.92025551317622,15.874340057373047
