,area,approx_perimeter,diameter
0,216.49044600750847,105.00843940974637,15.112802505493164
1,216.49044600750847,105.00843940974637,18.239118576049805
