,area,approx_perimeter,diameter
0,334.7739060603783,130.31392126125758,19.095590591430664
1,334.7739060603783,130.31392126125758,22.32176971435547
