,area,approx_perimeter,diameter
0,24.005849566262903,34.7416198538536,5.456180095672607
1,24.005849566262903,34.7416198538536,5.601940631866455
