,area,approx_perimeter,diameter
0,284.3702627709884,128.2971776082576,13.93026065826416
1,284.3702627709884,128.2971776082576,25.991722106933594
