,area,approx_perimeter,diameter
0,195.5459606130883,99.51463724900454,14.701187133789062
1,195.5459606130883,99.51463724900454,16.935832977294922
