,area,approx_perimeter,diameter
0,214.85249421648464,104.51125165515502,15.161717414855957
1,214.85249421648464,104.51125165515502,18.042724609375
