,area,approx_perimeter,diameter
0,31.163202692088465,40.916764934925055,5.094438076019287
1,31.163202692088465,40.916764934925055,7.788537502288818
