,area,approx_perimeter,diameter
0,155.85665807798074,88.69744868914749,13.360007286071777
1,155.85665807798074,88.69744868914749,14.853499412536621
