,area,approx_perimeter,diameter
0,188.3809585353521,97.73974125563015,14.342164993286133
1,188.3809585353521,97.73974125563015,16.72370147705078
