,area,approx_perimeter,diameter
0,130.52077072822175,90.64190930921866,8.661128997802734
1,130.52077072822175,90.64190930921866,19.187360763549805
