,area,approx_perimeter,diameter
0,123.63677804573697,78.89155013389686,12.158429145812988
1,123.63677804573697,78.89155013389686,12.947333335876465
