,area,approx_perimeter,diameter
0,73.54176246614999,61.025251850900986,9.01954174041748
1,73.54176246614999,61.025251850900986,10.381489753723145
