,area,approx_perimeter,diameter
0,224.8681229696283,106.84355374673159,15.599045753479004
1,224.8681229696283,106.84355374673159,18.35439109802246
