,area,approx_perimeter,diameter
0,141.88106819427324,85.6130634354987,11.737213134765625
1,141.88106819427324,85.6130634354987,15.391097068786621
