,area,approx_perimeter,diameter
0,6.494223451301626,27.310832345089533,1.2694013118743896
1,6.494223451301626,27.310832345089533,6.513859748840332
2,6.494223451301626,27.310832345089533,5.175328254699707
3,6.494223451301626,27.310832345089533,9.088650703430176
