,area,approx_perimeter,diameter
0,149.21983665945123,87.08981886214707,12.644194602966309
1,149.21983665945123,87.08981886214707,15.026073455810547
