,area,approx_perimeter,diameter
0,77.88893336347914,63.17668906401961,8.889119148254395
1,77.88893336347914,63.17668906401961,11.156478881835938
2,77.88893336347914,63.17668906401961,7.6542816162109375
3,77.88893336347914,63.17668906401961,11.063948631286621
