,area,approx_perimeter,diameter
0,73.42190437880026,61.251944346299545,8.705605506896973
1,73.42190437880026,61.251944346299545,10.738330841064453
