,area,approx_perimeter,diameter
0,92.28260263424339,68.22599565640104,10.329916000366211
1,92.28260263424339,68.22599565640104,11.37452220916748
