,area,approx_perimeter,diameter
0,185.64758242469418,98.26756340234019,13.211091995239258
1,185.64758242469418,98.26756340234019,17.892074584960938
