,area,approx_perimeter,diameter
0,26.49487601449501,36.78903784334606,5.234976768493652
1,26.49487601449501,36.78903784334606,6.44402551651001
