,area,approx_perimeter,diameter
0,25.940467481469803,36.31495041037852,5.2679123878479
1,25.940467481469803,36.31495041037852,6.269737720489502
