,area,approx_perimeter,diameter
0,222.60681134710106,106.41788302889866,15.391806602478027
1,222.60681134710106,106.41788302889866,18.414459228515625
