,area,approx_perimeter,diameter
0,146.59253824497512,89.13490968901404,10.897308349609375
1,146.59253824497512,89.13490968901404,17.127845764160156
