,area,approx_perimeter,diameter
0,213.25212570700677,105.3132812816781,14.163506507873535
1,213.25212570700677,105.3132812816781,19.170467376708984
