,area,approx_perimeter,diameter
0,109.68461051162006,74.99397183120212,10.529390335083008
1,109.68461051162006,74.99397183120212,13.263330459594727
