,area,approx_perimeter,diameter
0,261.2198599031683,120.43065559875835,14.054065704345703
1,261.2198599031683,120.43065559875835,23.66542625427246
