,area,approx_perimeter,diameter
0,69.68922612239399,59.321443272914095,8.9132080078125
1,69.68922612239399,59.321443272914095,9.955010414123535
