,area,approx_perimeter,diameter
0,85.87790294848932,66.20078246101095,9.45555305480957
1,85.87790294848932,66.20078246101095,11.563907623291016
