,area,approx_perimeter,diameter
0,38.393415059512634,43.94157533625761,6.863064765930176
1,38.393415059512634,43.94157533625761,7.122767448425293
