,area,approx_perimeter,diameter
0,315.52115634329675,127.68934288095403,17.490646362304688
1,315.52115634329675,127.68934288095403,22.968505859375
