,area,approx_perimeter,diameter
0,204.55569469678426,101.69950967599057,15.157820701599121
1,204.55569469678426,101.69950967599057,17.182443618774414
