,area,approx_perimeter,diameter
0,242.96815581068367,111.25577786430455,15.99905014038086
1,242.96815581068367,111.25577786430455,19.335939407348633
