,area,approx_perimeter,diameter
0,247.28924121628094,112.06105134542108,16.337417602539062
1,247.28924121628094,112.06105134542108,19.272228240966797
