,area,approx_perimeter,diameter
0,124.61030460270072,79.41931179021982,11.765124320983887
1,124.61030460270072,79.41931179021982,13.485515594482422
