,area,approx_perimeter,diameter
0,206.88755998892927,102.32215101832361,15.175664901733398
1,206.88755998892927,102.32215101832361,17.35788345336914
