,area,approx_perimeter,diameter
0,120.41442771498934,78.59841016159038,11.014606475830078
1,120.41442771498934,78.59841016159038,13.91937255859375
