,area,approx_perimeter,diameter
0,219.88361804160357,106.1836965820739,14.906675338745117
1,219.88361804160357,106.1836965820739,18.781150817871094
