,area,approx_perimeter,diameter
0,91.70238146342125,68.34467634171713,9.834400177001953
1,91.70238146342125,68.34467634171713,11.872518539428711
