,area,approx_perimeter,diameter
0,28.72382272506122,38.44314418707319,5.336811065673828
1,28.72382272506122,38.44314418707319,6.85283899307251
