,area,approx_perimeter,diameter
0,100.09191489458415,71.19678137529787,10.5182466506958
1,100.09191489458415,71.19678137529787,12.116181373596191
