,area,approx_perimeter,diameter
0,148.31087147117407,86.88546737729786,12.53874683380127
1,148.31087147117407,86.88546737729786,15.060138702392578
