,area,approx_perimeter,diameter
0,206.84720548305356,102.38945355913364,15.066219329833984
1,206.84720548305356,102.38945355913364,17.480566024780273
