,area,approx_perimeter,diameter
0,96.33377538955396,69.728781268932,10.51136589050293
1,96.33377538955396,69.728781268932,11.668889999389648
