,area,approx_perimeter,diameter
0,85.41985741061555,66.65274403612203,8.963835716247559
1,85.41985741061555,66.65274403612203,12.13319206237793
