,area,approx_perimeter,diameter
0,147.0940792262087,88.79042900528518,11.110800743103027
1,147.0940792262087,88.79042900528518,16.856210708618164
