,area,approx_perimeter,diameter
0,260.83043792042247,116.30159566554691,15.768269538879395
1,260.83043792042247,116.30159566554691,21.061260223388672
