,area,approx_perimeter,diameter
0,118.68344317460667,78.32529716665982,10.719079971313477
1,118.68344317460667,78.32529716665982,14.09752082824707
