,area,approx_perimeter,diameter
0,77.7656205045236,62.74753585663961,9.283065795898438
1,77.7656205045236,62.74753585663961,10.666116714477539
