,area,approx_perimeter,diameter
0,111.59901369664338,75.04263589395842,11.328734397888184
1,111.59901369664338,75.04263589395842,12.542643547058105
