,area,approx_perimeter,diameter
0,84.57575599480772,66.01901859048546,9.118770599365234
1,84.57575599480772,66.01901859048546,11.809179306030273
