,area,approx_perimeter,diameter
0,48.57887708656991,50.05124228982176,6.898987293243408
1,48.57887708656991,50.05124228982176,8.965453147888184
