,area,approx_perimeter,diameter
0,106.91252509784712,73.40865473219404,11.177742004394531
1,106.91252509784712,73.40865473219404,12.178242683410645
