,area,approx_perimeter,diameter
0,113.4377177569786,76.75743293757719,10.361802101135254
1,113.4377177569786,76.75743293757719,13.939022064208984
