,area,approx_perimeter,diameter
0,124.4196045453436,79.24768580625376,11.938989639282227
1,124.4196045453436,79.24768580625376,13.268791198730469
