,area,approx_perimeter,diameter
0,99.73632067560834,70.94880501587164,10.696765899658203
1,99.73632067560834,70.94880501587164,11.871646881103516
