,area,approx_perimeter,diameter
0,99.63261108063742,71.57746479794764,9.95461368560791
1,99.63261108063742,71.57746479794764,12.74345588684082
