,area,approx_perimeter,diameter
0,41.55500180495017,48.262790038614305,5.535885334014893
1,41.55500180495017,48.262790038614305,9.557544708251953
