,area,approx_perimeter,diameter
0,166.74014430373947,91.8394898096928,13.65345573425293
1,166.74014430373947,91.8394898096928,15.549187660217285
