,area,approx_perimeter,diameter
0,301.28280065299367,123.6337673579298,18.102819442749023
1,301.28280065299367,123.6337673579298,21.19035530090332
