,area,approx_perimeter,diameter
0,210.8799554604729,103.0881647630356,15.722456932067871
1,210.8799554604729,103.0881647630356,17.07752799987793
