,area,approx_perimeter,diameter
0,353.14331337480036,134.1728899281006,19.244441986083984
1,353.14331337480036,134.1728899281006,23.36446189880371
