,area,approx_perimeter,diameter
0,302.4541921192158,123.51070178623185,18.710189819335938
1,302.4541921192158,123.51070178623185,20.58218765258789
