,area,approx_perimeter,diameter
0,182.18808681703032,96.24394440413752,13.956610679626465
1,182.18808681703032,96.24394440413752,16.620731353759766
