,area,approx_perimeter,diameter
0,93.38149960978043,68.94975227985161,9.942472457885742
1,93.38149960978043,68.94975227985161,11.95849609375
