,area,approx_perimeter,diameter
0,130.4294871429269,81.16023693233998,12.184861183166504
1,130.4294871429269,81.16023693233998,13.62904167175293
