,area,approx_perimeter,diameter
0,81.85146884201563,64.23089796499592,9.781097412109375
1,81.85146884201563,64.23089796499592,10.654891014099121
