,area,approx_perimeter,diameter
0,168.42872882874988,92.04223189049131,14.339263916015625
1,168.42872882874988,92.04223189049131,14.955448150634766
