,area,approx_perimeter,diameter
0,27.690633911324284,37.421720330837935,5.570956230163574
1,27.690633911324284,37.421720330837935,6.328681945800781
