,area,approx_perimeter,diameter
0,290.3910265225169,122.75058639229324,16.6154727935791
1,290.3910265225169,122.75058639229324,22.252592086791992
