,area,approx_perimeter,diameter
0,81.84699978245708,64.31793054590942,9.607836723327637
1,81.84699978245708,64.31793054590942,10.846441268920898
