,area,approx_perimeter,diameter
0,341.0760951454787,131.14645272511612,19.897472381591797
1,341.0760951454787,131.14645272511612,21.825464248657227
