,area,approx_perimeter,diameter
0,165.03164658183874,92.0904296020613,12.835195541381836
1,165.03164658183874,92.0904296020613,16.370986938476562
