,area,approx_perimeter,diameter
0,197.37717187856637,100.0199969640715,14.714859962463379
1,197.37717187856637,100.0199969640715,17.07854652404785
