,area,approx_perimeter,diameter
0,252.904817874612,113.20081117810251,16.680055618286133
1,252.904817874612,113.20081117810251,19.304996490478516
