,area,approx_perimeter,diameter
0,378.32787558943073,138.6415786995334,20.16765785217285
1,378.32787558943073,138.6415786995334,23.884876251220703
