,area,approx_perimeter,diameter
0,256.4536216206712,115.17812098958588,15.728589057922363
1,256.4536216206712,115.17812098958588,20.760087966918945
