,area,approx_perimeter,diameter
0,42.64929449122759,47.6818497765956,6.037355899810791
1,42.64929449122759,47.6818497765956,8.994462013244629
