,area,approx_perimeter,diameter
0,41.92337177291706,46.1748446153884,6.687452793121338
1,41.92337177291706,46.1748446153884,7.981887340545654
