,area,approx_perimeter,diameter
0,109.85039172218363,74.39644922837985,11.364684104919434
1,109.85039172218363,74.39644922837985,12.307061195373535
