,area,approx_perimeter,diameter
0,149.7375695538487,87.6027019857863,12.319424629211426
1,149.7375695538487,87.6027019857863,15.475706100463867
