,area,approx_perimeter,diameter
0,45.1719624623688,47.734322515421454,7.225766658782959
1,45.1719624623688,47.734322515421454,7.959671497344971
