,area,approx_perimeter,diameter
0,102.08411691795709,71.73330784350053,10.918987274169922
1,102.08411691795709,71.73330784350053,11.90380859375
