,area,approx_perimeter,diameter
0,213.59992655025363,104.49906109010107,14.825882911682129
1,213.59992655025363,104.49906109010107,18.343856811523438
