,area,approx_perimeter,diameter
0,94.2662245510283,69.12315204656535,10.167682647705078
1,94.2662245510283,69.12315204656535,11.80440902709961
2,94.2662245510283,69.12315204656535,11.081270217895508
3,94.2662245510283,69.12315204656535,13.532108306884766
