,area,approx_perimeter,diameter
0,215.02981259168385,105.28642908148882,14.526554107666016
1,215.02981259168385,105.28642908148882,18.847171783447266
