,area,approx_perimeter,diameter
0,138.82518123424816,84.04629119791768,12.146848678588867
1,138.82518123424816,84.04629119791768,14.55173397064209
