,area,approx_perimeter,diameter
0,77.52803571697213,62.61671839434103,9.32083511352539
1,77.52803571697213,62.61671839434103,10.590441703796387
