,area,approx_perimeter,diameter
0,29.982538510651054,38.97089063946325,5.751123428344727
1,29.982538510651054,38.97089063946325,6.6378254890441895
