,area,approx_perimeter,diameter
0,62.41658940646023,56.49599091533074,8.007911682128906
1,62.41658940646023,56.49599091533074,9.924094200134277
