,area,approx_perimeter,diameter
0,190.5797189129932,98.75357939354906,13.963555335998535
1,190.5797189129932,98.75357939354906,17.377639770507812
