,area,approx_perimeter,diameter
0,104.4223742609631,72.73602934455909,10.722168922424316
1,104.4223742609631,72.73602934455909,12.399981498718262
