,area,approx_perimeter,diameter
0,134.3352489613597,82.85748447990204,11.770404815673828
1,134.3352489613597,82.85748447990204,14.531441688537598
