,area,approx_perimeter,diameter
0,275.33409982222275,119.75300518956801,16.041194915771484
1,275.33409982222275,119.75300518956801,21.854124069213867
