,area,approx_perimeter,diameter
0,172.54802816546749,93.38045275380597,13.960750579833984
1,172.54802816546749,93.38045275380597,15.736616134643555
