,area,approx_perimeter,diameter
0,180.0051193106486,96.78804830183532,12.993618965148926
1,180.0051193106486,96.78804830183532,17.638629913330078
