,area,approx_perimeter,diameter
0,78.82683778564655,62.99755707219784,9.694334983825684
1,78.82683778564655,62.99755707219784,10.352999687194824
