,area,approx_perimeter,diameter
0,76.71454709686869,62.52155805608567,8.983688354492188
1,76.71454709686869,62.52155805608567,10.872593879699707
