,area,approx_perimeter,diameter
0,168.48311342766388,94.21684548856292,12.2572660446167
1,168.48311342766388,94.21684548856292,17.50140380859375
