,area,approx_perimeter,diameter
0,197.27294292311774,100.58697891460373,14.110661506652832
1,197.27294292311774,100.58697891460373,17.8004207611084
