,area,approx_perimeter,diameter
0,73.53082203134053,61.571918818128125,8.492176055908203
1,73.53082203134053,61.571918818128125,11.024541854858398
