,area,approx_perimeter,diameter
0,113.67258794765908,76.18156356986185,10.862117767333984
1,113.67258794765908,76.18156356986185,13.32451343536377
