,area,approx_perimeter,diameter
0,62.98016655379056,56.870983432257624,7.9435224533081055
1,62.98016655379056,56.870983432257624,10.094871520996094
