,area,approx_perimeter,diameter
0,170.06857902487562,92.9992916475954,13.471580505371094
1,170.06857902487562,92.9992916475954,16.073692321777344
