,area,approx_perimeter,diameter
0,315.04639390915855,129.57181217224138,16.41846466064453
1,315.04639390915855,129.57181217224138,24.431610107421875
