,area,approx_perimeter,diameter
0,348.0392301719905,133.77116231268957,18.611703872680664
1,348.0392301719905,133.77116231268957,23.80960464477539
