,area,approx_perimeter,diameter
0,86.16145891732788,66.77931818493711,9.104598999023438
1,86.16145891732788,66.77931818493711,12.049314498901367
