,area,approx_perimeter,diameter
0,53.68066285136116,52.129404762352145,7.717691898345947
1,53.68066285136116,52.129404762352145,8.856060028076172
