,area,approx_perimeter,diameter
0,100.62043100868672,71.45289350394901,10.456226348876953
1,100.62043100868672,71.45289350394901,12.25240421295166
