,area,approx_perimeter,diameter
0,199.52230205655007,101.07210426042171,14.263126373291016
1,199.52230205655007,101.07210426042171,17.81093978881836
