,area,approx_perimeter,diameter
0,23.990162513572944,35.13740410861004,4.873937606811523
1,23.990162513572944,35.13740410861004,6.26705265045166
