,area,approx_perimeter,diameter
0,106.3039913618344,73.45194018343454,10.736733436584473
1,106.3039913618344,73.45194018343454,12.60629653930664
