,area,approx_perimeter,diameter
0,114.59034895958902,76.54879729282791,10.850849151611328
1,114.59034895958902,76.54879729282791,13.446041107177734
