,area,approx_perimeter,diameter
0,359.7128188575731,135.79360587411372,19.081533432006836
1,359.7128188575731,135.79360587411372,24.002294540405273
