,area,approx_perimeter,diameter
0,25.955957374521024,36.577779677408266,5.0484442710876465
1,25.955957374521024,36.577779677408266,6.546205043792725
