,area,approx_perimeter,diameter
0,179.1521644649213,95.58869054361692,13.683975219726562
1,179.1521644649213,95.58869054361692,16.669397354125977
