,area,approx_perimeter,diameter
0,133.6563491341754,83.50811649608895,11.134370803833008
1,133.6563491341754,83.50811649608895,15.283894538879395
