,area,approx_perimeter,diameter
0,206.12847243408572,101.90211863427149,15.590505599975586
1,206.12847243408572,101.90211863427149,16.834022521972656
