,area,approx_perimeter,diameter
0,161.84185422144913,90.42673084588145,13.538125038146973
1,161.84185422144913,90.42673084588145,15.22097396850586
