,area,approx_perimeter,diameter
0,128.866500744074,80.84434329636203,11.855838775634766
1,128.866500744074,80.84434329636203,13.8394193649292
