,area,approx_perimeter,diameter
0,89.90221294963622,67.41912496152942,10.052596092224121
1,89.90221294963622,67.41912496152942,11.386815071105957
