,area,approx_perimeter,diameter
0,178.48059914072994,95.28182738597948,13.789453506469727
1,178.48059914072994,95.28182738597948,16.479881286621094
