,area,approx_perimeter,diameter
0,292.75724979809695,122.58460848972979,17.150161743164062
1,292.75724979809695,122.58460848972979,21.734495162963867
