,area,approx_perimeter,diameter
0,264.62185099377103,120.24441475839274,14.465352058410645
1,264.62185099377103,120.24441475839274,23.292001724243164
