,area,approx_perimeter,diameter
0,182.95527497606656,96.69463877432997,13.737648963928223
1,182.95527497606656,96.69463877432997,16.956750869750977
