,area,approx_perimeter,diameter
0,137.93157762966405,83.7211173752185,12.167671203613281
1,137.93157762966405,83.7211173752185,14.433323860168457
