,area,approx_perimeter,diameter
0,381.57105053178776,140.1480343867278,19.426910400390625
1,381.57105053178776,140.1480343867278,25.008163452148438
