,area,approx_perimeter,diameter
0,103.94365545969065,73.60702546750665,9.839905738830566
1,103.94365545969065,73.60702546750665,13.449841499328613
