,area,approx_perimeter,diameter
0,240.3959815753423,110.40045274178456,16.216537475585938
1,240.3959815753423,110.40045274178456,18.874662399291992
