,area,approx_perimeter,diameter
0,116.59080404241858,76.84126652338357,11.351722717285156
1,116.59080404241858,76.84126652338357,13.077136039733887
