,area,approx_perimeter,diameter
0,73.37908016426842,60.89453437085008,9.106222152709961
1,73.37908016426842,60.89453437085008,10.259923934936523
