,area,approx_perimeter,diameter
0,141.21964654390663,84.63809026235992,12.401571273803711
1,141.21964654390663,84.63809026235992,14.498682022094727
