,area,approx_perimeter,diameter
0,60.21465721834339,55.12083324819906,8.32485580444336
1,60.21465721834339,55.12083324819906,9.209490776062012
