,area,approx_perimeter,diameter
0,156.8488855574851,89.46478126828762,12.78087329864502
1,156.8488855574851,89.46478126828762,15.625395774841309
