,area,approx_perimeter,diameter
0,166.03253960819936,91.6674323164026,13.589966773986816
1,166.03253960819936,91.6674323164026,15.555534362792969
