,area,approx_perimeter,diameter
0,73.87309538241803,61.164073066052545,9.037724494934082
1,73.87309538241803,61.164073066052545,10.407281875610352
