,area,approx_perimeter,diameter
0,231.82836258969618,108.93363197697688,15.386786460876465
1,231.82836258969618,108.93363197697688,19.18354034423828
