,area,approx_perimeter,diameter
0,243.83583750917205,110.85888785902114,16.887453079223633
1,243.83583750917205,110.85888785902114,18.38414764404297
