,area,approx_perimeter,diameter
0,271.82211871437283,117.78213629832817,16.81865119934082
1,271.82211871437283,117.78213629832817,20.578027725219727
