,area,approx_perimeter,diameter
0,90.0297757005661,68.10880831101193,9.41226577758789
1,90.0297757005661,68.10880831101193,12.178732872009277
