,area,approx_perimeter,diameter
0,85.26430984366503,65.47930185685493,10.251873016357422
1,85.26430984366503,65.47930185685493,10.589468955993652
