,area,approx_perimeter,diameter
0,125.43448062852893,79.75844254260865,11.699565887451172
1,125.43448062852893,79.75844254260865,13.650774955749512
