,area,approx_perimeter,diameter
0,115.28127197619524,76.79221403459192,10.872035026550293
1,115.28127197619524,76.79221403459192,13.500754356384277
