,area,approx_perimeter,diameter
0,132.48190341397992,82.62224581545284,11.416547775268555
1,132.48190341397992,82.62224581545284,14.77514934539795
