,area,approx_perimeter,diameter
0,110.8896569167798,75.17828815322423,10.791193962097168
1,110.8896569167798,75.17828815322423,13.083732604980469
