,area,approx_perimeter,diameter
0,147.35210686362262,87.90685890662668,11.5675048828125
1,147.35210686362262,87.90685890662668,16.219100952148438
