,area,approx_perimeter,diameter
0,108.7812915378654,76.6313095368809,9.445172309875488
1,108.7812915378654,76.6313095368809,14.664067268371582
