,area,approx_perimeter,diameter
0,655.3587267001438,183.2957022309254,25.751834869384766
1,655.3587267001438,183.2957022309254,32.402687072753906
