,area,approx_perimeter,diameter
0,258.28272174083156,114.43428707276578,16.808589935302734
1,258.28272174083156,114.43428707276578,19.56474494934082
