,area,approx_perimeter,diameter
0,66.81289623762112,58.084507865350744,8.727019309997559
1,66.81289623762112,58.084507865350744,9.74775218963623
