,area,approx_perimeter,diameter
0,23.794608461425664,34.81909604550996,5.00431489944458
1,23.794608461425664,34.81909604550996,6.054022789001465
2,23.794608461425664,34.81909604550996,5.584451675415039
3,23.794608461425664,34.81909604550996,5.7461934089660645
