,area,approx_perimeter,diameter
0,100.05922837698735,71.46940681224325,10.195664405822754
1,100.05922837698735,71.46940681224325,12.495445251464844
