,area,approx_perimeter,diameter
0,62.19613199167186,56.369224815788954,8.018031120300293
1,62.19613199167186,56.369224815788954,9.876561164855957
