,area,approx_perimeter,diameter
0,112.31056500496148,76.30482984423115,10.354256629943848
1,112.31056500496148,76.30482984423115,13.810576438903809
