,area,approx_perimeter,diameter
0,201.9577199406891,104.87232975887827,12.698907852172852
1,201.9577199406891,104.87232975887827,20.2490291595459
