,area,approx_perimeter,diameter
0,178.7004424306411,95.41478675495877,13.719779014587402
1,178.7004424306411,95.41478675495877,16.583974838256836
