,area,approx_perimeter,diameter
0,104.7674859604992,72.9178292808398,10.660500526428223
1,104.7674859604992,72.9178292808398,12.512930870056152
