,area,approx_perimeter,diameter
0,157.36927745504644,89.87754965821692,12.572524070739746
1,157.36927745504644,89.87754965821692,15.937037467956543
