,area,approx_perimeter,diameter
0,134.00488144085213,85.38901375039495,10.357589721679688
1,134.00488144085213,85.38901375039495,16.47297477722168
