,area,approx_perimeter,diameter
0,203.47480121007908,102.08550318695339,14.389087677001953
1,203.47480121007908,102.08550318695339,18.0047664642334
