,area,approx_perimeter,diameter
0,291.57001782191685,121.29586680167269,18.313291549682617
1,291.57001782191685,121.29586680167269,20.27153205871582
