,area,approx_perimeter,diameter
0,217.7800216487073,105.65201755362602,14.853740692138672
1,217.7800216487073,105.65201755362602,18.66776466369629
