,area,approx_perimeter,diameter
0,31.11047438361634,40.28097903187808,5.376488208770752
1,31.11047438361634,40.28097903187808,7.367464542388916
