,area,approx_perimeter,diameter
0,189.28932765737073,97.83472523476352,14.57519817352295
1,189.28932765737073,97.83472523476352,16.535669326782227
