,area,approx_perimeter,diameter
0,93.17887527042338,69.37570001270852,9.514961242675781
1,93.17887527042338,69.37570001270852,12.468682289123535
