,area,approx_perimeter,diameter
0,246.9099359551086,113.3064399833294,15.248345375061035
1,246.9099359551086,113.3064399833294,20.617023468017578
