,area,approx_perimeter,diameter
0,107.45753552342897,73.96373239912421,10.66586971282959
1,107.45753552342897,73.96373239912421,12.827756881713867
