,area,approx_perimeter,diameter
0,165.15065177873004,92.1072943747447,12.852484703063965
1,165.15065177873004,92.1072943747447,16.360754013061523
