,area,approx_perimeter,diameter
0,43.92100446939806,47.10484879569075,7.056682586669922
1,43.92100446939806,47.10484879569075,7.924681186676025
