,area,approx_perimeter,diameter
0,167.52838529825868,91.93685477010044,13.89394474029541
1,167.52838529825868,91.93685477010044,15.352282524108887
