,area,approx_perimeter,diameter
0,119.99738400926717,78.64587118288016,10.856017112731934
1,119.99738400926717,78.64587118288016,14.073800086975098
