,area,approx_perimeter,diameter
0,219.13555524034808,105.27653677453118,15.665094375610352
1,219.13555524034808,105.27653677453118,17.811067581176758
