,area,approx_perimeter,diameter
0,117.88180772802691,77.26862758008618,11.410076141357422
1,117.88180772802691,77.26862758008618,13.154318809509277
