,area,approx_perimeter,diameter
0,250.86295837518517,116.40262497528965,14.331448554992676
1,250.86295837518517,116.40262497528965,22.287254333496094
