,area,approx_perimeter,diameter
0,199.3786042805552,100.50744589812227,14.813870429992676
1,199.3786042805552,100.50744589812227,17.13642120361328
