,area,approx_perimeter,diameter
0,115.29008073074809,76.20763101143893,11.665207862854004
1,115.29008073074809,76.20763101143893,12.583735466003418
