,area,approx_perimeter,diameter
0,212.5137695832848,103.76237141897465,15.298149108886719
1,212.5137695832848,103.76237141897465,17.68716812133789
