,area,approx_perimeter,diameter
0,164.21695984897195,91.07407939463673,13.66098403930664
1,164.21695984897195,91.07407939463673,15.305451393127441
