,area,approx_perimeter,diameter
0,309.0468301680128,127.42966643931778,16.68883514404297
1,309.0468301680128,127.42966643931778,23.57807731628418
