,area,approx_perimeter,diameter
0,321.4080671070167,128.63084045604202,17.82590103149414
1,321.4080671070167,128.63084045604202,22.957014083862305
