,area,approx_perimeter,diameter
0,291.91566226689537,123.11085627246207,16.635053634643555
1,291.91566226689537,123.11085627246207,22.343093872070312
