,area,approx_perimeter,diameter
0,73.61455529841292,60.89904487649653,9.31159782409668
1,73.61455529841292,60.89904487649653,10.06583023071289
