,area,approx_perimeter,diameter
0,215.97775940747368,105.13214843953313,14.861434936523438
1,215.97775940747368,105.13214843953313,18.503692626953125
