,area,approx_perimeter,diameter
0,106.35663381005227,73.3230964291276,10.94464111328125
1,106.35663381005227,73.3230964291276,12.372947692871094
