,area,approx_perimeter,diameter
0,33.78581856154225,42.14480362675563,5.512085914611816
1,33.78581856154225,42.14480362675563,7.804203510284424
