,area,approx_perimeter,diameter
0,201.3525783595561,101.39228481493903,14.45562744140625
1,201.3525783595561,101.39228481493903,17.734966278076172
