,area,approx_perimeter,diameter
0,440.6470223365674,149.51655423441065,21.895565032958984
1,440.6470223365674,149.51655423441065,25.62387466430664
