,area,approx_perimeter,diameter
0,285.328020567485,125.54919161940968,14.788862228393555
1,285.328020567485,125.54919161940968,24.565170288085938
