,area,approx_perimeter,diameter
0,118.44341364915205,77.33705745462044,11.618948936462402
1,118.44341364915205,77.33705745462044,12.979387283325195
