,area,approx_perimeter,diameter
0,392.7119042445204,141.67884621366966,20.115680694580078
1,392.7119042445204,141.67884621366966,24.85704231262207
