,area,approx_perimeter,diameter
0,108.75866154703189,74.52601677047032,10.616103172302246
1,108.75866154703189,74.52601677047032,13.043941497802734
