,area,approx_perimeter,diameter
0,221.09719561868081,105.43584168557685,16.548856735229492
1,221.09719561868081,105.43584168557685,17.01082420349121
