,area,approx_perimeter,diameter
0,250.3232696166964,112.26564249952001,17.267841339111328
1,250.3232696166964,112.26564249952001,18.457517623901367
