,area,approx_perimeter,diameter
0,140.41987666467952,84.26642203322547,12.550378799438477
1,140.41987666467952,84.26642203322547,14.245636940002441
