,area,approx_perimeter,diameter
0,308.41976278048054,128.87564331909257,15.96529483795166
1,308.41976278048054,128.87564331909257,24.596616744995117
