,area,approx_perimeter,diameter
0,295.6579225470114,128.15415439648092,14.942222595214844
1,295.6579225470114,128.15415439648092,25.19326400756836
