,area,approx_perimeter,diameter
0,124.77525065623665,79.93430508717243,11.274088859558105
1,124.77525065623665,79.93430508717243,14.091496467590332
