,area,approx_perimeter,diameter
0,172.96994644327444,93.4387171618932,14.07720947265625
1,172.96994644327444,93.4387171618932,15.644590377807617
