,area,approx_perimeter,diameter
0,11.886406635563,24.48562868637829,3.7078115940093994
1,11.886406635563,24.48562868637829,4.081718444824219
2,11.886406635563,24.48562868637829,4.810529708862305
3,11.886406635563,24.48562868637829,7.815775394439697
