,area,approx_perimeter,diameter
0,129.6610002353697,80.7661420761244,12.54229736328125
1,129.6610002353697,80.7661420761244,13.16262149810791
