,area,approx_perimeter,diameter
0,80.64469797255649,63.70004101551397,9.874958038330078
1,80.64469797255649,63.70004101551397,10.39802074432373
