,area,approx_perimeter,diameter
0,58.15385408305951,54.50571453079143,7.753972053527832
1,58.15385408305951,54.50571453079143,9.549142837524414
