,area,approx_perimeter,diameter
0,109.84649477363722,74.41863862824235,11.307991981506348
1,109.84649477363722,74.41863862824235,12.36832332611084
