,area,approx_perimeter,diameter
0,103.84724550927281,72.79184005620564,10.403814315795898
1,103.84724550927281,72.79184005620564,12.709033012390137
