,area,approx_perimeter,diameter
0,88.10092366417156,66.55964720385579,10.420634269714355
1,88.10092366417156,66.55964720385579,10.76456356048584
