,area,approx_perimeter,diameter
0,102.06356439383411,71.97528444526603,10.516472816467285
1,102.06356439383411,71.97528444526603,12.356934547424316
