,area,approx_perimeter,diameter
0,78.23100189906883,62.82768467517407,9.489766120910645
1,78.23100189906883,62.82768467517407,10.496233940124512
