,area,approx_perimeter,diameter
0,136.7807911524167,83.37092247703602,12.117050170898438
1,136.7807911524167,83.37092247703602,14.372698783874512
