,area,approx_perimeter,diameter
0,250.39322911487605,112.23958215331196,17.41840362548828
1,250.39322911487605,112.23958215331196,18.30308723449707
