,area,approx_perimeter,diameter
0,113.40167679608362,75.64906713165932,11.414392471313477
1,113.40167679608362,75.64906713165932,12.6496000289917
