,area,approx_perimeter,diameter
0,200.95099330436233,102.88863116762134,13.38961124420166
1,200.95099330436233,102.88863116762134,19.10875129699707
