,area,approx_perimeter,diameter
0,55.112330130849934,53.037190193477905,7.570878028869629
1,55.112330130849934,53.037190193477905,9.26856803894043
