,area,approx_perimeter,diameter
0,155.38324604315713,88.46146412840481,13.57102108001709
1,155.38324604315713,88.46146412840481,14.578128814697266
