,area,approx_perimeter,diameter
0,151.4997835388117,88.08076780101354,12.421854019165039
1,151.4997835388117,88.08076780101354,15.528721809387207
