,area,approx_perimeter,diameter
0,156.7218101307114,89.31005838097502,12.8948335647583
1,156.7218101307114,89.31005838097502,15.474756240844727
