,area,approx_perimeter,diameter
0,103.95689424223407,72.82118608642325,10.418045997619629
1,103.95689424223407,72.82118608642325,12.705072402954102
