,area,approx_perimeter,diameter
0,91.50427342188827,68.45890600488099,9.64929485321045
1,91.50427342188827,68.45890600488099,12.074131965637207
