,area,approx_perimeter,diameter
0,86.93527831715193,66.60531178497703,9.515277862548828
1,86.93527831715193,66.60531178497703,11.632811546325684
