,area,approx_perimeter,diameter
0,104.21349272238932,73.05535320325761,10.300354957580566
1,104.21349272238932,73.05535320325761,12.8819580078125
