,area,approx_perimeter,diameter
0,159.9913536637203,92.45855209942256,11.647429466247559
1,159.9913536637203,92.45855209942256,17.489465713500977
