,area,approx_perimeter,diameter
0,290.8300555522067,123.14325360252398,16.447708129882812
1,290.8300555522067,123.14325360252398,22.513551712036133
