,area,approx_perimeter,diameter
0,196.04211617746193,100.43491290180908,13.940215110778809
1,196.04211617746193,100.43491290180908,17.90564727783203
