,area,approx_perimeter,diameter
0,134.57708645819145,82.70478292356056,12.009743690490723
1,134.57708645819145,82.70478292356056,14.267487525939941
