,area,approx_perimeter,diameter
0,117.14508638338363,77.01449786085739,11.391648292541504
1,117.14508638338363,77.01449786085739,13.093255043029785
