,area,approx_perimeter,diameter
0,102.15573181358423,72.49174985786324,10.06957721710205
1,102.15573181358423,72.49174985786324,12.916998863220215
