,area,approx_perimeter,diameter
0,184.7577696573408,96.60998184178716,14.476641654968262
1,184.7577696573408,96.60998184178716,16.24968719482422
