,area,approx_perimeter,diameter
0,340.85219080105253,131.576485474169,19.16529655456543
1,340.85219080105253,131.576485474169,22.644392013549805
