,area,approx_perimeter,diameter
0,99.50183498181798,71.8130455952461,9.751646041870117
1,99.50183498181798,71.8130455952461,12.991619110107422
