,area,approx_perimeter,diameter
0,139.37093093310298,84.4400694074714,11.949910163879395
1,139.37093093310298,84.4400694074714,14.849699974060059
