,area,approx_perimeter,diameter
0,115.9857025257266,76.36677036391369,11.97887134552002
1,115.9857025257266,76.36677036391369,12.328171730041504
