,area,approx_perimeter,diameter
0,106.95226896495728,73.32823193480229,11.538797378540039
1,106.95226896495728,73.32823193480229,11.80156421661377
