,area,approx_perimeter,diameter
0,103.20917815753646,72.10903748740724,11.024754524230957
1,103.20917815753646,72.10903748740724,11.919540405273438
