,area,approx_perimeter,diameter
0,92.47105697401307,68.29838470947627,10.334697723388672
1,92.47105697401307,68.29838470947627,11.392477035522461
