,area,approx_perimeter,diameter
0,27.55337131968085,37.27488588273111,5.655720233917236
1,27.55337131968085,37.27488588273111,6.202930927276611
