,area,approx_perimeter,diameter
0,44.76355208388455,47.737077484502485,6.884774684906006
1,44.76355208388455,47.737077484502485,8.278371810913086
