,area,approx_perimeter,diameter
0,99.62235093435184,71.12507883155627,10.371027946472168
1,99.62235093435184,71.12507883155627,12.230525016784668
