,area,approx_perimeter,diameter
0,155.0745439789256,90.96766419714054,11.492355346679688
1,155.0745439789256,90.96766419714054,17.180728912353516
