,area,approx_perimeter,diameter
0,130.0483739086302,81.10632307264385,12.060029029846191
1,130.0483739086302,81.10632307264385,13.729878425598145
