,area,approx_perimeter,diameter
0,423.0494172185362,147.21269453541805,20.736160278320312
1,423.0494172185362,147.21269453541805,25.976036071777344
