,area,approx_perimeter,diameter
0,125.50188776033798,80.58696946349706,10.99386978149414
1,125.50188776033798,80.58696946349706,14.53482437133789
