,area,approx_perimeter,diameter
0,110.43481431009096,74.71865288633794,11.147613525390625
1,110.43481431009096,74.71865288633794,12.613459587097168
