,area,approx_perimeter,diameter
0,105.33595330436658,72.90687502670201,11.005500793457031
1,105.33595330436658,72.90687502670201,12.186442375183105
