,area,approx_perimeter,diameter
0,122.27349951529769,78.62739537543972,11.720720291137695
1,122.27349951529769,78.62739537543972,13.282754898071289
