,area,approx_perimeter,diameter
0,227.94618977467292,107.18205448242705,16.33737564086914
1,227.94618977467292,107.18205448242705,17.764793395996094
