,area,approx_perimeter,diameter
0,154.29846655139136,89.14088010067397,12.339066505432129
1,154.29846655139136,89.14088010067397,15.921699523925781
