,area,approx_perimeter,diameter
0,52.40128431214685,51.950355901166915,7.188844680786133
1,52.40128431214685,51.950355901166915,9.280961036682129
