,area,approx_perimeter,diameter
0,30.056032510860085,39.004719930735824,5.777817726135254
1,30.056032510860085,39.004719930735824,6.623353481292725
