,area,approx_perimeter,diameter
0,135.0328455527264,83.7563552828066,11.29846477508545
1,135.0328455527264,83.7563552828066,15.217037200927734
