,area,approx_perimeter,diameter
0,82.11672652876872,64.53364818179335,9.465813636779785
1,82.11672652876872,64.53364818179335,11.045459747314453
