,area,approx_perimeter,diameter
0,180.90219010254495,95.63616376687416,14.259035110473633
1,180.90219010254495,95.63616376687416,16.15339469909668
