,area,approx_perimeter,diameter
0,29.873086367411027,39.45432704470758,5.278586387634277
1,29.873086367411027,39.45432704470758,7.2056403160095215
