,area,approx_perimeter,diameter
0,269.3064865949661,117.7221945073676,16.333683013916016
1,269.3064865949661,117.7221945073676,20.992918014526367
