,area,approx_perimeter,diameter
0,371.9261123126856,136.85265718022384,21.02098274230957
1,371.9261123126856,136.85265718022384,22.52754020690918
