,area,approx_perimeter,diameter
0,304.72493986844273,124.75206980241055,17.7652530670166
1,304.72493986844273,124.75206980241055,21.839702606201172
