,area,approx_perimeter,diameter
0,118.45969751781767,77.89357025276658,10.97786808013916
1,118.45969751781767,77.89357025276658,13.739240646362305
