,area,approx_perimeter,diameter
0,55.13069366911073,52.8764211571279,7.756806373596191
1,55.13069366911073,52.8764211571279,9.049417495727539
