,area,approx_perimeter,diameter
0,213.35719062803676,103.7521132392874,15.680631637573242
1,213.35719062803676,103.7521132392874,17.32422637939453
