,area,approx_perimeter,diameter
0,143.11164980735114,86.4301571707272,11.510844230651855
1,143.11164980735114,86.4301571707272,15.829891204833984
