,area,approx_perimeter,diameter
0,128.76689040248772,80.8686449705804,11.783459663391113
1,128.76689040248772,80.8686449705804,13.913663864135742
