,area,approx_perimeter,diameter
0,125.15549956356706,79.95219858125529,11.383254051208496
1,125.15549956356706,79.95219858125529,13.99889087677002
