,area,approx_perimeter,diameter
0,231.88051694540303,108.49483554131375,15.842639923095703
1,231.88051694540303,108.49483554131375,18.6357479095459
