,area,approx_perimeter,diameter
0,153.19970382761073,89.3188485748894,11.970746994018555
1,153.19970382761073,89.3188485748894,16.294715881347656
