,area,approx_perimeter,diameter
0,63.82443584120948,56.82419336781517,8.441213607788086
1,63.82443584120948,56.82419336781517,9.62702751159668
