,area,approx_perimeter,diameter
0,142.242595974545,84.90374715829545,12.498565673828125
1,142.242595974545,84.90374715829545,14.490374565124512
