,area,approx_perimeter,diameter
0,82.96549061370686,64.88813444200692,9.487371444702148
1,82.96549061370686,64.88813444200692,11.134268760681152
