,area,approx_perimeter,diameter
0,84.88655919935445,66.53188358966848,8.884265899658203
1,84.88655919935445,66.53188358966848,12.165431022644043
