,area,approx_perimeter,diameter
0,246.98258704523528,114.73910996572062,14.530778884887695
1,246.98258704523528,114.73910996572062,21.641510009765625
