,area,approx_perimeter,diameter
0,133.6116719710101,82.40014033986088,11.975054740905762
1,133.6116719710101,82.40014033986088,14.206170082092285
