,area,approx_perimeter,diameter
0,218.543272612525,105.78478944369671,14.923589706420898
1,218.543272612525,105.78478944369671,18.645509719848633
