,area,approx_perimeter,diameter
0,168.65631766606137,93.38342135608251,12.769128799438477
1,168.65631766606137,93.38342135608251,16.817113876342773
