,area,approx_perimeter,diameter
0,195.2464737075137,99.63932341521893,14.441574096679688
1,195.2464737075137,99.63932341521893,17.21388053894043
