,area,approx_perimeter,diameter
0,247.49988087000514,114.99176713563,14.488901138305664
1,247.49988087000514,114.99176713563,21.74951934814453
