,area,approx_perimeter,diameter
0,283.9825979040306,120.93750309765602,16.73581314086914
1,283.9825979040306,120.93750309765602,21.605037689208984
