,area,approx_perimeter,diameter
0,80.14634435891028,64.1814977954233,8.940373420715332
1,80.14634435891028,64.1814977954233,11.414008140563965
