,area,approx_perimeter,diameter
0,89.52123625571342,67.36496264544729,9.903267860412598
1,89.52123625571342,67.36496264544729,11.50953197479248
