,area,approx_perimeter,diameter
0,49.961976125275065,50.41418422308824,7.293456554412842
1,49.961976125275065,50.41418422308824,8.722004890441895
