,area,approx_perimeter,diameter
0,157.3014104037249,90.2551383507786,12.285520553588867
1,157.3014104037249,90.2551383507786,16.302310943603516
