,area,approx_perimeter,diameter
0,94.51303850872675,69.26801153119472,10.112523078918457
1,94.51303850872675,69.26801153119472,11.899872779846191
