,area,approx_perimeter,diameter
0,195.24407405094124,100.02448701195867,14.074051856994629
1,195.24407405094124,100.02448701195867,17.663177490234375
