,area,approx_perimeter,diameter
0,300.30301260189145,123.1972440066147,18.408117294311523
1,300.30301260189145,123.1972440066147,20.77114486694336
