,area,approx_perimeter,diameter
0,66.97116658108834,58.354264858361276,8.45954704284668
1,66.97116658108834,58.354264858361276,10.0797758102417
