,area,approx_perimeter,diameter
0,82.44088545151043,64.42860529647146,9.904603958129883
1,82.44088545151043,64.42860529647146,10.597798347473145
