,area,approx_perimeter,diameter
0,260.0254633228251,116.19817735317217,15.696205139160156
1,260.0254633228251,116.19817735317217,21.09265899658203
