,area,approx_perimeter,diameter
0,107.14569573007131,73.79799978090645,10.713738441467285
1,107.14569573007131,73.79799978090645,12.733383178710938
