,area,approx_perimeter,diameter
0,123.84970104654462,79.755899828701,11.135506629943848
1,123.84970104654462,79.755899828701,14.161038398742676
