,area,approx_perimeter,diameter
0,212.31281310566948,103.9675685062898,14.989862442016602
1,212.31281310566948,103.9675685062898,18.033859252929688
