,area,approx_perimeter,diameter
0,107.16855663959066,73.98782115171319,10.530240058898926
1,107.16855663959066,73.98782115171319,12.958037376403809
