,area,approx_perimeter,diameter
0,72.26366719273098,61.12217725847996,8.361143112182617
1,72.26366719273098,61.12217725847996,11.004351615905762
