,area,approx_perimeter,diameter
0,192.2188296726327,99.42482666778326,13.823098182678223
1,192.2188296726327,99.42482666778326,17.70519256591797
