,area,approx_perimeter,diameter
0,139.5162607151389,84.94876773442354,11.60378360748291
1,139.5162607151389,84.94876773442354,15.308594703674316
