,area,approx_perimeter,diameter
0,148.69153527419797,88.43687144289443,11.551778793334961
1,148.69153527419797,88.43687144289443,16.388813018798828
