,area,approx_perimeter,diameter
0,225.93718161508767,106.62857028326916,16.502174377441406
1,225.93718161508767,106.62857028326916,17.4323787689209
