,area,approx_perimeter,diameter
0,237.99358165407685,110.14677113307502,15.798409461975098
1,237.99358165407685,110.14677113307502,19.180591583251953
