,area,approx_perimeter,diameter
0,74.89167859327868,61.376219845155404,9.558732032775879
1,74.89167859327868,61.376219845155404,9.975700378417969
