,area,approx_perimeter,diameter
0,118.6123395286894,77.56734862625365,11.366606712341309
1,118.6123395286894,77.56734862625365,13.286456108093262
