,area,approx_perimeter,diameter
0,127.90352824680275,81.702101874466,10.885886192321777
1,127.90352824680275,81.702101874466,14.959905624389648
