,area,approx_perimeter,diameter
0,156.15302983281893,88.93526079769612,13.126907348632812
1,156.15302983281893,88.93526079769612,15.146005630493164
