,area,approx_perimeter,diameter
0,102.44353848342224,76.35669254812049,8.528701782226562
1,102.44353848342224,76.35669254812049,15.293671607971191
