,area,approx_perimeter,diameter
0,63.515817236071534,56.84276064189688,8.223278045654297
1,63.515817236071534,56.84276064189688,9.834381103515625
