,area,approx_perimeter,diameter
0,259.49700075000203,115.76190485341148,15.887681007385254
1,259.49700075000203,115.76190485341148,20.79610252380371
