,area,approx_perimeter,diameter
0,295.27814297883083,123.2908588202432,17.08624839782715
1,295.27814297883083,123.2908588202432,22.00364875793457
