,area,approx_perimeter,diameter
0,40.213683656434476,45.01122433565202,6.8808064460754395
1,40.213683656434476,45.01122433565202,7.44122838973999
