,area,approx_perimeter,diameter
0,80.53601303572404,64.4152568246653,8.903949737548828
1,80.53601303572404,64.4152568246653,11.5164213180542
