,area,approx_perimeter,diameter
0,104.78572294902085,72.82245494762698,10.797283172607422
1,104.78572294902085,72.82245494762698,12.35656452178955
