,area,approx_perimeter,diameter
0,83.85294471425088,65.06206779200299,9.793754577636719
1,83.85294471425088,65.06206779200299,10.901323318481445
