,area,approx_perimeter,diameter
0,141.02576265486297,84.71022098440933,12.242291450500488
1,141.02576265486297,84.71022098440933,14.667154312133789
