,area,approx_perimeter,diameter
0,241.9328140086804,111.14250095507187,15.84394359588623
1,241.9328140086804,111.14250095507187,19.44202995300293
