,area,approx_perimeter,diameter
0,201.15135964856051,102.46064032428463,13.651129722595215
1,201.15135964856051,102.46064032428463,18.761367797851562
