,area,approx_perimeter,diameter
0,301.86365231725125,124.17849466250672,17.669189453125
1,301.86365231725125,124.17849466250672,21.752256393432617
