,area,approx_perimeter,diameter
0,90.24840106361788,67.78974299228447,9.767426490783691
1,90.24840106361788,67.78974299228447,11.764391899108887
