,area,approx_perimeter,diameter
0,154.4816561724351,88.21604239835119,13.499533653259277
1,154.4816561724351,88.21604239835119,14.570292472839355
