,area,approx_perimeter,diameter
0,31.197975615576368,40.44039587937416,5.327181339263916
1,31.197975615576368,40.44039587937416,7.456569194793701
