,area,approx_perimeter,diameter
0,113.82332434982955,76.06176911665531,11.043819427490234
1,113.82332434982955,76.06176911665531,13.122666358947754
