,area,approx_perimeter,diameter
0,88.08790456766394,66.80181663056136,9.85265827178955
1,88.08790456766394,66.80181663056136,11.38342571258545
