,area,approx_perimeter,diameter
0,27.96631985383323,40.78176130549318,4.240822792053223
1,27.96631985383323,40.78176130549318,8.396442413330078
2,27.96631985383323,40.78176130549318,7.540595054626465
3,27.96631985383323,40.78176130549318,9.257913589477539
