,area,approx_perimeter,diameter
0,116.37014699948276,77.90343547909077,10.399514198303223
1,116.37014699948276,77.90343547909077,14.247499465942383
