,area,approx_perimeter,diameter
0,84.1212467472932,65.66627748678091,9.229061126708984
1,84.1212467472932,65.66627748678091,11.605351448059082
