,area,approx_perimeter,diameter
0,235.937855721806,109.08623564959409,16.527162551879883
1,235.937855721806,109.08623564959409,18.17646598815918
