,area,approx_perimeter,diameter
0,337.36721275536,130.5051114641577,19.64036750793457
1,337.36721275536,130.5051114641577,21.87073516845703
