,area,approx_perimeter,diameter
0,365.90818922198207,136.2619254791651,19.935129165649414
1,365.90818922198207,136.2619254791651,23.370241165161133
