,area,approx_perimeter,diameter
0,379.8882024602965,139.70354684084043,19.486412048339844
1,379.8882024602965,139.70354684084043,24.82184410095215
