,area,approx_perimeter,diameter
0,130.02489946146883,82.03662182066157,11.183402061462402
1,130.02489946146883,82.03662182066157,14.803442001342773
