,area,approx_perimeter,diameter
0,95.16627695091704,69.6874212817226,9.955235481262207
1,95.16627695091704,69.6874212817226,12.171431541442871
