,area,approx_perimeter,diameter
0,116.52898504254766,77.9466022128261,10.412363052368164
1,116.52898504254766,77.9466022128261,14.249341011047363
