,area,approx_perimeter,diameter
0,212.0561930110925,103.38991140629783,15.731161117553711
1,212.0561930110925,103.38991140629783,17.163280487060547
