,area,approx_perimeter,diameter
0,98.60468354816398,71.4418008816502,9.73790454864502
1,98.60468354816398,71.4418008816502,12.892648696899414
