,area,approx_perimeter,diameter
0,286.3072914481507,120.36249254659684,17.863718032836914
1,286.3072914481507,120.36249254659684,20.406600952148438
