,area,approx_perimeter,diameter
0,76.95591615015145,62.25884395048033,9.539323806762695
1,76.95591615015145,62.25884395048033,10.271515846252441
