,area,approx_perimeter,diameter
0,113.53767290634892,75.61635463401167,11.603741645812988
1,113.53767290634892,75.61635463401167,12.458106994628906
