,area,approx_perimeter,diameter
0,124.04513881844085,79.28283330699249,11.677279472351074
1,124.04513881844085,79.28283330699249,13.52534008026123
