,area,approx_perimeter,diameter
0,89.70645125382369,69.08074700058334,8.787599563598633
1,89.70645125382369,69.08074700058334,12.997611045837402
