,area,approx_perimeter,diameter
0,34.331722049458904,42.07038128017361,5.804062366485596
1,34.331722049458904,42.07038128017361,7.5313639640808105
