,area,approx_perimeter,diameter
0,39.14790514238911,44.47034045968597,6.664572715759277
1,39.14790514238911,44.47034045968597,7.479048252105713
