,area,approx_perimeter,diameter
0,125.86124589148585,79.64848032051468,12.128554344177246
1,125.86124589148585,79.64848032051468,13.212746620178223
