,area,approx_perimeter,diameter
0,192.87815260125058,99.05186741166338,14.33321475982666
1,192.87815260125058,99.05186741166338,17.133636474609375
