,area,approx_perimeter,diameter
0,117.46734758929496,79.05909959928404,10.05191707611084
1,117.46734758929496,79.05909959928404,14.879158973693848
