,area,approx_perimeter,diameter
0,284.4629809798454,120.82251905157241,16.915924072265625
1,284.4629809798454,120.82251905157241,21.411157608032227
