,area,approx_perimeter,diameter
0,134.76638204105157,82.54847174097924,12.301740646362305
1,134.76638204105157,82.54847174097924,13.948423385620117
