,area,approx_perimeter,diameter
0,282.4510436245988,122.50203391776442,15.62758731842041
1,282.4510436245988,122.50203391776442,23.012371063232422
