,area,approx_perimeter,diameter
0,83.73123490329014,65.447683206282,9.263952255249023
1,83.73123490329014,65.447683206282,11.508038520812988
