,area,approx_perimeter,diameter
0,257.04869681649734,114.37369180435869,16.519067764282227
1,257.04869681649734,114.37369180435869,19.812532424926758
