,area,approx_perimeter,diameter
0,140.30864574297803,86.71289769034286,10.853736877441406
1,140.30864574297803,86.71289769034286,16.459447860717773
