,area,approx_perimeter,diameter
0,110.94187645649322,75.30525674077666,10.690174102783203
1,110.94187645649322,75.30525674077666,13.213590621948242
