,area,approx_perimeter,diameter
0,175.97702484395424,94.8952342338026,13.417571067810059
1,175.97702484395424,94.8952342338026,16.699066162109375
