,area,approx_perimeter,diameter
0,33.0384936025148,41.84478472317433,5.368623733520508
1,33.0384936025148,41.84478472317433,7.835512161254883
