,area,approx_perimeter,diameter
0,71.21546548498961,59.947243187731914,9.048652648925781
1,71.21546548498961,59.947243187731914,10.020756721496582
