,area,approx_perimeter,diameter
0,174.90510895053754,94.77174827381717,13.239616394042969
1,174.90510895053754,94.77174827381717,16.8204345703125
