,area,approx_perimeter,diameter
0,94.28850545384233,69.69172704022192,9.639105796813965
1,94.28850545384233,69.69172704022192,12.454667091369629
