,area,approx_perimeter,diameter
0,212.1152394995286,104.0725572190795,14.83156681060791
1,212.1152394995286,104.0725572190795,18.20937156677246
