,area,approx_perimeter,diameter
0,141.10215046298038,84.44172541830527,12.628164291381836
1,141.10215046298038,84.44172541830527,14.226678848266602
