,area,approx_perimeter,diameter
0,192.08645065884113,100.94089090431989,12.924858093261719
1,192.08645065884113,100.94089090431989,18.922611236572266
