,area,approx_perimeter,diameter
0,125.41328619660722,80.53858861286318,11.003215789794922
1,125.41328619660722,80.53858861286318,14.512226104736328
