,area,approx_perimeter,diameter
0,152.58166804871695,87.98674956270612,12.878730773925781
1,152.58166804871695,87.98674956270612,15.084794998168945
