,area,approx_perimeter,diameter
0,167.85704190264332,92.46533817671072,13.3065185546875
1,167.85704190264332,92.46533817671072,16.06146812438965
