,area,approx_perimeter,diameter
0,175.00190647761454,95.68138817781757,12.670151710510254
1,175.00190647761454,95.68138817781757,17.586162567138672
