,area,approx_perimeter,diameter
0,26.858728263104847,36.83958323782929,5.512164115905762
1,26.858728263104847,36.83958323782929,6.204023361206055
