,area,approx_perimeter,diameter
0,157.85338755131013,89.23180517308874,13.509074211120605
1,157.85338755131013,89.23180517308874,14.877790451049805
