,area,approx_perimeter,diameter
0,169.7714830336208,93.7292863546682,12.786218643188477
1,169.7714830336208,93.7292863546682,16.905683517456055
