,area,approx_perimeter,diameter
0,218.26705015986397,109.7574202634333,12.951273918151855
1,218.26705015986397,109.7574202634333,21.45783042907715
