,area,approx_perimeter,diameter
0,216.4088637181958,104.30122266425728,16.48009490966797
1,216.4088637181958,104.30122266425728,16.71958351135254
