,area,approx_perimeter,diameter
0,111.19663517204987,75.38741493668117,10.706278800964355
1,111.19663517204987,75.38741493668117,13.224011421203613
