,area,approx_perimeter,diameter
0,575.4517109507385,170.2968451040185,25.961538314819336
1,575.4517109507385,170.2968451040185,28.2220516204834
