,area,approx_perimeter,diameter
0,59.853820618606356,54.91427458915917,8.392788887023926
1,59.853820618606356,54.91427458915917,9.080205917358398
