,area,approx_perimeter,diameter
0,208.60924428580805,104.95608903565348,13.58082389831543
1,208.60924428580805,104.95608903565348,19.557689666748047
