,area,approx_perimeter,diameter
0,237.72093260488958,109.33987627789814,17.080852508544922
1,237.72093260488958,109.33987627789814,17.72017478942871
