,area,approx_perimeter,diameter
0,106.64304420861356,74.38101988409068,10.072909355163574
1,106.64304420861356,74.38101988409068,13.47993278503418
