,area,approx_perimeter,diameter
0,87.25663584723723,66.42063122737814,9.902153015136719
1,87.25663584723723,66.42063122737814,11.219640731811523
