,area,approx_perimeter,diameter
0,233.76192486091165,109.81035267742006,15.122139930725098
1,233.76192486091165,109.81035267742006,19.682064056396484
