,area,approx_perimeter,diameter
0,160.15984197912493,89.8938040371724,13.58182144165039
1,160.15984197912493,89.8938040371724,15.014322280883789
