,area,approx_perimeter,diameter
0,236.18455829967002,109.09953647747963,16.63534927368164
1,236.18455829967002,109.09953647747963,18.077138900756836
