,area,approx_perimeter,diameter
0,84.1908339806508,65.15373557611086,9.893594741821289
1,84.1908339806508,65.15373557611086,10.834797859191895
