,area,approx_perimeter,diameter
0,269.56354285770556,116.62462974103381,17.616594314575195
1,269.56354285770556,116.62462974103381,19.482707977294922
