,area,approx_perimeter,diameter
0,382.5379265401345,139.04443847918108,20.778762817382812
1,382.5379265401345,139.04443847918108,23.44039535522461
