,area,approx_perimeter,diameter
0,246.93709532477394,114.87257445044203,14.467477798461914
1,246.93709532477394,114.87257445044203,21.732196807861328
