,area,approx_perimeter,diameter
0,193.30224241343637,98.8589530506995,14.740606307983398
1,193.30224241343637,98.8589530506995,16.696739196777344
