,area,approx_perimeter,diameter
0,77.37176151653011,62.46848069109257,9.464789390563965
1,77.37176151653011,62.46848069109257,10.408344268798828
