,area,approx_perimeter,diameter
0,243.71910210278952,112.82040661827456,15.004652976989746
1,243.71910210278952,112.82040661827456,20.68110466003418
