,area,approx_perimeter,diameter
0,136.84722441134002,83.48112630152463,12.02238941192627
1,136.84722441134002,83.48112630152463,14.492900848388672
