,area,approx_perimeter,diameter
0,159.69169565922164,91.12057700041605,12.26421070098877
1,159.69169565922164,91.12057700041605,16.57879066467285
