,area,approx_perimeter,diameter
0,127.57886474638907,80.80150176083824,11.422245025634766
1,127.57886474638907,80.80150176083824,14.221237182617188
