,area,approx_perimeter,diameter
0,105.95295754982928,73.46469225672844,10.569611549377441
1,105.95295754982928,73.46469225672844,12.763335227966309
