,area,approx_perimeter,diameter
0,292.36283519468844,123.20410718639381,16.648414611816406
1,292.36283519468844,123.20410718639381,22.35936164855957
