,area,approx_perimeter,diameter
0,209.0028130886713,102.89360348649714,15.18227767944336
1,209.0028130886713,102.89360348649714,17.5277156829834
