,area,approx_perimeter,diameter
0,121.39540793621383,79.72588601609749,10.53342342376709
1,121.39540793621383,79.72588601609749,14.673808097839355
