,area,approx_perimeter,diameter
0,357.91292713519255,137.12181797273325,17.966455459594727
1,357.91292713519255,137.12181797273325,25.364429473876953
