,area,approx_perimeter,diameter
0,179.80423323873163,98.43619417088547,12.176226615905762
1,179.80423323873163,98.43619417088547,18.801708221435547
