,area,approx_perimeter,diameter
0,50.240164713045296,50.94040815059317,6.987672805786133
1,50.240164713045296,50.94040815059317,9.154373168945312
