,area,approx_perimeter,diameter
0,230.93453412593868,109.55297128052713,14.762971878051758
1,230.93453412593868,109.55297128052713,19.91705894470215
