,area,approx_perimeter,diameter
0,135.60882812111802,83.65264499922189,11.50709342956543
1,135.60882812111802,83.65264499922189,15.004877090454102
