,area,approx_perimeter,diameter
0,36.165824018771595,43.69485976758926,5.657599449157715
1,36.165824018771595,43.69485976758926,8.139098167419434
