,area,approx_perimeter,diameter
0,300.62362608323554,128.2741922468402,15.379401206970215
1,300.62362608323554,128.2741922468402,24.88821792602539
