,area,approx_perimeter,diameter
0,40.93826134938967,45.97907491960213,6.310719966888428
1,40.93826134938967,45.97907491960213,8.25963020324707
