,area,approx_perimeter,diameter
0,352.0934010286083,135.8309624896294,17.910058975219727
1,352.0934010286083,135.8309624896294,25.03058433532715
