,area,approx_perimeter,diameter
0,125.9581232977301,80.71531013787143,11.025778770446777
1,125.9581232977301,80.71531013787143,14.545445442199707
