,area,approx_perimeter,diameter
0,122.21484437450707,79.62567429424583,10.783818244934082
1,122.21484437450707,79.62567429424583,14.429840087890625
