,area,approx_perimeter,diameter
0,158.39077508302285,89.91613262591291,12.831488609313965
1,158.39077508302285,89.91613262591291,15.716757774353027
