,area,approx_perimeter,diameter
0,16.637510034721128,28.923623834064937,4.533881187438965
1,16.637510034721128,28.923623834064937,4.672274112701416
