,area,approx_perimeter,diameter
0,165.9473274351103,92.11274544298375,13.063565254211426
1,165.9473274351103,92.11274544298375,16.17404556274414
