,area,approx_perimeter,diameter
0,128.9554777812147,80.51280230119961,12.742494583129883
1,128.9554777812147,80.51280230119961,12.885327339172363
