,area,approx_perimeter,diameter
0,110.83663192134516,75.7044213951521,10.3501615524292
1,110.83663192134516,75.7044213951521,13.634722709655762
