,area,approx_perimeter,diameter
0,213.20357559324538,103.58774836556793,16.003068923950195
1,213.20357559324538,103.58774836556793,16.962947845458984
