,area,approx_perimeter,diameter
0,104.22513823210011,79.51072559154487,8.02193546295166
1,104.22513823210011,79.51072559154487,16.542587280273438
