,area,approx_perimeter,diameter
0,257.26869001381135,114.54263149327836,16.40375328063965
1,257.26869001381135,114.54263149327836,19.96888542175293
