,area,approx_perimeter,diameter
0,54.674408456115124,53.23578064731763,7.226739406585693
1,54.674408456115124,53.23578064731763,9.632783889770508
