,area,approx_perimeter,diameter
0,101.3692443604142,71.52379575350022,10.790691375732422
1,101.3692443604142,71.52379575350022,11.96098804473877
