,area,approx_perimeter,diameter
0,69.5271128307111,59.81892142209559,8.296509742736816
1,69.5271128307111,59.81892142209559,10.670109748840332
