,area,approx_perimeter,diameter
0,211.56985722441485,103.63926858916705,15.127025604248047
1,211.56985722441485,103.63926858916705,17.807804107666016
