,area,approx_perimeter,diameter
0,53.94504950237354,55.099424576590415,6.275277614593506
1,53.94504950237354,55.099424576590415,10.945327758789062
2,53.94504950237354,55.099424576590415,15.275604248046875
3,53.94504950237354,55.099424576590415,99.22003936767578
