,area,approx_perimeter,diameter
0,98.33436778889829,70.39741143139132,10.731213569641113
1,98.33436778889829,70.39741143139132,11.66719913482666
