,area,approx_perimeter,diameter
0,173.10724360124644,94.02007527879607,13.396018981933594
1,173.10724360124644,94.02007527879607,16.453170776367188
