,area,approx_perimeter,diameter
0,491.4350539236985,157.6565689722847,23.456850051879883
1,491.4350539236985,157.6565689722847,26.67513084411621
