,area,approx_perimeter,diameter
0,143.08554600031567,85.92232882496764,11.823873519897461
1,143.08554600031567,85.92232882496764,15.407994270324707
