,area,approx_perimeter,diameter
0,136.95660459720952,82.98447984407886,13.012443542480469
1,136.95660459720952,82.98447984407886,13.400908470153809
