,area,approx_perimeter,diameter
0,125.2785998488145,80.44700288873454,11.029937744140625
1,125.2785998488145,80.44700288873454,14.461520195007324
