,area,approx_perimeter,diameter
0,102.8005850054259,72.2825939061385,10.49825382232666
1,102.8005850054259,72.2825939061385,12.467765808105469
