,area,approx_perimeter,diameter
0,35.87727611167966,42.971036046336714,5.959411144256592
1,35.87727611167966,42.971036046336714,7.665248394012451
