,area,approx_perimeter,diameter
0,223.1095551814283,107.83554979898122,14.418716430664062
1,223.1095551814283,107.83554979898122,19.701608657836914
