,area,approx_perimeter,diameter
0,83.98434307077557,67.26171619142576,8.326936721801758
1,83.98434307077557,67.26171619142576,12.841719627380371
