,area,approx_perimeter,diameter
0,249.47754818731852,113.44763775925436,15.617904663085938
1,249.47754818731852,113.44763775925436,20.3384952545166
