,area,approx_perimeter,diameter
0,202.6244757447446,102.93803806769505,13.643399238586426
1,202.6244757447446,102.93803806769505,18.909473419189453
