,area,approx_perimeter,diameter
0,116.01314641469688,77.15150483567783,10.809103012084961
1,116.01314641469688,77.15150483567783,13.665567398071289
