,area,approx_perimeter,diameter
0,93.21578828812731,69.04045725928897,9.787425994873047
1,93.21578828812731,69.04045725928897,12.126378059387207
