,area,approx_perimeter,diameter
0,94.34320100372938,70.67194024838675,9.09030532836914
1,94.34320100372938,70.67194024838675,13.214241981506348
