,area,approx_perimeter,diameter
0,138.26947313560242,86.16225579090953,10.741098403930664
1,138.26947313560242,86.16225579090953,16.390331268310547
