,area,approx_perimeter,diameter
0,75.50755581796861,62.38718746366649,8.6104736328125
1,75.50755581796861,62.38718746366649,11.165379524230957
