,area,approx_perimeter,diameter
0,83.78195800434877,65.48601300634299,9.250662803649902
1,83.78195800434877,65.48601300634299,11.5315523147583
