,area,approx_perimeter,diameter
0,83.11571182258747,65.6299513899234,8.915233612060547
1,83.11571182258747,65.6299513899234,11.870267868041992
