,area,approx_perimeter,diameter
0,71.49538506142926,60.037935512181924,9.123455047607422
1,71.49538506142926,60.037935512181924,9.977662086486816
