,area,approx_perimeter,diameter
0,95.75617374811286,69.86431820237623,10.023807525634766
1,95.75617374811286,69.86431820237623,12.163097381591797
