,area,approx_perimeter,diameter
0,178.12516598096215,95.02296848878375,13.970870018005371
1,178.12516598096215,95.02296848878375,16.233491897583008
