,area,approx_perimeter,diameter
0,93.23472593421056,68.68091186336687,10.200580596923828
1,93.23472593421056,68.68091186336687,11.63758659362793
