,area,approx_perimeter,diameter
0,188.16042258534748,100.1450530725125,12.684239387512207
1,188.16042258534748,100.1450530725125,18.88747787475586
