,area,approx_perimeter,diameter
0,128.3324019773565,80.6208700704443,11.905232429504395
1,128.3324019773565,80.6208700704443,13.72488021850586
