,area,approx_perimeter,diameter
0,116.65442096658741,76.8307718266631,11.400126457214355
1,116.65442096658741,76.8307718266631,13.028717041015625
