,area,approx_perimeter,diameter
0,100.2288385138225,72.0199941744581,9.822892189025879
1,100.2288385138225,72.0199941744581,12.991623878479004
