,area,approx_perimeter,diameter
0,241.9050832681052,118.78460777962403,12.737605094909668
1,241.9050832681052,118.78460777962403,24.180614471435547
