,area,approx_perimeter,diameter
0,102.5946170733748,72.9340627416458,9.893433570861816
1,102.5946170733748,72.9340627416458,13.20345687866211
