,area,approx_perimeter,diameter
0,132.79552547316183,81.82416831608,12.432697296142578
1,132.79552547316183,81.82416831608,13.599664688110352
