,area,approx_perimeter,diameter
0,201.01847470241486,100.89157615975276,14.913829803466797
1,201.01847470241486,100.89157615975276,17.16156578063965
