,area,approx_perimeter,diameter
0,97.03912587093271,70.61833531633287,9.840553283691406
1,97.03912587093271,70.61833531633287,12.5556001663208
