,area,approx_perimeter,diameter
0,234.95814350056807,110.0185327149558,15.212620735168457
1,234.95814350056807,110.0185327149558,19.665119171142578
