,area,approx_perimeter,diameter
0,180.72258705591145,95.80631052281812,13.957180976867676
1,180.72258705591145,95.80631052281812,16.48636245727539
