,area,approx_perimeter,diameter
0,206.10857755305548,102.24726849311065,14.986584663391113
1,206.10857755305548,102.24726849311065,17.510700225830078
