,area,approx_perimeter,diameter
0,116.76640406323787,79.81784051559077,9.629067420959473
1,116.76640406323787,79.81784051559077,15.439875602722168
