,area,approx_perimeter,diameter
0,64.54640130802765,57.245272258857604,8.354338645935059
1,64.54640130802765,57.245272258857604,9.837167739868164
