,area,approx_perimeter,diameter
0,258.93159182318783,116.1455022884613,15.547667503356934
1,258.93159182318783,116.1455022884613,21.204591751098633
