,area,approx_perimeter,diameter
0,102.38492759205481,72.43129061849804,10.193016052246094
1,102.38492759205481,72.43129061849804,12.789201736450195
