,area,approx_perimeter,diameter
0,201.7837411822126,103.4445433189307,13.253036499023438
1,201.7837411822126,103.4445433189307,19.38567352294922
