,area,approx_perimeter,diameter
0,270.1065010327958,117.50205796373848,16.680225372314453
1,270.1065010327958,117.50205796373848,20.617843627929688
