,area,approx_perimeter,diameter
0,78.90697783604347,63.02980629530496,9.698532104492188
1,78.90697783604347,63.02980629530496,10.359040260314941
