,area,approx_perimeter,diameter
0,194.3123190769466,99.6706761546651,14.139567375183105
1,194.3123190769466,99.6706761546651,17.497432708740234
