,area,approx_perimeter,diameter
0,81.07197874733438,63.84019183976451,10.073320388793945
1,81.07197874733438,63.84019183976451,10.247271537780762
