,area,approx_perimeter,diameter
0,201.43468019231267,101.0445240161807,14.863100051879883
1,201.43468019231267,101.0445240161807,17.255794525146484
