,area,approx_perimeter,diameter
0,94.60548652085396,69.11714171049995,10.385438919067383
1,94.60548652085396,69.11714171049995,11.598493576049805
