,area,approx_perimeter,diameter
0,248.42892753801655,114.20191468724468,14.988272666931152
1,248.42892753801655,114.20191468724468,21.103801727294922
