,area,approx_perimeter,diameter
0,123.67307399060093,81.08435728867711,10.330162048339844
1,123.67307399060093,81.08435728867711,15.243269920349121
