,area,approx_perimeter,diameter
0,94.65702151578692,69.78291273856985,9.69109058380127
1,94.65702151578692,69.78291273856985,12.436274528503418
