,area,approx_perimeter,diameter
0,178.71954084634964,102.3354054715675,10.892600059509277
1,178.71954084634964,102.3354054715675,20.89058494567871
