,area,approx_perimeter,diameter
0,254.547659007888,114.06629393212943,16.193912506103516
1,254.547659007888,114.06629393212943,20.013702392578125
