,area,approx_perimeter,diameter
0,149.23945611489174,86.80398021045254,13.05484390258789
1,149.23945611489174,86.80398021045254,14.555331230163574
