,area,approx_perimeter,diameter
0,175.91173807167667,98.2143005104977,11.733540534973145
1,175.91173807167667,98.2143005104977,19.08867835998535
