,area,approx_perimeter,diameter
0,167.52769127036032,93.65502131782539,12.37526798248291
1,167.52769127036032,93.65502131782539,17.236223220825195
