,area,approx_perimeter,diameter
0,41.91447137272091,45.948271019498605,7.038018226623535
1,41.91447137272091,45.948271019498605,7.58269739151001
