,area,approx_perimeter,diameter
0,121.78049464950328,78.40068288769201,11.815556526184082
1,121.78049464950328,78.40068288769201,13.123016357421875
