,area,approx_perimeter,diameter
0,193.8860502224835,99.85476290548621,13.883155822753906
1,193.8860502224835,99.85476290548621,17.781503677368164
