,area,approx_perimeter,diameter
0,252.77598854095888,117.64128602772132,14.096492767333984
1,252.77598854095888,117.64128602772132,22.83152198791504
