,area,approx_perimeter,diameter
0,169.9658264403552,92.49316221053316,14.275403022766113
1,169.9658264403552,92.49316221053316,15.159446716308594
