,area,approx_perimeter,diameter
0,210.09253291968344,103.8953771874909,14.489251136779785
1,210.09253291968344,103.8953771874909,18.46183204650879
