,area,approx_perimeter,diameter
0,118.21226024281198,77.657766789908,11.105514526367188
1,118.21226024281198,77.657766789908,13.552953720092773
