,area,approx_perimeter,diameter
0,163.39069341023324,90.95564468881389,13.451939582824707
1,163.39069341023324,90.95564468881389,15.465092658996582
