,area,approx_perimeter,diameter
0,274.81837030952414,120.03837942277039,15.804296493530273
1,274.81837030952414,120.03837942277039,22.14015769958496
