,area,approx_perimeter,diameter
0,334.6842834934215,130.95231490253997,18.432220458984375
1,334.6842834934215,130.95231490253997,23.118932723999023
