,area,approx_perimeter,diameter
0,100.0443943286697,71.26906920910417,10.400720596313477
1,100.0443943286697,71.26906920910417,12.247274398803711
