,area,approx_perimeter,diameter
0,234.7450300244278,109.9822409254737,15.195857048034668
1,234.7450300244278,109.9822409254737,19.668956756591797
