,area,approx_perimeter,diameter
0,139.43320024974784,85.38291567045435,11.322307586669922
1,139.43320024974784,85.38291567045435,15.679830551147461
