,area,approx_perimeter,diameter
0,110.48601156235988,75.20474064246778,10.620375633239746
1,110.48601156235988,75.20474064246778,13.245779991149902
