,area,approx_perimeter,diameter
0,107.60807693831745,77.14230500598265,9.06899356842041
1,107.60807693831745,77.14230500598265,15.107614517211914
