,area,approx_perimeter,diameter
0,85.82887964088394,67.03880923795421,8.8560209274292
1,85.82887964088394,67.03880923795421,12.339709281921387
