,area,approx_perimeter,diameter
0,97.33299884311586,70.09113677722141,10.562555313110352
1,97.33299884311586,70.09113677722141,11.7327880859375
