,area,approx_perimeter,diameter
0,268.0105128479848,119.25757949942948,15.255497932434082
1,268.0105128479848,119.25757949942948,22.368432998657227
