,area,approx_perimeter,diameter
0,188.03590113947513,97.92755746428963,14.021554946899414
1,188.03590113947513,97.92755746428963,17.074764251708984
