,area,approx_perimeter,diameter
0,186.04777765675766,98.01021485855073,13.45889949798584
1,186.04777765675766,98.01021485855073,17.600502014160156
