,area,approx_perimeter,diameter
0,128.83883488146546,81.10573578325524,11.562973022460938
1,128.83883488146546,81.10573578325524,14.186896324157715
