,area,approx_perimeter,diameter
0,118.49613358594974,78.40399056637821,10.619063377380371
1,118.49613358594974,78.40399056637821,14.207840919494629
