,area,approx_perimeter,diameter
0,37.84005293622263,43.99622800464909,6.228684902191162
1,37.84005293622263,43.99622800464909,7.7350921630859375
