,area,approx_perimeter,diameter
0,100.46654284414413,72.1302445347304,9.818224906921387
1,100.46654284414413,72.1302445347304,13.02862548828125
