,area,approx_perimeter,diameter
0,253.55990716607903,115.81949209760676,14.921564102172852
1,253.55990716607903,115.81949209760676,21.635969161987305
