,area,approx_perimeter,diameter
0,313.0903547729943,127.38661869598657,17.297834396362305
1,313.0903547729943,127.38661869598657,23.045602798461914
