,area,approx_perimeter,diameter
0,129.7878846322777,81.38228925928739,11.6259183883667
1,129.7878846322777,81.38228925928739,14.214022636413574
