,area,approx_perimeter,diameter
0,133.79489153198097,82.40105792862174,12.048872947692871
1,133.79489153198097,82.40105792862174,14.138496398925781
