,area,approx_perimeter,diameter
0,298.3504427114038,123.85788260267387,17.22940444946289
1,298.3504427114038,123.85788260267387,22.04786491394043
