,area,approx_perimeter,diameter
0,338.3244592382097,132.7705257354269,17.767642974853516
1,338.3244592382097,132.7705257354269,24.244525909423828
