,area,approx_perimeter,diameter
0,107.74994131246234,74.36946329355054,10.4039945602417
1,107.74994131246234,74.36946329355054,13.186424255371094
