,area,approx_perimeter,diameter
0,182.80161445340474,95.93885801940237,14.750699996948242
1,182.80161445340474,95.93885801940237,15.778928756713867
