,area,approx_perimeter,diameter
0,108.26047802241699,74.11693418515691,10.844720840454102
1,108.26047802241699,74.11693418515691,12.710472106933594
