,area,approx_perimeter,diameter
0,181.25912960761664,96.30300182583099,13.622575759887695
1,181.25912960761664,96.30300182583099,16.941457748413086
