,area,approx_perimeter,diameter
0,195.21387418950724,100.05202061077141,14.043863296508789
1,195.21387418950724,100.05202061077141,17.698408126831055
