,area,approx_perimeter,diameter
0,101.08402658661194,71.3389941107895,10.978458404541016
1,101.08402658661194,71.3389941107895,11.72333812713623
