,area,approx_perimeter,diameter
0,116.59965938226331,77.47753902236961,10.735345840454102
1,116.59965938226331,77.47753902236961,13.829018592834473
