,area,approx_perimeter,diameter
0,111.85456354988267,76.13132549721433,10.345022201538086
1,111.85456354988267,76.13132549721433,13.766780853271484
