,area,approx_perimeter,diameter
0,265.0594638803143,115.4635148858797,17.99619483947754
1,265.0594638803143,115.4635148858797,18.75308609008789
