,area,approx_perimeter,diameter
0,187.2686899638016,97.36916737822227,14.410040855407715
1,187.2686899638016,97.36916737822227,16.546649932861328
