,area,approx_perimeter,diameter
0,114.11026406232604,75.78488066147509,11.70206356048584
1,114.11026406232604,75.78488066147509,12.415733337402344
