,area,approx_perimeter,diameter
0,105.44611111743664,72.98834098037074,10.931490898132324
1,105.44611111743664,72.98834098037074,12.281779289245605
