,area,approx_perimeter,diameter
0,236.61049395794842,110.27484784517029,15.36306381225586
1,236.61049395794842,110.27484784517029,19.60948944091797
