,area,approx_perimeter,diameter
0,285.7764151271696,120.0986041011127,18.10329818725586
1,285.7764151271696,120.0986041011127,20.099201202392578
