,area,approx_perimeter,diameter
0,277.19227054861483,120.03366254182332,16.168577194213867
1,277.19227054861483,120.03366254182332,21.828275680541992
