,area,approx_perimeter,diameter
0,117.757779686319,77.36877837459609,11.229029655456543
1,117.757779686319,77.36877837459609,13.352343559265137
