,area,approx_perimeter,diameter
0,131.97921653560084,83.07995618161162,11.009637832641602
1,131.97921653560084,83.07995618161162,15.26309585571289
