,area,approx_perimeter,diameter
0,93.62978911856294,69.44117938820051,9.610251426696777
1,93.62978911856294,69.44117938820051,12.404789924621582
