,area,approx_perimeter,diameter
0,118.23558482606592,77.52927165465735,11.247653007507324
1,118.23558482606592,77.52927165465735,13.384323120117188
