,area,approx_perimeter,diameter
0,254.71632851053553,117.35570444590545,14.4171781539917
1,254.71632851053553,117.35570444590545,22.495033264160156
