,area,approx_perimeter,diameter
0,104.86173367461838,72.77533381752605,10.919443130493164
1,104.86173367461838,72.77533381752605,12.227190017700195
