,area,approx_perimeter,diameter
0,124.59053752731482,80.79423174195058,10.65714168548584
1,124.59053752731482,80.79423174195058,14.885191917419434
