,area,approx_perimeter,diameter
0,166.3862073889106,92.53615726142174,12.835817337036133
1,166.3862073889106,92.53615726142174,16.504558563232422
