,area,approx_perimeter,diameter
0,187.97798631237583,101.91637004138515,12.000027656555176
1,187.97798631237583,101.91637004138515,19.945037841796875
