,area,approx_perimeter,diameter
0,28.29226499014218,38.177792770624755,5.278484344482422
1,28.29226499014218,38.177792770624755,6.824464797973633
