,area,approx_perimeter,diameter
0,209.12206873826923,102.90185913584682,15.216029167175293
1,209.12206873826923,102.90185913584682,17.498815536499023
