,area,approx_perimeter,diameter
0,123.2665736780141,82.25725953344357,9.807674407958984
1,123.2665736780141,82.25725953344357,16.0025577545166
