,area,approx_perimeter,diameter
0,61.93471113340451,56.21232497097787,8.037137031555176
1,61.93471113340451,56.21232497097787,9.811668395996094
