,area,approx_perimeter,diameter
0,62.62365715509739,56.37947228593086,8.237068176269531
1,62.62365715509739,56.37947228593086,9.680011749267578
