,area,approx_perimeter,diameter
0,141.5968022283276,84.61884064926632,12.602837562561035
1,141.5968022283276,84.61884064926632,14.305242538452148
