,area,approx_perimeter,diameter
0,113.76484221798832,75.66851516976914,11.689864158630371
1,113.76484221798832,75.66851516976914,12.391067504882812
