,area,approx_perimeter,diameter
0,368.3601417147596,139.2309764169234,18.16425132751465
1,368.3601417147596,139.2309764169234,25.82053565979004
