,area,approx_perimeter,diameter
0,159.53338883224686,92.31595324637011,11.635079383850098
1,159.53338883224686,92.31595324637011,17.457914352416992
