,area,approx_perimeter,diameter
0,240.84223359483295,110.22719283800939,16.670856475830078
1,240.84223359483295,110.22719283800939,18.394367218017578
