,area,approx_perimeter,diameter
0,353.44895524462817,133.81535505612553,19.730737686157227
1,353.44895524462817,133.81535505612553,22.808330535888672
