,area,approx_perimeter,diameter
0,104.13594164998658,72.54588375045934,10.842421531677246
1,104.13594164998658,72.54588375045934,12.2288179397583
