,area,approx_perimeter,diameter
0,302.2366043131818,123.28924145506103,19.248939514160156
1,302.2366043131818,123.28924145506103,19.991729736328125
