,area,approx_perimeter,diameter
0,50.13964077747917,51.24229288168352,6.767002582550049
1,50.13964077747917,51.24229288168352,9.433980941772461
