,area,approx_perimeter,diameter
0,225.32296252398854,106.96321846408475,15.600872993469238
1,225.32296252398854,106.96321846408475,18.389362335205078
