,area,approx_perimeter,diameter
0,90.30263071821281,67.84024505740548,9.739616394042969
1,90.30263071821281,67.84024505740548,11.805072784423828
