,area,approx_perimeter,diameter
0,195.54684744870286,100.50781138008746,13.779870986938477
1,195.54684744870286,100.50781138008746,18.0682373046875
