,area,approx_perimeter,diameter
0,93.29482164812683,68.66079347131104,10.271105766296387
1,93.29482164812683,68.66079347131104,11.565128326416016
