,area,approx_perimeter,diameter
0,54.422098688349834,53.131063642458145,7.198451042175293
1,54.422098688349834,53.131063642458145,9.62601089477539
