,area,approx_perimeter,diameter
0,70.75373070691775,59.92530195798106,8.758164405822754
1,70.75373070691775,59.92530195798106,10.285996437072754
