,area,approx_perimeter,diameter
0,55.10368896208628,52.63974424293639,8.23922061920166
1,55.10368896208628,52.63974424293639,8.515392303466797
