,area,approx_perimeter,diameter
0,50.73418874521492,50.81410979567086,7.336920738220215
1,50.73418874521492,50.81410979567086,8.804344177246094
