,area,approx_perimeter,diameter
0,80.99742942576592,66.41494663679906,8.042168617248535
1,80.99742942576592,66.41494663679906,12.82354736328125
