,area,approx_perimeter,diameter
0,94.79752351105542,69.08142310130853,10.643210411071777
1,94.79752351105542,69.08142310130853,11.340559005737305
