,area,approx_perimeter,diameter
0,253.20944698735443,113.33347271435183,16.606172561645508
1,253.20944698735443,113.33347271435183,19.414243698120117
