,area,approx_perimeter,diameter
0,169.63443329263754,95.49735571780484,11.87228012084961
1,169.63443329263754,95.49735571780484,18.192399978637695
