,area,approx_perimeter,diameter
0,188.42809465483498,97.53932240126122,14.66530990600586
1,188.42809465483498,97.53932240126122,16.35929298400879
