,area,approx_perimeter,diameter
0,85.86553141102227,66.61809532241526,9.119926452636719
1,85.86553141102227,66.61809532241526,11.987749099731445
