,area,approx_perimeter,diameter
0,65.32286398708631,57.37738736171586,8.745061874389648
1,65.32286398708631,57.37738736171586,9.510699272155762
