,area,approx_perimeter,diameter
0,166.2239248601576,91.73970252223903,13.56969928741455
1,166.2239248601576,91.73970252223903,15.596725463867188
