,area,approx_perimeter,diameter
0,137.81402309196642,83.91299702934174,11.931366920471191
1,137.81402309196642,83.91299702934174,14.706635475158691
