,area,approx_perimeter,diameter
0,73.73878641477471,61.48613477527064,8.636152267456055
1,73.73878641477471,61.48613477527064,10.871408462524414
