,area,approx_perimeter,diameter
0,93.69150733224926,68.87185816609973,10.19190788269043
1,93.69150733224926,68.87185816609973,11.704553604125977
