,area,approx_perimeter,diameter
0,101.41498903817079,71.79499864727077,10.425920486450195
1,101.41498903817079,71.79499864727077,12.385052680969238
