,area,approx_perimeter,diameter
0,253.89213662110367,113.09746046012353,17.29314422607422
1,253.89213662110367,113.09746046012353,18.693275451660156
