,area,approx_perimeter,diameter
0,127.16933646945684,80.32250657287818,11.762057304382324
1,127.16933646945684,80.32250657287818,13.766046524047852
