,area,approx_perimeter,diameter
0,37.88607685902482,43.64192118095547,6.880005836486816
1,37.88607685902482,43.64192118095547,7.011338710784912
