,area,approx_perimeter,diameter
0,175.56711562060403,95.69362085920862,12.770376205444336
1,175.56711562060403,95.69362085920862,17.50449562072754
