,area,approx_perimeter,diameter
0,72.50322138968198,60.625175162229695,8.911783218383789
1,72.50322138968198,60.625175162229695,10.358641624450684
