,area,approx_perimeter,diameter
0,39.219120368557704,44.60119585432086,6.538168430328369
1,39.219120368557704,44.60119585432086,7.637511253356934
