,area,approx_perimeter,diameter
0,36.280060659083695,45.60101096951959,5.032750606536865
1,36.280060659083695,45.60101096951959,9.178521156311035
