,area,approx_perimeter,diameter
0,29.370046809662153,41.2986119925844,4.460264682769775
1,29.370046809662153,41.2986119925844,8.384055137634277
2,29.370046809662153,41.2986119925844,5.11602258682251
3,29.370046809662153,41.2986119925844,7.167980194091797
