,area,approx_perimeter,diameter
0,48.29991727084886,49.496243087131916,7.255506992340088
1,48.29991727084886,49.496243087131916,8.475956916809082
