,area,approx_perimeter,diameter
0,56.67365400282763,53.38692560941909,8.340398788452148
1,56.67365400282763,53.38692560941909,8.651761054992676
