,area,approx_perimeter,diameter
0,186.51094114307736,97.09987033749815,14.4905366897583
1,186.51094114307736,97.09987033749815,16.388151168823242
