,area,approx_perimeter,diameter
0,206.86597163302187,106.45042560842612,12.74290943145752
1,206.86597163302187,106.45042560842612,20.66952896118164
