,area,approx_perimeter,diameter
0,173.49255798142127,93.42758033579423,14.499048233032227
1,173.49255798142127,93.42758033579423,15.235316276550293
