,area,approx_perimeter,diameter
0,69.87053098522925,60.3861023064903,8.045963287353516
1,69.87053098522925,60.3861023064903,11.05671501159668
