,area,approx_perimeter,diameter
0,110.28158376230928,74.50143808098056,11.508312225341797
1,110.28158376230928,74.50143808098056,12.201169967651367
