,area,approx_perimeter,diameter
0,239.8302458605561,111.84824189019419,14.923345565795898
1,239.8302458605561,111.84824189019419,20.461990356445312
