,area,approx_perimeter,diameter
0,160.2595621334518,90.22380864993552,13.138102531433105
1,160.2595621334518,90.22380864993552,15.531071662902832
