,area,approx_perimeter,diameter
0,226.4100360474085,108.71473315626665,14.476487159729004
1,226.4100360474085,108.71473315626665,19.913270950317383
