,area,approx_perimeter,diameter
0,76.15364888574966,64.12831798660312,7.898456573486328
1,76.15364888574966,64.12831798660312,12.27604866027832
