,area,approx_perimeter,diameter
0,192.90737346170243,99.74752825967492,13.741931915283203
1,192.90737346170243,99.74752825967492,17.873563766479492
