,area,approx_perimeter,diameter
0,124.14486563454591,79.69177497851902,11.280430793762207
1,124.14486563454591,79.69177497851902,14.012421607971191
