,area,approx_perimeter,diameter
0,193.08109606890346,98.76260025140748,14.79835033416748
1,193.08109606890346,98.76260025140748,16.612560272216797
