,area,approx_perimeter,diameter
0,106.44526356004853,74.30478044128475,10.068122863769531
1,106.44526356004853,74.30478044128475,13.461329460144043
