,area,approx_perimeter,diameter
0,81.16973331266584,64.64983659811958,8.952305793762207
1,81.16973331266584,64.64983659811958,11.54434585571289
