,area,approx_perimeter,diameter
0,187.85300509456644,99.64154541956358,12.866445541381836
1,187.85300509456644,99.64154541956358,18.589584350585938
