,area,approx_perimeter,diameter
0,199.95065318278813,101.19120375829911,14.269347190856934
1,199.95065318278813,101.19120375829911,17.84139633178711
