,area,approx_perimeter,diameter
0,113.93296981386538,75.95604614314209,11.227654457092285
1,113.93296981386538,75.95604614314209,12.92023754119873
