,area,approx_perimeter,diameter
0,227.21813864993695,107.86750224165894,15.213805198669434
1,227.21813864993695,107.86750224165894,19.01582908630371
