,area,approx_perimeter,diameter
0,210.00344799811458,106.13100114473801,13.259687423706055
1,210.00344799811458,106.13100114473801,20.165233612060547
