,area,approx_perimeter,diameter
0,155.63148841786273,90.03674289502543,12.058446884155273
1,155.63148841786273,90.03674289502543,16.43297576904297
