,area,approx_perimeter,diameter
0,67.2105977799374,59.50243708794439,7.744019508361816
1,67.2105977799374,59.50243708794439,11.050487518310547
