,area,approx_perimeter,diameter
0,291.14309653235154,121.80651387838509,17.493804931640625
1,291.14309653235154,121.80651387838509,21.190067291259766
