,area,approx_perimeter,diameter
0,214.05632477096432,104.69198090757016,14.770648002624512
1,214.05632477096432,104.69198090757016,18.45179557800293
