,area,approx_perimeter,diameter
0,316.4946898645984,126.84898365695364,18.398283004760742
1,316.4946898645984,126.84898365695364,21.902780532836914
