,area,approx_perimeter,diameter
0,155.007488865806,88.3015121143134,13.743573188781738
1,155.007488865806,88.3015121143134,14.3602876663208
