,area,approx_perimeter,diameter
0,118.42557375928688,77.17966079285978,12.02286434173584
1,118.42557375928688,77.17966079285978,12.541447639465332
