,area,approx_perimeter,diameter
0,59.383913553914525,54.829012760482684,8.116927146911621
1,59.383913553914525,54.829012760482684,9.315094947814941
