,area,approx_perimeter,diameter
0,60.884974200290564,55.462127851671205,8.305807113647461
1,60.884974200290564,55.462127851671205,9.333368301391602
