,area,approx_perimeter,diameter
0,34.00083327117224,41.976992454346345,5.7017412185668945
1,34.00083327117224,41.976992454346345,7.5926289558410645
