,area,approx_perimeter,diameter
0,105.87974896019266,73.41007806348873,10.59638500213623
1,105.87974896019266,73.41007806348873,12.7222900390625
