,area,approx_perimeter,diameter
0,146.13988471239716,88.78002240176151,10.96328067779541
1,146.13988471239716,88.78002240176151,16.97220802307129
