,area,approx_perimeter,diameter
0,469.76065674252834,155.47695031207337,21.574363708496094
1,469.76065674252834,155.47695031207337,27.72354507446289
