,area,approx_perimeter,diameter
0,93.45046003412605,69.56721763699045,9.468439102172852
1,93.45046003412605,69.56721763699045,12.566466331481934
