,area,approx_perimeter,diameter
0,60.724982983285614,55.35947220912894,8.349112510681152
1,60.724982983285614,55.35947220912894,9.26055908203125
