,area,approx_perimeter,diameter
0,94.53363430037913,69.52470969361151,9.858208656311035
1,94.53363430037913,69.52470969361151,12.209516525268555
