,area,approx_perimeter,diameter
0,128.18791073925576,81.28814394468972,11.218565940856934
1,128.18791073925576,81.28814394468972,14.548554420471191
