,area,approx_perimeter,diameter
0,125.06292454529812,80.8070560031744,10.75451374053955
1,125.06292454529812,80.8070560031744,14.806346893310547
