,area,approx_perimeter,diameter
0,100.19513744655136,71.25450702208039,10.494882583618164
1,100.19513744655136,71.25450702208039,12.155677795410156
