,area,approx_perimeter,diameter
0,123.06014173288355,79.20574975549704,11.358689308166504
1,123.06014173288355,79.20574975549704,13.794288635253906
