,area,approx_perimeter,diameter
0,207.38056204109503,103.00768709613597,14.572015762329102
1,207.38056204109503,103.00768709613597,18.120014190673828
