,area,approx_perimeter,diameter
0,75.47030236352127,62.480909996118264,8.533042907714844
1,75.47030236352127,62.480909996118264,11.261137962341309
