,area,approx_perimeter,diameter
0,221.3502009773324,106.5307093466341,14.961639404296875
1,221.3502009773324,106.5307093466341,18.83696174621582
