,area,approx_perimeter,diameter
0,482.6043255546876,159.29991869901284,20.824548721313477
1,482.6043255546876,159.29991869901284,29.50704574584961
