,area,approx_perimeter,diameter
0,222.44819178144522,110.16969013714841,13.289852142333984
1,222.44819178144522,110.16969013714841,21.311737060546875
