,area,approx_perimeter,diameter
0,116.59208947303621,76.95376892697415,11.208980560302734
1,116.59208947303621,76.95376892697415,13.243814468383789
