,area,approx_perimeter,diameter
0,113.50674311773051,75.81692837640959,11.202290534973145
1,113.50674311773051,75.81692837640959,12.901046752929688
