,area,approx_perimeter,diameter
0,87.19887323618549,66.31179142035288,10.059213638305664
1,87.19887323618549,66.31179142035288,11.037150382995605
