,area,approx_perimeter,diameter
0,225.1596448652068,110.0858730363503,13.652533531188965
1,225.1596448652068,110.0858730363503,20.998458862304688
