,area,approx_perimeter,diameter
0,56.977799111426506,53.744661035405514,7.898897171020508
1,56.977799111426506,53.744661035405514,9.184369087219238
