,area,approx_perimeter,diameter
0,141.35465750484934,86.34851074189,11.202666282653809
1,141.35465750484934,86.34851074189,16.065670013427734
