,area,approx_perimeter,diameter
0,106.56858618291935,74.04679549353197,10.280359268188477
1,106.56858618291935,74.04679549353197,13.19869613647461
