,area,approx_perimeter,diameter
0,84.9781174755906,67.24532696068097,8.54851245880127
1,84.9781174755906,67.24532696068097,12.656880378723145
