,area,approx_perimeter,diameter
0,127.05488056410753,82.07298969794843,10.521646499633789
1,127.05488056410753,82.07298969794843,15.375093460083008
