,area,approx_perimeter,diameter
0,60.96232617995029,55.66571933231676,8.08138370513916
1,60.96232617995029,55.66571933231676,9.60474681854248
