,area,approx_perimeter,diameter
0,301.07608418072004,124.19773188486046,17.4870662689209
1,301.07608418072004,124.19773188486046,21.921457290649414
