,area,approx_perimeter,diameter
0,104.98081091917216,73.60823928733403,10.120336532592773
1,104.98081091917216,73.60823928733403,13.207635879516602
