,area,approx_perimeter,diameter
0,81.3277902370376,64.03846048349352,9.719178199768066
1,81.3277902370376,64.03846048349352,10.654168128967285
