,area,approx_perimeter,diameter
0,130.78180559771326,81.85934014742328,11.522302627563477
1,130.78180559771326,81.85934014742328,14.451674461364746
