,area,approx_perimeter,diameter
0,246.86269329133918,112.51949073654757,15.7865629196167
1,246.86269329133918,112.51949073654757,19.910308837890625
