,area,approx_perimeter,diameter
0,165.88004432901602,91.45161998413582,13.893272399902344
1,165.88004432901602,91.45161998413582,15.201964378356934
