,area,approx_perimeter,diameter
0,228.63234294178363,107.39522827259117,16.245973587036133
1,228.63234294178363,107.39522827259117,17.918516159057617
