,area,approx_perimeter,diameter
0,27.724243278988283,37.41900955804188,5.616669654846191
1,27.724243278988283,37.41900955804188,6.284792423248291
