,area,approx_perimeter,diameter
0,289.281420423049,121.32251554677337,17.535341262817383
1,289.281420423049,121.32251554677337,21.004697799682617
