,area,approx_perimeter,diameter
0,99.69548853552867,71.69318460602456,9.88923454284668
1,99.69548853552867,71.69318460602456,12.835800170898438
