,area,approx_perimeter,diameter
0,145.07808961687306,86.84779929475572,11.691697120666504
1,145.07808961687306,86.84779929475572,15.799174308776855
