,area,approx_perimeter,diameter
0,293.7374303214358,122.01651391926146,17.950725555419922
1,293.7374303214358,122.01651391926146,20.834707260131836
