,area,approx_perimeter,diameter
0,142.66955055202976,86.7367252858326,11.26077938079834
1,142.66955055202976,86.7367252858326,16.131433486938477
