,area,approx_perimeter,diameter
0,122.95519307962375,78.62018363470581,12.401426315307617
1,122.95519307962375,78.62018363470581,12.623661994934082
