,area,approx_perimeter,diameter
0,123.72483073555136,79.60807071763408,11.217267036437988
1,123.72483073555136,79.60807071763408,14.043647766113281
