,area,approx_perimeter,diameter
0,333.4140056687371,129.9029952008424,19.254261016845703
1,333.4140056687371,129.9029952008424,22.047893524169922
