,area,approx_perimeter,diameter
0,48.99115377201334,49.74504214969794,7.460551738739014
1,48.99115377201334,49.74504214969794,8.360973358154297
