,area,approx_perimeter,diameter
0,399.2457809430712,144.87702648956795,18.94780731201172
1,399.2457809430712,144.87702648956795,26.828197479248047
