,area,approx_perimeter,diameter
0,79.5976237607727,63.4048766648719,9.514334678649902
1,79.5976237607727,63.4048766648719,10.652015686035156
