,area,approx_perimeter,diameter
0,139.80678584377307,84.55208739689847,11.986152648925781
1,139.80678584377307,84.55208739689847,14.85109806060791
