,area,approx_perimeter,diameter
0,222.27626134070937,106.15709060421688,15.594925880432129
1,222.27626134070937,106.15709060421688,18.147628784179688
