,area,approx_perimeter,diameter
0,100.27310871248255,71.17444734327904,10.661768913269043
1,100.27310871248255,71.17444734327904,11.974719047546387
