,area,approx_perimeter,diameter
0,40.38408391585675,45.3514144589879,6.529311656951904
1,40.38408391585675,45.3514144589879,7.8750433921813965
