,area,approx_perimeter,diameter
0,285.2525461749364,125.46139015150125,14.810029983520508
1,285.2525461749364,125.46139015150125,24.523571014404297
