,area,approx_perimeter,diameter
0,27.84357951328037,37.76302253130625,5.323138236999512
1,27.84357951328037,37.76302253130625,6.659895896911621
