,area,approx_perimeter,diameter
0,158.95333288401903,90.05553809255689,12.873433113098145
1,158.95333288401903,90.05553809255689,15.72118854522705
