,area,approx_perimeter,diameter
0,43.93091809358709,50.39821493844222,5.482300281524658
1,43.93091809358709,50.39821493844222,10.202757835388184
