,area,approx_perimeter,diameter
0,62.97970421601805,56.28870492325484,8.743305206298828
1,62.97970421601805,56.28870492325484,9.171388626098633
