,area,approx_perimeter,diameter
0,103.83372687405166,72.8995084669607,10.300926208496094
1,103.83372687405166,72.8995084669607,12.83430290222168
