,area,approx_perimeter,diameter
0,100.67371193899706,71.79821833007775,10.12874984741211
1,100.67371193899706,71.79821833007775,12.65523910522461
