,area,approx_perimeter,diameter
0,180.33899679133012,97.73009667567362,12.55837345123291
1,180.33899679133012,97.73009667567362,18.283796310424805
