,area,approx_perimeter,diameter
0,130.4682790963689,81.11828690598144,12.291927337646484
1,130.4682790963689,81.11828690598144,13.514347076416016
