,area,approx_perimeter,diameter
0,191.98994834257803,99.09073829433042,14.03927230834961
1,191.98994834257803,99.09073829433042,17.411813735961914
