,area,approx_perimeter,diameter
0,99.46155725055308,71.24217844980531,10.177933692932129
1,99.46155725055308,71.24217844980531,12.442445755004883
