,area,approx_perimeter,diameter
0,60.142440079624684,55.526260173990295,7.801668643951416
1,60.142440079624684,55.526260173990295,9.815301895141602
