,area,approx_perimeter,diameter
0,77.88563140872375,62.931048293447105,9.12165355682373
1,77.88563140872375,62.931048293447105,10.871610641479492
