,area,approx_perimeter,diameter
0,137.4733182287513,83.35959061353641,12.44689655303955
1,137.4733182287513,83.35959061353641,14.06265926361084
