,area,approx_perimeter,diameter
0,178.7838909359363,94.90579888153093,14.5113525390625
1,178.7838909359363,94.90579888153093,15.686664581298828
