,area,approx_perimeter,diameter
0,124.16487728506362,80.44868487345947,10.754603385925293
1,124.16487728506362,80.44868487345947,14.69990348815918
