,area,approx_perimeter,diameter
0,466.59611171567434,153.6935294800954,22.747852325439453
1,466.59611171567434,153.6935294800954,26.11625099182129
