,area,approx_perimeter,diameter
0,105.58893701245418,73.03186520160403,10.949101448059082
1,105.58893701245418,73.03186520160403,12.278634071350098
