,area,approx_perimeter,diameter
0,316.4064607560762,127.31442781006726,17.931812286376953
1,316.4064607560762,127.31442781006726,22.466285705566406
