,area,approx_perimeter,diameter
0,186.92127348418072,98.69817101082968,13.200715065002441
1,186.92127348418072,98.69817101082968,18.028989791870117
