,area,approx_perimeter,diameter
0,124.71399062584263,80.82836970649342,10.665579795837402
1,124.71399062584263,80.82836970649342,14.888153076171875
