,area,approx_perimeter,diameter
0,128.89736362384252,80.753285063199,11.996367454528809
1,128.89736362384252,80.753285063199,13.68057632446289
