,area,approx_perimeter,diameter
0,48.43931582401492,49.56021019283901,7.2754058837890625
1,48.43931582401492,49.56021019283901,8.47716999053955
