,area,approx_perimeter,diameter
0,221.27347353078628,106.48527844201854,14.981335639953613
1,221.27347353078628,106.48527844201854,18.805675506591797
