,area,approx_perimeter,diameter
0,341.25496846802486,132.8776033965783,18.134172439575195
1,341.25496846802486,132.8776033965783,23.960250854492188
