,area,approx_perimeter,diameter
0,143.00482480493244,87.6935250879973,10.895976066589355
1,143.00482480493244,87.6935250879973,16.71070098876953
