,area,approx_perimeter,diameter
0,296.1667754027639,122.4541765712009,18.115108489990234
1,296.1667754027639,122.4541765712009,20.816394805908203
