,area,approx_perimeter,diameter
0,97.22688036022653,70.27916256417389,10.22869873046875
1,97.22688036022653,70.27916256417389,12.102527618408203
