,area,approx_perimeter,diameter
0,242.84053152802,110.81517653275087,16.505172729492188
1,242.84053152802,110.81517653275087,18.73316764831543
