,area,approx_perimeter,diameter
0,341.06066024902475,134.31362122660693,17.31117057800293
1,341.06066024902475,134.31362122660693,25.08506965637207
