,area,approx_perimeter,diameter
0,109.07808830870724,74.52581798978103,10.73925495147705
1,109.07808830870724,74.52581798978103,12.932231903076172
