,area,approx_perimeter,diameter
0,128.45434979767273,81.9958182972181,10.843647003173828
1,128.45434979767273,81.9958182972181,15.082855224609375
