,area,approx_perimeter,diameter
0,136.54287737515364,82.98888403351962,12.567091941833496
1,136.54287737515364,82.98888403351962,13.833891868591309
