,area,approx_perimeter,diameter
0,121.09832750046982,78.05079730550902,12.134011268615723
1,121.09832750046982,78.05079730550902,12.707024574279785
