,area,approx_perimeter,diameter
0,99.34661112951005,70.69653227774981,10.980804443359375
1,99.34661112951005,70.69653227774981,11.519377708435059
