,area,approx_perimeter,diameter
0,324.0163281588788,129.66839073887257,17.547611236572266
1,324.0163281588788,129.66839073887257,23.510345458984375
