,area,approx_perimeter,diameter
0,68.26232763964474,58.8642750677837,8.598359107971191
1,68.26232763964474,58.8642750677837,10.10824203491211
