,area,approx_perimeter,diameter
0,75.9892984150518,72.45369516579103,6.098596096038818
1,75.9892984150518,72.45369516579103,15.864729881286621
2,75.9892984150518,72.45369516579103,4.934544563293457
3,75.9892984150518,72.45369516579103,5.618941307067871
