,area,approx_perimeter,diameter
0,112.41532353178962,75.95923952115929,10.629388809204102
1,112.41532353178962,75.95923952115929,13.46565055847168
