,area,approx_perimeter,diameter
0,49.969533488848164,50.20714955881721,7.5958027839660645
1,49.969533488848164,50.20714955881721,8.376097679138184
