,area,approx_perimeter,diameter
0,25.8806370242545,36.32650045438301,5.2058868408203125
1,25.8806370242545,36.32650045438301,6.329805374145508
