,area,approx_perimeter,diameter
0,323.70637035041193,128.4272864395146,18.456804275512695
1,323.70637035041193,128.4272864395146,22.330829620361328
