,area,approx_perimeter,diameter
0,163.01450986516505,94.68322582673753,11.248723030090332
1,163.01450986516505,94.68322582673753,18.451562881469727
