,area,approx_perimeter,diameter
0,182.02094737542456,99.9757132336345,11.911620140075684
1,182.02094737542456,99.9757132336345,19.456317901611328
