,area,approx_perimeter,diameter
0,121.65563556838568,78.73268921177325,11.313467025756836
1,121.65563556838568,78.73268921177325,13.691361427307129
