,area,approx_perimeter,diameter
0,253.71205133695443,114.45753235881115,15.714253425598145
1,253.71205133695443,114.45753235881115,20.55689239501953
