,area,approx_perimeter,diameter
0,116.76444787719629,77.45195966382819,10.80370807647705
1,116.76444787719629,77.45195966382819,13.760933876037598
