,area,approx_perimeter,diameter
0,115.63323327167166,76.4764707370303,11.376275062561035
1,115.63323327167166,76.4764707370303,12.941740989685059
