,area,approx_perimeter,diameter
0,109.88604311788522,74.87975449965462,10.700723648071289
1,109.88604311788522,74.87975449965462,13.074934005737305
