,area,approx_perimeter,diameter
0,154.57669191529095,88.47221650984396,13.078635215759277
1,154.57669191529095,88.47221650984396,15.048447608947754
