,area,approx_perimeter,diameter
0,255.9012605652775,113.86875053238569,16.77951431274414
1,255.9012605652775,113.86875053238569,19.417940139770508
