,area,approx_perimeter,diameter
0,33.408603375076346,42.29431258500793,5.3038458824157715
1,33.408603375076346,42.29431258500793,8.020058631896973
