,area,approx_perimeter,diameter
0,98.41620042872763,72.38442167610653,9.19201374053955
1,98.41620042872763,72.38442167610653,13.632203102111816
