,area,approx_perimeter,diameter
0,146.5408696928161,86.0149926543963,12.937386512756348
1,146.5408696928161,86.0149926543963,14.421895027160645
