,area,approx_perimeter,diameter
0,148.82156637896685,90.23942695787488,10.825462341308594
1,148.82156637896685,90.23942695787488,17.503686904907227
