,area,approx_perimeter,diameter
0,166.20312611843653,93.00817649632856,12.482707023620605
1,166.20312611843653,93.00817649632856,16.9527645111084
