,area,approx_perimeter,diameter
0,33.18604604394303,40.94825171612931,6.12943172454834
1,33.18604604394303,40.94825171612931,6.893589496612549
