,area,approx_perimeter,diameter
0,354.7357485786013,135.16924140908435,18.702482223510742
1,354.7357485786013,135.16924140908435,24.149927139282227
