,area,approx_perimeter,diameter
0,100.28223986893686,71.20292562976529,10.620259284973145
1,100.28223986893686,71.20292562976529,12.02261734008789
