,area,approx_perimeter,diameter
0,141.14607369983236,85.95990755393463,11.361963272094727
1,141.14607369983236,85.95990755393463,15.817051887512207
