,area,approx_perimeter,diameter
0,87.86848745151676,66.95428090930356,9.573465347290039
1,87.86848745151676,66.95428090930356,11.6862211227417
