,area,approx_perimeter,diameter
0,112.15867059586752,75.11353448010865,11.68265151977539
1,112.15867059586752,75.11353448010865,12.223668098449707
