,area,approx_perimeter,diameter
0,370.3425269019483,137.8799796214704,19.284923553466797
1,370.3425269019483,137.8799796214704,24.450952529907227
