,area,approx_perimeter,diameter
0,319.5234089924528,130.33673499072955,16.602161407470703
1,319.5234089924528,130.33673499072955,24.50463104248047
