,area,approx_perimeter,diameter
0,128.1819530772831,80.8253935326985,11.604455947875977
1,128.1819530772831,80.8253935326985,14.064108848571777
