,area,approx_perimeter,diameter
0,296.9952956288541,125.83459745445407,15.928285598754883
1,296.9952956288541,125.83459745445407,23.740543365478516
