,area,approx_perimeter,diameter
0,170.1479598384894,92.82684033112419,13.713980674743652
1,170.1479598384894,92.82684033112419,15.796953201293945
