,area,approx_perimeter,diameter
0,36.0915706137528,42.74566175360748,6.326052188873291
1,36.0915706137528,42.74566175360748,7.264122009277344
