,area,approx_perimeter,diameter
0,253.11191409016635,113.73329859376702,16.15798568725586
1,253.11191409016635,113.73329859376702,19.945066452026367
