,area,approx_perimeter,diameter
0,220.06764255073588,105.90546962710253,15.203661918640137
1,220.06764255073588,105.90546962710253,18.4296932220459
