,area,approx_perimeter,diameter
0,234.6777141051867,110.22622961078385,15.015310287475586
1,234.6777141051867,110.22622961078385,19.899751663208008
