,area,approx_perimeter,diameter
0,185.41135714969184,97.72790017654789,13.517088890075684
1,185.41135714969184,97.72790017654789,17.464786529541016
