,area,approx_perimeter,diameter
0,99.58172627909619,70.7839292604367,10.97788143157959
1,99.58172627909619,70.7839292604367,11.549714088439941
