,area,approx_perimeter,diameter
0,63.105064695585206,56.68108568223538,8.172760009765625
1,63.105064695585206,56.68108568223538,9.831178665161133
