,area,approx_perimeter,diameter
0,255.63122763758219,113.679108092918,16.961374282836914
1,255.63122763758219,113.679108092918,19.189470291137695
