,area,approx_perimeter,diameter
0,160.1495606789918,89.80519815839732,13.785600662231445
1,160.1495606789918,89.80519815839732,14.791430473327637
