,area,approx_perimeter,diameter
0,266.5801117645053,118.9285309660169,15.219482421875
1,266.5801117645053,118.9285309660169,22.301700592041016
