,area,approx_perimeter,diameter
0,199.5550698348967,101.02357229688776,14.31371021270752
1,199.5550698348967,101.02357229688776,17.750911712646484
