,area,approx_perimeter,diameter
0,155.2819767633394,91.08851149518554,11.474348068237305
1,155.2819767633394,91.08851149518554,17.230709075927734
