,area,approx_perimeter,diameter
0,75.38825836495654,62.76398137656476,8.33575439453125
1,75.38825836495654,62.76398137656476,11.515131950378418
