,area,approx_perimeter,diameter
0,67.83605302261377,58.5238307354109,8.800414085388184
1,67.83605302261377,58.5238307354109,9.814486503601074
