,area,approx_perimeter,diameter
0,299.74621016301205,124.27252199487945,17.176729202270508
1,299.74621016301205,124.27252199487945,22.21894073486328
