,area,approx_perimeter,diameter
0,84.91385192224948,65.97728834164883,9.270478248596191
1,84.91385192224948,65.97728834164883,11.662362098693848
