,area,approx_perimeter,diameter
0,91.92850873030956,68.01751024775419,10.517001152038574
1,91.92850873030956,68.01751024775419,11.129314422607422
