,area,approx_perimeter,diameter
0,96.29184078655229,70.7661026217634,9.517992973327637
1,96.29184078655229,70.7661026217634,12.88113784790039
