,area,approx_perimeter,diameter
0,200.94720464379654,103.41414520962216,13.142316818237305
1,200.94720464379654,103.41414520962216,19.467947006225586
