,area,approx_perimeter,diameter
0,110.56555006743001,75.06074869281487,10.783037185668945
1,110.56555006743001,75.06074869281487,13.055359840393066
