,area,approx_perimeter,diameter
0,148.24934563787755,89.03213424002982,11.198710441589355
1,148.24934563787755,89.03213424002982,16.85523796081543
