,area,approx_perimeter,diameter
0,251.331807435059,112.80605927528912,16.686492919921875
1,251.331807435059,112.80605927528912,19.177522659301758
