,area,approx_perimeter,diameter
0,222.27251749843475,106.08964284325329,15.684804916381836
1,222.27251749843475,106.08964284325329,18.043333053588867
