,area,approx_perimeter,diameter
0,161.04655250289457,91.91096310529345,12.087827682495117
1,161.04655250289457,91.91096310529345,16.963415145874023
