,area,approx_perimeter,diameter
0,146.35057274186138,85.94072959632909,12.9639310836792
1,146.35057274186138,85.94072959632909,14.373675346374512
