,area,approx_perimeter,diameter
0,47.806086445789596,51.68795585784813,5.960819244384766
1,47.806086445789596,51.68795585784813,10.211448669433594
