,area,approx_perimeter,diameter
0,82.96026873807907,64.80261631436969,9.597831726074219
1,82.96026873807907,64.80261631436969,11.005433082580566
