,area,approx_perimeter,diameter
0,48.28259019932357,49.47580749260101,7.269004821777344
1,48.28259019932357,49.47580749260101,8.457182884216309
