,area,approx_perimeter,diameter
0,285.4627257602341,120.57975312307691,17.355499267578125
1,285.4627257602341,120.57975312307691,20.94220542907715
