,area,approx_perimeter,diameter
0,135.22070314055753,82.98397464434053,11.950267791748047
1,135.22070314055753,82.98397464434053,14.40707015991211
