,area,approx_perimeter,diameter
0,74.68431436019748,61.2782536477057,9.62358570098877
1,74.68431436019748,61.2782536477057,9.881038665771484
