,area,approx_perimeter,diameter
0,274.53672761394967,119.12027049670604,16.306808471679688
1,274.53672761394967,119.12027049670604,21.435894012451172
