,area,approx_perimeter,diameter
0,97.30786334261282,70.16131709719156,10.42674732208252
1,97.30786334261282,70.16131709719156,11.882537841796875
