,area,approx_perimeter,diameter
0,49.23150167652829,49.96346756685644,7.335116386413574
1,49.23150167652829,49.96346756685644,8.545671463012695
