,area,approx_perimeter,diameter
0,224.31965781664601,108.26648715529342,14.378691673278809
1,224.31965781664601,108.26648715529342,19.863605499267578
