,area,approx_perimeter,diameter
0,196.8029141340006,100.26580589020803,14.267640113830566
1,196.8029141340006,100.26580589020803,17.5626277923584
