,area,approx_perimeter,diameter
0,161.41213123410182,90.08675393263157,14.145927429199219
1,161.41213123410182,90.08675393263157,14.528302192687988
