,area,approx_perimeter,diameter
0,159.4975170062549,90.36662990625952,12.753312110900879
1,159.4975170062549,90.36662990625952,15.923592567443848
