,area,approx_perimeter,diameter
0,92.72835385546095,68.5255746964624,10.127147674560547
1,92.72835385546095,68.5255746964624,11.658308029174805
