,area,approx_perimeter,diameter
0,272.86097117986213,120.50291202877136,15.315950393676758
1,272.86097117986213,120.50291202877136,22.68337059020996
