,area,approx_perimeter,diameter
0,99.52165909862916,72.59223584281582,9.333343505859375
1,99.52165909862916,72.59223584281582,13.576582908630371
