,area,approx_perimeter,diameter
0,172.90816331420197,97.01985516362777,11.756418228149414
1,172.90816331420197,97.01985516362777,18.726240158081055
