,area,approx_perimeter,diameter
0,82.75201262578464,64.60961039392863,9.776418685913086
1,82.75201262578464,64.60961039392863,10.777273178100586
