,area,approx_perimeter,diameter
0,59.706864067746146,55.35928402899428,7.745474338531494
1,59.706864067746146,55.35928402899428,9.814910888671875
