,area,approx_perimeter,diameter
0,35.342448497649755,42.26349881344554,6.3157124519348145
1,35.342448497649755,42.26349881344554,7.124992370605469
