,area,approx_perimeter,diameter
0,168.16318007290405,92.4576254288343,13.417259216308594
1,168.16318007290405,92.4576254288343,15.957954406738281
