,area,approx_perimeter,diameter
0,53.932462028637595,52.506496311596415,7.452404022216797
1,53.932462028637595,52.506496311596415,9.214334487915039
