,area,approx_perimeter,diameter
0,131.07117144281506,81.18149656856203,12.732355117797852
1,131.07117144281506,81.18149656856203,13.107158660888672
