,area,approx_perimeter,diameter
0,125.12490255054509,79.61040789926997,11.750777244567871
1,125.12490255054509,79.61040789926997,13.5577392578125
