,area,approx_perimeter,diameter
0,43.65892125526843,47.17349746586602,6.769528865814209
1,43.65892125526843,47.17349746586602,8.211541175842285
