,area,approx_perimeter,diameter
0,126.69139139601252,80.30605385856738,11.586125373840332
1,126.69139139601252,80.30605385856738,13.92255687713623
