,area,approx_perimeter,diameter
0,38.64915133307958,44.2452392775858,6.530972480773926
1,38.64915133307958,44.2452392775858,7.53480863571167
