,area,approx_perimeter,diameter
0,123.9774831754982,79.3866226239993,11.520737648010254
1,123.9774831754982,79.3866226239993,13.701642990112305
