,area,approx_perimeter,diameter
0,218.42303141372497,107.58558076959547,13.806940078735352
1,218.42303141372497,107.58558076959547,20.14239501953125
