,area,approx_perimeter,diameter
0,194.0555451366556,99.43246329398526,14.294217109680176
1,194.0555451366556,99.43246329398526,17.285255432128906
