,area,approx_perimeter,diameter
0,68.63968245508461,59.497126349127,8.198993682861328
1,68.63968245508461,59.497126349127,10.659205436706543
