,area,approx_perimeter,diameter
0,116.39365239928559,76.90318911514963,11.182138442993164
1,116.39365239928559,76.90318911514963,13.253010749816895
