,area,approx_perimeter,diameter
0,30.51455207177561,39.63409755395954,5.492666721343994
1,30.51455207177561,39.63409755395954,7.073492050170898
