,area,approx_perimeter,diameter
0,230.06363258091073,108.67635587462244,15.197564125061035
1,230.06363258091073,108.67635587462244,19.27454376220703
