,area,approx_perimeter,diameter
0,236.75503513287853,113.37144931115175,13.813769340515137
1,236.75503513287853,113.37144931115175,21.82213020324707
