,area,approx_perimeter,diameter
0,76.34307426682926,62.07668414231583,9.351664543151855
1,76.34307426682926,62.07668414231583,10.394194602966309
