,area,approx_perimeter,diameter
0,187.06810297707273,97.18252343174696,14.619980812072754
1,187.06810297707273,97.18252343174696,16.291574478149414
