,area,approx_perimeter,diameter
0,114.74635076032807,76.18981963265664,11.321555137634277
1,114.74635076032807,76.18981963265664,12.90455150604248
