,area,approx_perimeter,diameter
0,121.41706666618688,79.0622688258658,10.954571723937988
1,121.41706666618688,79.0622688258658,14.112191200256348
