,area,approx_perimeter,diameter
0,261.8243992344523,115.55794811131884,16.542882919311523
1,261.8243992344523,115.55794811131884,20.15157699584961
