,area,approx_perimeter,diameter
0,208.6376069965374,104.81403058956163,13.655267715454102
1,208.6376069965374,104.81403058956163,19.453712463378906
