,area,approx_perimeter,diameter
0,102.38002713468393,71.84141872409606,10.92497730255127
1,102.38002713468393,71.84141872409606,11.931768417358398
