,area,approx_perimeter,diameter
0,110.04900508034508,75.01749555447356,10.632869720458984
1,110.04900508034508,75.01749555447356,13.177886009216309
