,area,approx_perimeter,diameter
0,131.6725775148248,81.4429577594472,12.464784622192383
1,131.6725775148248,81.4429577594472,13.449950218200684
