,area,approx_perimeter,diameter
0,104.32025801009495,73.50561143879607,10.001514434814453
1,104.32025801009495,73.50561143879607,13.28045654296875
