,area,approx_perimeter,diameter
0,117.39073551241587,76.91328146792779,11.733529090881348
1,117.39073551241587,76.91328146792779,12.738411903381348
