,area,approx_perimeter,diameter
0,285.1861613511364,121.92422445579504,16.297924041748047
1,285.1861613511364,121.92422445579504,22.279542922973633
