,area,approx_perimeter,diameter
0,164.0543173806096,91.03858957368747,13.63744068145752
1,164.0543173806096,91.03858957368747,15.316689491271973
