,area,approx_perimeter,diameter
0,91.67203747572093,68.18437886243444,10.002185821533203
1,91.67203747572093,68.18437886243444,11.669495582580566
