,area,approx_perimeter,diameter
0,222.82195485360597,105.98221035856882,16.124801635742188
1,222.82195485360597,105.98221035856882,17.594369888305664
