,area,approx_perimeter,diameter
0,138.14492702055043,83.51144102111286,12.56711483001709
1,138.14492702055043,83.51144102111286,13.99617862701416
