,area,approx_perimeter,diameter
0,104.50583024505626,72.5736820828773,11.060857772827148
1,104.50583024505626,72.5736820828773,12.029894828796387
