,area,approx_perimeter,diameter
0,341.3151584508878,132.18504318883936,18.66316032409668
1,341.3151584508878,132.18504318883936,23.285228729248047
