,area,approx_perimeter,diameter
0,358.92175704215606,134.64387817928593,20.195838928222656
1,358.92175704215606,134.64387817928593,22.628095626831055
