,area,approx_perimeter,diameter
0,70.655019413009,59.691137760417725,9.053919792175293
1,70.655019413009,59.691137760417725,9.936112403869629
