,area,approx_perimeter,diameter
0,83.28051662670622,67.68590144415589,8.03664493560791
1,83.28051662670622,67.68590144415589,13.194068908691406
