,area,approx_perimeter,diameter
0,204.61814520007553,101.50816405324957,15.589055061340332
1,204.61814520007553,101.50816405324957,16.71223258972168
