,area,approx_perimeter,diameter
0,119.60408677836313,77.98868408735277,11.299208641052246
1,119.60408677836313,77.98868408735277,13.477461814880371
