,area,approx_perimeter,diameter
0,96.34849498313268,69.98778980725676,10.151893615722656
1,96.34849498313268,69.98778980725676,12.083924293518066
