,area,approx_perimeter,diameter
0,129.77602335199276,82.10471603786353,11.079514503479004
1,129.77602335199276,82.10471603786353,14.913646697998047
