,area,approx_perimeter,diameter
0,236.8982233700248,109.67381261143106,15.999490737915039
1,236.8982233700248,109.67381261143106,18.85236167907715
