,area,approx_perimeter,diameter
0,161.5373684898305,91.41998887613829,12.477621078491211
1,161.5373684898305,91.41998887613829,16.483572006225586
