,area,approx_perimeter,diameter
0,189.55588817018747,99.07407461297237,13.488511085510254
1,189.55588817018747,99.07407461297237,17.893009185791016
