,area,approx_perimeter,diameter
0,102.78097475058009,72.56925173085436,10.214376449584961
1,102.78097475058009,72.56925173085436,12.811824798583984
