,area,approx_perimeter,diameter
0,193.8462745259718,100.23852633203862,13.608354568481445
1,193.8462745259718,100.23852633203862,18.13685417175293
