,area,approx_perimeter,diameter
0,221.39635428426004,105.82684999367967,15.732392311096191
1,221.39635428426004,105.82684999367967,17.9178466796875
