,area,approx_perimeter,diameter
0,42.40378554633852,47.64212035416323,5.978290557861328
1,42.40378554633852,47.64212035416323,9.031039237976074
