,area,approx_perimeter,diameter
0,228.18496389738783,107.17496553345767,16.523134231567383
1,228.18496389738783,107.17496553345767,17.58347511291504
