,area,approx_perimeter,diameter
0,146.56358792172935,86.06155698317048,12.868285179138184
1,146.56358792172935,86.06155698317048,14.5015869140625
