,area,approx_perimeter,diameter
0,120.95202452034273,78.18901348193711,11.677165985107422
1,120.95202452034273,78.18901348193711,13.18820858001709
