,area,approx_perimeter,diameter
0,273.2632348401725,118.89242822611652,16.236244201660156
1,273.2632348401725,118.89242822611652,21.429189682006836
