,area,approx_perimeter,diameter
0,94.62943741705635,69.12889207424742,10.381324768066406
1,94.62943741705635,69.12889207424742,11.606027603149414
