,area,approx_perimeter,diameter
0,170.31384082080103,94.5022258865614,12.439339637756348
1,170.31384082080103,94.5022258865614,17.4326229095459
