,area,approx_perimeter,diameter
0,102.39491315303206,72.70687649032529,9.987375259399414
1,102.39491315303206,72.70687649032529,13.053805351257324
