,area,approx_perimeter,diameter
0,88.82304943457058,69.5960478378384,8.405019760131836
1,88.82304943457058,69.5960478378384,13.455413818359375
