,area,approx_perimeter,diameter
0,73.75858628832178,61.21132718462374,8.910385131835938
1,73.75858628832178,61.21132718462374,10.539650917053223
