,area,approx_perimeter,diameter
0,578.9375361574046,171.0052588315415,25.644662857055664
1,578.9375361574046,171.0052588315415,28.74384307861328
