,area,approx_perimeter,diameter
0,262.3872953739645,115.85225942012383,16.403331756591797
1,262.3872953739645,115.85225942012383,20.366708755493164
