,area,approx_perimeter,diameter
0,99.40518060851036,70.96913076596277,10.458720207214355
1,99.40518060851036,70.96913076596277,12.10153865814209
