,area,approx_perimeter,diameter
0,35.80265059277815,42.48300976445882,6.462735176086426
1,35.80265059277815,42.48300976445882,7.053569316864014
