,area,approx_perimeter,diameter
0,141.95862743194823,86.13441291052428,11.434518814086914
1,141.95862743194823,86.13441291052428,15.80716609954834
