,area,approx_perimeter,diameter
0,208.65283260486794,103.34408177621947,14.598515510559082
1,208.65283260486794,103.34408177621947,18.19808578491211
