,area,approx_perimeter,diameter
0,147.8436451211069,86.29213096046671,13.227651596069336
1,147.8436451211069,86.29213096046671,14.230823516845703
