,area,approx_perimeter,diameter
0,230.77107840026875,108.81946041905805,15.23992919921875
1,230.77107840026875,108.81946041905805,19.280067443847656
