,area,approx_perimeter,diameter
0,285.0129695923187,120.90317282604416,16.961376190185547
1,285.0129695923187,120.90317282604416,21.39506721496582
