,area,approx_perimeter,diameter
0,95.75657792390412,69.46448805970918,10.599664688110352
1,95.75657792390412,69.46448805970918,11.502350807189941
