,area,approx_perimeter,diameter
0,81.03189620846004,64.10228667070062,9.407770156860352
1,81.03189620846004,64.10228667070062,10.966787338256836
