,area,approx_perimeter,diameter
0,118.56003998567638,77.6351916691316,11.263503074645996
1,118.56003998567638,77.6351916691316,13.402165412902832
