,area,approx_perimeter,diameter
0,155.72525242801012,88.80415445440771,13.121715545654297
1,155.72525242801012,88.80415445440771,15.110489845275879
