,area,approx_perimeter,diameter
0,101.03636037550007,72.44846778856225,9.774028778076172
1,101.03636037550007,72.44846778856225,13.16176700592041
