,area,approx_perimeter,diameter
0,347.77316436051,136.85189614428802,16.95290756225586
1,347.77316436051,136.85189614428802,26.119327545166016
