,area,approx_perimeter,diameter
0,46.89228917536288,49.04093127688574,6.879619121551514
1,46.89228917536288,49.04093127688574,8.678549766540527
