,area,approx_perimeter,diameter
0,52.301059702996724,51.680716292246125,7.362174034118652
1,52.301059702996724,51.680716292246125,9.045124053955078
