,area,approx_perimeter,diameter
0,34.24512929410128,41.53677443419921,6.349812984466553
1,34.24512929410128,41.53677443419921,6.866698741912842
