,area,approx_perimeter,diameter
0,34.19136799486077,41.525074698329234,6.295433044433594
1,34.19136799486077,41.525074698329234,6.915140151977539
