,area,approx_perimeter,diameter
0,56.52100480108424,53.5723298926463,7.813033103942871
1,56.52100480108424,53.5723298926463,9.21086311340332
