,area,approx_perimeter,diameter
0,355.0061334730003,135.24632113314675,18.69101905822754
1,355.0061334730003,135.24632113314675,24.183156967163086
