,area,approx_perimeter,diameter
0,91.66745380287685,67.96370079467663,10.374438285827637
1,91.66745380287685,67.96370079467663,11.250211715698242
