,area,approx_perimeter,diameter
0,346.50753826501733,132.7708251311557,19.203033447265625
1,346.50753826501733,132.7708251311557,22.974864959716797
