,area,approx_perimeter,diameter
0,133.11379128438605,82.82384646270548,11.440279006958008
1,133.11379128438605,82.82384646270548,14.814826011657715
