,area,approx_perimeter,diameter
0,176.27717787112545,95.18027654743703,13.262248039245605
1,176.27717787112545,95.18027654743703,16.9234561920166
