,area,approx_perimeter,diameter
0,54.899057571317485,53.64359276545724,7.067805767059326
1,54.899057571317485,53.64359276545724,9.88986587524414
