,area,approx_perimeter,diameter
0,26.128701824897547,36.248531117758674,5.669381618499756
1,26.128701824897547,36.248531117758674,5.8680291175842285
