,area,approx_perimeter,diameter
0,45.42012185224795,50.25195658087821,5.8497185707092285
1,45.42012185224795,50.25195658087821,9.886064529418945
