,area,approx_perimeter,diameter
0,107.89343164529495,73.64326793501681,11.704497337341309
1,107.89343164529495,73.64326793501681,11.736871719360352
