,area,approx_perimeter,diameter
0,229.0268339880363,107.50819748940714,16.219112396240234
1,229.0268339880363,107.50819748940714,17.97916030883789
