,area,approx_perimeter,diameter
0,247.04287686235813,114.82213363036325,14.50266170501709
1,247.04287686235813,114.82213363036325,21.68876075744629
