,area,approx_perimeter,diameter
0,469.33082777741527,154.298531209122,22.606576919555664
1,469.33082777741527,154.298531209122,26.433483123779297
