,area,approx_perimeter,diameter
0,112.74364077078044,75.32164852682338,11.661081314086914
1,112.74364077078044,75.32164852682338,12.310150146484375
