,area,approx_perimeter,diameter
0,407.4551082703459,144.43676086993997,20.381921768188477
1,407.4551082703459,144.43676086993997,25.453338623046875
