,area,approx_perimeter,diameter
0,52.332578486031984,52.7506668254729,6.7174835205078125
1,52.332578486031984,52.7506668254729,9.919177055358887
