,area,approx_perimeter,diameter
0,54.64694540597242,52.63278315667269,7.737087249755859
1,54.64694540597242,52.63278315667269,8.992874145507812
