,area,approx_perimeter,diameter
0,106.34821015929055,74.21611310893898,10.09859848022461
1,106.34821015929055,74.21611310893898,13.408469200134277
