,area,approx_perimeter,diameter
0,214.87425421075002,104.76382717690736,14.912299156188965
1,214.87425421075002,104.76382717690736,18.346359252929688
