,area,approx_perimeter,diameter
0,194.406550300141,99.23036842275995,14.649835586547852
1,194.406550300141,99.23036842275995,16.896169662475586
