,area,approx_perimeter,diameter
0,94.76274274408901,70.24292412203671,9.417698860168457
1,94.76274274408901,70.24292412203671,12.8115873336792
