,area,approx_perimeter,diameter
0,152.28189309399252,88.17206531401011,12.575067520141602
1,152.28189309399252,88.17206531401011,15.418710708618164
