,area,approx_perimeter,diameter
0,177.75991896472215,97.0680823265159,12.449946403503418
1,177.75991896472215,97.0680823265159,18.179271697998047
