,area,approx_perimeter,diameter
0,51.69346637821986,52.22192125199533,6.772531032562256
1,51.69346637821986,52.22192125199533,9.718400001525879
