,area,approx_perimeter,diameter
0,74.37282273468384,61.42857479590528,8.991924285888672
1,74.37282273468384,61.42857479590528,10.531051635742188
