,area,approx_perimeter,diameter
0,73.45838119240311,61.04861143448433,8.937904357910156
1,73.45838119240311,61.04861143448433,10.464434623718262
