,area,approx_perimeter,diameter
0,222.0377883056217,106.689597349908,14.990156173706055
1,222.0377883056217,106.689597349908,18.859529495239258
