,area,approx_perimeter,diameter
0,249.16645601247217,112.34789443549201,16.57420539855957
1,249.16645601247217,112.34789443549201,19.141103744506836
