,area,approx_perimeter,diameter
0,319.0618056040074,126.72159827469008,19.57473373413086
1,319.0618056040074,126.72159827469008,20.75339126586914
