,area,approx_perimeter,diameter
0,99.71475112072622,70.922079639893,10.733805656433105
1,99.71475112072622,70.922079639893,11.82812213897705
