,area,approx_perimeter,diameter
0,131.36181856428144,82.36600882005513,11.302095413208008
1,131.36181856428144,82.36600882005513,14.798588752746582
