,area,approx_perimeter,diameter
0,80.6832417358318,64.11707897912856,9.214460372924805
1,80.6832417358318,64.11707897912856,11.148682594299316
