,area,approx_perimeter,diameter
0,245.06156245532026,113.12435093816839,15.0494966506958
1,245.06156245532026,113.12435093816839,20.733057022094727
