,area,approx_perimeter,diameter
0,136.6020603624519,84.87889239997143,11.015485763549805
1,136.6020603624519,84.87889239997143,15.78933048248291
