,area,approx_perimeter,diameter
0,115.13057990313125,76.32245127323746,11.332676887512207
1,115.13057990313125,76.32245127323746,12.93505573272705
