,area,approx_perimeter,diameter
0,8.99245114293531,21.890091380969135,2.774183511734009
1,8.99245114293531,21.890091380969135,4.127176284790039
2,8.99245114293531,21.890091380969135,4.81911563873291
3,8.99245114293531,21.890091380969135,5.406726360321045
