,area,approx_perimeter,diameter
0,257.525427640064,124.44630841850191,12.720295906066895
1,257.525427640064,124.44630841850191,25.77703857421875
