,area,approx_perimeter,diameter
0,90.92695899941671,67.83403670432756,10.060933113098145
1,90.92695899941671,67.83403670432756,11.507063865661621
