,area,approx_perimeter,diameter
0,188.62955642582355,97.63670499810438,14.594110488891602
1,188.62955642582355,97.63670499810438,16.456680297851562
