,area,approx_perimeter,diameter
0,137.46418293903483,83.30406679694596,12.538653373718262
1,137.46418293903483,83.30406679694596,13.958822250366211
