,area,approx_perimeter,diameter
0,73.8421700759799,60.98873487293721,9.337672233581543
1,73.8421700759799,60.98873487293721,10.068758964538574
