,area,approx_perimeter,diameter
0,239.52487954434332,110.31814551375452,16.043502807617188
1,239.52487954434332,110.31814551375452,19.00909996032715
