,area,approx_perimeter,diameter
0,129.2508520605255,80.62064340640964,12.61156940460205
1,129.2508520605255,80.62064340640964,13.048914909362793
