,area,approx_perimeter,diameter
0,99.96659942944274,71.34694123312956,10.27924919128418
1,99.96659942944274,71.34694123312956,12.382366180419922
