,area,approx_perimeter,diameter
0,48.44280081326371,49.51956445510861,7.333418846130371
1,48.44280081326371,49.51956445510861,8.410714149475098
