,area,approx_perimeter,diameter
0,176.57196548092477,94.21964759750591,14.817439079284668
1,176.57196548092477,94.21964759750591,15.172554969787598
