,area,approx_perimeter,diameter
0,92.80579176911088,68.30841828368133,10.734150886535645
1,92.80579176911088,68.30841828368133,11.008230209350586
