,area,approx_perimeter,diameter
0,204.39152116852927,101.88242154688213,14.848576545715332
1,204.39152116852927,101.88242154688213,17.526216506958008
