,area,approx_perimeter,diameter
0,47.94294747472329,49.19573228698645,7.406240940093994
1,47.94294747472329,49.19573228698645,8.242083549499512
