,area,approx_perimeter,diameter
0,98.32023685235735,71.67052784955536,9.523150444030762
1,98.32023685235735,71.67052784955536,13.145357131958008
