,area,approx_perimeter,diameter
0,315.6766896349455,129.48574438079336,16.53076934814453
1,315.6766896349455,129.48574438079336,24.314176559448242
