,area,approx_perimeter,diameter
0,300.8899245341292,123.36975059703232,18.343101501464844
1,300.8899245341292,123.36975059703232,20.88550567626953
