,area,approx_perimeter,diameter
0,52.566893211588315,51.5860772227001,7.636778354644775
1,52.566893211588315,51.5860772227001,8.764199256896973
