,area,approx_perimeter,diameter
0,154.79482828180406,90.21018885617384,11.798445701599121
1,154.79482828180406,90.21018885617384,16.704818725585938
