,area,approx_perimeter,diameter
0,117.15733225014671,78.01336510293079,10.52560806274414
1,117.15733225014671,78.01336510293079,14.172040939331055
