,area,approx_perimeter,diameter
0,119.40870131360141,77.94334347048041,11.269936561584473
1,119.40870131360141,77.94334347048041,13.49039363861084
