,area,approx_perimeter,diameter
0,201.87722473765362,101.70235338533412,14.317008018493652
1,201.87722473765362,101.70235338533412,17.953336715698242
