,area,approx_perimeter,diameter
0,48.43787938853126,50.4240300908812,6.6199049949646
1,48.43787938853126,50.4240300908812,9.316300392150879
