,area,approx_perimeter,diameter
0,121.97295563811883,79.25378295670082,10.97172737121582
1,121.97295563811883,79.25378295670082,14.154634475708008
