,area,approx_perimeter,diameter
0,164.2312363158127,92.84560717065347,12.190820693969727
1,164.2312363158127,92.84560717065347,17.15271759033203
