,area,approx_perimeter,diameter
0,188.88124376635437,101.0245626455213,12.427722930908203
1,188.88124376635437,101.0245626455213,19.351177215576172
