,area,approx_perimeter,diameter
0,251.60483885140627,114.43240345587924,15.360377311706543
1,251.60483885140627,114.43240345587924,20.855817794799805
