,area,approx_perimeter,diameter
0,303.7386619786098,125.42287755315687,17.067760467529297
1,303.7386619786098,125.42287755315687,22.65863037109375
