,area,approx_perimeter,diameter
0,102.48098267555743,72.46379336318407,10.199020385742188
1,102.48098267555743,72.46379336318407,12.79366397857666
