,area,approx_perimeter,diameter
0,111.7050101492161,75.42053062791094,10.8650484085083
1,111.7050101492161,75.42053062791094,13.09034538269043
