,area,approx_perimeter,diameter
0,67.12497856148542,58.587975796360716,8.30460262298584
1,67.12497856148542,58.587975796360716,10.291422843933105
