,area,approx_perimeter,diameter
0,164.95331297488747,91.46651876136791,13.412983894348145
1,164.95331297488747,91.46651876136791,15.658341407775879
