,area,approx_perimeter,diameter
0,182.1943448189955,96.96942114760225,13.333012580871582
1,182.1943448189955,96.96942114760225,17.398696899414062
