,area,approx_perimeter,diameter
0,127.61793700950139,81.07371239047625,11.217832565307617
1,127.61793700950139,81.07371239047625,14.48481273651123
