,area,approx_perimeter,diameter
0,339.0356527573145,131.08062019811035,19.294513702392578
1,339.0356527573145,131.08062019811035,22.372867584228516
