,area,approx_perimeter,diameter
0,112.83012737375033,75.79107591077427,10.928308486938477
1,112.83012737375033,75.79107591077427,13.145655632019043
