,area,approx_perimeter,diameter
0,297.34078473937086,122.57643918546712,18.336605072021484
1,297.34078473937086,122.57643918546712,20.64646339416504
