,area,approx_perimeter,diameter
0,179.45074900943752,95.65027418471126,13.713068962097168
1,179.45074900943752,95.65027418471126,16.661754608154297
