,area,approx_perimeter,diameter
0,41.2072868656487,45.933711000120624,6.481147766113281
1,41.2072868656487,45.933711000120624,8.09528636932373
