,area,approx_perimeter,diameter
0,224.80972703799478,107.33601821499161,15.097891807556152
1,224.80972703799478,107.33601821499161,18.958715438842773
