,area,approx_perimeter,diameter
0,85.73967549884692,65.8386634668576,9.819019317626953
1,85.73967549884692,65.8386634668576,11.117927551269531
