,area,approx_perimeter,diameter
0,200.28717938841254,101.19203248140862,14.354785919189453
1,200.28717938841254,101.19203248140862,17.76505470275879
