,area,approx_perimeter,diameter
0,36.476381434294495,43.43156695476183,5.936263561248779
1,36.476381434294495,43.43156695476183,7.823637008666992
2,36.476381434294495,43.43156695476183,5.88618803024292
3,36.476381434294495,43.43156695476183,7.876584053039551
