,area,approx_perimeter,diameter
0,169.818804212945,93.5652067871732,12.90964412689209
1,169.818804212945,93.5652067871732,16.748720169067383
