,area,approx_perimeter,diameter
0,93.07492589175308,68.4566097879407,10.528055191040039
1,93.07492589175308,68.4566097879407,11.256274223327637
