,area,approx_perimeter,diameter
0,83.9469560600265,65.2130250013358,9.617931365966797
1,83.9469560600265,65.2130250013358,11.113053321838379
