,area,approx_perimeter,diameter
0,71.74389004668366,62.018910756282956,7.7559027671813965
1,71.74389004668366,62.018910756282956,11.777759552001953
