,area,approx_perimeter,diameter
0,88.67469170285628,66.81678671183546,10.282515525817871
1,88.67469170285628,66.81678671183546,10.980204582214355
