,area,approx_perimeter,diameter
0,188.94432503979405,97.94893391039831,14.285799026489258
1,188.94432503979405,97.94893391039831,16.83989715576172
