,area,approx_perimeter,diameter
0,266.80459439728514,120.49355454854877,14.612317085266113
1,266.80459439728514,120.49355454854877,23.24793243408203
