,area,approx_perimeter,diameter
0,40.54443794514554,45.49737969001711,6.487249374389648
1,40.54443794514554,45.49737969001711,7.957576274871826
