,area,approx_perimeter,diameter
0,160.84206915783105,92.57912129349572,11.732208251953125
1,160.84206915783105,92.57912129349572,17.455408096313477
