,area,approx_perimeter,diameter
0,93.77014730138464,68.98295043488301,10.087620735168457
1,93.77014730138464,68.98295043488301,11.835482597351074
