,area,approx_perimeter,diameter
0,226.83206396524952,108.29245866405373,14.81230354309082
1,226.83206396524952,108.29245866405373,19.498085021972656
