,area,approx_perimeter,diameter
0,278.6022025782032,118.58852009070183,17.861255645751953
1,278.6022025782032,118.58852009070183,19.860157012939453
