,area,approx_perimeter,diameter
0,59.37365264656583,54.945648740577056,7.964175224304199
1,59.37365264656583,54.945648740577056,9.492116928100586
