,area,approx_perimeter,diameter
0,98.33727568164727,71.12681344092829,9.877492904663086
1,98.33727568164727,71.12681344092829,12.675980567932129
