,area,approx_perimeter,diameter
0,287.4840460374342,123.2443152932908,15.926544189453125
1,287.4840460374342,123.2443152932908,22.98276710510254
