,area,approx_perimeter,diameter
0,376.1741078559196,140.44759272289576,18.48653793334961
1,376.1741078559196,140.44759272289576,25.9085693359375
