,area,approx_perimeter,diameter
0,84.43166036081261,66.25065323713088,8.921156883239746
1,84.43166036081261,66.25065323713088,12.050200462341309
