,area,approx_perimeter,diameter
0,170.4164452038783,92.7570386429501,13.953008651733398
1,170.4164452038783,92.7570386429501,15.550836563110352
