,area,approx_perimeter,diameter
0,300.4103153624935,123.25198478849873,18.358604431152344
1,300.4103153624935,123.25198478849873,20.834606170654297
