,area,approx_perimeter,diameter
0,307.7566055750139,127.13412865375003,16.669105529785156
1,307.7566055750139,127.13412865375003,23.50743293762207
