,area,approx_perimeter,diameter
0,316.2883132669076,129.89092654464963,16.422983169555664
1,316.2883132669076,129.89092654464963,24.52117156982422
