,area,approx_perimeter,diameter
0,285.05065445128724,120.0715992245883,17.86466407775879
1,285.05065445128724,120.0715992245883,20.31595802307129
