,area,approx_perimeter,diameter
0,99.42619825008666,71.25074149106814,10.1560697555542
1,99.42619825008666,71.25074149106814,12.464798927307129
