,area,approx_perimeter,diameter
0,153.10033625478675,87.77714391415057,13.574006080627441
1,153.10033625478675,87.77714391415057,14.360786437988281
