,area,approx_perimeter,diameter
0,77.68807042137993,62.500479525520035,9.799604415893555
1,77.68807042137993,62.500479525520035,10.093828201293945
