,area,approx_perimeter,diameter
0,130.43008866829211,81.3613629334459,11.892668724060059
1,130.43008866829211,81.3613629334459,13.963959693908691
