,area,approx_perimeter,diameter
0,101.78503944296264,73.07933717719514,9.604393005371094
1,101.78503944296264,73.07933717719514,13.493485450744629
