,area,approx_perimeter,diameter
0,46.074673550373845,50.82859770372536,5.826541423797607
1,46.074673550373845,50.82859770372536,10.068425178527832
