,area,approx_perimeter,diameter
0,172.43898629384296,94.07271426903885,13.16855525970459
1,172.43898629384296,94.07271426903885,16.672758102416992
