,area,approx_perimeter,diameter
0,252.09501748605538,118.22190553042898,13.83365249633789
1,252.09501748605538,118.22190553042898,23.202646255493164
