,area,approx_perimeter,diameter
0,357.14444569419305,136.68119492390812,18.103487014770508
1,357.14444569419305,136.68119492390812,25.118389129638672
