,area,approx_perimeter,diameter
0,190.38523800763713,98.55133926410191,14.09536361694336
1,190.38523800763713,98.55133926410191,17.19757080078125
