,area,approx_perimeter,diameter
0,277.2021704746065,119.02758334043484,16.904983520507812
1,277.2021704746065,119.02758334043484,20.878149032592773
