,area,approx_perimeter,diameter
0,120.37339044463661,78.48914217595784,11.092766761779785
1,120.37339044463661,78.48914217595784,13.816585540771484
