,area,approx_perimeter,diameter
0,340.32288160288846,133.8504098264647,17.447708129882812
1,340.32288160288846,133.8504098264647,24.83492660522461
