,area,approx_perimeter,diameter
0,200.32567249354773,100.4340359967959,15.435894012451172
1,200.32567249354773,100.4340359967959,16.523990631103516
