,area,approx_perimeter,diameter
0,254.21897604076312,113.7122413279755,16.460418701171875
1,254.21897604076312,113.7122413279755,19.664241790771484
