,area,approx_perimeter,diameter
0,67.75333337092754,58.554324990811295,8.686281204223633
1,67.75333337092754,58.554324990811295,9.931318283081055
