,area,approx_perimeter,diameter
0,60.11569716556069,55.350092138737295,7.948314189910889
1,60.11569716556069,55.350092138737295,9.629926681518555
