,area,approx_perimeter,diameter
0,142.1173561849379,84.72010977235223,12.71646785736084
1,142.1173561849379,84.72010977235223,14.229536056518555
