,area,approx_perimeter,diameter
0,125.96259837772442,79.65311770474975,12.203450202941895
1,125.96259837772442,79.65311770474975,13.142230987548828
