,area,approx_perimeter,diameter
0,119.9879391946906,78.1476784463994,11.280656814575195
1,119.9879391946906,78.1476784463994,13.542951583862305
