,area,approx_perimeter,diameter
0,232.85784207131172,111.49784297201577,14.07114315032959
1,232.85784207131172,111.49784297201577,21.070343017578125
