,area,approx_perimeter,diameter
0,84.84878519303689,65.66596382170046,9.540826797485352
1,84.84878519303689,65.66596382170046,11.323214530944824
