,area,approx_perimeter,diameter
0,81.61582397955698,64.49600785080602,9.25805950164795
1,81.61582397955698,64.49600785080602,11.224435806274414
