,area,approx_perimeter,diameter
0,43.59617216338546,47.44940317502131,6.511529445648193
1,43.59617216338546,47.44940317502131,8.524628639221191
