,area,approx_perimeter,diameter
0,56.44689733127494,53.71229573317914,7.627964019775391
1,56.44689733127494,53.71229573317914,9.421966552734375
