,area,approx_perimeter,diameter
0,65.4135585909106,57.405104055689094,8.781797409057617
1,65.4135585909106,57.405104055689094,9.484064102172852
