,area,approx_perimeter,diameter
0,294.7225447516346,122.26680784683515,17.92159652709961
1,294.7225447516346,122.26680784683515,20.93855857849121
