,area,approx_perimeter,diameter
0,54.35750694406263,52.509229840044426,7.696007251739502
1,54.35750694406263,52.509229840044426,8.99299144744873
