,area,approx_perimeter,diameter
0,108.13097421492931,73.98965332644438,10.948116302490234
1,108.13097421492931,73.98965332644438,12.575371742248535
