,area,approx_perimeter,diameter
0,88.16816052997832,66.61093796741675,10.303009986877441
1,88.16816052997832,66.61093796741675,10.895766258239746
