,area,approx_perimeter,diameter
0,124.52179562038634,79.73640189889767,11.366608619689941
1,124.52179562038634,79.73640189889767,13.948406219482422
