,area,approx_perimeter,diameter
0,372.82812405453524,138.74736379035235,19.049989700317383
1,372.82812405453524,138.74736379035235,24.918622970581055
