,area,approx_perimeter,diameter
0,108.31891782593794,73.95789931978064,11.111196517944336
1,108.31891782593794,73.95789931978064,12.412338256835938
