,area,approx_perimeter,diameter
0,69.8989510205278,59.34633718256716,9.062997817993164
1,69.8989510205278,59.34633718256716,9.819941520690918
