,area,approx_perimeter,diameter
0,126.64989539936626,79.9425890006651,12.069279670715332
1,126.64989539936626,79.9425890006651,13.360835075378418
