,area,approx_perimeter,diameter
0,81.78295182685264,64.37328688245388,9.484622955322266
1,81.78295182685264,64.37328688245388,10.978748321533203
