,area,approx_perimeter,diameter
0,120.88321706297451,78.76239882524632,11.027081489562988
1,120.88321706297451,78.76239882524632,13.957754135131836
