,area,approx_perimeter,diameter
0,152.2186710355279,87.62052624814234,13.274643898010254
1,152.2186710355279,87.62052624814234,14.600077629089355
