,area,approx_perimeter,diameter
0,70.93612477844223,59.82961928726928,9.030765533447266
1,70.93612477844223,59.82961928726928,10.001220703125
