,area,approx_perimeter,diameter
0,100.56891596160823,71.12968222691545,11.049997329711914
1,100.56891596160823,71.12968222691545,11.588086128234863
