,area,approx_perimeter,diameter
0,176.9883086254915,94.38558334661133,14.563949584960938
1,176.9883086254915,94.38558334661133,15.47303581237793
