,area,approx_perimeter,diameter
0,40.86601941619889,46.58726798576224,5.948464393615723
1,40.86601941619889,46.58726798576224,8.747170448303223
