,area,approx_perimeter,diameter
0,138.21198116723122,84.14767112260591,11.849201202392578
1,138.21198116723122,84.14767112260591,14.851377487182617
