,area,approx_perimeter,diameter
0,41.10416072910545,45.83265345251196,6.511318206787109
1,41.10416072910545,45.83265345251196,8.03761100769043
2,41.10416072910545,45.83265345251196,0.855391263961792
3,41.10416072910545,45.83265345251196,3.06168270111084
