,area,approx_perimeter,diameter
0,77.6053945124679,62.95675262937348,8.964920043945312
1,77.6053945124679,62.95675262937348,11.021878242492676
