,area,approx_perimeter,diameter
0,140.54641697940724,84.47473166689399,12.324714660644531
1,140.54641697940724,84.47473166689399,14.519545555114746
