,area,approx_perimeter,diameter
0,278.4131369156709,119.21556382717232,17.008068084716797
1,278.4131369156709,119.21556382717232,20.842262268066406
