,area,approx_perimeter,diameter
0,65.51315713223677,57.61294905299065,8.492238998413086
1,65.51315713223677,57.61294905299065,9.822373390197754
