,area,approx_perimeter,diameter
0,252.9349176094382,114.4098608402539,15.604007720947266
1,252.9349176094382,114.4098608402539,20.63871955871582
