,area,approx_perimeter,diameter
0,130.98289796270316,81.56620515233858,11.87894344329834
1,130.98289796270316,81.56620515233858,14.039346694946289
