,area,approx_perimeter,diameter
0,138.19751135497688,83.70065560165237,12.302602767944336
1,138.19751135497688,83.70065560165237,14.302545547485352
