,area,approx_perimeter,diameter
0,263.94451449877727,115.98226619591502,16.651811599731445
1,263.94451449877727,115.98226619591502,20.18186378479004
