,area,approx_perimeter,diameter
0,108.5437300945756,74.72479874895916,10.3789701461792
1,108.5437300945756,74.72479874895916,13.315595626831055
