,area,approx_perimeter,diameter
0,115.4533648846528,76.68604330995089,11.034953117370605
1,115.4533648846528,76.68604330995089,13.321288108825684
