,area,approx_perimeter,diameter
0,116.80005635655166,77.15203502653738,11.078792572021484
1,116.80005635655166,77.15203502653738,13.423344612121582
