,area,approx_perimeter,diameter
0,146.1676469327222,86.24914703911162,12.454442024230957
1,146.1676469327222,86.24914703911162,14.942975997924805
