,area,approx_perimeter,diameter
0,217.52745723950446,104.82484805749839,15.713738441467285
1,217.52745723950446,104.82484805749839,17.62563133239746
