,area,approx_perimeter,diameter
0,99.5449904814892,72.77655220448978,9.254228591918945
1,99.5449904814892,72.77655220448978,13.695859909057617
