,area,approx_perimeter,diameter
0,60.47984146184299,55.37527598479191,8.133369445800781
1,60.47984146184299,55.37527598479191,9.467825889587402
