,area,approx_perimeter,diameter
0,73.2029860741963,60.69877210989092,9.374995231628418
1,73.2029860741963,60.69877210989092,9.941864967346191
