,area,approx_perimeter,diameter
0,177.57560238273666,96.07125389254857,12.942588806152344
1,177.57560238273666,96.07125389254857,17.46916961669922
