,area,approx_perimeter,diameter
0,43.560660863939084,47.0881722043958,6.794944763183594
1,43.560660863939084,47.0881722043958,8.16241455078125
2,43.560660863939084,47.0881722043958,5.818296909332275
3,43.560660863939084,47.0881722043958,6.981976509094238
