,area,approx_perimeter,diameter
0,25.621806039546847,37.20926979586459,4.576772212982178
1,25.621806039546847,37.20926979586459,7.127882957458496
