,area,approx_perimeter,diameter
0,168.61066767479886,93.1488299133315,12.92419719696045
1,168.61066767479886,93.1488299133315,16.61083984375
