,area,approx_perimeter,diameter
0,152.78158514020913,89.42663138834463,11.824384689331055
1,152.78158514020913,89.42663138834463,16.45138931274414
