,area,approx_perimeter,diameter
0,241.4962881621053,113.78749513230021,14.228857040405273
1,241.4962881621053,113.78749513230021,21.609790802001953
