,area,approx_perimeter,diameter
0,82.68736413622413,65.29124535489278,9.006769180297852
1,82.68736413622413,65.29124535489278,11.689077377319336
