,area,approx_perimeter,diameter
0,65.55042032698982,57.405444965806375,9.047857284545898
1,65.55042032698982,57.405444965806375,9.22443675994873
