,area,approx_perimeter,diameter
0,90.29512349421536,67.85061360868698,9.726099967956543
1,90.29512349421536,67.85061360868698,11.82049560546875
