,area,approx_perimeter,diameter
0,90.93108709633853,69.0259628275796,9.102890968322754
1,90.93108709633853,69.0259628275796,12.71871280670166
