,area,approx_perimeter,diameter
0,105.83832305432313,73.57776321473254,10.419139862060547
1,105.83832305432313,73.57776321473254,12.933652877807617
