,area,approx_perimeter,diameter
0,111.86010154294445,75.25046057324714,11.14136028289795
1,111.86010154294445,75.25046057324714,12.783421516418457
