,area,approx_perimeter,diameter
0,91.42082226347613,68.03171056776307,10.068286895751953
1,91.42082226347613,68.03171056776307,11.561113357543945
