,area,approx_perimeter,diameter
0,175.7352441003129,95.65134661733798,12.827821731567383
1,175.7352441003129,95.65134661733798,17.442794799804688
