,area,approx_perimeter,diameter
0,136.76871506280483,85.84109812594092,10.623662948608398
1,136.76871506280483,85.84109812594092,16.391647338867188
