,area,approx_perimeter,diameter
0,50.11036830551965,50.65659156966412,7.14433479309082
1,50.11036830551965,50.65659156966412,8.930502891540527
