,area,approx_perimeter,diameter
0,120.68690793856437,78.52223184781224,11.168685913085938
1,120.68690793856437,78.52223184781224,13.758408546447754
