,area,approx_perimeter,diameter
0,542.429891058625,172.48861852847855,20.595796585083008
1,542.429891058625,172.48861852847855,33.53321075439453
