,area,approx_perimeter,diameter
0,290.0803565152098,120.97636423774091,18.285005569458008
1,290.0803565152098,120.97636423774091,20.199161529541016
