,area,approx_perimeter,diameter
0,152.53592595706954,89.18953500634522,11.907285690307617
1,152.53592595706954,89.18953500634522,16.310583114624023
