,area,approx_perimeter,diameter
0,310.0275759476368,125.37138270396264,18.419343948364258
1,310.0275759476368,125.37138270396264,21.430696487426758
