,area,approx_perimeter,diameter
0,139.18435034283178,84.33263597001718,11.987360000610352
1,139.18435034283178,84.33263597001718,14.783490180969238
