,area,approx_perimeter,diameter
0,174.2129480255525,93.6937269035836,14.301546096801758
1,174.2129480255525,93.6937269035836,15.509848594665527
