,area,approx_perimeter,diameter
0,125.58706141996134,80.57054787162967,11.026819229125977
1,125.58706141996134,80.57054787162967,14.501227378845215
