,area,approx_perimeter,diameter
0,150.1970454461196,90.52501078740848,10.921069145202637
1,150.1970454461196,90.52501078740848,17.510814666748047
