,area,approx_perimeter,diameter
0,377.42735703472977,143.05560968586587,17.473752975463867
1,377.42735703472977,143.05560968586587,27.501558303833008
