,area,approx_perimeter,diameter
0,218.6937703880157,106.20042131913982,14.635002136230469
1,218.6937703880157,106.20042131913982,19.026273727416992
