,area,approx_perimeter,diameter
0,90.19672293596427,68.14128022775449,9.443394660949707
1,90.19672293596427,68.14128022775449,12.161096572875977
