,area,approx_perimeter,diameter
0,154.13814508932109,88.76727553063287,12.596898078918457
1,154.13814508932109,88.76727553063287,15.579611778259277
