,area,approx_perimeter,diameter
0,44.15136215757112,47.31020501512043,6.953175067901611
1,44.15136215757112,47.31020501512043,8.084833145141602
