,area,approx_perimeter,diameter
0,280.1674038254149,119.62533121332028,17.029129028320312
1,280.1674038254149,119.62533121332028,20.947649002075195
