,area,approx_perimeter,diameter
0,223.26960122255977,107.5500600370593,14.622182846069336
1,223.26960122255977,107.5500600370593,19.44139862060547
