,area,approx_perimeter,diameter
0,96.8311756254803,70.2342525362249,10.101210594177246
1,96.8311756254803,70.2342525362249,12.20539665222168
