,area,approx_perimeter,diameter
0,305.21761297500086,125.87230237442358,17.017454147338867
1,305.21761297500086,125.87230237442358,22.836267471313477
