,area,approx_perimeter,diameter
0,212.46589410759339,103.89296463555387,15.118446350097656
1,212.46589410759339,103.89296463555387,17.89337158203125
