,area,approx_perimeter,diameter
0,262.6769650835563,116.13031837055601,16.23408317565918
1,262.6769650835563,116.13031837055601,20.601760864257812
