,area,approx_perimeter,diameter
0,263.0360869748817,115.97507974865319,16.441574096679688
1,263.0360869748817,115.97507974865319,20.369579315185547
