,area,approx_perimeter,diameter
0,98.57664874534761,70.60356086471764,10.515665054321289
1,98.57664874534761,70.60356086471764,11.935687065124512
