,area,approx_perimeter,diameter
0,163.0366036338692,91.74114268716606,12.604597091674805
1,163.0366036338692,91.74114268716606,16.468963623046875
