,area,approx_perimeter,diameter
0,148.73712853389452,88.01435719973126,11.791570663452148
1,148.73712853389452,88.01435719973126,16.060455322265625
