,area,approx_perimeter,diameter
0,104.25049758265314,72.4421331307286,11.167045593261719
1,104.25049758265314,72.4421331307286,11.88638973236084
