,area,approx_perimeter,diameter
0,123.0137655524509,79.10315927637696,11.447491645812988
1,123.0137655524509,79.10315927637696,13.682123184204102
