,area,approx_perimeter,diameter
0,140.62322256470677,84.95457573987741,11.889914512634277
1,140.62322256470677,84.95457573987741,15.058732986450195
