,area,approx_perimeter,diameter
0,127.22479463464488,80.33516394290568,11.770694732666016
1,127.22479463464488,80.33516394290568,13.761943817138672
