,area,approx_perimeter,diameter
0,261.1667384530538,116.30836539821863,15.822125434875488
1,261.1667384530538,116.30836539821863,21.016633987426758
