,area,approx_perimeter,diameter
0,104.77529241979815,72.96995071675158,10.60267162322998
1,104.77529241979815,72.96995071675158,12.58211612701416
