,area,approx_perimeter,diameter
0,129.9025148990163,80.85478566460725,12.500988006591797
1,129.9025148990163,80.85478566460725,13.23071575164795
