,area,approx_perimeter,diameter
0,178.77333042961453,96.92205862967316,12.691547393798828
1,178.77333042961453,96.92205862967316,17.934871673583984
