,area,approx_perimeter,diameter
0,30.248169189017162,39.015711769049524,6.03462028503418
1,30.248169189017162,39.015711769049524,6.382036209106445
