,area,approx_perimeter,diameter
0,46.54344009672208,48.60865535938359,7.096813678741455
1,46.54344009672208,48.60865535938359,8.350359916687012
