,area,approx_perimeter,diameter
0,261.97743303911307,115.11954138305505,17.110984802246094
1,261.97743303911307,115.11954138305505,19.493911743164062
