,area,approx_perimeter,diameter
0,112.43431353201647,76.62522441245859,10.193366050720215
1,112.43431353201647,76.62522441245859,14.044017791748047
