,area,approx_perimeter,diameter
0,200.55880124126296,102.18642111388395,13.702420234680176
1,200.55880124126296,102.18642111388395,18.636079788208008
