,area,approx_perimeter,diameter
0,114.61354897022616,76.05407949011469,11.471558570861816
1,114.61354897022616,76.05407949011469,12.721070289611816
