,area,approx_perimeter,diameter
0,123.41594643776054,79.0281280915689,11.722766876220703
1,123.41594643776054,79.0281280915689,13.404520034790039
