,area,approx_perimeter,diameter
0,29.431604611882776,39.1013168702181,5.275562763214111
1,29.431604611882776,39.1013168702181,7.103219985961914
