,area,approx_perimeter,diameter
0,122.34936683017372,80.48334723563737,10.350823402404785
1,122.34936683017372,80.48334723563737,15.050015449523926
