,area,approx_perimeter,diameter
0,150.1549536082292,87.36314098692672,12.68277645111084
1,150.1549536082292,87.36314098692672,15.074240684509277
