,area,approx_perimeter,diameter
0,251.25630891848846,113.19578880620092,16.211427688598633
1,251.25630891848846,113.19578880620092,19.733577728271484
