,area,approx_perimeter,diameter
0,146.46134094176725,86.76607552836832,12.082659721374512
1,146.46134094176725,86.76607552836832,15.43371868133545
