,area,approx_perimeter,diameter
0,303.5943852843692,125.09767808371163,17.265031814575195
1,303.5943852843692,125.09767808371163,22.38909149169922
