,area,approx_perimeter,diameter
0,190.15911796391825,97.93699989216191,14.829266548156738
1,190.15911796391825,97.93699989216191,16.327045440673828
