,area,approx_perimeter,diameter
0,117.37286218247493,77.7901270967114,10.730157852172852
1,117.37286218247493,77.7901270967114,13.92745304107666
