,area,approx_perimeter,diameter
0,90.99031690049904,68.6577910556336,9.334954261779785
1,90.99031690049904,68.6577910556336,12.410609245300293
