,area,approx_perimeter,diameter
0,195.36503123645926,100.69579025602954,13.620277404785156
1,195.36503123645926,100.69579025602954,18.26295280456543
