,area,approx_perimeter,diameter
0,129.3604271170871,81.8141268233822,11.163101196289062
1,129.3604271170871,81.8141268233822,14.7545747756958
