,area,approx_perimeter,diameter
0,180.5110117365873,95.7233633223744,13.980953216552734
1,180.5110117365873,95.7233633223744,16.439062118530273
