,area,approx_perimeter,diameter
0,36.59240086892375,43.489108838637605,5.953414440155029
1,36.59240086892375,43.489108838637605,7.825911045074463
