,area,approx_perimeter,diameter
0,169.67503758798657,94.7729546066911,12.192466735839844
1,169.67503758798657,94.7729546066911,17.718889236450195
