,area,approx_perimeter,diameter
0,94.81476117063026,69.2340598899634,10.327715873718262
1,94.81476117063026,69.2340598899634,11.689119338989258
