,area,approx_perimeter,diameter
0,172.36626619906343,94.03286965871213,13.181853294372559
1,172.36626619906343,94.03286965871213,16.648914337158203
