,area,approx_perimeter,diameter
0,34.04375759096013,42.12995458375237,5.628407001495361
1,34.04375759096013,42.12995458375237,7.701265811920166
