,area,approx_perimeter,diameter
0,55.257829900529366,52.870191045607456,7.859089374542236
1,55.257829900529366,52.870191045607456,8.952239990234375
