,area,approx_perimeter,diameter
0,272.26327835069674,117.75582311160963,16.952802658081055
1,272.26327835069674,117.75582311160963,20.448322296142578
