,area,approx_perimeter,diameter
0,131.61842882522166,84.13328752035773,10.451855659484863
1,131.61842882522166,84.13328752035773,16.033687591552734
