,area,approx_perimeter,diameter
0,199.0238906788842,100.45851815311948,14.747236251831055
1,199.0238906788842,100.45851815311948,17.183225631713867
