,area,approx_perimeter,diameter
0,310.2841091052783,126.15400030472033,17.69361686706543
1,310.2841091052783,126.15400030472033,22.32816505432129
