,area,approx_perimeter,diameter
0,102.61224496072707,72.33117346331703,10.367563247680664
1,102.61224496072707,72.33117346331703,12.601800918579102
