,area,approx_perimeter,diameter
0,280.94398659349,119.30630372866764,17.586894989013672
1,280.94398659349,119.30630372866764,20.339519500732422
