,area,approx_perimeter,diameter
0,196.30010213006383,100.85848816461417,13.702215194702148
1,196.30010213006383,100.85848816461417,18.240631103515625
