,area,approx_perimeter,diameter
0,176.58815165961053,95.01090751725525,13.48409652709961
1,176.58815165961053,95.01090751725525,16.67438507080078
