,area,approx_perimeter,diameter
0,63.03729380744998,56.49707192998869,8.353397369384766
1,63.03729380744998,56.49707192998869,9.608255386352539
