,area,approx_perimeter,diameter
0,148.6396892916704,87.88290559240629,11.849231719970703
1,148.6396892916704,87.88290559240629,15.971831321716309
