,area,approx_perimeter,diameter
0,76.3359793461952,61.96817953201185,9.636545181274414
1,76.3359793461952,61.96817953201185,10.085978507995605
