,area,approx_perimeter,diameter
0,46.658778314339656,49.032395449817734,6.7754034996032715
1,46.658778314339656,49.032395449817734,8.768157005310059
