,area,approx_perimeter,diameter
0,133.38439964470905,83.2014718079756,11.25533676147461
1,133.38439964470905,83.2014718079756,15.088868141174316
