,area,approx_perimeter,diameter
0,326.5260182068344,130.08533464949784,17.668834686279297
1,326.5260182068344,130.08533464949784,23.529895782470703
