,area,approx_perimeter,diameter
0,135.3387176073052,85.10236668058303,10.685123443603516
1,135.3387176073052,85.10236668058303,16.126964569091797
