,area,approx_perimeter,diameter
0,262.16977306108987,115.10895283860646,17.201169967651367
1,262.16977306108987,115.10895283860646,19.405942916870117
