,area,approx_perimeter,diameter
0,91.45460932144842,68.44129647225168,9.645854949951172
1,91.45460932144842,68.44129647225168,12.071882247924805
