,area,approx_perimeter,diameter
0,139.8645408332588,84.22890253595962,12.34460163116455
1,139.8645408332588,84.22890253595962,14.425825119018555
