,area,approx_perimeter,diameter
0,221.63077467301875,106.44843428726134,15.099299430847168
1,221.63077467301875,106.44843428726134,18.688884735107422
