,area,approx_perimeter,diameter
0,74.66834977960147,62.07873305607546,8.534784317016602
1,74.66834977960147,62.07873305607546,11.139203071594238
