,area,approx_perimeter,diameter
0,259.64086588511805,115.51239066706485,16.09695053100586
1,259.64086588511805,115.51239066706485,20.537120819091797
