,area,approx_perimeter,diameter
0,277.1021147629131,118.56981303424847,17.35971450805664
1,277.1021147629131,118.56981303424847,20.323915481567383
