,area,approx_perimeter,diameter
0,43.04303950371603,46.87655033368583,6.6858320236206055
1,43.04303950371603,46.87655033368583,8.197050094604492
