,area,approx_perimeter,diameter
0,221.3166737799672,107.92720216835507,14.076483726501465
1,221.3166737799672,107.92720216835507,20.0184326171875
