,area,approx_perimeter,diameter
0,90.80696257926917,67.69087067958426,10.221339225769043
1,90.80696257926917,67.69087067958426,11.311532974243164
