,area,approx_perimeter,diameter
0,273.6140987235302,118.06637066569444,16.975574493408203
1,273.6140987235302,118.06637066569444,20.52220916748047
