,area,approx_perimeter,diameter
0,93.40897637176357,68.9294147799352,9.976497650146484
1,93.40897637176357,68.9294147799352,11.921217918395996
