,area,approx_perimeter,diameter
0,84.09273080201534,65.26658615496707,9.630438804626465
1,84.09273080201534,65.26658615496707,11.11789321899414
