,area,approx_perimeter,diameter
0,58.77595085752577,54.551444936247336,8.069805145263672
1,58.77595085752577,54.551444936247336,9.273565292358398
