,area,approx_perimeter,diameter
0,138.09630311449027,83.8449686072674,12.09410285949707
1,138.09630311449027,83.8449686072674,14.538463592529297
