,area,approx_perimeter,diameter
0,34.86510838125077,42.3240346860403,5.902453899383545
1,34.86510838125077,42.3240346860403,7.520877838134766
