,area,approx_perimeter,diameter
0,243.82506449607422,112.32243018739288,15.325850486755371
1,243.82506449607422,112.32243018739288,20.2564754486084
