,area,approx_perimeter,diameter
0,174.20107194127306,93.67134941179356,14.351530075073242
1,174.20107194127306,93.67134941179356,15.454776763916016
