,area,approx_perimeter,diameter
0,197.24775634406564,100.26831635790279,14.389808654785156
1,197.24775634406564,100.26831635790279,17.452882766723633
