,area,approx_perimeter,diameter
0,113.5595178628212,75.94488089335059,11.064011573791504
1,113.5595178628212,75.94488089335059,13.068358421325684
