,area,approx_perimeter,diameter
0,196.71461869285534,100.15402831662391,14.349255561828613
1,196.71461869285534,100.15402831662391,17.45490074157715
