,area,approx_perimeter,diameter
0,28.337085902255936,37.8770464399238,5.604244232177734
1,28.337085902255936,37.8770464399238,6.437959671020508
