,area,approx_perimeter,diameter
0,173.12034221514202,94.48187782464656,13.026313781738281
1,173.12034221514202,94.48187782464656,16.921415328979492
