,area,approx_perimeter,diameter
0,240.550840844441,114.63872664212258,13.793990135192871
1,240.550840844441,114.63872664212258,22.20378875732422
