,area,approx_perimeter,diameter
0,174.18189673055784,93.62174510673678,14.493023872375488
1,174.18189673055784,93.62174510673678,15.30220890045166
