,area,approx_perimeter,diameter
0,166.48051457455128,91.96020084181944,13.388445854187012
1,166.48051457455128,91.96020084181944,15.832276344299316
