,area,approx_perimeter,diameter
0,111.54229189950357,75.1831710169621,11.070477485656738
1,111.54229189950357,75.1831710169621,12.828720092773438
