,area,approx_perimeter,diameter
0,263.2366061336524,115.57703836940976,16.905277252197266
1,263.2366061336524,115.57703836940976,19.82595443725586
