,area,approx_perimeter,diameter
0,166.03272651525478,91.42614070650241,14.078184127807617
1,166.03272651525478,91.42614070650241,15.016100883483887
