,area,approx_perimeter,diameter
0,101.54790666950151,71.49893406992594,11.014945030212402
1,101.54790666950151,71.49893406992594,11.738125801086426
