,area,approx_perimeter,diameter
0,77.83278003462975,62.64522973256903,9.512740135192871
1,77.83278003462975,62.64522973256903,10.417584419250488
