,area,approx_perimeter,diameter
0,97.09793559503237,69.89523479059481,10.841604232788086
1,97.09793559503237,69.89523479059481,11.40319538116455
