,area,approx_perimeter,diameter
0,143.28324072135146,85.36816175264356,12.358687400817871
1,143.28324072135146,85.36816175264356,14.761590957641602
