,area,approx_perimeter,diameter
0,218.378175654994,105.09765299525571,15.633049011230469
1,218.378175654994,105.09765299525571,17.785892486572266
