,area,approx_perimeter,diameter
0,45.025227655266,47.84328803825428,6.940720081329346
1,45.025227655266,47.84328803825428,8.259647369384766
