,area,approx_perimeter,diameter
0,120.27196629479653,78.37542002743585,11.160255432128906
1,120.27196629479653,78.37542002743585,13.72146224975586
