,area,approx_perimeter,diameter
0,82.72091817281301,64.651418176818,9.673980712890625
1,82.72091817281301,64.651418176818,10.887301445007324
