,area,approx_perimeter,diameter
0,95.24862944853555,69.45871677807133,10.252494812011719
1,95.24862944853555,69.45871677807133,11.82876205444336
