,area,approx_perimeter,diameter
0,109.39980817073727,74.29919553154497,11.217257499694824
1,109.39980817073727,74.29919553154497,12.4176664352417
