,area,approx_perimeter,diameter
0,119.54406143822607,77.6570612469302,11.74708366394043
1,119.54406143822607,77.6570612469302,12.957107543945312
