,area,approx_perimeter,diameter
0,58.51468933956451,54.82871334613936,7.648183345794678
1,58.51468933956451,54.82871334613936,9.74129581451416
