,area,approx_perimeter,diameter
0,215.99735683100505,104.37567669043347,15.81132984161377
1,215.99735683100505,104.37567669043347,17.393627166748047
