,area,approx_perimeter,diameter
0,55.708525227859866,55.74783359369908,6.44940710067749
1,55.708525227859866,55.74783359369908,10.997956275939941
