,area,approx_perimeter,diameter
0,211.85691401787395,104.21376366728008,14.64342212677002
1,211.85691401787395,104.21376366728008,18.42087173461914
