,area,approx_perimeter,diameter
0,121.18976581326613,78.19101248241256,11.825105667114258
1,121.18976581326613,78.19101248241256,13.048813819885254
