,area,approx_perimeter,diameter
0,114.42485350501335,75.9058147756441,11.664861679077148
1,114.42485350501335,75.9058147756441,12.489667892456055
