,area,approx_perimeter,diameter
0,28.118451590127826,38.06958579181268,5.2555694580078125
1,28.118451590127826,38.06958579181268,6.8121113777160645
