,area,approx_perimeter,diameter
0,46.08979474173251,48.280614753422036,7.185030460357666
1,46.08979474173251,48.280614753422036,8.16744613647461
