,area,approx_perimeter,diameter
0,63.31482209768009,56.62128387070178,8.37179183959961
1,63.31482209768009,56.62128387070178,9.629352569580078
