,area,approx_perimeter,diameter
0,97.93355148801552,70.51143831024658,10.292530059814453
1,97.93355148801552,70.51143831024658,12.114890098571777
