,area,approx_perimeter,diameter
0,28.287165588805756,37.88522482136071,5.544213771820068
1,28.287165588805756,37.88522482136071,6.4962029457092285
