,area,approx_perimeter,diameter
0,110.78503484807926,76.12695930054073,10.081722259521484
1,110.78503484807926,76.12695930054073,13.991249084472656
