,area,approx_perimeter,diameter
0,50.86883709946791,51.15811475052254,7.102904796600342
1,50.86883709946791,51.15811475052254,9.118553161621094
