,area,approx_perimeter,diameter
0,75.35807955819097,61.856248387941825,9.02438735961914
1,75.35807955819097,61.856248387941825,10.632177352905273
