,area,approx_perimeter,diameter
0,180.0449084804215,95.4570589998547,14.15208625793457
1,180.0449084804215,95.4570589998547,16.198339462280273
