,area,approx_perimeter,diameter
0,222.78982105758584,107.01035880134482,14.90408992767334
1,222.78982105758584,107.01035880134482,19.032682418823242
