,area,approx_perimeter,diameter
0,154.50141931892875,90.77574065048616,11.481324195861816
1,154.50141931892875,90.77574065048616,17.133678436279297
