,area,approx_perimeter,diameter
0,81.5695864680076,64.10792807133463,9.794547080993652
1,81.5695864680076,64.10792807133463,10.603616714477539
