,area,approx_perimeter,diameter
0,113.49176555069616,79.14360319755127,9.339369773864746
1,113.49176555069616,79.14360319755127,15.472372055053711
