,area,approx_perimeter,diameter
0,73.50317819761604,61.79100994643979,8.338162422180176
1,73.50317819761604,61.79100994643979,11.223954200744629
