,area,approx_perimeter,diameter
0,126.60449711921353,85.43130041154825,9.338358879089355
1,126.60449711921353,85.43130041154825,17.261903762817383
