,area,approx_perimeter,diameter
0,291.56450198571156,122.48092962679623,17.00238609313965
1,291.56450198571156,122.48092962679623,21.83407974243164
