,area,approx_perimeter,diameter
0,94.65366377164197,69.04957765183742,10.574149131774902
1,94.65366377164197,69.04957765183742,11.397303581237793
