,area,approx_perimeter,diameter
0,39.24493609821147,45.09777653869825,6.1258978843688965
1,39.24493609821147,45.09777653869825,8.156878471374512
