,area,approx_perimeter,diameter
0,106.05758745433691,73.27033845238213,10.852012634277344
1,106.05758745433691,73.27033845238213,12.443471908569336
