,area,approx_perimeter,diameter
0,167.6596594317054,92.11322069403232,13.659759521484375
1,167.6596594317054,92.11322069403232,15.627720832824707
