,area,approx_perimeter,diameter
0,122.18214881009558,80.29535038907733,10.4074125289917
1,122.18214881009558,80.29535038907733,14.947725296020508
