,area,approx_perimeter,diameter
0,39.660784524420094,44.918787369774805,6.496601104736328
1,39.660784524420094,44.918787369774805,7.772938251495361
