,area,approx_perimeter,diameter
0,290.4375397513538,121.7726352524026,17.3621826171875
1,290.4375397513538,121.7726352524026,21.298967361450195
