,area,approx_perimeter,diameter
0,57.68279166967454,54.83601022999632,7.328545093536377
1,57.68279166967454,54.83601022999632,10.021636009216309
