,area,approx_perimeter,diameter
0,264.4387775722896,118.93045679989895,14.947397232055664
1,264.4387775722896,118.93045679989895,22.525253295898438
