,area,approx_perimeter,diameter
0,254.04295125856723,113.15860838399696,17.229671478271484
1,254.04295125856723,113.15860838399696,18.773284912109375
