,area,approx_perimeter,diameter
0,119.86570552122888,79.01633827665805,10.582716941833496
1,119.86570552122888,79.01633827665805,14.421415328979492
