,area,approx_perimeter,diameter
0,270.31981905737916,118.09908270150886,16.25188636779785
1,270.31981905737916,118.09908270150886,21.17796516418457
