,area,approx_perimeter,diameter
0,133.8662113065394,82.92136209811467,11.574723243713379
1,133.8662113065394,82.92136209811467,14.72551441192627
