,area,approx_perimeter,diameter
0,85.98640151790882,65.82077755659307,10.056029319763184
1,85.98640151790882,65.82077755659307,10.887128829956055
