,area,approx_perimeter,diameter
0,179.03718877377938,95.70243328716602,13.546249389648438
1,179.03718877377938,95.70243328716602,16.82806968688965
