,area,approx_perimeter,diameter
0,252.62119786616307,112.94011241140014,16.977550506591797
1,252.62119786616307,112.94011241140014,18.94544792175293
