,area,approx_perimeter,diameter
0,146.87795174183358,86.17066204602403,12.854409217834473
1,146.87795174183358,86.17066204602403,14.548378944396973
