,area,approx_perimeter,diameter
0,101.45245486169557,73.18563390794914,9.474669456481934
1,101.45245486169557,73.18563390794914,13.633539199829102
