,area,approx_perimeter,diameter
0,327.68375592809184,128.99167388814095,18.81279754638672
1,327.68375592809184,128.99167388814095,22.177452087402344
