,area,approx_perimeter,diameter
0,266.4875944226566,119.48826145133005,14.964299201965332
1,266.4875944226566,119.48826145133005,22.674135208129883
