,area,approx_perimeter,diameter
0,57.13914308743037,53.939563629142896,7.772373676300049
1,57.13914308743037,53.939563629142896,9.360308647155762
