,area,approx_perimeter,diameter
0,89.43614461889305,68.04932931818516,9.267598152160645
1,89.43614461889305,68.04932931818516,12.287286758422852
