,area,approx_perimeter,diameter
0,180.1142768493625,95.37174011979715,14.322659492492676
1,180.1142768493625,95.37174011979715,16.011594772338867
