,area,approx_perimeter,diameter
0,87.4381373650354,66.73014567876741,9.609786987304688
1,87.4381373650354,66.73014567876741,11.58503246307373
