,area,approx_perimeter,diameter
0,32.21720876558657,40.299024549225656,6.132132530212402
1,32.21720876558657,40.299024549225656,6.689389705657959
