,area,approx_perimeter,diameter
0,121.38998933876323,78.52858417086678,11.42866039276123
1,121.38998933876323,78.52858417086678,13.52376651763916
