,area,approx_perimeter,diameter
0,127.55386467542793,81.38561515991738,10.992341041564941
1,127.55386467542793,81.38561515991738,14.77452564239502
