,area,approx_perimeter,diameter
0,182.23117268607254,95.79247651794175,14.717345237731934
1,182.23117268607254,95.79247651794175,15.765338897705078
