,area,approx_perimeter,diameter
0,243.6583946759258,114.71286783815682,14.12649917602539
1,243.6583946759258,114.71286783815682,21.961244583129883
