,area,approx_perimeter,diameter
0,112.67820790718903,75.38111649149106,11.432049751281738
1,112.67820790718903,75.38111649149106,12.54948616027832
