,area,approx_perimeter,diameter
0,55.41553435665297,53.4848681751985,7.349107265472412
1,55.41553435665297,53.4848681751985,9.600791931152344
