,area,approx_perimeter,diameter
0,279.370898161174,120.91310934793013,15.996822357177734
1,279.370898161174,120.91310934793013,22.236045837402344
