,area,approx_perimeter,diameter
0,253.65280669179432,114.50176679887745,15.673084259033203
1,253.65280669179432,114.50176679887745,20.606077194213867
