,area,approx_perimeter,diameter
0,146.90176546328138,86.25857102764485,12.734872817993164
1,146.90176546328138,86.25857102764485,14.687318801879883
