,area,approx_perimeter,diameter
0,94.16885525110683,68.80628558153629,10.829878807067871
1,94.16885525110683,68.80628558153629,11.07117748260498
