,area,approx_perimeter,diameter
0,246.8938709991901,112.62009576455776,15.713171005249023
1,246.8938709991901,112.62009576455776,20.005830764770508
