,area,approx_perimeter,diameter
0,204.30802434267133,102.58363943134601,14.191777229309082
1,204.30802434267133,102.58363943134601,18.329843521118164
