,area,approx_perimeter,diameter
0,111.12204630146759,77.16001138510586,9.662734985351562
1,111.12204630146759,77.16001138510586,14.642333030700684
