,area,approx_perimeter,diameter
0,317.9694972652607,131.2405669285872,16.062480926513672
1,317.9694972652607,131.2405669285872,25.204782485961914
