,area,approx_perimeter,diameter
0,258.1249167877504,115.67383204101458,15.70091438293457
1,258.1249167877504,115.67383204101458,20.93221092224121
