,area,approx_perimeter,diameter
0,124.66679288519158,79.7797949069396,11.37605094909668
1,124.66679288519158,79.7797949069396,13.953057289123535
