,area,approx_perimeter,diameter
0,153.3684783887715,88.04088062335337,13.15682315826416
1,153.3684783887715,88.04088062335337,14.842094421386719
