,area,approx_perimeter,diameter
0,104.32375878409624,73.1590919835585,10.252002716064453
1,104.32375878409624,73.1590919835585,12.956408500671387
