,area,approx_perimeter,diameter
0,298.1645433626783,125.61966820990024,16.168813705444336
1,298.1645433626783,125.61966820990024,23.47945213317871
