,area,approx_perimeter,diameter
0,127.56420866907035,80.33561026608291,11.932632446289062
1,127.56420866907035,80.33561026608291,13.611396789550781
