,area,approx_perimeter,diameter
0,313.775821797393,127.35277436417952,17.430633544921875
1,313.775821797393,127.35277436417952,22.920095443725586
