,area,approx_perimeter,diameter
0,151.10575888463896,88.01872362819726,12.361793518066406
1,151.10575888463896,88.01872362819726,15.56358528137207
