,area,approx_perimeter,diameter
0,131.7389917039295,82.16352226197348,11.560080528259277
1,131.7389917039295,82.16352226197348,14.509872436523438
