,area,approx_perimeter,diameter
0,106.71797776224399,73.51635308930129,10.859804153442383
1,106.71797776224399,73.51635308930129,12.511970520019531
