,area,approx_perimeter,diameter
0,204.03223984833443,101.67776712442499,14.980177879333496
1,204.03223984833443,101.67776712442499,17.341711044311523
