,area,approx_perimeter,diameter
0,68.9819917329586,59.06072403559288,8.798514366149902
1,68.9819917329586,59.06072403559288,9.98243522644043
