,area,approx_perimeter,diameter
0,31.399775295520367,39.74421862411383,6.177728652954102
1,31.399775295520367,39.74421862411383,6.471542835235596
