,area,approx_perimeter,diameter
0,61.665257078029406,57.0436630904319,7.393615245819092
1,61.665257078029406,57.0436630904319,10.61924934387207
