,area,approx_perimeter,diameter
0,220.91300093799876,105.40072748222711,16.4827823638916
1,220.91300093799876,105.40072748222711,17.064786911010742
