,area,approx_perimeter,diameter
0,61.73958030103782,58.228858506535765,6.936301231384277
1,61.73958030103782,58.228858506535765,11.333024978637695
