,area,approx_perimeter,diameter
0,142.40424551530793,84.65965828305313,13.0761137008667
1,142.40424551530793,84.65965828305313,13.866101264953613
