,area,approx_perimeter,diameter
0,85.3859815334493,65.55406805815296,10.13000202178955
1,85.3859815334493,65.55406805815296,10.732160568237305
