,area,approx_perimeter,diameter
0,215.23742164578857,104.21018201517788,15.745718002319336
1,215.23742164578857,104.21018201517788,17.40465545654297
