,area,approx_perimeter,diameter
0,175.768501377352,94.79681428331216,13.446794509887695
1,175.768501377352,94.79681428331216,16.643030166625977
