,area,approx_perimeter,diameter
0,219.9493207935069,108.6959564753778,13.53717041015625
1,219.9493207935069,108.6959564753778,20.687349319458008
