,area,approx_perimeter,diameter
0,207.8819914140354,102.35456180869028,15.60589599609375
1,207.8819914140354,102.35456180869028,16.960485458374023
