,area,approx_perimeter,diameter
0,116.33996197496246,77.61995166083167,10.56515884399414
1,116.33996197496246,77.61995166083167,14.02048397064209
