,area,approx_perimeter,diameter
0,263.1424903610841,115.51188116450551,16.958200454711914
1,263.1424903610841,115.51188116450551,19.757015228271484
