,area,approx_perimeter,diameter
0,80.8654966118918,63.809121316284816,9.812318801879883
1,80.8654966118918,63.809121316284816,10.493049621582031
