,area,approx_perimeter,diameter
0,263.23929262581555,115.28152891745812,17.34486198425293
1,263.23929262581555,115.28152891745812,19.323686599731445
