,area,approx_perimeter,diameter
0,139.04899839783283,84.73791864752289,11.630718231201172
1,139.04899839783283,84.73791864752289,15.221990585327148
