,area,approx_perimeter,diameter
0,196.23015979355046,99.96874285310177,14.393832206726074
1,196.23015979355046,99.96874285310177,17.357990264892578
