,area,approx_perimeter,diameter
0,250.9465996829728,112.98042316290103,16.35149574279785
1,250.9465996829728,112.98042316290103,19.540422439575195
