,area,approx_perimeter,diameter
0,300.81974277672015,124.36067235402895,17.30718994140625
1,300.81974277672015,124.36067235402895,22.13043212890625
