,area,approx_perimeter,diameter
0,261.1923429365419,115.72461379249653,16.25014305114746
1,261.1923429365419,115.72461379249653,20.465076446533203
