,area,approx_perimeter,diameter
0,404.62120962687806,144.9790174372333,19.561513900756836
1,404.62120962687806,144.9790174372333,26.336393356323242
