,area,approx_perimeter,diameter
0,70.84316995147128,59.78194088340301,9.041899681091309
1,70.84316995147128,59.78194088340301,9.975815773010254
