,area,approx_perimeter,diameter
0,223.11566805672553,106.38787699466582,15.585428237915039
1,223.11566805672553,106.38787699466582,18.227262496948242
