,area,approx_perimeter,diameter
0,86.37250736126198,66.12189054098432,9.793219566345215
1,86.37250736126198,66.12189054098432,11.229493141174316
