,area,approx_perimeter,diameter
0,275.6889095479291,118.91145967651822,16.679697036743164
1,275.6889095479291,118.91145967651822,21.044628143310547
