,area,approx_perimeter,diameter
0,263.4936486487192,115.8631866512541,16.657743453979492
1,263.4936486487192,115.8631866512541,20.140214920043945
