,area,approx_perimeter,diameter
0,184.02441615748106,96.70603066633537,14.051219940185547
1,184.02441615748106,96.70603066633537,16.67521858215332
