,area,approx_perimeter,diameter
0,95.02103007124508,70.43660359959206,9.373921394348145
1,95.02103007124508,70.43660359959206,12.906501770019531
