,area,approx_perimeter,diameter
0,169.38842185162216,94.1611551880614,12.450616836547852
1,169.38842185162216,94.1611551880614,17.32219696044922
