,area,approx_perimeter,diameter
0,185.1089230454746,97.45934523332946,13.650252342224121
1,185.1089230454746,97.45934523332946,17.26620101928711
