,area,approx_perimeter,diameter
0,245.78900571659344,113.13686320786282,15.161251068115234
1,245.78900571659344,113.13686320786282,20.64132308959961
