,area,approx_perimeter,diameter
0,129.2052081212215,80.60141595653587,12.642475128173828
1,129.2052081212215,80.60141595653587,13.012418746948242
