,area,approx_perimeter,diameter
0,45.51570109364307,48.25755676706492,6.8268723487854
1,45.51570109364307,48.25755676706492,8.488863945007324
