,area,approx_perimeter,diameter
0,401.8597324698844,142.1519620041899,22.266742706298828
1,401.8597324698844,142.1519620041899,22.978830337524414
