,area,approx_perimeter,diameter
0,119.26781679924946,77.9825792998659,11.175570487976074
1,119.26781679924946,77.9825792998659,13.588254928588867
