,area,approx_perimeter,diameter
0,142.40948692664875,85.07232300182956,12.360109329223633
1,142.40948692664875,85.07232300182956,14.669885635375977
