,area,approx_perimeter,diameter
0,146.6558831641074,85.90304919203923,13.311186790466309
1,146.6558831641074,85.90304919203923,14.027905464172363
