,area,approx_perimeter,diameter
0,182.52830497127346,97.33510046480586,13.16290283203125
1,182.52830497127346,97.33510046480586,17.655851364135742
