,area,approx_perimeter,diameter
0,118.45279617772275,78.76432641282808,10.399222373962402
1,118.45279617772275,78.76432641282808,14.502890586853027
