,area,approx_perimeter,diameter
0,82.53689587185552,65.03757597027777,9.147848129272461
1,82.53689587185552,65.03757597027777,11.48786449432373
