,area,approx_perimeter,diameter
0,178.68803760849764,96.26457950193631,13.04954719543457
1,178.68803760849764,96.26457950193631,17.434526443481445
