,area,approx_perimeter,diameter
0,284.7457399414226,121.1011169893208,16.757389068603516
1,284.7457399414226,121.1011169893208,21.635204315185547
