,area,approx_perimeter,diameter
0,75.8238954919972,61.92706753732372,9.214158058166504
1,75.8238954919972,61.92706753732372,10.477569580078125
