,area,approx_perimeter,diameter
0,44.62435662676789,47.72625469097776,6.810935020446777
1,44.62435662676789,47.72625469097776,8.3420991897583
