,area,approx_perimeter,diameter
0,116.92933217652848,76.66821227996178,12.109560012817383
1,116.92933217652848,76.66821227996178,12.294340133666992
