,area,approx_perimeter,diameter
0,119.33064741644685,78.04981686086177,11.133575439453125
1,119.33064741644685,78.04981686086177,13.64669418334961
