,area,approx_perimeter,diameter
0,111.27794527214405,74.97575044832973,11.23625659942627
1,111.27794527214405,74.97575044832973,12.609491348266602
