,area,approx_perimeter,diameter
0,99.61965828346,70.86056149019218,10.79012393951416
1,99.61965828346,70.86056149019218,11.755165100097656
