,area,approx_perimeter,diameter
0,338.06447266324534,132.7408994456348,17.748353958129883
1,338.06447266324534,132.7408994456348,24.25222396850586
