,area,approx_perimeter,diameter
0,139.0809736895021,84.0962729879703,12.187887191772461
1,139.0809736895021,84.0962729879703,14.529458045959473
