,area,approx_perimeter,diameter
0,149.68824222381738,88.49520418936181,11.71580696105957
1,149.68824222381738,88.49520418936181,16.26767921447754
