,area,approx_perimeter,diameter
0,89.77520215890483,67.29215270547577,10.189830780029297
1,89.77520215890483,67.29215270547577,11.217589378356934
