,area,approx_perimeter,diameter
0,139.03452266284896,83.79491266727797,12.580071449279785
1,139.03452266284896,83.79491266727797,14.071800231933594
