,area,approx_perimeter,diameter
0,243.42871006646843,110.80906079282776,16.77764320373535
1,243.42871006646843,110.80906079282776,18.473575592041016
