,area,approx_perimeter,diameter
0,219.22905416822084,106.27471517088941,14.69277286529541
1,219.22905416822084,106.27471517088941,18.99785041809082
