,area,approx_perimeter,diameter
0,163.98720942875332,91.17239915548556,13.407051086425781
1,163.98720942875332,91.17239915548556,15.573521614074707
