,area,approx_perimeter,diameter
0,282.5582065590252,120.76982368131993,16.596895217895508
1,282.5582065590252,120.76982368131993,21.67660140991211
