,area,approx_perimeter,diameter
0,94.81748394664126,69.69386588741503,9.816874504089355
1,94.81748394664126,69.69386588741503,12.29773998260498
