,area,approx_perimeter,diameter
0,328.55115917788174,130.80071569306477,17.531461715698242
1,328.55115917788174,130.80071569306477,23.86134910583496
