,area,approx_perimeter,diameter
0,40.033596761139755,45.926072871181226,5.975037097930908
1,40.033596761139755,45.926072871181226,8.530885696411133
