,area,approx_perimeter,diameter
0,251.6341388780457,115.60198877043729,14.761421203613281
1,251.6341388780457,115.60198877043729,21.704586029052734
