,area,approx_perimeter,diameter
0,79.14095570685238,63.717158528400255,8.931785583496094
1,79.14095570685238,63.717158528400255,11.281662940979004
