,area,approx_perimeter,diameter
0,199.2970654962647,100.4453984634638,14.868699073791504
1,199.2970654962647,100.4453984634638,17.066247940063477
