,area,approx_perimeter,diameter
0,185.5180396110617,98.98508076343,12.803200721740723
1,185.5180396110617,98.98508076343,18.449207305908203
