,area,approx_perimeter,diameter
0,127.40426243062893,81.06756631487535,11.164125442504883
1,127.40426243062893,81.06756631487535,14.530125617980957
