,area,approx_perimeter,diameter
0,246.66918433830597,113.47225263461698,15.111525535583496
1,246.66918433830597,113.47225263461698,20.783405303955078
