,area,approx_perimeter,diameter
0,78.4388386582948,64.04219687278393,8.491105079650879
1,78.4388386582948,64.04219687278393,11.76188850402832
