,area,approx_perimeter,diameter
0,44.95347887465094,49.071031883849884,6.148122310638428
1,44.95347887465094,49.071031883849884,9.309597969055176
