,area,approx_perimeter,diameter
0,407.87565762900897,144.27386364128412,20.606348037719727
1,407.87565762900897,144.27386364128412,25.20210838317871
