,area,approx_perimeter,diameter
0,231.1259988523559,107.83329053313507,16.741418838500977
1,231.1259988523559,107.83329053313507,17.5778865814209
