,area,approx_perimeter,diameter
0,91.36811802133003,67.82447303089148,10.43587875366211
1,91.36811802133003,67.82447303089148,11.147456169128418
