,area,approx_perimeter,diameter
0,127.4384887611387,81.27369970034354,11.034597396850586
1,127.4384887611387,81.27369970034354,14.704634666442871
