,area,approx_perimeter,diameter
0,140.72155908777052,84.20246453728849,12.866286277770996
1,140.72155908777052,84.20246453728849,13.925716400146484
