,area,approx_perimeter,diameter
0,200.40855196381602,101.44569557609915,14.172430992126465
1,200.40855196381602,101.44569557609915,18.004539489746094
