,area,approx_perimeter,diameter
0,157.18009700748075,89.77656498270855,12.602792739868164
1,157.18009700748075,89.77656498270855,15.879648208618164
