,area,approx_perimeter,diameter
0,227.60282921839323,108.88279834830274,14.58257007598877
1,227.60282921839323,108.88279834830274,19.872554779052734
