,area,approx_perimeter,diameter
0,190.93458155606663,100.59025691295975,12.907995223999023
1,190.93458155606663,100.59025691295975,18.833711624145508
