,area,approx_perimeter,diameter
0,152.02609490487978,87.75690887194736,12.945758819580078
1,152.02609490487978,87.75690887194736,14.95205020904541
