,area,approx_perimeter,diameter
0,97.09134438007894,70.70278621237584,9.793909072875977
1,97.09134438007894,70.70278621237584,12.622185707092285
