,area,approx_perimeter,diameter
0,140.0899574777211,83.95917383189015,13.005392074584961
1,140.0899574777211,83.95917383189015,13.714932441711426
