,area,approx_perimeter,diameter
0,42.59430969239413,46.287358373590024,7.2070631980896
1,42.59430969239413,46.287358373590024,7.5249457359313965
