,area,approx_perimeter,diameter
0,68.33825513543256,59.046781132946755,8.44243335723877
1,68.33825513543256,59.046781132946755,10.306385040283203
