,area,approx_perimeter,diameter
0,456.3803999486544,151.72458448330744,22.970251083374023
1,456.3803999486544,151.72458448330744,25.297136306762695
