,area,approx_perimeter,diameter
0,222.47235484370515,107.11012064479836,14.763612747192383
1,222.47235484370515,107.11012064479836,19.1864013671875
