,area,approx_perimeter,diameter
0,112.71574566367441,75.83625301702772,10.83906078338623
1,112.71574566367441,75.83625301702772,13.240459442138672
