,area,approx_perimeter,diameter
0,41.9443742104502,46.014076928034626,6.92967414855957
1,41.9443742104502,46.014076928034626,7.706745624542236
