,area,approx_perimeter,diameter
0,93.515700666926,68.90832127752887,10.050957679748535
1,93.515700666926,68.90832127752887,11.84642219543457
