,area,approx_perimeter,diameter
0,69.0015014098821,59.08580411751547,8.77400016784668
1,69.0015014098821,59.08580411751547,10.01315689086914
