,area,approx_perimeter,diameter
0,244.2326911361414,111.39899739647267,16.1981201171875
1,244.2326911361414,111.39899739647267,19.197704315185547
