,area,approx_perimeter,diameter
0,313.2504516027942,134.4005508869242,14.68407917022705
1,313.2504516027942,134.4005508869242,27.161584854125977
