,area,approx_perimeter,diameter
0,114.49225276767388,76.07131260957534,11.362875938415527
1,114.49225276767388,76.07131260957534,12.82915210723877
