,area,approx_perimeter,diameter
0,182.1271486365462,96.31174949516526,13.864531517028809
1,182.1271486365462,96.31174949516526,16.72551918029785
