,area,approx_perimeter,diameter
0,141.62467845243424,85.43009833942405,11.80068588256836
1,141.62467845243424,85.43009833942405,15.280649185180664
