,area,approx_perimeter,diameter
0,109.24898977153413,74.52717784284786,10.809012413024902
1,109.24898977153413,74.52717784284786,12.868903160095215
