,area,approx_perimeter,diameter
0,190.90627460857723,99.80700629249054,13.304790496826172
1,190.90627460857723,99.80700629249054,18.269315719604492
