,area,approx_perimeter,diameter
0,96.00020329450227,70.01189786573528,9.980040550231934
1,96.00020329450227,70.01189786573528,12.247570991516113
