,area,approx_perimeter,diameter
0,154.39946256020053,90.220943018829,11.719974517822266
1,154.39946256020053,90.220943018829,16.773714065551758
