,area,approx_perimeter,diameter
0,47.356533770661926,49.68406748014851,6.641281604766846
1,47.356533770661926,49.68406748014851,9.079002380371094
