,area,approx_perimeter,diameter
0,58.92334095510351,54.612404419335434,8.09055233001709
1,58.92334095510351,54.612404419335434,9.272979736328125
