,area,approx_perimeter,diameter
0,324.29076095587493,128.5999247553459,18.4169979095459
1,324.29076095587493,128.5999247553459,22.419496536254883
