,area,approx_perimeter,diameter
0,145.4632074055519,86.18987002809443,12.276820182800293
1,145.4632074055519,86.18987002809443,15.086113929748535
