,area,approx_perimeter,diameter
0,276.1352399344012,119.9097419175521,16.074735641479492
1,276.1352399344012,119.9097419175521,21.871980667114258
