,area,approx_perimeter,diameter
0,129.45298060270488,80.99813505295546,11.921704292297363
1,129.45298060270488,80.99813505295546,13.825594902038574
