,area,approx_perimeter,diameter
0,91.26965449163808,67.82465857991818,10.330866813659668
1,91.26965449163808,67.82465857991818,11.24863338470459
