,area,approx_perimeter,diameter
0,87.31575834785241,66.45805119753115,9.882165908813477
1,87.31575834785241,66.45805119753115,11.249950408935547
