,area,approx_perimeter,diameter
0,107.1319318514241,73.59707084219372,10.972834587097168
1,107.1319318514241,73.59707084219372,12.431118965148926
