,area,approx_perimeter,diameter
0,180.9105365469193,96.75927811808653,13.1964111328125
1,180.9105365469193,96.75927811808653,17.454931259155273
