,area,approx_perimeter,diameter
0,254.48550305658313,115.8495332462468,15.036198616027832
1,254.48550305658313,115.8495332462468,21.549396514892578
