,area,approx_perimeter,diameter
0,237.74745311123797,111.60347523396665,14.724128723144531
1,237.74745311123797,111.60347523396665,20.558734893798828
