,area,approx_perimeter,diameter
0,119.17662898557958,79.59074401703776,10.143304824829102
1,119.17662898557958,79.59074401703776,14.959660530090332
