,area,approx_perimeter,diameter
0,138.16151677418094,83.51572565515272,12.569232940673828
1,138.16151677418094,83.51572565515272,13.995500564575195
