,area,approx_perimeter,diameter
0,48.82173569400214,49.90942045358604,7.1345086097717285
1,48.82173569400214,49.90942045358604,8.712830543518066
