,area,approx_perimeter,diameter
0,83.1998046631004,64.85937068032817,9.667364120483398
1,83.1998046631004,64.85937068032817,10.95782470703125
