,area,approx_perimeter,diameter
0,71.26933381595683,60.63905164695343,8.345444679260254
1,71.26933381595683,60.63905164695343,10.8733491897583
