,area,approx_perimeter,diameter
0,138.44694975572463,84.64933260764614,11.541531562805176
1,138.44694975572463,84.64933260764614,15.273200988769531
