,area,approx_perimeter,diameter
0,277.6319368440208,118.97291430361003,17.056819915771484
1,277.6319368440208,118.97291430361003,20.724376678466797
