,area,approx_perimeter,diameter
0,37.48352912334334,43.63804768728304,6.349720001220703
1,37.48352912334334,43.63804768728304,7.516160011291504
