,area,approx_perimeter,diameter
0,71.90702310912623,60.556099884330614,8.67251968383789
1,71.90702310912623,60.556099884330614,10.556893348693848
