,area,approx_perimeter,diameter
0,227.3862538561901,107.21397328284326,15.998677253723145
1,227.3862538561901,107.21397328284326,18.0963191986084
