,area,approx_perimeter,diameter
0,149.17157726020284,87.58611167502781,12.177998542785645
1,149.17157726020284,87.58611167502781,15.596253395080566
