,area,approx_perimeter,diameter
0,70.37738836037556,59.519561454686546,9.179305076599121
1,70.37738836037556,59.519561454686546,9.761879920959473
