,area,approx_perimeter,diameter
0,107.07083651142366,74.22249209166215,10.303498268127441
1,107.07083651142366,74.22249209166215,13.231120109558105
