,area,approx_perimeter,diameter
0,148.20001549986645,86.66006543172296,12.762182235717773
1,148.20001549986645,86.66006543172296,14.785411834716797
