,area,approx_perimeter,diameter
0,178.31435022015512,96.76298479888203,12.693156242370605
1,178.31435022015512,96.76298479888203,17.886558532714844
