,area,approx_perimeter,diameter
0,173.99584002376847,93.92360284401137,13.796886444091797
1,173.99584002376847,93.92360284401137,16.05712890625
