,area,approx_perimeter,diameter
0,185.2205510156362,98.0617155707675,13.252525329589844
1,185.2205510156362,98.0617155707675,17.795108795166016
