,area,approx_perimeter,diameter
0,117.66054785674301,77.36398214207941,11.194397926330566
1,117.66054785674301,77.36398214207941,13.38259220123291
