,area,approx_perimeter,diameter
0,42.70962516000211,47.176186840194816,6.311275005340576
1,42.70962516000211,47.176186840194816,8.616259574890137
