,area,approx_perimeter,diameter
0,206.53704726354593,103.64172587372344,13.938841819763184
1,206.53704726354593,103.64172587372344,18.86606788635254
