,area,approx_perimeter,diameter
0,129.63247177631345,81.26615652454234,11.685345649719238
1,129.63247177631345,81.26615652454234,14.124801635742188
