,area,approx_perimeter,diameter
0,212.9741818133308,104.45090604831663,14.713029861450195
1,212.9741818133308,104.45090604831663,18.430408477783203
