,area,approx_perimeter,diameter
0,93.71645904496397,68.92461009413718,10.133626937866211
1,93.71645904496397,68.92461009413718,11.775004386901855
