,area,approx_perimeter,diameter
0,118.22967612318904,77.1199235638207,11.99339485168457
1,118.22967612318904,77.1199235638207,12.551466941833496
