,area,approx_perimeter,diameter
0,259.9389808392825,115.43483578428966,16.220792770385742
1,259.9389808392825,115.43483578428966,20.403724670410156
