,area,approx_perimeter,diameter
0,198.5496970579565,100.15905872845774,14.993385314941406
1,198.5496970579565,100.15905872845774,16.860857009887695
