,area,approx_perimeter,diameter
0,76.57510734381327,62.34978004777937,9.10169792175293
1,76.57510734381327,62.34978004777937,10.712117195129395
