,area,approx_perimeter,diameter
0,136.18524278529244,82.86528186769566,12.58278751373291
1,136.18524278529244,82.86528186769566,13.780447006225586
