,area,approx_perimeter,diameter
0,249.23354080904605,114.61283419572352,14.89753532409668
1,249.23354080904605,114.61283419572352,21.30110740661621
