,area,approx_perimeter,diameter
0,99.79900233635466,71.29579764484433,10.261652946472168
1,99.79900233635466,71.29579764484433,12.382803916931152
