,area,approx_perimeter,diameter
0,247.6455193194369,115.503636902035,14.297638893127441
1,247.6455193194369,115.503636902035,22.053436279296875
