,area,approx_perimeter,diameter
0,129.3298280746192,81.28345839150187,11.563361167907715
1,129.3298280746192,81.28345839150187,14.240483283996582
