,area,approx_perimeter,diameter
0,34.825690602889225,42.713246185782836,5.635732173919678
1,34.825690602889225,42.713246185782836,7.867912292480469
