,area,approx_perimeter,diameter
0,72.17065574805811,60.64608484324813,8.709136962890625
1,72.17065574805811,60.64608484324813,10.55104923248291
