,area,approx_perimeter,diameter
0,150.66637870060495,87.82378522013664,12.399921417236328
1,150.66637870060495,87.82378522013664,15.470613479614258
