,area,approx_perimeter,diameter
0,27.964819578593602,37.58325767734632,5.6370015144348145
1,27.964819578593602,37.58325767734632,6.316463470458984
