,area,approx_perimeter,diameter
0,124.54036240837044,79.62291793713663,11.485746383666992
1,124.54036240837044,79.62291793713663,13.805782318115234
