,area,approx_perimeter,diameter
0,253.31143808315014,113.46283254530535,16.48247718811035
1,253.31143808315014,113.46283254530535,19.567819595336914
