,area,approx_perimeter,diameter
0,165.40776123842105,93.59431545365511,12.028461456298828
1,165.40776123842105,93.59431545365511,17.50878143310547
