,area,approx_perimeter,diameter
0,201.08667590988034,102.78836124201871,13.46261978149414
1,201.08667590988034,102.78836124201871,19.017955780029297
