,area,approx_perimeter,diameter
0,187.54112880210846,97.22022885282496,14.817505836486816
1,187.54112880210846,97.22022885282496,16.11504554748535
