,area,approx_perimeter,diameter
0,105.97534586102016,73.34723543827337,10.70931339263916
1,105.97534586102016,73.34723543827337,12.59950065612793
