,area,approx_perimeter,diameter
0,40.49444185065109,45.662869887899106,6.323556900024414
1,40.49444185065109,45.662869887899106,8.1535005569458
