,area,approx_perimeter,diameter
0,109.980881600943,74.50071911729492,11.23822021484375
1,109.980881600943,74.50071911729492,12.460336685180664
