,area,approx_perimeter,diameter
0,294.1242737221019,121.63780436703921,18.916912078857422
1,294.1242737221019,121.63780436703921,19.796606063842773
