,area,approx_perimeter,diameter
0,45.43834101448275,48.66760425276754,6.505287170410156
1,45.43834101448275,48.66760425276754,8.893364906311035
