,area,approx_perimeter,diameter
0,150.28753593682606,87.14152924939204,13.041717529296875
1,150.28753593682606,87.14152924939204,14.672303199768066
