,area,approx_perimeter,diameter
0,224.5448414445137,107.43492421144903,14.95968246459961
1,224.5448414445137,107.43492421144903,19.111326217651367
