,area,approx_perimeter,diameter
0,244.42290148348584,110.94509930639155,17.031808853149414
1,244.42290148348584,110.94509930639155,18.272216796875
