,area,approx_perimeter,diameter
0,125.27702867842892,79.47997540130126,12.062490463256836
1,125.27702867842892,79.47997540130126,13.223443984985352
