,area,approx_perimeter,diameter
0,267.18362876317644,118.21094559027406,15.663419723510742
1,267.18362876317644,118.21094559027406,21.718677520751953
