,area,approx_perimeter,diameter
0,83.13632057209318,66.6503774649391,8.395545959472656
1,83.13632057209318,66.6503774649391,12.60816764831543
