,area,approx_perimeter,diameter
0,269.5174052517805,117.33744788552816,16.695140838623047
1,269.5174052517805,117.33744788552816,20.55449676513672
