,area,approx_perimeter,diameter
0,198.45965051048495,100.59685170632314,14.413175582885742
1,198.45965051048495,100.59685170632314,17.531644821166992
