,area,approx_perimeter,diameter
0,187.82441734339187,99.40378155026548,12.9789400100708
1,187.82441734339187,99.40378155026548,18.425655364990234
