,area,approx_perimeter,diameter
0,144.31862326027158,85.53514134683394,12.570914268493652
1,144.31862326027158,85.53514134683394,14.61724853515625
