,area,approx_perimeter,diameter
0,96.3844870161539,69.93027227033724,10.236774444580078
1,96.3844870161539,69.93027227033724,11.988204002380371
