,area,approx_perimeter,diameter
0,204.91182373282663,102.58391288588962,14.327020645141602
1,204.91182373282663,102.58391288588962,18.210474014282227
