,area,approx_perimeter,diameter
0,61.236720170620316,55.9494685050056,7.940795421600342
1,61.236720170620316,55.9494685050056,9.818791389465332
