,area,approx_perimeter,diameter
0,78.96358135759591,64.08287640915087,8.619316101074219
1,78.96358135759591,64.08287640915087,11.664446830749512
