,area,approx_perimeter,diameter
0,33.87767357368042,41.84808995490198,5.726123809814453
1,33.87767357368042,41.84808995490198,7.5329132080078125
