,area,approx_perimeter,diameter
0,116.80517546355661,76.71455349623773,11.721043586730957
1,116.80517546355661,76.71455349623773,12.688372611999512
