,area,approx_perimeter,diameter
0,288.4523369404712,122.99417737351861,16.184032440185547
1,288.4523369404712,122.99417737351861,22.693288803100586
