,area,approx_perimeter,diameter
0,143.4119979409479,85.19432261114908,12.630483627319336
1,143.4119979409479,85.19432261114908,14.456914901733398
