,area,approx_perimeter,diameter
0,153.2399623704578,87.78137733022336,13.74907112121582
1,153.2399623704578,87.78137733022336,14.190862655639648
