,area,approx_perimeter,diameter
0,224.762051812926,107.33508514861454,15.087630271911621
1,224.762051812926,107.33508514861454,18.967586517333984
