,area,approx_perimeter,diameter
0,123.55956140806552,78.94190145889256,11.960850715637207
1,123.55956140806552,78.94190145889256,13.152987480163574
