,area,approx_perimeter,diameter
0,57.572843118450706,54.739034938413695,7.3477888107299805
1,57.572843118450706,54.739034938413695,9.976337432861328
