,area,approx_perimeter,diameter
0,148.51488494876716,86.78843310819127,12.728322982788086
1,148.51488494876716,86.78843310819127,14.856240272521973
