,area,approx_perimeter,diameter
0,137.31492194807973,83.1991042744511,12.655685424804688
1,137.31492194807973,83.1991042744511,13.814723014831543
