,area,approx_perimeter,diameter
0,258.8163540193408,115.91633682293981,15.666716575622559
1,258.8163540193408,115.91633682293981,21.034095764160156
