,area,approx_perimeter,diameter
0,202.8383943535276,102.01277252180863,14.29473876953125
1,202.8383943535276,102.01277252180863,18.066917419433594
