,area,approx_perimeter,diameter
0,238.96582538340638,110.47367541042462,15.732722282409668
1,238.96582538340638,110.47367541042462,19.339357376098633
