,area,approx_perimeter,diameter
0,58.085783640656636,54.996723356891934,7.371929168701172
1,58.085783640656636,54.996723356891934,10.03226089477539
