,area,approx_perimeter,diameter
0,91.5352843453327,67.90556014965891,10.390594482421875
1,91.5352843453327,67.90556014965891,11.216523170471191
