,area,approx_perimeter,diameter
0,65.9237899552378,57.678144588248124,8.703852653503418
1,65.9237899552378,57.678144588248124,9.643634796142578
