,area,approx_perimeter,diameter
0,292.554836670452,121.39684097684378,18.581384658813477
1,292.554836670452,121.39684097684378,20.04653549194336
