,area,approx_perimeter,diameter
0,124.48194896239023,81.39066448212752,10.345354080200195
1,124.48194896239023,81.39066448212752,15.320436477661133
