,area,approx_perimeter,diameter
0,215.69899447758687,105.21451011519818,14.726933479309082
1,215.69899447758687,105.21451011519818,18.64858627319336
