,area,approx_perimeter,diameter
0,306.0421190262817,124.59380384338144,18.26108741760254
1,306.0421190262817,124.59380384338144,21.338539123535156
