,area,approx_perimeter,diameter
0,106.60404801785569,74.8438832388663,9.800701141357422
1,106.60404801785569,74.8438832388663,13.849263191223145
