,area,approx_perimeter,diameter
0,97.36776829891184,70.25289609611472,10.331222534179688
1,97.36776829891184,70.25289609611472,11.999789237976074
