,area,approx_perimeter,diameter
0,155.63647861077428,89.10293636335862,12.746179580688477
1,155.63647861077428,89.10293636335862,15.5468168258667
