,area,approx_perimeter,diameter
0,247.23395303881497,112.03526071389936,16.35137176513672
1,247.23395303881497,112.03526071389936,19.251476287841797
