,area,approx_perimeter,diameter
0,100.49532733810598,71.07995001060934,11.188204765319824
1,100.49532733810598,71.07995001060934,11.436564445495605
