,area,approx_perimeter,diameter
0,297.4604029471408,123.69741630328528,17.185213088989258
1,297.4604029471408,123.69741630328528,22.038618087768555
