,area,approx_perimeter,diameter
0,117.24171800830511,77.37506855828703,11.025008201599121
1,117.24171800830511,77.37506855828703,13.539834976196289
