,area,approx_perimeter,diameter
0,129.78059326402152,81.11636695013074,11.916028022766113
1,129.78059326402152,81.11636695013074,13.867186546325684
