,area,approx_perimeter,diameter
0,255.4373138154503,114.4182587836112,16.09018325805664
1,255.4373138154503,114.4182587836112,20.213125228881836
