,area,approx_perimeter,diameter
0,23.88115239093217,35.597255759326615,4.554638385772705
1,23.88115239093217,35.597255759326615,6.6759257316589355
