,area,approx_perimeter,diameter
0,134.15434860361367,82.71067168535986,11.848172187805176
1,134.15434860361367,82.71067168535986,14.416622161865234
