,area,approx_perimeter,diameter
0,299.74015975101383,123.01456907993594,18.508512496948242
1,299.74015975101383,123.01456907993594,20.6197566986084
