,area,approx_perimeter,diameter
0,333.7810245777821,131.22902461495562,18.060884475708008
1,333.7810245777821,131.22902461495562,23.53058624267578
