,area,approx_perimeter,diameter
0,31.73300850829464,40.33052702979597,5.669262409210205
1,31.73300850829464,40.33052702979597,7.126803874969482
