,area,approx_perimeter,diameter
0,56.27522912272785,53.283488686804105,8.055517196655273
1,56.27522912272785,53.283488686804105,8.894754409790039
