,area,approx_perimeter,diameter
0,144.60919309188566,85.57079171049632,12.651968955993652
1,144.60919309188566,85.57079171049632,14.552845001220703
