,area,approx_perimeter,diameter
0,212.7322267653033,104.33297601291447,14.754791259765625
1,212.7322267653033,104.33297601291447,18.357364654541016
