,area,approx_perimeter,diameter
0,112.48453716024007,75.45573028121338,11.178887367248535
1,112.48453716024007,75.45573028121338,12.811629295349121
