,area,approx_perimeter,diameter
0,81.84398325371512,64.71970009331079,9.146932601928711
1,81.84398325371512,64.71970009331079,11.392561912536621
