,area,approx_perimeter,diameter
0,126.70754209130024,79.85643714434647,12.33853530883789
1,126.70754209130024,79.85643714434647,13.07521915435791
