,area,approx_perimeter,diameter
0,182.57906238106904,96.41672967431165,13.896677017211914
1,182.57906238106904,96.41672967431165,16.728235244750977
