,area,approx_perimeter,diameter
0,204.24659327023915,103.62957422914353,13.54910945892334
1,204.24659327023915,103.62957422914353,19.193500518798828
