,area,approx_perimeter,diameter
0,482.5248053056015,156.62651423497775,22.716476440429688
1,482.5248053056015,156.62651423497775,27.04511260986328
