,area,approx_perimeter,diameter
0,274.73604626519153,120.30643563442077,15.654790878295898
1,274.73604626519153,120.30643563442077,22.34490394592285
