,area,approx_perimeter,diameter
0,104.51819752312804,74.2379846255661,9.63886547088623
1,104.51819752312804,74.2379846255661,13.806262016296387
