,area,approx_perimeter,diameter
0,98.250744689912,70.38584191612291,10.684062004089355
1,98.250744689912,70.38584191612291,11.708724021911621
