,area,approx_perimeter,diameter
0,107.30037355968092,73.46403970580322,11.449195861816406
1,107.30037355968092,73.46403970580322,11.932635307312012
