,area,approx_perimeter,diameter
0,109.06038643441883,74.35309452364767,10.931961059570312
1,109.06038643441883,74.35309452364767,12.702203750610352
