,area,approx_perimeter,diameter
0,115.93043343929158,76.42361360176321,11.6852388381958
1,115.93043343929158,76.42361360176321,12.631937980651855
