,area,approx_perimeter,diameter
0,101.19726471236798,74.54683803853182,8.881030082702637
1,101.19726471236798,74.54683803853182,14.508267402648926
