,area,approx_perimeter,diameter
0,90.66024155372239,68.24762086501296,9.519516944885254
1,90.66024155372239,68.24762086501296,12.125846862792969
