,area,approx_perimeter,diameter
0,55.41728670996123,53.26430939087483,7.519249439239502
1,55.41728670996123,53.26430939087483,9.383846282958984
