,area,approx_perimeter,diameter
0,90.96415025921196,68.16374578711716,9.702710151672363
1,90.96415025921196,68.16374578711716,11.936783790588379
