,area,approx_perimeter,diameter
0,134.27467492604157,82.18109640353194,12.807055473327637
1,134.27467492604157,82.18109640353194,13.349190711975098
