,area,approx_perimeter,diameter
0,145.7129746989601,85.62901165274205,13.258381843566895
1,145.7129746989601,85.62901165274205,13.99322509765625
