,area,approx_perimeter,diameter
0,36.563422931334365,44.30055026571819,5.52625846862793
1,36.563422931334365,44.30055026571819,8.42414379119873
