,area,approx_perimeter,diameter
0,87.8775809641352,66.8224407101809,9.715630531311035
1,87.8775809641352,66.8224407101809,11.516412734985352
