,area,approx_perimeter,diameter
0,180.28397000607933,95.91406113805675,13.704071044921875
1,180.28397000607933,95.91406113805675,16.75010871887207
