,area,approx_perimeter,diameter
0,260.0571877573723,114.68682348893412,17.063579559326172
1,260.0571877573723,114.68682348893412,19.40478515625
