,area,approx_perimeter,diameter
0,161.8908253229085,90.6898881650745,13.195450782775879
1,161.8908253229085,90.6898881650745,15.62097454071045
