,area,approx_perimeter,diameter
0,189.87989402858773,98.32075117138348,14.1768159866333
1,189.87989402858773,98.32075117138348,17.053377151489258
