,area,approx_perimeter,diameter
0,42.10786598480206,46.18801155051912,6.8094964027404785
1,42.10786598480206,46.18801155051912,7.87332820892334
