,area,approx_perimeter,diameter
0,84.22580799309166,68.03190224860553,8.094520568847656
1,84.22580799309166,68.03190224860553,13.248422622680664
