,area,approx_perimeter,diameter
0,115.62614801577017,76.24541444700023,11.982866287231445
1,115.62614801577017,76.24541444700023,12.285857200622559
