,area,approx_perimeter,diameter
0,26.600085055070277,36.831350913390246,5.274418354034424
1,26.600085055070277,36.831350913390246,6.421235084533691
