,area,approx_perimeter,diameter
0,179.48462272807097,95.9562341825489,13.450216293334961
1,179.48462272807097,95.9562341825489,16.990575790405273
