,area,approx_perimeter,diameter
0,26.224537427096656,36.484368792855456,5.330255508422852
1,26.224537427096656,36.484368792855456,6.2642621994018555
