,area,approx_perimeter,diameter
0,130.15604096539172,81.82963788592052,11.363107681274414
1,130.15604096539172,81.82963788592052,14.584022521972656
