,area,approx_perimeter,diameter
0,147.73497464138237,88.05480305609314,11.564711570739746
1,147.73497464138237,88.05480305609314,16.26517105102539
