,area,approx_perimeter,diameter
0,98.5047464180585,71.28200772741347,9.817046165466309
1,98.5047464180585,71.28200772741347,12.775751113891602
