,area,approx_perimeter,diameter
0,231.13487632043524,109.13972876388107,15.073884010314941
1,231.13487632043524,109.13972876388107,19.523174285888672
