,area,approx_perimeter,diameter
0,70.66874465637548,59.91616086938002,8.720988273620605
1,70.66874465637548,59.91616086938002,10.317436218261719
