,area,approx_perimeter,diameter
0,253.91113859172629,113.20101257908635,17.071908950805664
1,253.91113859172629,113.20101257908635,18.936939239501953
