,area,approx_perimeter,diameter
0,331.52478650421574,129.72790590373657,18.943754196166992
1,331.52478650421574,129.72790590373657,22.282302856445312
