,area,approx_perimeter,diameter
0,71.91595877832128,60.21794317009406,9.141996383666992
1,71.91595877832128,60.21794317009406,10.016000747680664
