,area,approx_perimeter,diameter
0,131.10739621480795,81.38464104374096,12.192289352416992
1,131.10739621480795,81.38464104374096,13.691532135009766
