,area,approx_perimeter,diameter
0,214.22884987592033,104.47054023532522,15.021357536315918
1,214.22884987592033,104.47054023532522,18.15845489501953
