,area,approx_perimeter,diameter
0,461.6285042119537,156.37771733030883,20.0849666595459
1,461.6285042119537,156.37771733030883,29.26386070251465
