,area,approx_perimeter,diameter
0,151.7638102932872,88.19558719330975,12.400707244873047
1,151.7638102932872,88.19558719330975,15.582311630249023
