,area,approx_perimeter,diameter
0,20.226294545913206,33.82358959875563,3.818453311920166
1,20.226294545913206,33.82358959875563,6.744332313537598
