,area,approx_perimeter,diameter
0,127.4936968635399,80.51192046076599,11.674704551696777
1,127.4936968635399,80.51192046076599,13.90442180633545
