,area,approx_perimeter,diameter
0,24.65999598551998,35.31932553066273,5.249911308288574
1,24.65999598551998,35.31932553066273,5.980688095092773
