,area,approx_perimeter,diameter
0,56.943291521036855,53.87012682511507,7.735461235046387
1,56.943291521036855,53.87012682511507,9.372737884521484
