,area,approx_perimeter,diameter
0,236.597246117977,109.10760198230551,16.915876388549805
1,236.597246117977,109.10760198230551,17.80841636657715
