,area,approx_perimeter,diameter
0,95.692404640325,69.95643863531454,9.912300109863281
1,95.692404640325,69.95643863531454,12.291733741760254
