,area,approx_perimeter,diameter
0,31.21759685390453,39.841482597618686,5.774956703186035
1,31.21759685390453,39.841482597618686,6.882731914520264
