,area,approx_perimeter,diameter
0,248.44623614519807,115.42881578829453,14.425738334655762
1,248.44623614519807,115.42881578829453,21.92827606201172
