,area,approx_perimeter,diameter
0,150.99704066491728,87.94329716335024,12.393774032592773
1,150.99704066491728,87.94329716335024,15.512256622314453
