,area,approx_perimeter,diameter
0,111.5975606057506,76.22621771430394,10.220757484436035
1,111.5975606057506,76.22621771430394,13.902142524719238
