,area,approx_perimeter,diameter
0,123.06117034921527,79.98453600735097,10.76943588256836
1,123.06117034921527,79.98453600735097,14.549169540405273
