,area,approx_perimeter,diameter
0,110.27302567091259,75.4996070958429,10.331942558288574
1,110.27302567091259,75.4996070958429,13.589310646057129
