,area,approx_perimeter,diameter
0,88.42542069025734,66.8093930256666,10.062969207763672
1,88.42542069025734,66.8093930256666,11.188222885131836
