,area,approx_perimeter,diameter
0,255.04702888203053,113.79829369252747,16.59992790222168
1,255.04702888203053,113.79829369252747,19.56249237060547
