,area,approx_perimeter,diameter
0,196.19410377812127,100.20999296028236,14.15704345703125
1,196.19410377812127,100.20999296028236,17.64507484436035
