,area,approx_perimeter,diameter
0,112.55938601735753,75.56526654391776,11.068995475769043
1,112.55938601735753,75.56526654391776,12.947431564331055
