,area,approx_perimeter,diameter
0,98.29694956366474,70.85257171168577,10.091147422790527
1,98.29694956366474,70.85257171168577,12.402510643005371
