,area,approx_perimeter,diameter
0,65.35997229911217,58.20269172723953,7.903535842895508
1,65.35997229911217,58.20269172723953,10.529325485229492
