,area,approx_perimeter,diameter
0,283.69024157821616,120.98596011566823,16.64794158935547
1,283.69024157821616,120.98596011566823,21.696714401245117
