,area,approx_perimeter,diameter
0,38.60979118443639,45.70868074093883,5.606112957000732
1,38.60979118443639,45.70868074093883,8.768912315368652
