,area,approx_perimeter,diameter
0,92.97673744731097,69.28912737143769,9.512391090393066
1,92.97673744731097,69.28912737143769,12.444994926452637
