,area,approx_perimeter,diameter
0,103.13648652523176,72.03682172222814,11.169722557067871
1,103.13648652523176,72.03682172222814,11.75655460357666
