,area,approx_perimeter,diameter
0,155.40133334196,88.46681089223854,13.571244239807129
1,155.40133334196,88.46681089223854,14.579586029052734
