,area,approx_perimeter,diameter
0,84.7299316833383,65.30726687362002,10.071940422058105
1,84.7299316833383,65.30726687362002,10.71109390258789
