,area,approx_perimeter,diameter
0,86.85832055480078,66.27689635432652,9.866836547851562
1,86.85832055480078,66.27689635432652,11.208399772644043
