,area,approx_perimeter,diameter
0,190.59878802585254,100.64885789011359,12.829456329345703
1,190.59878802585254,100.64885789011359,18.915681838989258
