,area,approx_perimeter,diameter
0,94.47581055172647,69.10870305293699,10.311651229858398
1,94.47581055172647,69.10870305293699,11.665477752685547
2,94.47581055172647,69.10870305293699,14.271891593933105
3,94.47581055172647,69.10870305293699,20.137361526489258
