,area,approx_perimeter,diameter
0,63.78756445294745,56.84132535079433,8.390337944030762
1,63.78756445294745,56.84132535079433,9.67980670928955
