,area,approx_perimeter,diameter
0,84.85264839363613,65.75840154312563,9.443973541259766
1,84.85264839363613,65.75840154312563,11.439861297607422
