,area,approx_perimeter,diameter
0,84.56474964735061,65.89604210826349,9.20750617980957
1,84.56474964735061,65.89604210826349,11.693848609924316
