,area,approx_perimeter,diameter
0,107.52258527563012,73.7929243823191,10.900734901428223
1,107.52258527563012,73.7929243823191,12.55897045135498
