,area,approx_perimeter,diameter
0,219.92689304393966,105.78072504407154,15.293099403381348
1,219.92689304393966,105.78072504407154,18.31019401550293
