,area,approx_perimeter,diameter
0,99.28593472192055,71.49003319494615,9.909401893615723
1,99.28593472192055,71.49003319494615,12.757054328918457
