,area,approx_perimeter,diameter
0,115.00757369502824,76.54145970482662,11.009933471679688
1,115.00757369502824,76.54145970482662,13.300006866455078
