,area,approx_perimeter,diameter
0,50.10590860533381,50.47439531413097,7.317505836486816
1,50.10590860533381,50.47439531413097,8.7183837890625
