,area,approx_perimeter,diameter
0,198.8458780626385,102.70070751293281,13.15069580078125
1,198.8458780626385,102.70070751293281,19.252094268798828
