,area,approx_perimeter,diameter
0,29.910339989175334,38.789311694765985,6.0331854820251465
1,29.910339989175334,38.789311694765985,6.312258720397949
