,area,approx_perimeter,diameter
0,235.86898494477595,109.6160146588113,15.76597785949707
1,235.86898494477595,109.6160146588113,19.0484676361084
