,area,approx_perimeter,diameter
0,101.59621476536832,72.71718921535825,9.759828567504883
1,101.59621476536832,72.71718921535825,13.25395393371582
