,area,approx_perimeter,diameter
0,133.2739498341311,82.87415513862447,11.446800231933594
1,133.2739498341311,82.87415513862447,14.824200630187988
