,area,approx_perimeter,diameter
0,263.8701877660362,115.2738864802418,17.69748878479004
1,263.8701877660362,115.2738864802418,18.984046936035156
