,area,approx_perimeter,diameter
0,164.46087843805242,91.17029769355251,13.622305870056152
1,164.46087843805242,91.17029769355251,15.37170696258545
