,area,approx_perimeter,diameter
0,149.64288230027168,87.24913526693858,12.622356414794922
1,149.64288230027168,87.24913526693858,15.094743728637695
