,area,approx_perimeter,diameter
0,139.0422369287991,85.64774899512418,11.10651969909668
1,139.0422369287991,85.64774899512418,15.939653396606445
