,area,approx_perimeter,diameter
0,154.26018923305313,88.9132007314805,12.506261825561523
1,154.26018923305313,88.9132007314805,15.704946517944336
