,area,approx_perimeter,diameter
0,144.7172183142948,85.53381026216951,12.760590553283691
1,144.7172183142948,85.53381026216951,14.439745903015137
