,area,approx_perimeter,diameter
0,120.00356021853966,77.7560462212306,11.884882926940918
1,120.00356021853966,77.7560462212306,12.85610294342041
