,area,approx_perimeter,diameter
0,99.70924962670976,70.97452090781564,10.630938529968262
1,99.70924962670976,70.97452090781564,11.941914558410645
