,area,approx_perimeter,diameter
0,88.55832275356173,66.96675973393185,9.897211074829102
1,88.55832275356173,66.96675973393185,11.3927001953125
