,area,approx_perimeter,diameter
0,173.16845932889862,96.81702311436476,11.86697006225586
1,173.16845932889862,96.81702311436476,18.579715728759766
