,area,approx_perimeter,diameter
0,31.439049014836634,39.91020425497896,5.883738040924072
1,31.439049014836634,39.91020425497896,6.803402900695801
