,area,approx_perimeter,diameter
0,269.24506147343465,117.0093326986854,16.95664405822754
1,269.24506147343465,117.0093326986854,20.217058181762695
