,area,approx_perimeter,diameter
0,115.5808536125179,77.03769917358878,10.765010833740234
1,115.5808536125179,77.03769917358878,13.67041015625
