,area,approx_perimeter,diameter
0,49.32134978795992,50.58523321325248,6.849482536315918
1,49.32134978795992,50.58523321325248,9.168268203735352
