,area,approx_perimeter,diameter
0,212.1110485340652,104.64131765762534,14.376997947692871
1,212.1110485340652,104.64131765762534,18.784740447998047
