,area,approx_perimeter,diameter
0,98.49651286690663,70.87631805649818,10.147150039672852
1,98.49651286690663,70.87631805649818,12.359101295471191
