,area,approx_perimeter,diameter
0,65.5276777069127,60.64980769743738,6.93869161605835
1,65.5276777069127,60.64980769743738,12.02423095703125
