,area,approx_perimeter,diameter
0,148.20059901621227,86.68662089207925,12.727554321289062
1,148.20059901621227,86.68662089207925,14.82569694519043
