,area,approx_perimeter,diameter
0,90.75963315350145,67.58542722447318,10.443710327148438
1,90.75963315350145,67.58542722447318,11.064913749694824
