,area,approx_perimeter,diameter
0,124.9559369056192,79.40153585044504,11.997556686401367
1,124.9559369056192,79.40153585044504,13.260936737060547
