,area,approx_perimeter,diameter
0,217.03830526503128,106.11961431115938,14.365151405334473
1,217.03830526503128,106.11961431115938,19.236953735351562
