,area,approx_perimeter,diameter
0,269.8494778221845,117.61317461775549,16.528459548950195
1,269.8494778221845,117.61317461775549,20.7873592376709
