,area,approx_perimeter,diameter
0,74.54883035760209,61.41627432944837,9.117926597595215
1,74.54883035760209,61.41627432944837,10.410099029541016
