,area,approx_perimeter,diameter
0,111.27147985134046,74.81275980625844,11.651001930236816
1,111.27147985134046,74.81275980625844,12.159919738769531
