,area,approx_perimeter,diameter
0,118.06816039986656,78.92930098672429,10.232000350952148
1,118.06816039986656,78.92930098672429,14.692049026489258
