,area,approx_perimeter,diameter
0,161.0502904453606,90.52970629925106,13.07730484008789
1,161.0502904453606,90.52970629925106,15.680264472961426
