,area,approx_perimeter,diameter
0,89.16943286988102,67.27842593759047,9.826044082641602
1,89.16943286988102,67.27842593759047,11.554400444030762
