,area,approx_perimeter,diameter
0,62.515722385792444,56.32825820214642,8.233135223388672
1,62.515722385792444,56.32825820214642,9.667943954467773
