,area,approx_perimeter,diameter
0,264.40234952714394,115.53151374962984,17.391372680664062
1,264.40234952714394,115.53151374962984,19.35715675354004
