,area,approx_perimeter,diameter
0,191.01127331057748,99.71931061842623,13.375358581542969
1,191.01127331057748,99.71931061842623,18.18292236328125
