,area,approx_perimeter,diameter
0,296.7567645578775,122.72231534629717,17.940792083740234
1,296.7567645578775,122.72231534629717,21.060522079467773
