,area,approx_perimeter,diameter
0,219.84995921224106,105.32764832825795,15.900012969970703
1,219.84995921224106,105.32764832825795,17.605121612548828
