,area,approx_perimeter,diameter
0,219.38549299659027,105.42269662386445,15.548872947692871
1,219.38549299659027,105.42269662386445,17.964664459228516
