,area,approx_perimeter,diameter
0,105.20645928230935,73.0231615821214,10.742847442626953
1,105.20645928230935,73.0231615821214,12.469042778015137
