,area,approx_perimeter,diameter
0,100.92423858001368,71.41042988027006,10.687315940856934
1,100.92423858001368,71.41042988027006,12.023667335510254
