,area,approx_perimeter,diameter
0,269.1029593487865,121.52007998832447,14.497092247009277
1,269.1029593487865,121.52007998832447,23.63456916809082
