,area,approx_perimeter,diameter
0,323.0142701086989,132.60486648100905,16.069072723388672
1,323.0142701086989,132.60486648100905,25.594167709350586
