,area,approx_perimeter,diameter
0,185.60456668669886,97.41216826381236,13.81878662109375
1,185.60456668669886,97.41216826381236,17.101289749145508
