,area,approx_perimeter,diameter
0,282.86015017178863,120.50522433015657,16.849437713623047
1,282.86015017178863,120.50522433015657,21.37452507019043
