,area,approx_perimeter,diameter
0,110.40677117250671,77.05261222595401,9.574084281921387
1,110.40677117250671,77.05261222595401,14.68278980255127
