,area,approx_perimeter,diameter
0,31.738441094936714,40.07124782740128,5.952526092529297
1,31.738441094936714,40.07124782740128,6.788821697235107
