,area,approx_perimeter,diameter
0,27.752346313896417,38.86849013539687,4.710122108459473
1,27.752346313896417,38.86849013539687,7.502010345458984
