,area,approx_perimeter,diameter
0,45.69972898131898,50.78524122387006,5.755491733551025
1,45.69972898131898,50.78524122387006,10.109770774841309
