,area,approx_perimeter,diameter
0,62.05479173632147,56.671615969183684,7.727308750152588
1,62.05479173632147,56.671615969183684,10.224855422973633
