,area,approx_perimeter,diameter
0,140.04825424091248,88.97442292312265,10.055496215820312
1,140.04825424091248,88.97442292312265,17.73308563232422
