,area,approx_perimeter,diameter
0,233.14133250540618,111.17170033726177,14.255080223083496
1,233.14133250540618,111.17170033726177,20.823787689208984
