,area,approx_perimeter,diameter
0,81.2685505873584,64.27626135342068,9.325377464294434
1,81.2685505873584,64.27626135342068,11.095993995666504
