,area,approx_perimeter,diameter
0,268.2947303783329,117.40507113393258,16.37582015991211
1,268.2947303783329,117.40507113393258,20.8602352142334
