,area,approx_perimeter,diameter
0,229.58451312498224,107.64247583761458,16.232093811035156
1,229.58451312498224,107.64247583761458,18.008525848388672
