,area,approx_perimeter,diameter
0,107.08153615216878,74.1840988966933,10.335962295532227
1,107.08153615216878,74.1840988966933,13.19088077545166
