,area,approx_perimeter,diameter
0,289.9466683985217,123.9936012610574,15.889811515808105
1,289.9466683985217,123.9936012610574,23.233224868774414
