,area,approx_perimeter,diameter
0,130.83256666349826,82.11050298499796,11.34224796295166
1,130.83256666349826,82.11050298499796,14.686788558959961
