,area,approx_perimeter,diameter
0,107.52843357396736,74.50458803136668,10.236446380615234
1,107.52843357396736,74.50458803136668,13.37470531463623
