,area,approx_perimeter,diameter
0,204.18738623461988,103.56836179065897,13.570903778076172
1,204.18738623461988,103.56836179065897,19.157121658325195
