,area,approx_perimeter,diameter
0,57.28810608729188,53.684505530949394,8.341153144836426
1,57.28810608729188,53.684505530949394,8.744771957397461
