,area,approx_perimeter,diameter
0,77.91064831605837,63.46564320661413,8.68154239654541
1,77.91064831605837,63.46564320661413,11.426416397094727
