,area,approx_perimeter,diameter
0,167.83952727037286,92.23058522928753,13.572179794311523
1,167.83952727037286,92.23058522928753,15.745438575744629
