,area,approx_perimeter,diameter
0,109.0778041557997,74.90690466021456,10.405604362487793
1,109.0778041557997,74.90690466021456,13.34686279296875
