,area,approx_perimeter,diameter
0,57.85722604365388,53.96433195690457,8.329225540161133
1,57.85722604365388,53.96433195690457,8.844292640686035
