,area,approx_perimeter,diameter
0,146.28563721659683,85.96797424280479,12.876328468322754
1,146.28563721659683,85.96797424280479,14.465044021606445
