,area,approx_perimeter,diameter
0,110.51593881801804,75.34351628127112,10.516559600830078
1,110.51593881801804,75.34351628127112,13.38016128540039
