,area,approx_perimeter,diameter
0,71.06693259540928,60.415594011366665,8.435225486755371
1,71.06693259540928,60.415594011366665,10.727066993713379
