,area,approx_perimeter,diameter
0,117.69500240205669,78.30010793682484,10.484983444213867
1,117.69500240205669,78.30010793682484,14.292243003845215
