,area,approx_perimeter,diameter
0,132.66634740331958,82.55764236280402,11.51593017578125
1,132.66634740331958,82.55764236280402,14.6680326461792
