,area,approx_perimeter,diameter
0,278.13301673059226,119.15608342730452,16.99903106689453
1,278.13301673059226,119.15608342730452,20.832361221313477
