,area,approx_perimeter,diameter
0,233.0364932775401,108.7049319552634,15.956686019897461
1,233.0364932775401,108.7049319552634,18.59479331970215
