,area,approx_perimeter,diameter
0,38.199999563018,44.12067526966276,6.337388038635254
1,38.199999563018,44.12067526966276,7.674731254577637
