,area,approx_perimeter,diameter
0,234.9784297878505,109.55852871458241,15.591289520263672
1,234.9784297878505,109.55852871458241,19.189165115356445
