,area,approx_perimeter,diameter
0,96.42243512480351,69.8079177329806,10.432290077209473
1,96.42243512480351,69.8079177329806,11.768159866333008
