,area,approx_perimeter,diameter
0,178.7946510935929,96.41406628413465,12.97867488861084
1,178.7946510935929,96.41406628413465,17.540189743041992
