,area,approx_perimeter,diameter
0,144.14038369427678,85.87826018017725,12.147835731506348
1,144.14038369427678,85.87826018017725,15.107648849487305
