,area,approx_perimeter,diameter
0,80.77557048446049,64.32261342203014,9.064181327819824
1,80.77557048446049,64.32261342203014,11.346490859985352
