,area,approx_perimeter,diameter
0,93.604575535586,68.73171539852822,10.365731239318848
1,93.604575535586,68.73171539852822,11.497601509094238
