,area,approx_perimeter,diameter
0,89.03530396580092,66.99717945601006,10.185245513916016
1,89.03530396580092,66.99717945601006,11.130146026611328
