,area,approx_perimeter,diameter
0,269.72203080759624,116.79665742919296,17.38063621520996
1,269.72203080759624,116.79665742919296,19.758813858032227
