,area,approx_perimeter,diameter
0,131.96031643998597,82.3761281804042,11.455728530883789
1,131.96031643998597,82.3761281804042,14.666644096374512
