,area,approx_perimeter,diameter
0,232.25267396068222,108.72202915229425,15.697124481201172
1,232.25267396068222,108.72202915229425,18.83869171142578
