,area,approx_perimeter,diameter
0,224.2636359549135,107.96048119520698,14.54732608795166
1,224.2636359549135,107.96048119520698,19.628440856933594
