,area,approx_perimeter,diameter
0,369.55665171910397,137.94771962741797,19.10112953186035
1,369.55665171910397,137.94771962741797,24.633838653564453
