,area,approx_perimeter,diameter
0,73.05240277170948,62.260343573162935,7.965705871582031
1,73.05240277170948,62.260343573162935,11.676706314086914
