,area,approx_perimeter,diameter
0,110.16442535418992,74.7238274183349,10.99329662322998
1,110.16442535418992,74.7238274183349,12.75920295715332
