,area,approx_perimeter,diameter
0,194.22614676951554,99.91538923119127,13.915842056274414
1,194.22614676951554,99.91538923119127,17.770854949951172
