,area,approx_perimeter,diameter
0,169.43262692703237,95.16114893503575,11.980369567871094
1,169.43262692703237,95.16114893503575,18.006816864013672
