,area,approx_perimeter,diameter
0,278.0724841479558,118.98117331284047,17.157939910888672
1,278.0724841479558,118.98117331284047,20.634929656982422
