,area,approx_perimeter,diameter
0,208.6502602851419,102.4968031197941,15.761773109436035
1,208.6502602851419,102.4968031197941,16.854814529418945
