,area,approx_perimeter,diameter
0,161.33794224245398,91.0264550431271,12.712187767028809
1,161.33794224245398,91.0264550431271,16.159440994262695
