,area,approx_perimeter,diameter
0,209.29954164026222,105.48004988480164,13.44003963470459
1,209.29954164026222,105.48004988480164,19.827951431274414
