,area,approx_perimeter,diameter
0,110.86791924021686,74.95510382836503,11.03756046295166
1,110.86791924021686,74.95510382836503,12.789186477661133
