,area,approx_perimeter,diameter
0,153.9653412487511,89.09857761125488,12.286758422851562
1,153.9653412487511,89.09857761125488,15.954961776733398
