,area,approx_perimeter,diameter
0,176.0251466565066,94.20438399879941,14.317009925842285
1,176.0251466565066,94.20438399879941,15.654258728027344
