,area,approx_perimeter,diameter
0,214.67285023000295,103.92895838150174,16.11514663696289
1,214.67285023000295,103.92895838150174,16.9610595703125
