,area,approx_perimeter,diameter
0,196.41896927839767,101.05828347491165,13.600914001464844
1,196.41896927839767,101.05828347491165,18.387617111206055
