,area,approx_perimeter,diameter
0,247.06933371547942,115.60531370934001,14.18974494934082
1,247.06933371547942,115.60531370934001,22.169422149658203
