,area,approx_perimeter,diameter
0,139.07679308696464,84.38067060829005,11.911521911621094
1,139.07679308696464,84.38067060829005,14.866116523742676
