,area,approx_perimeter,diameter
0,51.24642101418354,52.28213642530123,6.611437797546387
1,51.24642101418354,52.28213642530123,9.869104385375977
