,area,approx_perimeter,diameter
0,86.02928267691406,66.35162107806526,9.379842758178711
1,86.02928267691406,66.35162107806526,11.67779541015625
