,area,approx_perimeter,diameter
0,278.54501551604113,121.47342578779131,15.601065635681152
1,278.54501551604113,121.47342578779131,22.732711791992188
