,area,approx_perimeter,diameter
0,228.27370883831654,110.01355493988162,14.101545333862305
1,228.27370883831654,110.01355493988162,20.611011505126953
