,area,approx_perimeter,diameter
0,66.87248534013999,58.58197414013461,8.201183319091797
1,66.87248534013999,58.58197414013461,10.382000923156738
