,area,approx_perimeter,diameter
0,358.3170811689474,135.9049556580947,18.75679588317871
1,358.3170811689474,135.9049556580947,24.323102951049805
