,area,approx_perimeter,diameter
0,50.872653703859804,50.75022835979418,7.509444236755371
1,50.872653703859804,50.75022835979418,8.625548362731934
