,area,approx_perimeter,diameter
0,79.43684584375998,63.260680409284426,9.67503547668457
1,79.43684584375998,63.260680409284426,10.45392894744873
