,area,approx_perimeter,diameter
0,135.1838249710209,82.94568616477044,11.976899147033691
1,135.1838249710209,82.94568616477044,14.371114730834961
