,area,approx_perimeter,diameter
0,245.56412770905322,111.52778153358997,16.46086311340332
1,245.56412770905322,111.52778153358997,18.9942626953125
