,area,approx_perimeter,diameter
0,235.12309168566208,108.73455588348673,17.02495765686035
1,235.12309168566208,108.73455588348673,17.584068298339844
