,area,approx_perimeter,diameter
0,185.0496931304909,96.99449214184047,14.068412780761719
1,185.0496931304909,96.99449214184047,16.747631072998047
