,area,approx_perimeter,diameter
0,132.07575701528432,81.48414996907556,12.851021766662598
1,132.07575701528432,81.48414996907556,13.085658073425293
