,area,approx_perimeter,diameter
0,137.3154103542352,83.25841551405782,12.532917976379395
1,137.3154103542352,83.25841551405782,13.950096130371094
