,area,approx_perimeter,diameter
0,235.1844873322343,110.28930234104627,15.068421363830566
1,235.1844873322343,110.28930234104627,19.872432708740234
