,area,approx_perimeter,diameter
0,342.8843188322504,132.79119722993264,18.462430953979492
1,342.8843188322504,132.79119722993264,23.646608352661133
