,area,approx_perimeter,diameter
0,133.358151629531,82.04619970307299,12.358074188232422
1,133.358151629531,82.04619970307299,13.739751815795898
