,area,approx_perimeter,diameter
0,89.7790591257837,67.76235964041439,9.599488258361816
1,89.7790591257837,67.76235964041439,11.907952308654785
