,area,approx_perimeter,diameter
0,102.8066807763821,73.64498613469242,9.551097869873047
1,102.8066807763821,73.64498613469242,13.704972267150879
