,area,approx_perimeter,diameter
0,133.07539022058333,83.15050707508698,11.214164733886719
1,133.07539022058333,83.15050707508698,15.10918140411377
