,area,approx_perimeter,diameter
0,275.55309206158563,120.1525357908561,15.850081443786621
1,275.55309206158563,120.1525357908561,22.135223388671875
