,area,approx_perimeter,diameter
0,312.2146183651249,133.540109833571,14.824883460998535
1,312.2146183651249,133.540109833571,26.814645767211914
