,area,approx_perimeter,diameter
0,190.03531756729623,98.90720683130364,13.707932472229004
1,190.03531756729623,98.90720683130364,17.6511287689209
