,area,approx_perimeter,diameter
0,0.0,0.4979224835083408,0.0
1,0.0,0.4979224835083408,0.125
2,0.0,0.4979224835083408,4.2587971687316895
3,0.0,0.4979224835083408,6.283298015594482
