,area,approx_perimeter,diameter
0,110.95262662861104,75.07686457758346,10.926088333129883
1,110.95262662861104,75.07686457758346,12.929537773132324
