,area,approx_perimeter,diameter
0,241.43996503751964,112.0822374858936,15.055716514587402
1,241.43996503751964,112.0822374858936,20.4182186126709
