,area,approx_perimeter,diameter
0,49.01147907812392,53.5342167162939,5.717466354370117
1,49.01147907812392,53.5342167162939,10.914511680603027
