,area,approx_perimeter,diameter
0,187.37138852606608,97.46266170085663,14.322820663452148
1,187.37138852606608,97.46266170085663,16.65654182434082
