,area,approx_perimeter,diameter
0,156.26750419447558,90.08210020457241,12.166411399841309
1,156.26750419447558,90.08210020457241,16.353710174560547
