,area,approx_perimeter,diameter
0,84.23640325486826,65.44526012164174,9.487591743469238
1,84.23640325486826,65.44526012164174,11.304567337036133
