,area,approx_perimeter,diameter
0,110.59257453847626,74.66714043107136,11.355001449584961
1,110.59257453847626,74.66714043107136,12.400776863098145
