,area,approx_perimeter,diameter
0,121.3754350938055,78.41356623828862,11.566469192504883
1,121.3754350938055,78.41356623828862,13.361035346984863
