,area,approx_perimeter,diameter
0,289.1116379138574,124.16026074726123,15.712408065795898
1,289.1116379138574,124.16026074726123,23.42787742614746
