,area,approx_perimeter,diameter
0,204.2123399290414,102.24795393440846,14.434211730957031
1,204.2123399290414,102.24795393440846,18.013538360595703
