,area,approx_perimeter,diameter
0,47.758710964349916,49.39643776645555,7.025134563446045
1,47.758710964349916,49.39643776645555,8.655817031860352
