,area,approx_perimeter,diameter
0,94.32932326841743,70.08607338670163,9.393795013427734
1,94.32932326841743,70.08607338670163,12.785442352294922
