,area,approx_perimeter,diameter
0,133.10521813154983,83.04077531077922,11.290273666381836
1,133.10521813154983,83.04077531077922,15.010692596435547
