,area,approx_perimeter,diameter
0,279.05149984414066,120.84890500718492,15.984983444213867
1,279.05149984414066,120.84890500718492,22.227073669433594
