,area,approx_perimeter,diameter
0,214.8597417626026,104.69072333072417,14.977523803710938
1,214.8597417626026,104.69072333072417,18.265230178833008
