,area,approx_perimeter,diameter
0,175.0248188011819,94.26010252324582,13.763716697692871
1,175.0248188011819,94.26010252324582,16.19101333618164
