,area,approx_perimeter,diameter
0,119.14948029053745,80.09806840700624,9.924936294555664
1,119.14948029053745,80.09806840700624,15.285320281982422
