,area,approx_perimeter,diameter
0,37.81966345688469,43.626819131078875,6.746009826660156
1,37.81966345688469,43.626819131078875,7.138070106506348
