,area,approx_perimeter,diameter
0,78.2708561230465,63.77457905666172,8.597556114196777
1,78.2708561230465,63.77457905666172,11.591381072998047
