,area,approx_perimeter,diameter
0,199.56383739238925,100.81436289961027,14.51555061340332
1,199.56383739238925,100.81436289961027,17.504852294921875
