,area,approx_perimeter,diameter
0,83.32572294375363,65.79624604608523,8.87417221069336
1,83.32572294375363,65.79624604608523,11.955324172973633
