,area,approx_perimeter,diameter
0,90.34003397724868,68.45463887027108,9.274333953857422
1,90.34003397724868,68.45463887027108,12.402454376220703
