,area,approx_perimeter,diameter
0,78.6144908691605,66.43540093186438,7.598656177520752
1,78.6144908691605,66.43540093186438,13.172734260559082
