,area,approx_perimeter,diameter
0,271.5519471260274,118.4657708832387,16.221433639526367
1,271.5519471260274,118.4657708832387,21.314434051513672
