,area,approx_perimeter,diameter
0,243.3488748767552,111.61394294850545,15.758926391601562
1,243.3488748767552,111.61394294850545,19.661327362060547
