,area,approx_perimeter,diameter
0,159.08046015854956,89.46494944599532,13.875417709350586
1,159.08046015854956,89.46494944599532,14.597580909729004
