,area,approx_perimeter,diameter
0,140.0712227903419,83.99245342474681,12.877456665039062
1,140.0712227903419,83.99245342474681,13.849335670471191
