,area,approx_perimeter,diameter
0,88.18819236608829,66.97620511710124,9.692842483520508
1,88.18819236608829,66.97620511710124,11.58428955078125
