,area,approx_perimeter,diameter
0,168.08104423443382,92.78539565715222,13.07580280303955
1,168.08104423443382,92.78539565715222,16.366676330566406
