,area,approx_perimeter,diameter
0,201.11973024314455,100.98648354798817,14.824158668518066
1,201.11973024314455,100.98648354798817,17.274072647094727
