,area,approx_perimeter,diameter
0,161.10453537509537,92.56484142254666,11.781428337097168
1,161.10453537509537,92.56484142254666,17.41084861755371
