,area,approx_perimeter,diameter
0,134.30116196124504,83.37545505421534,11.365331649780273
1,134.30116196124504,83.37545505421534,15.045539855957031
