,area,approx_perimeter,diameter
0,59.51502943437438,55.40825665787917,7.629837989807129
1,59.51502943437438,55.40825665787917,9.93165111541748
