,area,approx_perimeter,diameter
0,80.09696827084801,64.0628342470259,9.016804695129395
1,80.09696827084801,64.0628342470259,11.310284614562988
