,area,approx_perimeter,diameter
0,132.80841163111418,81.92727704707242,12.243409156799316
1,132.80841163111418,81.92727704707242,13.811261177062988
