,area,approx_perimeter,diameter
0,213.3894874602323,105.06017212203399,14.349604606628418
1,213.3894874602323,105.06017212203399,18.934036254882812
