,area,approx_perimeter,diameter
0,106.1357259153746,77.3508397173093,8.783623695373535
1,106.1357259153746,77.3508397173093,15.385017395019531
