,area,approx_perimeter,diameter
0,133.89095477485205,82.8508658637239,11.638401985168457
1,133.89095477485205,82.8508658637239,14.647651672363281
