,area,approx_perimeter,diameter
0,262.9487962842312,116.00258229082772,16.397794723510742
1,262.9487962842312,116.00258229082772,20.417184829711914
