,area,approx_perimeter,diameter
0,190.95302682524186,98.03968051689554,15.123600959777832
1,190.95302682524186,98.03968051689554,16.076128005981445
