,area,approx_perimeter,diameter
0,56.657430959384904,53.65067173156582,7.806379795074463
1,56.657430959384904,53.65067173156582,9.240964889526367
