,area,approx_perimeter,diameter
0,38.53195183745283,44.16185380711759,6.544121265411377
1,38.53195183745283,44.16185380711759,7.496866703033447
