,area,approx_perimeter,diameter
0,309.649829999259,126.93494032205211,17.047945022583008
1,309.649829999259,126.93494032205211,23.126447677612305
