,area,approx_perimeter,diameter
0,240.99262614921508,110.19303055206372,16.83233070373535
1,240.99262614921508,110.19303055206372,18.229284286499023
