,area,approx_perimeter,diameter
0,515.2936485159807,161.4859581125582,23.947446823120117
1,515.2936485159807,161.4859581125582,27.39716911315918
