,area,approx_perimeter,diameter
0,65.78058953070533,57.8473402508272,8.368558883666992
1,65.78058953070533,57.8473402508272,10.008228302001953
