,area,approx_perimeter,diameter
0,25.511777029542294,36.494054954330906,4.858901023864746
1,25.511777029542294,36.494054954330906,6.685174942016602
