,area,approx_perimeter,diameter
0,201.52668474732172,101.36228779341937,14.5328950881958
1,201.52668474732172,101.36228779341937,17.655927658081055
