,area,approx_perimeter,diameter
0,41.8232783456878,47.79154860343619,5.755006790161133
1,41.8232783456878,47.79154860343619,9.252995491027832
