,area,approx_perimeter,diameter
0,40.87423716012306,45.64890756211847,6.545490264892578
1,40.87423716012306,45.64890756211847,7.950923919677734
