,area,approx_perimeter,diameter
0,307.96189241984075,125.29972118566124,17.967723846435547
1,307.96189241984075,125.29972118566124,21.822978973388672
