,area,approx_perimeter,diameter
0,130.25426119295344,81.72573016792407,11.472867012023926
1,130.25426119295344,81.72573016792407,14.455399513244629
