,area,approx_perimeter,diameter
0,23.655868186490963,34.987013209459256,4.773159027099609
1,23.655868186490963,34.987013209459256,6.310199737548828
