,area,approx_perimeter,diameter
0,208.34875230660154,103.24766870416839,14.606160163879395
1,208.34875230660154,103.24766870416839,18.16205406188965
