,area,approx_perimeter,diameter
0,257.1104570134917,116.30822415421609,15.182073593139648
1,257.1104570134917,116.30822415421609,21.562482833862305
