,area,approx_perimeter,diameter
0,571.3682014953075,169.8878428517217,25.469161987304688
1,571.3682014953075,169.8878428517217,28.563507080078125
