,area,approx_perimeter,diameter
0,133.90154516105412,82.71010713387089,11.763700485229492
1,133.90154516105412,82.71010713387089,14.492781639099121
