,area,approx_perimeter,diameter
0,72.66311808434541,60.53984908931702,9.167951583862305
1,72.66311808434541,60.53984908931702,10.091409683227539
