,area,approx_perimeter,diameter
0,177.30100532099257,97.13821236080273,12.345312118530273
1,177.30100532099257,97.13821236080273,18.286022186279297
