,area,approx_perimeter,diameter
0,389.87218282118187,140.4726121724895,20.81917953491211
1,389.87218282118187,140.4726121724895,23.84343147277832
