,area,approx_perimeter,diameter
0,287.47112375787225,120.49134797518167,18.08797836303711
1,287.47112375787225,120.49134797518167,20.235517501831055
