,area,approx_perimeter,diameter
0,456.18866140907454,156.56125614477463,19.486976623535156
1,456.18866140907454,156.56125614477463,29.806442260742188
