,area,approx_perimeter,diameter
0,41.71340687672153,45.849503828005346,6.9911651611328125
1,41.71340687672153,45.849503828005346,7.596896648406982
