,area,approx_perimeter,diameter
0,88.55782634306067,67.27454272157362,9.556668281555176
1,88.55782634306067,67.27454272157362,11.798602104187012
