,area,approx_perimeter,diameter
0,163.45818032252475,92.28355915778603,12.351719856262207
1,163.45818032252475,92.28355915778603,16.849590301513672
