,area,approx_perimeter,diameter
0,154.8035008510771,90.02287349295766,11.898863792419434
1,154.8035008510771,90.02287349295766,16.564769744873047
