,area,approx_perimeter,diameter
0,85.5130616707171,65.66916270551145,9.958236694335938
1,85.5130616707171,65.66916270551145,10.933523178100586
