,area,approx_perimeter,diameter
0,251.2950016728541,113.42811147354315,16.008556365966797
1,251.2950016728541,113.42811147354315,19.986732482910156
