,area,approx_perimeter,diameter
0,281.0000443243195,120.56037692410229,16.466737747192383
1,281.0000443243195,120.56037692410229,21.727458953857422
