,area,approx_perimeter,diameter
0,133.70648368927374,83.47656308338131,11.16366958618164
1,133.70648368927374,83.47656308338131,15.249500274658203
