,area,approx_perimeter,diameter
0,221.96754691453722,107.10172652402953,14.668315887451172
1,221.96754691453722,107.10172652402953,19.26723289489746
