,area,approx_perimeter,diameter
0,467.3416610947357,157.3796237955958,20.191564559936523
1,467.3416610947357,157.3796237955958,29.469627380371094
