,area,approx_perimeter,diameter
0,288.1879053975903,122.94277644391263,16.173973083496094
1,288.1879053975903,122.94277644391263,22.686586380004883
