,area,approx_perimeter,diameter
0,88.28842062878631,66.93724191233764,9.787101745605469
1,88.28842062878631,66.93724191233764,11.485760688781738
