,area,approx_perimeter,diameter
0,125.3385964954485,80.82594413278213,10.806524276733398
1,125.3385964954485,80.82594413278213,14.767565727233887
