,area,approx_perimeter,diameter
0,105.5757066056225,72.86647804687233,11.382160186767578
1,105.5757066056225,72.86647804687233,11.80998706817627
