,area,approx_perimeter,diameter
0,117.76077811417126,78.18730996461217,10.569186210632324
1,117.76077811417126,78.18730996461217,14.18630313873291
