,area,approx_perimeter,diameter
0,266.96915312413097,118.44373831053116,15.50790786743164
1,266.96915312413097,118.44373831053116,21.918861389160156
