,area,approx_perimeter,diameter
0,133.85579994893527,82.85932002968477,11.621086120605469
1,133.85579994893527,82.85932002968477,14.66562557220459
