,area,approx_perimeter,diameter
0,120.65145195520392,79.93612328547265,10.27257251739502
1,120.65145195520392,79.93612328547265,14.954209327697754
