,area,approx_perimeter,diameter
0,125.1314255842742,80.36593183146975,11.046772956848145
1,125.1314255842742,80.36593183146975,14.422517776489258
