,area,approx_perimeter,diameter
0,319.22966032243016,127.84226998310416,18.044620513916016
1,319.22966032243016,127.84226998310416,22.525041580200195
