,area,approx_perimeter,diameter
0,133.2217540510651,82.72217872621161,11.54631519317627
1,133.2217540510651,82.72217872621161,14.690678596496582
