,area,approx_perimeter,diameter
0,118.93602234437435,79.18894536878169,10.284225463867188
1,118.93602234437435,79.18894536878169,14.724885940551758
