,area,approx_perimeter,diameter
0,191.08246628232482,98.11353592803506,15.00815200805664
1,191.08246628232482,98.11353592803506,16.210773468017578
