,area,approx_perimeter,diameter
0,364.0104451100139,142.53665176584155,16.475831985473633
1,364.0104451100139,142.53665176584155,28.13044548034668
