,area,approx_perimeter,diameter
0,85.4995633231596,65.68840222047854,9.907356262207031
1,85.4995633231596,65.68840222047854,10.98793888092041
