,area,approx_perimeter,diameter
0,134.67151190840474,82.8344970760785,11.9063138961792
1,134.67151190840474,82.8344970760785,14.40152645111084
