,area,approx_perimeter,diameter
0,63.74221117990087,59.11859582987479,7.063876628875732
1,63.74221117990087,59.11859582987479,11.489315032958984
