,area,approx_perimeter,diameter
0,119.2695065553103,78.02120842110016,11.138860702514648
1,119.2695065553103,78.02120842110016,13.633230209350586
