,area,approx_perimeter,diameter
0,154.96877404402898,90.22832201550517,11.821819305419922
1,154.96877404402898,90.22832201550517,16.69052505493164
