,area,approx_perimeter,diameter
0,131.57497361044327,81.48061163665659,12.304756164550781
1,131.57497361044327,81.48061163665659,13.61477279663086
