,area,approx_perimeter,diameter
0,59.27123739583384,54.58792881632799,8.59177303314209
1,59.27123739583384,54.58792881632799,8.783575057983398
