,area,approx_perimeter,diameter
0,52.35459529551761,51.55151197166115,7.5297346115112305
1,52.35459529551761,51.55151197166115,8.852893829345703
