,area,approx_perimeter,diameter
0,193.70467300384436,98.94601594644602,14.781582832336426
1,193.70467300384436,98.94601594644602,16.685117721557617
