,area,approx_perimeter,diameter
0,300.93504361818304,125.64094092624475,16.523273468017578
1,300.93504361818304,125.64094092624475,23.189254760742188
