,area,approx_perimeter,diameter
0,184.5894546796378,97.35048689500222,13.608800888061523
1,184.5894546796378,97.35048689500222,17.270191192626953
