,area,approx_perimeter,diameter
0,296.3537906110008,125.54039808460827,15.980785369873047
1,296.3537906110008,125.54039808460827,23.611440658569336
