,area,approx_perimeter,diameter
0,111.32162496244275,74.89434758772813,11.437074661254883
1,111.32162496244275,74.89434758772813,12.392950057983398
