,area,approx_perimeter,diameter
0,359.8452458971251,141.11409372511818,16.569379806518555
1,359.8452458971251,141.11409372511818,27.651559829711914
