,area,approx_perimeter,diameter
0,104.55099045551887,73.88044646746499,9.834983825683594
1,104.55099045551887,73.88044646746499,13.535198211669922
