,area,approx_perimeter,diameter
0,172.3708654033316,95.0398395743516,12.530951499938965
1,172.3708654033316,95.0398395743516,17.514184951782227
