,area,approx_perimeter,diameter
0,252.4447861374779,113.66157392995277,16.067298889160156
1,252.4447861374779,113.66157392995277,20.00477409362793
