,area,approx_perimeter,diameter
0,72.6202973763882,60.869383995132345,8.702157974243164
1,72.6202973763882,60.869383995132345,10.625299453735352
