,area,approx_perimeter,diameter
0,179.75421843384711,96.27631042943644,13.272692680358887
1,179.75421843384711,96.27631042943644,17.243688583374023
