,area,approx_perimeter,diameter
0,124.52638553851271,79.99018622595983,11.1528902053833
1,124.52638553851271,79.99018622595983,14.216217994689941
