,area,approx_perimeter,diameter
0,104.63545317162716,72.93682333427178,10.578048706054688
1,104.63545317162716,72.93682333427178,12.594572067260742
