,area,approx_perimeter,diameter
0,172.1506707313454,93.66732033683327,13.44838809967041
1,172.1506707313454,93.66732033683327,16.29853630065918
