,area,approx_perimeter,diameter
0,180.24823058388037,95.73874608086723,13.872632026672363
1,180.24823058388037,95.73874608086723,16.543304443359375
