,area,approx_perimeter,diameter
0,346.526230978421,134.19087889957092,18.08879280090332
1,346.526230978421,134.19087889957092,24.391395568847656
