,area,approx_perimeter,diameter
0,143.1614411995132,86.3983023724393,11.53967571258545
1,143.1614411995132,86.3983023724393,15.7958345413208
