,area,approx_perimeter,diameter
0,125.09458675706202,79.43395735906857,12.028129577636719
1,125.09458675706202,79.43395735906857,13.241907119750977
