,area,approx_perimeter,diameter
0,262.3697065497908,116.31606517498135,16.03470802307129
1,262.3697065497908,116.31606517498135,20.833524703979492
