,area,approx_perimeter,diameter
0,144.15358133199567,85.31494281416373,12.825202941894531
1,144.15358133199567,85.31494281416373,14.311043739318848
