,area,approx_perimeter,diameter
0,107.95502644140402,73.71231962933213,11.383007049560547
1,107.95502644140402,73.71231962933213,12.07524585723877
