,area,approx_perimeter,diameter
0,80.38578864813246,63.88812327197045,9.318498611450195
1,80.38578864813246,63.88812327197045,10.98356819152832
