,area,approx_perimeter,diameter
0,123.5501592606069,78.81664125659796,12.371336936950684
1,123.5501592606069,78.81664125659796,12.715598106384277
