,area,approx_perimeter,diameter
0,89.30397002109481,67.03769417823781,10.372583389282227
1,89.30397002109481,67.03769417823781,10.962104797363281
