,area,approx_perimeter,diameter
0,57.38100923733526,56.9572564368723,6.435063362121582
1,57.38100923733526,56.9572564368723,11.353387832641602
