,area,approx_perimeter,diameter
0,132.75933925882646,82.7222437861487,11.418750762939453
1,132.75933925882646,82.7222437861487,14.803234100341797
