,area,approx_perimeter,diameter
0,236.89725996604656,112.90772274527995,14.008273124694824
1,236.89725996604656,112.90772274527995,21.532058715820312
