,area,approx_perimeter,diameter
0,183.0558512942182,97.32932176564617,13.275725364685059
1,183.0558512942182,97.32932176564617,17.556400299072266
