,area,approx_perimeter,diameter
0,128.04527474500406,81.13609760417764,11.291243553161621
1,128.04527474500406,81.13609760417764,14.438826560974121
