,area,approx_perimeter,diameter
0,317.9131379691698,126.74810313544585,18.956663131713867
1,317.9131379691698,126.74810313544585,21.35289192199707
