,area,approx_perimeter,diameter
0,184.87122258070613,96.58732678462358,14.577616691589355
1,184.87122258070613,96.58732678462358,16.14703941345215
