,area,approx_perimeter,diameter
0,125.92291463460582,82.24986276535999,10.240457534790039
1,125.92291463460582,82.24986276535999,15.656530380249023
