,area,approx_perimeter,diameter
0,225.9262726173327,106.67796334340724,16.337186813354492
1,225.9262726173327,106.67796334340724,17.607576370239258
