,area,approx_perimeter,diameter
0,202.69622745541994,100.99694960911957,15.625448226928711
1,202.69622745541994,100.99694960911957,16.516700744628906
