,area,approx_perimeter,diameter
0,87.0796261063996,66.42849002610122,9.782459259033203
1,87.0796261063996,66.42849002610122,11.333880424499512
