,area,approx_perimeter,diameter
0,138.51009571802453,83.46069296278563,13.042116165161133
1,138.51009571802453,83.46069296278563,13.522079467773438
