,area,approx_perimeter,diameter
0,123.891542957236,81.06343094784643,10.381275177001953
1,123.891542957236,81.06343094784643,15.195013046264648
