,area,approx_perimeter,diameter
0,37.78111971085546,44.27715233532144,5.992538928985596
1,37.78111971085546,44.27715233532144,8.027384757995605
