,area,approx_perimeter,diameter
0,217.83904767643543,105.63961442290201,14.878034591674805
1,217.83904767643543,105.63961442290201,18.642333984375
