,area,approx_perimeter,diameter
0,202.09855571507865,102.24654321408714,13.962392807006836
1,202.09855571507865,102.24654321408714,18.42949676513672
