,area,approx_perimeter,diameter
0,307.6976261515699,126.05154408782028,17.303089141845703
1,307.6976261515699,126.05154408782028,22.641782760620117
