,area,approx_perimeter,diameter
0,263.59611777749825,115.95817187740423,16.58914566040039
1,263.59611777749825,115.95817187740423,20.231361389160156
