,area,approx_perimeter,diameter
0,254.6434405241383,114.08317322327605,16.20108985900879
1,254.6434405241383,114.08317322327605,20.01236343383789
