,area,approx_perimeter,diameter
0,91.6464978233519,68.17903279999413,9.995521545410156
1,91.6464978233519,68.17903279999413,11.674022674560547
