,area,approx_perimeter,diameter
0,108.94850272908626,74.81662521259203,10.434469223022461
1,108.94850272908626,74.81662521259203,13.294163703918457
