,area,approx_perimeter,diameter
0,104.3040960495787,73.02295755873702,10.36072826385498
1,104.3040960495787,73.02295755873702,12.81802749633789
