,area,approx_perimeter,diameter
0,147.64063928592756,88.12356799423281,11.511001586914062
1,147.64063928592756,88.12356799423281,16.330629348754883
