,area,approx_perimeter,diameter
0,171.4855915258112,95.03461377563379,12.374998092651367
1,171.4855915258112,95.03461377563379,17.64381980895996
