,area,approx_perimeter,diameter
0,266.61701461294564,116.22529875106497,17.13142967224121
1,266.61701461294564,116.22529875106497,19.81546974182129
