,area,approx_perimeter,diameter
0,119.2570734607463,77.61259505042887,11.64029598236084
1,119.2570734607463,77.61259505042887,13.044584274291992
