,area,approx_perimeter,diameter
0,120.71291436843656,78.23694501809962,11.484905242919922
1,120.71291436843656,78.23694501809962,13.382474899291992
