,area,approx_perimeter,diameter
0,77.9792049781928,62.62233198704425,9.787008285522461
1,77.9792049781928,62.62233198704425,10.144694328308105
