,area,approx_perimeter,diameter
0,190.912636054957,98.16329025743238,14.793556213378906
1,190.912636054957,98.16329025743238,16.431310653686523
