,area,approx_perimeter,diameter
0,78.78977170858924,63.32316003135141,9.144180297851562
1,78.78977170858924,63.32316003135141,10.970721244812012
