,area,approx_perimeter,diameter
0,74.04767618767931,61.69650582979608,8.589473724365234
1,74.04767618767931,61.69650582979608,10.976275444030762
