,area,approx_perimeter,diameter
0,263.26643291291606,117.20978938864387,15.621783256530762
1,263.26643291291606,117.20978938864387,21.45729637145996
