,area,approx_perimeter,diameter
0,131.10596478746322,81.60658262705206,11.882110595703125
1,131.10596478746322,81.60658262705206,14.048791885375977
