,area,approx_perimeter,diameter
0,121.00435588773853,78.84815165247977,10.996148109436035
1,121.00435588773853,78.84815165247977,14.011045455932617
