,area,approx_perimeter,diameter
0,439.66316904314004,148.81416289441862,22.797195434570312
1,439.66316904314004,148.81416289441862,24.555500030517578
