,area,approx_perimeter,diameter
0,105.17284851599744,72.99509130010578,10.76313591003418
1,105.17284851599744,72.99509130010578,12.44156265258789
