,area,approx_perimeter,diameter
0,64.90036394735378,57.788502602023414,8.020030975341797
1,64.90036394735378,57.788502602023414,10.303415298461914
