,area,approx_perimeter,diameter
0,177.40807985590746,94.527812174122,14.488139152526855
1,177.40807985590746,94.527812174122,15.590889930725098
