,area,approx_perimeter,diameter
0,263.97957917123875,118.1166119572712,15.253002166748047
1,263.97957917123875,118.1166119572712,22.035612106323242
