,area,approx_perimeter,diameter
0,132.05485412875163,82.12820998198383,11.691102981567383
1,132.05485412875163,82.12820998198383,14.381659507751465
