,area,approx_perimeter,diameter
0,128.30421528143893,81.15494473702252,11.351790428161621
1,128.30421528143893,81.15494473702252,14.390857696533203
