,area,approx_perimeter,diameter
0,348.0442144873786,135.62923097795857,17.512544631958008
1,348.0442144873786,135.62923097795857,25.30435562133789
