,area,approx_perimeter,diameter
0,292.40827114289806,123.74371023168094,16.34330940246582
1,292.40827114289806,123.74371023168094,22.780317306518555
