,area,approx_perimeter,diameter
0,125.11435628673372,80.26188498177943,11.116519927978516
1,125.11435628673372,80.26188498177943,14.330073356628418
