,area,approx_perimeter,diameter
0,317.6485172948994,127.64940879977206,17.8966121673584
1,317.6485172948994,127.64940879977206,22.598838806152344
