,area,approx_perimeter,diameter
0,118.65217136830756,78.67563121596861,10.49406623840332
1,118.65217136830756,78.67563121596861,14.396005630493164
