,area,approx_perimeter,diameter
0,147.82206190295494,86.25661874521244,13.317158699035645
1,147.82206190295494,86.25661874521244,14.133111953735352
