,area,approx_perimeter,diameter
0,99.3013502471155,70.76874182104754,10.72454833984375
1,99.3013502471155,70.76874182104754,11.789252281188965
