,area,approx_perimeter,diameter
0,114.96406056271162,76.54741106734764,10.98720645904541
1,114.96406056271162,76.54741106734764,13.32247543334961
