,area,approx_perimeter,diameter
0,390.74410888846523,142.19969409171068,19.395902633666992
1,390.74410888846523,142.19969409171068,25.650306701660156
