,area,approx_perimeter,diameter
0,128.87740018750455,81.64318300501235,11.154231071472168
1,128.87740018750455,81.64318300501235,14.71117115020752
