,area,approx_perimeter,diameter
0,317.0613201797626,127.17728449704698,18.192197799682617
1,317.0613201797626,127.17728449704698,22.1905574798584
