,area,approx_perimeter,diameter
0,90.11666115780272,67.46047936455234,10.13064956665039
1,90.11666115780272,67.46047936455234,11.326035499572754
