,area,approx_perimeter,diameter
0,372.1263750201255,137.85053375611523,19.640914916992188
1,372.1263750201255,137.85053375611523,24.1234188079834
