,area,approx_perimeter,diameter
0,83.02401147158835,66.0137367237596,8.667841911315918
1,83.02401147158835,66.0137367237596,12.19559097290039
