,area,approx_perimeter,diameter
0,190.7156893352742,97.97203619234448,15.137368202209473
1,190.7156893352742,97.97203619234448,16.04154396057129
