,area,approx_perimeter,diameter
0,69.65425308754813,59.2764070008502,8.969359397888184
1,69.65425308754813,59.2764070008502,9.887723922729492
