,area,approx_perimeter,diameter
0,267.19192571956654,121.42390521185972,14.33377456665039
1,267.19192571956654,121.42390521185972,23.734106063842773
