,area,approx_perimeter,diameter
0,239.36467761957724,110.454498673477,15.852910041809082
1,239.36467761957724,110.454498673477,19.22477149963379
