,area,approx_perimeter,diameter
0,295.33751071731547,122.21870414675091,18.18454933166504
1,295.33751071731547,122.21870414675091,20.67884063720703
