,area,approx_perimeter,diameter
0,135.2588084895597,82.70262914274201,12.318693161010742
1,135.2588084895597,82.70262914274201,13.980124473571777
