,area,approx_perimeter,diameter
0,95.00422965813186,69.29899073404063,10.3448486328125
1,95.00422965813186,69.29899073404063,11.693079948425293
