,area,approx_perimeter,diameter
0,59.12331715044617,54.66022195067645,8.173980712890625
1,59.12331715044617,54.66022195067645,9.209484100341797
