,area,approx_perimeter,diameter
0,33.30069051552706,41.39709230939898,5.743053913116455
1,33.30069051552706,41.39709230939898,7.382789134979248
