,area,approx_perimeter,diameter
0,177.99055412694528,94.59075411008281,14.95129108428955
1,177.99055412694528,94.59075411008281,15.157527923583984
