,area,approx_perimeter,diameter
0,109.0161677478966,75.42442732962904,10.052556037902832
1,109.0161677478966,75.42442732962904,13.807801246643066
