,area,approx_perimeter,diameter
0,115.83378845259996,76.33415639367742,11.872908592224121
1,115.83378845259996,76.33415639367742,12.421906471252441
