,area,approx_perimeter,diameter
0,149.43782779452198,86.912099484377,12.976056098937988
1,149.43782779452198,86.912099484377,14.663172721862793
