,area,approx_perimeter,diameter
0,258.2987787482647,118.31747246058852,14.465627670288086
1,258.2987787482647,118.31747246058852,22.73501205444336
