,area,approx_perimeter,diameter
0,63.0221037555012,56.40533772003934,8.489333152770996
1,63.0221037555012,56.40533772003934,9.45212459564209
