,area,approx_perimeter,diameter
0,92.30379352996711,68.25515122379666,10.288283348083496
1,92.30379352996711,68.25515122379666,11.423172950744629
