,area,approx_perimeter,diameter
0,210.2347521326031,104.16037103398911,14.325172424316406
1,210.2347521326031,104.16037103398911,18.685932159423828
