,area,approx_perimeter,diameter
0,195.03646939194246,106.73885452796647,11.4181489944458
1,195.03646939194246,106.73885452796647,21.748546600341797
