,area,approx_perimeter,diameter
0,361.06270148118836,136.08665164246244,19.085830688476562
1,361.06270148118836,136.08665164246244,24.086942672729492
