,area,approx_perimeter,diameter
0,101.32531037046718,71.60228034020213,10.628841400146484
1,101.32531037046718,71.60228034020213,12.137860298156738
