,area,approx_perimeter,diameter
0,208.01742466525965,103.77328667646229,14.138788223266602
1,208.01742466525965,103.77328667646229,18.732582092285156
