,area,approx_perimeter,diameter
0,114.00627037566014,76.28399303118309,10.88680648803711
1,114.00627037566014,76.28399303118309,13.333321571350098
