,area,approx_perimeter,diameter
0,211.89831230024714,103.47354036893672,15.485167503356934
1,211.89831230024714,103.47354036893672,17.422950744628906
