,area,approx_perimeter,diameter
0,500.5119213158962,160.5410247113018,22.227994918823242
1,500.5119213158962,160.5410247113018,28.66977310180664
