,area,approx_perimeter,diameter
0,154.61648102475493,90.31363106707825,11.713788032531738
1,154.61648102475493,90.31363106707825,16.806161880493164
