,area,approx_perimeter,diameter
0,28.464600383878068,37.88212775355724,5.75766658782959
1,28.464600383878068,37.88212775355724,6.294608116149902
