,area,approx_perimeter,diameter
0,104.21196170663778,72.75835476506579,10.591568946838379
1,104.21196170663778,72.75835476506579,12.527585983276367
