,area,approx_perimeter,diameter
0,187.42449853373677,98.54524337669548,13.393198013305664
1,187.42449853373677,98.54524337669548,17.81772232055664
