,area,approx_perimeter,diameter
0,260.89570888102855,116.7457608168299,15.514617919921875
1,260.89570888102855,116.7457608168299,21.410951614379883
