,area,approx_perimeter,diameter
0,72.67135394874292,61.53622846237704,8.2334623336792
1,72.67135394874292,61.53622846237704,11.23804759979248
