,area,approx_perimeter,diameter
0,48.958462438347354,50.0910810969775,7.0448527336120605
1,48.958462438347354,50.0910810969775,8.848424911499023
