,area,approx_perimeter,diameter
0,104.38032214662233,72.90321868693007,10.5055570602417
1,104.38032214662233,72.90321868693007,12.650557518005371
