,area,approx_perimeter,diameter
0,214.23400849122592,104.80520640501409,14.718422889709473
1,214.23400849122592,104.80520640501409,18.532638549804688
