,area,approx_perimeter,diameter
0,139.48644043833968,86.78067452517953,10.693291664123535
1,139.48644043833968,86.78067452517953,16.608510971069336
