,area,approx_perimeter,diameter
0,85.87905500627645,65.77642211395828,10.058207511901855
1,85.87905500627645,65.77642211395828,10.871182441711426
