,area,approx_perimeter,diameter
0,110.8043761962969,76.25992543387908,10.014875411987305
1,110.8043761962969,76.25992543387908,14.087096214294434
