,area,approx_perimeter,diameter
0,70.3776301001257,59.57257533876759,9.038915634155273
1,70.3776301001257,59.57257533876759,9.913532257080078
