,area,approx_perimeter,diameter
0,139.58212867105723,84.77512682990982,11.742000579833984
1,139.58212867105723,84.77512682990982,15.135537147521973
