,area,approx_perimeter,diameter
0,100.43360534780805,71.8542547256697,10.002436637878418
1,100.43360534780805,71.8542547256697,12.784488677978516
