,area,approx_perimeter,diameter
0,165.61243869120992,92.2729701369398,12.841924667358398
1,165.61243869120992,92.2729701369398,16.419992446899414
