,area,approx_perimeter,diameter
0,224.6813341615661,106.58518913229817,15.885883331298828
1,224.6813341615661,106.58518913229817,18.008010864257812
