,area,approx_perimeter,diameter
0,37.534885922329806,44.10179680591408,5.992550849914551
1,37.534885922329806,44.10179680591408,7.975051403045654
