,area,approx_perimeter,diameter
0,150.21097659113056,87.37356377584203,12.691780090332031
1,150.21097659113056,87.37356377584203,15.069167137145996
