,area,approx_perimeter,diameter
0,126.3169034721309,79.80499189203879,12.121722221374512
1,126.3169034721309,79.80499189203879,13.268054962158203
