,area,approx_perimeter,diameter
0,95.92436554822788,69.46415220438054,10.808187484741211
1,95.92436554822788,69.46415220438054,11.300201416015625
