,area,approx_perimeter,diameter
0,357.8305873851314,134.18527896944985,20.783628463745117
1,357.8305873851314,134.18527896944985,21.921295166015625
