,area,approx_perimeter,diameter
0,252.54042904862334,112.89869596772795,17.018707275390625
1,252.54042904862334,112.89869596772795,18.89358901977539
