,area,approx_perimeter,diameter
0,48.36405104035457,49.366683138843264,7.534701824188232
1,48.36405104035457,49.366683138843264,8.172721862792969
