,area,approx_perimeter,diameter
0,492.0908345724262,161.76681250920333,20.59471321105957
1,492.0908345724262,161.76681250920333,30.422832489013672
