,area,approx_perimeter,diameter
0,111.36943724199541,75.42632188401765,10.732504844665527
1,111.36943724199541,75.42632188401765,13.212197303771973
