,area,approx_perimeter,diameter
0,117.90297392964844,78.59908924295256,10.365498542785645
1,117.90297392964844,78.59908924295256,14.482538223266602
