,area,approx_perimeter,diameter
0,305.9475741528682,124.09671336548668,19.145015716552734
1,305.9475741528682,124.09671336548668,20.347047805786133
