,area,approx_perimeter,diameter
0,204.483918041097,101.7327857566198,15.077312469482422
1,204.483918041097,101.7327857566198,17.268131256103516
