,area,approx_perimeter,diameter
0,85.84962313965892,66.08105064873354,9.564717292785645
1,85.84962313965892,66.08105064873354,11.42816162109375
