,area,approx_perimeter,diameter
0,200.1019313677346,100.69229307223507,14.837072372436523
1,200.1019313677346,100.69229307223507,17.171695709228516
