,area,approx_perimeter,diameter
0,221.08228522572026,106.64373461567035,14.813257217407227
1,221.08228522572026,106.64373461567035,19.002620697021484
