,area,approx_perimeter,diameter
0,97.61345923560553,70.48366565572205,10.177022933959961
1,97.61345923560553,70.48366565572205,12.212345123291016
