,area,approx_perimeter,diameter
0,131.56064501514263,82.8455501148561,11.049755096435547
1,131.56064501514263,82.8455501148561,15.15945053100586
