,area,approx_perimeter,diameter
0,105.46680839224908,73.89830254588558,10.062925338745117
1,105.46680839224908,73.89830254588558,13.344480514526367
