,area,approx_perimeter,diameter
0,355.2719351931517,138.31943877041553,17.134706497192383
1,355.2719351931517,138.31943877041553,26.399417877197266
