,area,approx_perimeter,diameter
0,109.09822418838743,74.08056165448826,11.527168273925781
1,109.09822418838743,74.08056165448826,12.05050277709961
