,area,approx_perimeter,diameter
0,72.89580610230105,61.66023165085086,8.229353904724121
1,72.89580610230105,61.66023165085086,11.278385162353516
