,area,approx_perimeter,diameter
0,233.55379815908051,110.00669134536139,14.950291633605957
1,233.55379815908051,110.00669134536139,19.89057731628418
