,area,approx_perimeter,diameter
0,205.46302953479508,102.96065570648057,14.16927433013916
1,205.46302953479508,102.96065570648057,18.46274185180664
