,area,approx_perimeter,diameter
0,183.06022890023448,97.71529015838196,13.039512634277344
1,183.06022890023448,97.71529015838196,17.87486457824707
