,area,approx_perimeter,diameter
0,34.306323127233455,41.98162069707441,5.856421947479248
1,34.306323127233455,41.98162069707441,7.458507537841797
