,area,approx_perimeter,diameter
0,69.10118654245657,59.11959409742417,8.793845176696777
1,69.10118654245657,59.11959409742417,10.004993438720703
