,area,approx_perimeter,diameter
0,48.19556506326306,49.890193321596925,6.846000671386719
1,48.19556506326306,49.890193321596925,8.963554382324219
