,area,approx_perimeter,diameter
0,282.7622475912575,122.62493152760464,15.611310005187988
1,282.7622475912575,122.62493152760464,23.06174659729004
