,area,approx_perimeter,diameter
0,147.57572301994742,88.91234972944584,11.138625144958496
1,147.57572301994742,88.91234972944584,16.869159698486328
