,area,approx_perimeter,diameter
0,123.4057627873099,79.27416066094335,11.417901039123535
1,123.4057627873099,79.27416066094335,13.7612943649292
