,area,approx_perimeter,diameter
0,262.8537144167555,116.86650920450907,15.757887840270996
1,262.8537144167555,116.86650920450907,21.238616943359375
