,area,approx_perimeter,diameter
0,334.2302443936134,133.52414611302092,16.882408142089844
1,334.2302443936134,133.52414611302092,25.20701789855957
