,area,approx_perimeter,diameter
0,141.2362681122795,85.8193936756071,11.459527015686035
1,141.2362681122795,85.8193936756071,15.692410469055176
