,area,approx_perimeter,diameter
0,250.04798458172974,112.83412243273659,16.26236343383789
1,250.04798458172974,112.83412243273659,19.577165603637695
