,area,approx_perimeter,diameter
0,168.18826641053641,94.03846382771818,12.294922828674316
1,168.18826641053641,94.03846382771818,17.417266845703125
