,area,approx_perimeter,diameter
0,91.96815943257761,68.44633253617219,9.845890998840332
1,91.96815943257761,68.44633253617219,11.89303207397461
