,area,approx_perimeter,diameter
0,127.0740770982688,80.0298175147596,12.190423965454102
1,127.0740770982688,80.0298175147596,13.272363662719727
