,area,approx_perimeter,diameter
0,47.98180249456619,49.40592746036801,7.146496295928955
1,47.98180249456619,49.40592746036801,8.54857063293457
