,area,approx_perimeter,diameter
0,392.7194200435835,146.0261526745675,17.786762237548828
1,392.7194200435835,146.0261526745675,28.11224937438965
