,area,approx_perimeter,diameter
0,174.44740793529454,93.76252330425207,14.296854972839355
1,174.44740793529454,93.76252330425207,15.535818099975586
