,area,approx_perimeter,diameter
0,104.16412815820779,72.8293888600166,10.49289608001709
1,104.16412815820779,72.8293888600166,12.639588356018066
