,area,approx_perimeter,diameter
0,80.20688112836757,63.8434171197259,9.27738094329834
1,80.20688112836757,63.8434171197259,11.007694244384766
