,area,approx_perimeter,diameter
0,282.29342568046167,120.96297728287175,16.422733306884766
1,282.29342568046167,120.96297728287175,21.88595199584961
