,area,approx_perimeter,diameter
0,139.0720774542339,84.20899301692033,12.067313194274902
1,139.0720774542339,84.20899301692033,14.673694610595703
