,area,approx_perimeter,diameter
0,184.5799863179368,97.2556774421332,13.683317184448242
1,184.5799863179368,97.2556774421332,17.175260543823242
