,area,approx_perimeter,diameter
0,283.00970310534865,120.8054704484435,16.65286636352539
1,283.00970310534865,120.8054704484435,21.63826560974121
