,area,approx_perimeter,diameter
0,345.79011994682475,132.25602956079936,19.66213607788086
1,345.79011994682475,132.25602956079936,22.39195442199707
