,area,approx_perimeter,diameter
0,243.36112916310114,111.05275940654772,16.35106086730957
1,243.36112916310114,111.05275940654772,18.95026969909668
