,area,approx_perimeter,diameter
0,395.25345943192116,142.12579316165096,20.190404891967773
1,395.25345943192116,142.12579316165096,24.925321578979492
