,area,approx_perimeter,diameter
0,300.33960638786954,125.40211472617275,16.568124771118164
1,300.33960638786954,125.40211472617275,23.080720901489258
