,area,approx_perimeter,diameter
0,114.19101961602757,76.83188852912372,10.512040138244629
1,114.19101961602757,76.83188852912372,13.831047058105469
