,area,approx_perimeter,diameter
0,75.27269563308634,61.76318106446399,9.092306137084961
1,75.27269563308634,61.76318106446399,10.540799140930176
