,area,approx_perimeter,diameter
0,241.32141149655595,112.83765833443614,14.630237579345703
1,241.32141149655595,112.83765833443614,21.001707077026367
