,area,approx_perimeter,diameter
0,148.79967157506894,86.75701960328301,12.899787902832031
1,148.79967157506894,86.75701960328301,14.68687915802002
