,area,approx_perimeter,diameter
0,91.96677914623743,68.29415404435927,10.017932891845703
1,91.96677914623743,68.29415404435927,11.688612937927246
