,area,approx_perimeter,diameter
0,130.10197011757103,81.03386128542897,12.214863777160645
1,130.10197011757103,81.03386128542897,13.561426162719727
