,area,approx_perimeter,diameter
0,282.21388515682526,121.30000911645261,16.205354690551758
1,282.21388515682526,121.30000911645261,22.173280715942383
