,area,approx_perimeter,diameter
0,193.04593143155515,99.0368732046136,14.404363632202148
1,193.04593143155515,99.0368732046136,17.0638370513916
