,area,approx_perimeter,diameter
0,145.2653986931086,85.62602561045075,12.907035827636719
1,145.2653986931086,85.62602561045075,14.329986572265625
