,area,approx_perimeter,diameter
0,135.82904076048266,83.14655681827723,12.002093315124512
1,135.82904076048266,83.14655681827723,14.409395217895508
