,area,approx_perimeter,diameter
0,132.75559568245149,83.58509880244655,10.904265403747559
1,132.75559568245149,83.58509880244655,15.501243591308594
