,area,approx_perimeter,diameter
0,53.39763386144947,51.927048030858174,7.8013014793396
1,53.39763386144947,51.927048030858174,8.714953422546387
