,area,approx_perimeter,diameter
0,125.89311451108247,80.75435168565902,10.98361587524414
1,125.89311451108247,80.75435168565902,14.593745231628418
