,area,approx_perimeter,diameter
0,192.61319221745563,99.49036509491064,13.865081787109375
1,192.61319221745563,99.49036509491064,17.687795639038086
