,area,approx_perimeter,diameter
0,227.37248141362258,106.92979062940859,16.726806640625
1,227.37248141362258,106.92979062940859,17.307525634765625
