,area,approx_perimeter,diameter
0,45.98350475548581,48.67063342057448,6.7302961349487305
1,45.98350475548581,48.67063342057448,8.699173927307129
