,area,approx_perimeter,diameter
0,405.5751639759001,145.683295434768,19.275907516479492
1,405.5751639759001,145.683295434768,26.78962516784668
