,area,approx_perimeter,diameter
0,263.4946379253151,117.56972554536884,15.459169387817383
1,263.4946379253151,117.56972554536884,21.701799392700195
