,area,approx_perimeter,diameter
0,252.00433225981598,113.6589025671063,15.97167682647705
1,252.00433225981598,113.6589025671063,20.08942985534668
