,area,approx_perimeter,diameter
0,239.204686871519,110.89555120922367,15.433399200439453
1,239.204686871519,110.89555120922367,19.734140396118164
