,area,approx_perimeter,diameter
0,294.19996253204465,122.4538158706836,17.575864791870117
1,294.19996253204465,122.4538158706836,21.312580108642578
