,area,approx_perimeter,diameter
0,359.7041555347852,138.24748056309298,17.633878707885742
1,359.7041555347852,138.24748056309298,25.972139358520508
