,area,approx_perimeter,diameter
0,355.0902177904182,133.76584571019603,20.413639068603516
1,355.0902177904182,133.76584571019603,22.147687911987305
