,area,approx_perimeter,diameter
0,99.8777006403442,71.97018985699408,9.756270408630371
1,99.8777006403442,71.97018985699408,13.034513473510742
