,area,approx_perimeter,diameter
0,99.60305814698411,71.54015443891385,9.973586082458496
1,99.60305814698411,71.54015443891385,12.715441703796387
