,area,approx_perimeter,diameter
0,210.58823785963676,102.92150360441934,16.022260665893555
1,210.58823785963676,102.92150360441934,16.73479652404785
