,area,approx_perimeter,diameter
0,134.00325574329315,82.15125289801183,12.600409507751465
1,134.00325574329315,82.15125289801183,13.540690422058105
