,area,approx_perimeter,diameter
0,255.15070766168503,114.01774349335592,16.388267517089844
1,255.15070766168503,114.01774349335592,19.823204040527344
