,area,approx_perimeter,diameter
0,347.113841160538,132.3676773703586,19.939353942871094
1,347.113841160538,132.3676773703586,22.165164947509766
