,area,approx_perimeter,diameter
0,249.66709119471702,113.89484608698886,15.359077453613281
1,249.66709119471702,113.89484608698886,20.69694709777832
