,area,approx_perimeter,diameter
0,105.69073210843924,73.22404256691392,10.725131034851074
1,105.69073210843924,73.22404256691392,12.547130584716797
