,area,approx_perimeter,diameter
0,149.36443730223553,87.36180876563022,12.418458938598633
1,149.36443730223553,87.36180876563022,15.314034461975098
