,area,approx_perimeter,diameter
0,100.10887656470508,71.08134358905609,10.716434478759766
1,100.10887656470508,71.08134358905609,11.894122123718262
