,area,approx_perimeter,diameter
0,39.41313174863793,45.15604872850621,6.163969039916992
1,39.41313174863793,45.15604872850621,8.141241073608398
