,area,approx_perimeter,diameter
0,151.47794008820856,87.25987320664281,13.833622932434082
1,151.47794008820856,87.25987320664281,13.941951751708984
