,area,approx_perimeter,diameter
0,261.9791981280104,115.6957894919664,16.450021743774414
1,261.9791981280104,115.6957894919664,20.277315139770508
