,area,approx_perimeter,diameter
0,176.0300997720866,94.80242421357138,13.516181945800781
1,176.0300997720866,94.80242421357138,16.582233428955078
