,area,approx_perimeter,diameter
0,246.33202782535534,113.31808590429085,15.145097732543945
1,246.33202782535534,113.31808590429085,20.7089900970459
