,area,approx_perimeter,diameter
0,253.93847488022672,113.09589457826692,17.32666778564453
1,253.93847488022672,113.09589457826692,18.660512924194336
