,area,approx_perimeter,diameter
0,33.249937282531185,40.95398224437388,6.198458194732666
1,33.249937282531185,40.95398224437388,6.829946041107178
