,area,approx_perimeter,diameter
0,102.54538086872067,71.81673291633571,11.198186874389648
1,102.54538086872067,71.81673291633571,11.659461975097656
