,area,approx_perimeter,diameter
0,119.26433990574718,77.67258473103686,11.546388626098633
1,119.26433990574718,77.67258473103686,13.151477813720703
