,area,approx_perimeter,diameter
0,182.3985188833791,95.95580159275765,14.44781494140625
1,182.3985188833791,95.95580159275765,16.074195861816406
