,area,approx_perimeter,diameter
0,165.10074081055785,91.21114784495052,13.920863151550293
1,165.10074081055785,91.21114784495052,15.100557327270508
