,area,approx_perimeter,diameter
0,280.4523663875037,120.3159133546034,16.53704261779785
1,280.4523663875037,120.3159133546034,21.592920303344727
