,area,approx_perimeter,diameter
0,187.76589688042256,98.37006720983666,13.585556030273438
1,187.76589688042256,98.37006720983666,17.597436904907227
