,area,approx_perimeter,diameter
0,37.98206065221007,44.29665244840208,6.072575569152832
1,37.98206065221007,44.29665244840208,7.963715076446533
