,area,approx_perimeter,diameter
0,196.28995282262443,99.52650690594481,15.019159317016602
1,196.28995282262443,99.52650690594481,16.64035415649414
