,area,approx_perimeter,diameter
0,71.43787098736722,60.06248120036066,9.02180290222168
1,71.43787098736722,60.06248120036066,10.0819673538208
