,area,approx_perimeter,diameter
0,221.86416846451982,106.16881476958918,15.445855140686035
1,221.86416846451982,106.16881476958918,18.28880500793457
