,area,approx_perimeter,diameter
0,56.909373263692075,54.83460682896796,7.085917949676514
1,56.909373263692075,54.83460682896796,10.225811958312988
