,area,approx_perimeter,diameter
0,138.19320225763067,83.62976794485762,12.398642539978027
1,138.19320225763067,83.62976794485762,14.191315650939941
