,area,approx_perimeter,diameter
0,212.50100310122386,105.8898052861044,13.726754188537598
1,212.50100310122386,105.8898052861044,19.71075439453125
