,area,approx_perimeter,diameter
0,105.364373151858,73.45156607480004,10.362236976623535
1,105.364373151858,73.45156607480004,12.946440696716309
