,area,approx_perimeter,diameter
0,305.8329492642301,124.67830469433409,18.10346221923828
1,305.8329492642301,124.67830469433409,21.509620666503906
