,area,approx_perimeter,diameter
0,285.6819133167385,120.85210033899489,17.14569664001465
1,285.6819133167385,120.85210033899489,21.214740753173828
