,area,approx_perimeter,diameter
0,104.553355498931,72.55309982627382,11.164603233337402
1,104.553355498931,72.55309982627382,11.923528671264648
