,area,approx_perimeter,diameter
0,100.20817176993323,71.61523444306533,10.119708061218262
1,100.20817176993323,71.61523444306533,12.607973098754883
