,area,approx_perimeter,diameter
0,69.47757123021816,59.373676698567,8.68955135345459
1,69.47757123021816,59.373676698567,10.180225372314453
