,area,approx_perimeter,diameter
0,27.308279795014894,37.07325761752137,5.726612091064453
1,27.308279795014894,37.07325761752137,6.071649551391602
