,area,approx_perimeter,diameter
0,143.16385466117,85.16001255753447,12.563628196716309
1,143.16385466117,85.16001255753447,14.508697509765625
