,area,approx_perimeter,diameter
0,32.136908293599944,40.25557019549389,6.109071731567383
1,32.136908293599944,40.25557019549389,6.69790506362915
