,area,approx_perimeter,diameter
0,325.9250943615899,128.78927099437558,18.600276947021484
1,325.9250943615899,128.78927099437558,22.31045913696289
