,area,approx_perimeter,diameter
0,176.76932642110944,94.96259007426576,13.581304550170898
1,176.76932642110944,94.96259007426576,16.572023391723633
