,area,approx_perimeter,diameter
0,156.57996310768067,89.03395365058822,13.176902770996094
1,156.57996310768067,89.03395365058822,15.129792213439941
