,area,approx_perimeter,diameter
0,174.27337175562334,94.41944448529146,13.365851402282715
1,174.27337175562334,94.41944448529146,16.60139274597168
