,area,approx_perimeter,diameter
0,125.02971832669724,79.40770778730362,12.037029266357422
1,125.02971832669724,79.40770778730362,13.225255012512207
