,area,approx_perimeter,diameter
0,161.86242898169476,90.69607389763335,13.178083419799805
1,161.86242898169476,90.69607389763335,15.63881778717041
