,area,approx_perimeter,diameter
0,128.42276183495872,80.9305484408291,11.58642578125
1,128.42276183495872,80.9305484408291,14.112457275390625
