,area,approx_perimeter,diameter
0,187.25885030953475,97.46647974863335,14.276281356811523
1,187.25885030953475,97.46647974863335,16.700803756713867
