,area,approx_perimeter,diameter
0,222.01976176900124,107.22770613615135,14.594742774963379
1,222.01976176900124,107.22770613615135,19.368915557861328
