,area,approx_perimeter,diameter
0,88.34611445123987,66.82944734468437,9.971099853515625
1,88.34611445123987,66.82944734468437,11.281179428100586
