,area,approx_perimeter,diameter
0,126.47456029904771,80.26264513691336,11.549867630004883
1,126.47456029904771,80.26264513691336,13.942359924316406
