,area,approx_perimeter,diameter
0,230.84011916839097,107.97562589945323,16.203689575195312
1,230.84011916839097,107.97562589945323,18.138755798339844
