,area,approx_perimeter,diameter
0,101.02907452634665,71.87245141535054,10.192256927490234
1,101.02907452634665,71.87245141535054,12.62077808380127
