,area,approx_perimeter,diameter
0,362.9163221339002,138.194024126085,18.031709671020508
1,362.9163221339002,138.194024126085,25.625934600830078
