,area,approx_perimeter,diameter
0,120.89863721616723,78.90492226892,10.922614097595215
1,120.89863721616723,78.90492226892,14.093048095703125
