,area,approx_perimeter,diameter
0,76.36059922557628,62.15470139852214,9.233169555664062
1,76.36059922557628,62.15470139852214,10.530006408691406
