,area,approx_perimeter,diameter
0,89.84150066130144,67.78930727485582,9.599837303161621
1,89.84150066130144,67.78930727485582,11.915801048278809
