,area,approx_perimeter,diameter
0,249.6607994302855,113.5777505725616,15.5624361038208
1,249.6607994302855,113.5777505725616,20.425979614257812
