,area,approx_perimeter,diameter
0,148.7714530111725,86.48144846875655,13.635530471801758
1,148.7714530111725,86.48144846875655,13.891773223876953
