,area,approx_perimeter,diameter
0,26.622134164631696,36.64385274941566,5.55010461807251
1,26.622134164631696,36.64385274941566,6.107336044311523
