,area,approx_perimeter,diameter
0,172.45508172537944,93.66404930362904,13.549918174743652
1,172.45508172537944,93.66404930362904,16.205015182495117
