,area,approx_perimeter,diameter
0,115.88457142966408,76.43216562047976,11.624794006347656
1,115.88457142966408,76.43216562047976,12.692596435546875
