,area,approx_perimeter,diameter
0,95.82873444998592,70.5335550232217,9.533099174499512
1,95.82873444998592,70.5335550232217,12.798873901367188
