,area,approx_perimeter,diameter
0,221.184306624041,109.76656565697141,13.283997535705566
1,221.184306624041,109.76656565697141,21.199989318847656
