,area,approx_perimeter,diameter
0,83.46881705184903,66.05585023349633,8.76346206665039
1,83.46881705184903,66.05585023349633,12.127147674560547
