,area,approx_perimeter,diameter
0,205.31189100277427,101.86104611730009,15.228588104248047
1,205.31189100277427,101.86104611730009,17.165821075439453
