,area,approx_perimeter,diameter
0,117.54143074294566,77.16757711435662,11.379029273986816
1,117.54143074294566,77.16757711435662,13.15212345123291
