,area,approx_perimeter,diameter
0,285.8097073443927,120.94559875867137,17.09105110168457
1,285.8097073443927,120.94559875867137,21.292091369628906
