,area,approx_perimeter,diameter
0,229.08771197363592,107.96427683570855,15.60520076751709
1,229.08771197363592,107.96427683570855,18.691431045532227
