,area,approx_perimeter,diameter
0,136.50913998151506,85.76934260242706,10.609750747680664
1,136.50913998151506,85.76934260242706,16.381990432739258
