,area,approx_perimeter,diameter
0,282.59534654448754,123.92278836224311,15.069479942321777
1,282.59534654448754,123.92278836224311,23.876840591430664
