,area,approx_perimeter,diameter
0,140.98045263294156,84.37167873850916,12.681536674499512
1,140.98045263294156,84.37167873850916,14.154584884643555
