,area,approx_perimeter,diameter
0,161.81621354338054,90.84496082031318,13.006210327148438
1,161.81621354338054,90.84496082031318,15.84095573425293
