,area,approx_perimeter,diameter
0,248.43308830045473,111.91640715731667,17.005556106567383
1,248.43308830045473,111.91640715731667,18.600675582885742
