,area,approx_perimeter,diameter
0,249.70181019852714,113.43893034069235,15.667412757873535
1,249.70181019852714,113.43893034069235,20.292451858520508
