,area,approx_perimeter,diameter
0,128.1746768020013,81.110358894403,11.348926544189453
1,128.1746768020013,81.110358894403,14.379956245422363
