,area,approx_perimeter,diameter
0,79.32444248003728,63.40308739379254,9.33459186553955
1,79.32444248003728,63.40308739379254,10.819864273071289
