,area,approx_perimeter,diameter
0,80.36332116822744,63.728237581153856,9.527093887329102
1,80.36332116822744,63.728237581153856,10.740080833435059
