,area,approx_perimeter,diameter
0,64.19469715832811,57.35974612716656,8.065698623657227
1,64.19469715832811,57.35974612716656,10.133682250976562
