,area,approx_perimeter,diameter
0,229.5859955017292,108.6795719572169,15.092290878295898
1,229.5859955017292,108.6795719572169,19.368694305419922
