,area,approx_perimeter,diameter
0,231.82241177156362,108.04371169059253,16.59825897216797
1,231.82241177156362,108.04371169059253,17.782917022705078
