,area,approx_perimeter,diameter
0,39.535959861348985,45.49988692300787,6.010342121124268
1,39.535959861348985,45.49988692300787,8.375354766845703
