,area,approx_perimeter,diameter
0,123.7899179087777,80.07553648185481,10.892404556274414
1,123.7899179087777,80.07553648185481,14.47010326385498
