,area,approx_perimeter,diameter
0,317.22679622066244,131.61203408556847,15.853072166442871
1,317.22679622066244,131.61203408556847,25.478071212768555
