,area,approx_perimeter,diameter
0,166.96018630739215,91.86426738178541,13.719125747680664
1,166.96018630739215,91.86426738178541,15.495179176330566
