,area,approx_perimeter,diameter
0,72.457648999544,61.65059162989929,8.107752799987793
1,72.457648999544,61.65059162989929,11.378731727600098
