,area,approx_perimeter,diameter
0,66.79866888115745,58.92579284206329,7.936415672302246
1,66.79866888115745,58.92579284206329,10.716513633728027
