,area,approx_perimeter,diameter
0,127.82392149817572,80.32985013658839,12.091185569763184
1,127.82392149817572,80.32985013658839,13.460257530212402
