,area,approx_perimeter,diameter
0,129.1377433481072,80.88868910779274,11.92162036895752
1,129.1377433481072,80.88868910779274,13.792024612426758
