,area,approx_perimeter,diameter
0,404.74546151308215,143.61802204640503,20.62610626220703
1,404.74546151308215,143.61802204640503,24.9847412109375
