,area,approx_perimeter,diameter
0,237.84600727303723,113.00068076737237,14.089679718017578
1,237.84600727303723,113.00068076737237,21.49338722229004
