,area,approx_perimeter,diameter
0,127.03349395178071,79.97621952056002,12.29806900024414
1,127.03349395178071,79.97621952056002,13.151988983154297
