,area,approx_perimeter,diameter
0,135.52327658787254,83.81236355284342,11.379061698913574
1,135.52327658787254,83.81236355284342,15.164132118225098
