,area,approx_perimeter,diameter
0,102.93853130391652,72.21920285277277,10.64326000213623
1,102.93853130391652,72.21920285277277,12.314404487609863
