,area,approx_perimeter,diameter
0,107.48304622439206,73.95849552110585,10.681946754455566
1,107.48304622439206,73.95849552110585,12.811491012573242
