,area,approx_perimeter,diameter
0,124.6620018695651,80.22519373594699,11.018989562988281
1,124.6620018695651,80.22519373594699,14.404641151428223
