,area,approx_perimeter,diameter
0,71.72197795286343,60.347650035518,8.801403999328613
1,71.72197795286343,60.347650035518,10.375533103942871
