,area,approx_perimeter,diameter
0,183.2470702711647,96.75509367381292,13.763762474060059
1,183.2470702711647,96.75509367381292,16.95157241821289
