,area,approx_perimeter,diameter
0,151.98557614038347,88.70366256360805,12.084847450256348
1,151.98557614038347,88.70366256360805,16.012948989868164
