,area,approx_perimeter,diameter
0,349.75466902201276,139.42584830081475,16.23947525024414
1,349.75466902201276,139.42584830081475,27.42215919494629
