,area,approx_perimeter,diameter
0,106.9923326863321,74.00043300632596,10.456052780151367
1,106.9923326863321,74.00043300632596,13.028517723083496
