,area,approx_perimeter,diameter
0,565.1900565457232,169.4358802878931,24.673250198364258
1,565.1900565457232,169.4358802878931,29.166093826293945
