,area,approx_perimeter,diameter
0,187.35110177676296,97.78825096111716,13.958342552185059
1,187.35110177676296,97.78825096111716,17.089624404907227
