,area,approx_perimeter,diameter
0,36.26647988758112,44.00392215063621,5.5523481369018555
1,36.26647988758112,44.00392215063621,8.316466331481934
