,area,approx_perimeter,diameter
0,159.5167805898676,89.95006352731932,13.1857328414917
1,159.5167805898676,89.95006352731932,15.403244972229004
