,area,approx_perimeter,diameter
0,48.909529415704476,49.68637050588315,7.485844135284424
1,48.909529415704476,49.68637050588315,8.318840980529785
