,area,approx_perimeter,diameter
0,264.3298311348275,116.5859270268409,16.214757919311523
1,264.3298311348275,116.5859270268409,20.756103515625
