,area,approx_perimeter,diameter
0,313.9142793013895,128.17118103821676,16.95665740966797
1,313.9142793013895,128.17118103821676,23.57115936279297
