,area,approx_perimeter,diameter
0,41.16287504113579,45.62141435911394,6.799136161804199
1,41.16287504113579,45.62141435911394,7.708361625671387
