,area,approx_perimeter,diameter
0,279.4299901714963,118.62284059120054,18.2149715423584
1,279.4299901714963,118.62284059120054,19.53235626220703
