,area,approx_perimeter,diameter
0,40.50687433824625,45.34045291598203,6.628575325012207
1,40.50687433824625,45.34045291598203,7.780699729919434
