,area,approx_perimeter,diameter
0,35.12689904340729,42.14532961665607,6.278786659240723
1,35.12689904340729,42.14532961665607,7.123184680938721
