,area,approx_perimeter,diameter
0,179.46857042364522,97.27513955202663,12.633096694946289
1,179.46857042364522,97.27513955202663,18.087923049926758
