,area,approx_perimeter,diameter
0,380.85666403031104,139.05577459402505,20.291717529296875
1,380.85666403031104,139.05577459402505,23.89752197265625
