,area,approx_perimeter,diameter
0,81.63676479540457,64.80211262863314,9.002891540527344
1,81.63676479540457,64.80211262863314,11.545530319213867
