,area,approx_perimeter,diameter
0,105.73684750779644,72.9330353022147,11.336181640625
1,105.73684750779644,72.9330353022147,11.875986099243164
