,area,approx_perimeter,diameter
0,158.13949325683404,90.07932018634736,12.6175537109375
1,158.13949325683404,90.07932018634736,15.957883834838867
