,area,approx_perimeter,diameter
0,145.8999283507615,86.35746739559937,12.260196685791016
1,145.8999283507615,86.35746739559937,15.151923179626465
