,area,approx_perimeter,diameter
0,109.77462487287096,75.5288455634936,10.180313110351562
1,109.77462487287096,75.5288455634936,13.72938060760498
