,area,approx_perimeter,diameter
0,140.83465807346437,84.61221324273819,12.278501510620117
1,140.83465807346437,84.61221324273819,14.604083061218262
