,area,approx_perimeter,diameter
0,321.6687746223026,132.16487236056744,16.0950870513916
1,321.6687746223026,132.16487236056744,25.446361541748047
