,area,approx_perimeter,diameter
0,144.40444349965685,86.58762945240846,11.700255393981934
1,144.40444349965685,86.58762945240846,15.714310646057129
