,area,approx_perimeter,diameter
0,49.9069112782721,50.54656814885718,7.135861873626709
1,49.9069112782721,50.54656814885718,8.904804229736328
