,area,approx_perimeter,diameter
0,31.231740670442154,40.191340471436106,5.490797519683838
1,31.231740670442154,40.191340471436106,7.24220609664917
