,area,approx_perimeter,diameter
0,40.79323690509445,45.98244887097305,6.243215560913086
1,40.79323690509445,45.98244887097305,8.319360733032227
