,area,approx_perimeter,diameter
0,114.06696428293073,76.11987185996739,11.082282066345215
1,114.06696428293073,76.11987185996739,13.105113983154297
