,area,approx_perimeter,diameter
0,93.81486632437144,68.68995368670491,10.71937084197998
1,93.81486632437144,68.68995368670491,11.143265724182129
