,area,approx_perimeter,diameter
0,84.53679273560873,65.90801417043429,9.188145637512207
1,84.53679273560873,65.90801417043429,11.714614868164062
