,area,approx_perimeter,diameter
0,100.65784377636439,71.14564791377363,11.134622573852539
1,100.65784377636439,71.14564791377363,11.510183334350586
