,area,approx_perimeter,diameter
0,96.8405610585484,71.50848127171145,9.254069328308105
1,96.8405610585484,71.50848127171145,13.32400131225586
