,area,approx_perimeter,diameter
0,310.9143277057212,130.50978803327598,15.620232582092285
1,310.9143277057212,130.50978803327598,25.343311309814453
