,area,approx_perimeter,diameter
0,146.47175397953706,86.40784513315634,12.396444320678711
1,146.47175397953706,86.40784513315634,15.044122695922852
