,area,approx_perimeter,diameter
0,124.52717484842421,79.21835882270602,12.08071517944336
1,124.52717484842421,79.21835882270602,13.124464988708496
