,area,approx_perimeter,diameter
0,104.40943960835506,73.45922607486199,10.057336807250977
1,104.40943960835506,73.45922607486199,13.218034744262695
