,area,approx_perimeter,diameter
0,315.0157117112647,126.93639263993899,17.97661781311035
1,315.0157117112647,126.93639263993899,22.311786651611328
