,area,approx_perimeter,diameter
0,39.88394629930412,45.71796235390394,6.026902675628662
1,39.88394629930412,45.71796235390394,8.425856590270996
