,area,approx_perimeter,diameter
0,147.5609808579486,87.35349126060768,11.940380096435547
1,147.5609808579486,87.35349126060768,15.734882354736328
