,area,approx_perimeter,diameter
0,163.06717048311688,93.66600927345293,11.626036643981934
1,163.06717048311688,93.66600927345293,17.85849952697754
