,area,approx_perimeter,diameter
0,291.08200854949473,130.41318433990426,13.945570945739746
1,291.08200854949473,130.41318433990426,26.575973510742188
