,area,approx_perimeter,diameter
0,73.10493808087311,60.68320641930676,9.291790008544922
1,73.10493808087311,60.68320641930676,10.0174560546875
