,area,approx_perimeter,diameter
0,114.52215129194244,75.9870957392576,11.54358959197998
1,114.52215129194244,75.9870957392576,12.631610870361328
