,area,approx_perimeter,diameter
0,246.27107987347134,112.53319196324482,15.650897026062012
1,246.27107987347134,112.53319196324482,20.034767150878906
