,area,approx_perimeter,diameter
0,208.49899066003914,102.43064458013488,15.854162216186523
1,208.49899066003914,102.43064458013488,16.74444580078125
