,area,approx_perimeter,diameter
0,258.1608713665772,114.31240916730677,16.934574127197266
1,258.1608713665772,114.31240916730677,19.410032272338867
