,area,approx_perimeter,diameter
0,202.7961564086905,101.77442758650216,14.489368438720703
1,202.7961564086905,101.77442758650216,17.820520401000977
