,area,approx_perimeter,diameter
0,40.2047403321643,45.56684777451497,6.252857208251953
1,40.2047403321643,45.56684777451497,8.186699867248535
