,area,approx_perimeter,diameter
0,206.99950023921573,102.3812208205799,15.134493827819824
1,206.99950023921573,102.3812208205799,17.414520263671875
