,area,approx_perimeter,diameter
0,160.0856907413254,91.86491570759244,11.934989929199219
1,160.0856907413254,91.86491570759244,17.078140258789062
