,area,approx_perimeter,diameter
0,249.52780406118595,112.25646998838923,16.85520362854004
1,249.52780406118595,112.25646998838923,18.849292755126953
