,area,approx_perimeter,diameter
0,133.60399667664402,81.97460084745501,12.780086517333984
1,133.60399667664402,81.97460084745501,13.310543060302734
