,area,approx_perimeter,diameter
0,195.97462178402097,100.4547096859569,13.910338401794434
1,195.97462178402097,100.4547096859569,17.93792724609375
