,area,approx_perimeter,diameter
0,137.6365859246926,85.73992295365252,10.810065269470215
1,137.6365859246926,85.73992295365252,16.211219787597656
