,area,approx_perimeter,diameter
0,166.22206762579634,93.19069368871577,12.381275177001953
1,166.22206762579634,93.19069368871577,17.093595504760742
