,area,approx_perimeter,diameter
0,97.08094372466275,70.01827568316396,10.515531539916992
1,97.08094372466275,70.01827568316396,11.754735946655273
