,area,approx_perimeter,diameter
0,125.31075297239687,80.25428972716192,11.178263664245605
1,125.31075297239687,80.25428972716192,14.273290634155273
