,area,approx_perimeter,diameter
0,50.56895069852738,51.15507287373614,6.978038311004639
1,50.56895069852738,51.15507287373614,9.227004051208496
