,area,approx_perimeter,diameter
0,122.14815766289999,78.7689597693866,11.469496726989746
1,122.14815766289999,78.7689597693866,13.559781074523926
