,area,approx_perimeter,diameter
0,159.2617686788672,91.91115322743751,11.769441604614258
1,159.2617686788672,91.91115322743751,17.22922706604004
