,area,approx_perimeter,diameter
0,217.96633315535794,105.82896335656066,14.754695892333984
1,217.96633315535794,105.82896335656066,18.809154510498047
