,area,approx_perimeter,diameter
0,30.183115652925913,39.072684347777034,5.811549663543701
1,30.183115652925913,39.072684347777034,6.6127519607543945
