,area,approx_perimeter,diameter
0,87.02486723997302,66.689044953987,9.474214553833008
1,87.02486723997302,66.689044953987,11.695270538330078
