,area,approx_perimeter,diameter
0,119.98784253273065,78.86017217490644,10.708407402038574
1,119.98784253273065,78.86017217490644,14.2666654586792
