,area,approx_perimeter,diameter
0,133.96867038914863,83.1630268707366,11.424897193908691
1,133.96867038914863,83.1630268707366,14.93004322052002
