,area,approx_perimeter,diameter
0,207.22656292186215,103.24804818611614,14.34142017364502
1,207.22656292186215,103.24804818611614,18.397693634033203
