,area,approx_perimeter,diameter
0,56.79028274261993,53.568371125170955,8.015355110168457
1,56.79028274261993,53.568371125170955,9.021139144897461
