,area,approx_perimeter,diameter
0,250.7929614934055,112.42524073834853,17.136411666870117
1,250.7929614934055,112.42524073834853,18.63397789001465
