,area,approx_perimeter,diameter
0,272.00585986629216,117.16954836986918,17.661300659179688
1,272.00585986629216,117.16954836986918,19.60946273803711
