,area,approx_perimeter,diameter
0,212.57841029136404,103.7754747916175,15.304121017456055
1,212.57841029136404,103.7754747916175,17.685644149780273
