,area,approx_perimeter,diameter
0,52.28236701330688,51.342083483168864,7.799420356750488
1,52.28236701330688,51.342083483168864,8.534990310668945
