,area,approx_perimeter,diameter
0,238.10821313594104,111.93239643273881,14.607917785644531
1,238.10821313594104,111.93239643273881,20.75373077392578
