,area,approx_perimeter,diameter
0,242.8267396225318,112.6196772854162,14.973783493041992
1,242.8267396225318,112.6196772854162,20.64786148071289
