,area,approx_perimeter,diameter
0,120.12306291635812,78.84720394738274,10.751700401306152
1,120.12306291635812,78.84720394738274,14.225232124328613
