,area,approx_perimeter,diameter
0,170.71447681038953,94.12119437096605,12.736861228942871
1,170.71447681038953,94.12119437096605,17.065462112426758
