,area,approx_perimeter,diameter
0,283.0599943824279,119.46827372533541,18.137054443359375
1,283.0599943824279,119.46827372533541,19.871097564697266
