,area,approx_perimeter,diameter
0,178.90346311333172,96.17516016638054,13.153539657592773
1,178.90346311333172,96.17516016638054,17.317541122436523
