,area,approx_perimeter,diameter
0,100.7427936633653,71.28236016459678,10.798198699951172
1,100.7427936633653,71.28236016459678,11.878806114196777
