,area,approx_perimeter,diameter
0,106.4369503330057,73.30882758839128,11.02112865447998
1,106.4369503330057,73.30882758839128,12.296357154846191
