,area,approx_perimeter,diameter
0,34.16263061999876,43.095341980515435,5.236405372619629
1,34.16263061999876,43.095341980515435,8.306693077087402
