,area,approx_perimeter,diameter
0,193.86721621672586,103.79256612082943,12.093976974487305
1,193.86721621672586,103.79256612082943,20.410110473632812
