,area,approx_perimeter,diameter
0,103.85603425821519,72.5720166716148,10.648942947387695
1,103.85603425821519,72.5720166716148,12.417533874511719
