,area,approx_perimeter,diameter
0,158.54803048996675,89.98126180162025,12.81863784790039
1,158.54803048996675,89.98126180162025,15.748133659362793
