,area,approx_perimeter,diameter
0,71.65920995472793,60.220743988379986,8.929777145385742
1,71.65920995472793,60.220743988379986,10.217426300048828
