,area,approx_perimeter,diameter
0,186.26715706962793,97.00547484137077,14.5327730178833
1,186.26715706962793,97.00547484137077,16.319164276123047
