,area,approx_perimeter,diameter
0,208.8360584203443,102.91122524194567,15.098548889160156
1,208.8360584203443,102.91122524194567,17.61085319519043
