,area,approx_perimeter,diameter
0,88.77442563708425,67.14826284634603,9.781641006469727
1,88.77442563708425,67.14826284634603,11.555434226989746
