,area,approx_perimeter,diameter
0,52.599015986087956,54.6100830878665,6.139454364776611
1,52.599015986087956,54.6100830878665,10.90832233428955
