,area,approx_perimeter,diameter
0,171.17585579967354,93.00351069139175,13.913352012634277
1,171.17585579967354,93.00351069139175,15.664655685424805
