,area,approx_perimeter,diameter
0,87.0293375028617,66.36895845177379,9.836016654968262
1,87.0293375028617,66.36895845177379,11.265657424926758
