,area,approx_perimeter,diameter
0,96.85526592806524,70.31113005027646,10.035555839538574
1,96.85526592806524,70.31113005027646,12.28830337524414
