,area,approx_perimeter,diameter
0,78.17096615210042,62.78862452329746,9.51709270477295
1,78.17096615210042,62.78862452329746,10.458064079284668
