,area,approx_perimeter,diameter
0,103.7794067753451,72.32468820815517,11.013527870178223
1,103.7794067753451,72.32468820815517,11.997612953186035
