,area,approx_perimeter,diameter
0,166.40754025361002,91.75938490336142,13.622369766235352
1,166.40754025361002,91.75938490336142,15.553583145141602
