,area,approx_perimeter,diameter
0,307.8588308464211,125.0203070262454,18.24494171142578
1,307.8588308464211,125.0203070262454,21.484203338623047
