,area,approx_perimeter,diameter
0,209.65604385796627,109.98015569058342,12.006349563598633
1,209.65604385796627,109.98015569058342,22.23343276977539
