,area,approx_perimeter,diameter
0,114.47659342968747,76.14748856347653,11.239835739135742
1,114.47659342968747,76.14748856347653,12.967816352844238
