,area,approx_perimeter,diameter
0,217.6831215448776,107.53666981709914,13.72239875793457
1,217.6831215448776,107.53666981709914,20.19783592224121
