,area,approx_perimeter,diameter
0,95.69079972415594,70.41121702419389,9.571516990661621
1,95.69079972415594,70.41121702419389,12.729153633117676
