,area,approx_perimeter,diameter
0,382.56001753594165,139.92767422681973,19.772716522216797
1,382.56001753594165,139.92767422681973,24.634477615356445
