,area,approx_perimeter,diameter
0,181.29980340463499,97.26545271228862,12.964567184448242
1,181.29980340463499,97.26545271228862,17.80530548095703
