,area,approx_perimeter,diameter
0,281.184158360971,119.80640866100312,17.093400955200195
1,281.184158360971,119.80640866100312,20.94462013244629
