,area,approx_perimeter,diameter
0,292.70950463807657,122.46608587389495,17.237215042114258
1,292.70950463807657,122.46608587389495,21.62120246887207
