,area,approx_perimeter,diameter
0,98.81773648461252,70.55323756402461,10.801069259643555
1,98.81773648461252,70.55323756402461,11.648721694946289
