,area,approx_perimeter,diameter
0,27.77891218729275,37.951233647294565,5.148036479949951
1,27.77891218729275,37.951233647294565,6.870427131652832
