,area,approx_perimeter,diameter
0,205.15655197647604,103.87756399776276,13.570380210876465
1,205.15655197647604,103.87756399776276,19.24879264831543
