,area,approx_perimeter,diameter
0,131.56185979546882,82.0067941075123,11.64007568359375
1,131.56185979546882,82.0067941075123,14.390779495239258
