,area,approx_perimeter,diameter
0,89.87142737981152,67.6536599061937,9.741159439086914
1,89.87142737981152,67.6536599061937,11.746841430664062
