,area,approx_perimeter,diameter
0,60.97316605871689,55.569649111160565,8.208108901977539
1,60.97316605871689,55.569649111160565,9.45814037322998
