,area,approx_perimeter,diameter
0,351.0949107781358,135.16297561508804,18.153072357177734
1,351.0949107781358,135.16297561508804,24.625469207763672
