,area,approx_perimeter,diameter
0,124.2966313528058,79.17250726402987,12.006142616271973
1,124.2966313528058,79.17250726402987,13.181534767150879
