,area,approx_perimeter,diameter
0,48.77459991307303,49.691037063246426,7.3553571701049805
1,48.77459991307303,49.691037063246426,8.443063735961914
