,area,approx_perimeter,diameter
0,174.83807070349192,93.83615135311518,14.395459175109863
1,174.83807070349192,93.83615135311518,15.463955879211426
