,area,approx_perimeter,diameter
0,179.5801314170384,96.71510062783454,12.953812599182129
1,179.5801314170384,96.71510062783454,17.651060104370117
