,area,approx_perimeter,diameter
0,197.2228326816022,99.59748713255888,15.52730655670166
1,197.2228326816022,99.59748713255888,16.172277450561523
