,area,approx_perimeter,diameter
0,188.17058854716913,98.77791056692868,13.396347045898438
1,188.17058854716913,98.77791056692868,17.884445190429688
