,area,approx_perimeter,diameter
0,48.693529923532196,49.694434532363324,7.288914203643799
1,48.693529923532196,49.694434532363324,8.505866050720215
