,area,approx_perimeter,diameter
0,54.62911872486031,52.556103855117286,7.833655834197998
1,54.62911872486031,52.556103855117286,8.879117965698242
