,area,approx_perimeter,diameter
0,217.3395538202257,104.65340116176178,15.965727806091309
1,217.3395538202257,104.65340116176178,17.33245849609375
