,area,approx_perimeter,diameter
0,244.14251766071848,113.40348896610983,14.76087474822998
1,244.14251766071848,113.40348896610983,21.059179306030273
