,area,approx_perimeter,diameter
0,25.281505373794793,35.74311305228383,5.345247745513916
1,25.281505373794793,35.74311305228383,6.022061824798584
