,area,approx_perimeter,diameter
0,185.5271570983774,97.52573688748383,13.701125144958496
1,185.5271570983774,97.52573688748383,17.240957260131836
