,area,approx_perimeter,diameter
0,309.2567600770247,124.68533903821016,19.68515968322754
1,309.2567600770247,124.68533903821016,20.00278091430664
