,area,approx_perimeter,diameter
0,112.03718452541361,75.46351241433317,10.955820083618164
1,112.03718452541361,75.46351241433317,13.020492553710938
