,area,approx_perimeter,diameter
0,236.054507601685,109.39803288818729,16.070707321166992
1,236.054507601685,109.39803288818729,18.70197296142578
