,area,approx_perimeter,diameter
0,211.5014784546989,103.46634390419767,15.330008506774902
1,211.5014784546989,103.46634390419767,17.566333770751953
