,area,approx_perimeter,diameter
0,64.3801693124228,58.30638890513581,7.544636249542236
1,64.3801693124228,58.30638890513581,10.86485481262207
