,area,approx_perimeter,diameter
0,119.63913489625435,78.0172591963515,11.282159805297852
1,119.63913489625435,78.0172591963515,13.50178337097168
