,area,approx_perimeter,diameter
0,175.7216999517419,94.08726856870439,14.392475128173828
1,175.7216999517419,94.08726856870439,15.545332908630371
