,area,approx_perimeter,diameter
0,243.35666517831538,110.95268595142814,16.492027282714844
1,243.35666517831538,110.95268595142814,18.787946701049805
