,area,approx_perimeter,diameter
0,299.84978454738945,125.16937835088886,16.62635612487793
1,299.84978454738945,125.16937835088886,22.962373733520508
