,area,approx_perimeter,diameter
0,120.25721091004122,78.21125459878388,11.319148063659668
1,120.25721091004122,78.21125459878388,13.52718734741211
