,area,approx_perimeter,diameter
0,149.2422592348658,86.92983202894634,12.85436725616455
1,149.2422592348658,86.92983202894634,14.782613754272461
