,area,approx_perimeter,diameter
0,83.85705756586695,65.95258771459135,8.935437202453613
1,83.85705756586695,65.95258771459135,11.949065208435059
