,area,approx_perimeter,diameter
0,35.304916091472066,42.2232038788994,6.343252658843994
1,35.304916091472066,42.2232038788994,7.086524486541748
