,area,approx_perimeter,diameter
0,132.20671123108804,82.11120323286316,11.758800506591797
1,132.20671123108804,82.11120323286316,14.31530475616455
