,area,approx_perimeter,diameter
0,304.1722793271414,124.31518293463186,18.081783294677734
1,304.1722793271414,124.31518293463186,21.418472290039062
