,area,approx_perimeter,diameter
0,259.52421589741215,117.97794170537655,14.742303848266602
1,259.52421589741215,117.97794170537655,22.414169311523438
