,area,approx_perimeter,diameter
0,115.0559358716813,76.29111366228179,11.338972091674805
1,115.0559358716813,76.29111366228179,12.919492721557617
