,area,approx_perimeter,diameter
0,33.78872194166665,41.47202283479276,5.983977794647217
1,33.78872194166665,41.47202283479276,7.189387798309326
