,area,approx_perimeter,diameter
0,250.82242593251766,112.55979940529711,16.87672233581543
1,250.82242593251766,112.55979940529711,18.922929763793945
