,area,approx_perimeter,diameter
0,112.77151949478049,75.43695600239107,11.385846138000488
1,112.77151949478049,75.43695600239107,12.610846519470215
