,area,approx_perimeter,diameter
0,23.966888583527478,34.73905601535203,5.3392181396484375
1,23.966888583527478,34.73905601535203,5.715366840362549
