,area,approx_perimeter,diameter
0,144.25799221832887,85.27018579834275,12.986699104309082
1,144.25799221832887,85.27018579834275,14.143315315246582
