,area,approx_perimeter,diameter
0,171.18125455208894,93.66157231707325,13.175405502319336
1,171.18125455208894,93.66157231707325,16.542545318603516
