,area,approx_perimeter,diameter
0,204.3359436248772,101.43493984580486,15.587820053100586
1,204.3359436248772,101.43493984580486,16.690505981445312
