,area,approx_perimeter,diameter
0,80.40628094327309,63.64904791143552,9.724712371826172
1,80.40628094327309,63.64904791143552,10.527453422546387
