,area,approx_perimeter,diameter
0,498.41154087407716,162.43480945972854,20.89495849609375
1,498.41154087407716,162.43480945972854,30.370832443237305
