,area,approx_perimeter,diameter
0,136.25260578520036,83.3192329435074,11.976102828979492
1,136.25260578520036,83.3192329435074,14.485697746276855
