,area,approx_perimeter,diameter
0,124.29778672918972,81.2582036377179,10.37003231048584
1,124.29778672918972,81.2582036377179,15.26136589050293
