,area,approx_perimeter,diameter
0,145.21513669653828,86.6535768135863,11.846953392028809
1,145.21513669653828,86.6535768135863,15.606852531433105
