,area,approx_perimeter,diameter
0,99.08739688194902,70.80662667174695,10.511587142944336
1,99.08739688194902,70.80662667174695,12.002182960510254
