,area,approx_perimeter,diameter
0,75.9148149236422,62.45356584647282,8.709373474121094
1,75.9148149236422,62.45356584647282,11.098128318786621
