,area,approx_perimeter,diameter
0,217.85753081054642,106.74512029895013,14.142645835876465
1,217.85753081054642,106.74512029895013,19.613361358642578
