,area,approx_perimeter,diameter
0,330.9825138955735,129.88066900385647,18.64493179321289
1,330.9825138955735,129.88066900385647,22.60239028930664
