,area,approx_perimeter,diameter
0,143.9194274643472,85.24836116802551,12.809786796569824
1,143.9194274643472,85.24836116802551,14.30499267578125
