,area,approx_perimeter,diameter
0,104.82425077481228,73.78924428561166,9.958501815795898
1,104.82425077481228,73.78924428561166,13.402255058288574
