,area,approx_perimeter,diameter
0,98.72028359035117,71.47225268512534,9.751129150390625
1,98.72028359035117,71.47225268512534,12.890257835388184
