,area,approx_perimeter,diameter
0,55.42075967469415,52.81338088939403,8.160575866699219
1,55.42075967469415,52.81338088939403,8.646926879882812
