,area,approx_perimeter,diameter
0,124.08865016172867,79.25768811399237,11.733553886413574
1,124.08865016172867,79.25768811399237,13.465193748474121
