,area,approx_perimeter,diameter
0,276.6968936784741,119.16520736962147,16.680713653564453
1,276.6968936784741,119.16520736962147,21.120285034179688
