,area,approx_perimeter,diameter
0,148.7846053773785,88.58794880357837,11.493730545043945
1,148.7846053773785,88.58794880357837,16.48189353942871
