,area,approx_perimeter,diameter
0,113.44273246760498,75.81620921806027,11.170746803283691
1,113.44273246760498,75.81620921806027,12.930180549621582
