,area,approx_perimeter,diameter
0,65.33819584250749,58.374108049467516,7.792415142059326
1,65.33819584250749,58.374108049467516,10.67591667175293
