,area,approx_perimeter,diameter
0,113.32532785723387,75.7684945663944,11.176474571228027
1,113.32532785723387,75.7684945663944,12.910179138183594
