,area,approx_perimeter,diameter
0,96.47829071317726,70.63905455302937,9.651020050048828
1,96.47829071317726,70.63905455302937,12.728185653686523
