,area,approx_perimeter,diameter
0,131.6163072455994,81.99658041065503,11.667200088500977
1,131.6163072455994,81.99658041065503,14.363265037536621
