,area,approx_perimeter,diameter
0,106.01819984148904,73.63109425339232,10.436094284057617
1,106.01819984148904,73.63109425339232,12.934586524963379
