,area,approx_perimeter,diameter
0,121.75127250043062,79.3639231879496,10.834799766540527
1,121.75127250043062,79.3639231879496,14.307466506958008
