,area,approx_perimeter,diameter
0,183.4132440198326,96.11039715880725,14.742461204528809
1,183.4132440198326,96.11039715880725,15.840570449829102
