,area,approx_perimeter,diameter
0,92.92581215112511,68.45340539659146,10.387206077575684
1,92.92581215112511,68.45340539659146,11.390629768371582
