,area,approx_perimeter,diameter
0,89.1754960877141,67.22640620745585,9.895139694213867
1,89.1754960877141,67.22640620745585,11.474498748779297
