,area,approx_perimeter,diameter
0,260.77594327841047,114.94327771561294,16.945219039916992
1,260.77594327841047,114.94327771561294,19.594331741333008
