,area,approx_perimeter,diameter
0,336.0413167960827,130.20718693179023,19.68199920654297
1,336.0413167960827,130.20718693179023,21.73870086669922
