,area,approx_perimeter,diameter
0,252.70584579341474,114.51764633594395,15.49448013305664
1,252.70584579341474,114.51764633594395,20.76578712463379
