,area,approx_perimeter,diameter
0,25.277673339796802,35.95705350695794,5.092586517333984
1,25.277673339796802,35.95705350695794,6.319879531860352
