,area,approx_perimeter,diameter
0,418.1697935276517,148.52641629403934,19.263641357421875
1,418.1697935276517,148.52641629403934,27.639131546020508
