,area,approx_perimeter,diameter
0,94.34786423745606,69.62091008328592,9.71186637878418
1,94.34786423745606,69.62091008328592,12.369139671325684
