,area,approx_perimeter,diameter
0,220.53631334770148,105.5722871104843,15.77955150604248
1,220.53631334770148,105.5722871104843,17.79490089416504
