,area,approx_perimeter,diameter
0,85.68188309806504,65.93199596289709,9.653578758239746
1,85.68188309806504,65.93199596289709,11.300841331481934
