,area,approx_perimeter,diameter
0,145.8354300175349,86.784970612134,11.908530235290527
1,145.8354300175349,86.784970612134,15.592473030090332
