,area,approx_perimeter,diameter
0,146.39314142095776,86.07675593827923,12.758872032165527
1,146.39314142095776,86.07675593827923,14.608935356140137
