,area,approx_perimeter,diameter
0,106.37132851171128,75.29411648329024,9.538273811340332
1,106.37132851171128,75.29411648329024,14.199234008789062
