,area,approx_perimeter,diameter
0,155.43143498324062,88.67074223021166,13.181841850280762
1,155.43143498324062,88.67074223021166,15.01318645477295
