,area,approx_perimeter,diameter
0,31.260655219517933,39.98425876943371,5.665368556976318
1,31.260655219517933,39.98425876943371,7.025545120239258
