,area,approx_perimeter,diameter
0,113.2888580511872,76.21800435286711,10.699487686157227
1,113.2888580511872,76.21800435286711,13.481379508972168
