,area,approx_perimeter,diameter
0,214.5805089737904,105.14773847674157,14.531970024108887
1,214.5805089737904,105.14773847674157,18.80078125
