,area,approx_perimeter,diameter
0,152.09414197390834,87.79641036922176,12.921853065490723
1,152.09414197390834,87.79641036922176,14.986416816711426
