,area,approx_perimeter,diameter
0,83.9887666875441,65.16167981835922,9.720274925231934
1,83.9887666875441,65.16167981835922,11.001522064208984
