,area,approx_perimeter,diameter
0,246.08147090757828,113.53186025946215,14.985812187194824
1,246.08147090757828,113.53186025946215,20.907819747924805
