,area,approx_perimeter,diameter
0,188.48677071230543,97.43856204563097,14.922813415527344
1,188.48677071230543,97.43856204563097,16.082008361816406
