,area,approx_perimeter,diameter
0,112.3171468903927,75.27022610994597,11.392489433288574
1,112.3171468903927,75.27022610994597,12.552711486816406
