,area,approx_perimeter,diameter
0,277.0615273362924,119.32302918520244,16.629446029663086
1,277.0615273362924,119.32302918520244,21.213315963745117
