,area,approx_perimeter,diameter
0,314.808295884403,126.0094751060202,19.085208892822266
1,314.808295884403,126.0094751060202,21.001937866210938
