,area,approx_perimeter,diameter
0,227.07807182622153,108.5554329790111,14.687932968139648
1,227.07807182622153,108.5554329790111,19.684511184692383
