,area,approx_perimeter,diameter
0,79.69492819845455,63.99819052712122,8.916932106018066
1,79.69492819845455,63.99819052712122,11.379556655883789
