,area,approx_perimeter,diameter
0,92.36473336252789,68.40584938200838,10.08685302734375
1,92.36473336252789,68.40584938200838,11.658981323242188
