,area,approx_perimeter,diameter
0,118.0163697722133,77.72943865209496,10.972826957702637
1,118.0163697722133,77.72943865209496,13.694110870361328
