,area,approx_perimeter,diameter
0,104.48861489671218,73.20901520038153,10.266450881958008
1,104.48861489671218,73.20901520038153,12.958620071411133
