,area,approx_perimeter,diameter
0,219.1194586029471,106.26166672637012,14.679317474365234
1,219.1194586029471,106.26166672637012,19.00575828552246
