,area,approx_perimeter,diameter
0,82.32505052500079,64.91242083292724,9.171360969543457
1,82.32505052500079,64.91242083292724,11.42900276184082
