,area,approx_perimeter,diameter
0,276.56267004297234,118.42613667062574,17.37839126586914
1,276.56267004297234,118.42613667062574,20.262550354003906
