,area,approx_perimeter,diameter
0,86.28725580132804,66.04977588761173,9.84839153289795
1,86.28725580132804,66.04977588761173,11.155562400817871
