,area,approx_perimeter,diameter
0,143.5335733414549,85.46196301710253,12.348652839660645
1,143.5335733414549,85.46196301710253,14.799397468566895
