,area,approx_perimeter,diameter
0,125.2458596643201,79.97131124270639,11.396411895751953
1,125.2458596643201,79.97131124270639,13.992823600769043
