,area,approx_perimeter,diameter
0,381.1825665955296,145.02754383508838,17.12139129638672
1,381.1825665955296,145.02754383508838,28.346803665161133
