,area,approx_perimeter,diameter
0,363.9047335500745,135.28340277965998,21.12330436706543
1,363.9047335500745,135.28340277965998,21.93491554260254
