,area,approx_perimeter,diameter
0,190.56630406151365,98.93647066464217,13.809713363647461
1,190.56630406151365,98.93647066464217,17.569992065429688
