,area,approx_perimeter,diameter
0,63.18140776028314,56.37378669485674,8.780172348022461
1,63.18140776028314,56.37378669485674,9.162128448486328
