,area,approx_perimeter,diameter
0,130.42751921901353,81.33779005945703,11.920768737792969
1,130.42751921901353,81.33779005945703,13.930768966674805
