,area,approx_perimeter,diameter
0,110.73540625447198,74.93492607448333,10.998695373535156
1,110.73540625447198,74.93492607448333,12.819038391113281
