,area,approx_perimeter,diameter
0,125.65457192752568,79.95825198132808,11.558329582214355
1,125.65457192752568,79.95825198132808,13.841824531555176
