,area,approx_perimeter,diameter
0,123.55609891405875,79.49239512689371,11.262621879577637
1,123.55609891405875,79.49239512689371,13.968018531799316
