,area,approx_perimeter,diameter
0,226.50907214720385,107.15414111063424,15.754396438598633
1,226.50907214720385,107.15414111063424,18.306020736694336
