,area,approx_perimeter,diameter
0,222.08866580535948,106.80458790735551,14.909462928771973
1,222.08866580535948,106.80458790735551,18.965946197509766
