,area,approx_perimeter,diameter
0,134.8128378389706,82.93860758519274,11.852804183959961
1,134.8128378389706,82.93860758519274,14.48172378540039
