,area,approx_perimeter,diameter
0,87.80819089221018,66.77639349158774,9.734665870666504
1,87.80819089221018,66.77639349158774,11.484817504882812
