,area,approx_perimeter,diameter
0,49.16370656848206,50.05057828715912,7.192290782928467
1,49.16370656848206,50.05057828715912,8.703371047973633
