,area,approx_perimeter,diameter
0,209.96583622678477,104.22360680991598,14.227617263793945
1,209.96583622678477,104.22360680991598,18.78999137878418
