,area,approx_perimeter,diameter
0,197.08221288186738,100.53259716887781,14.108515739440918
1,197.08221288186738,100.53259716887781,17.78591537475586
