,area,approx_perimeter,diameter
0,43.42124520432012,46.73983091808546,7.252948760986328
1,43.42124520432012,46.73983091808546,7.622506141662598
