,area,approx_perimeter,diameter
0,163.5234105112382,94.15572697276036,11.504169464111328
1,163.5234105112382,94.15572697276036,18.098175048828125
