,area,approx_perimeter,diameter
0,174.26221843530996,94.69109406864966,13.143465042114258
1,174.26221843530996,94.69109406864966,16.881206512451172
