,area,approx_perimeter,diameter
0,25.00060831782777,35.61304329784232,5.216411113739014
1,25.00060831782777,35.61304329784232,6.102234363555908
