,area,approx_perimeter,diameter
0,39.03636314121936,44.771854829691215,6.255320072174072
1,39.03636314121936,44.771854829691215,7.945659160614014
