,area,approx_perimeter,diameter
0,85.27432924917635,65.8647330771841,9.526679992675781
1,85.27432924917635,65.8647330771841,11.396903038024902
