,area,approx_perimeter,diameter
0,85.61506677967718,65.6741445575104,10.04564380645752
1,85.61506677967718,65.6741445575104,10.851319313049316
