,area,approx_perimeter,diameter
0,124.60510933024248,80.29220926554109,10.958704948425293
1,124.60510933024248,80.29220926554109,14.477272033691406
