,area,approx_perimeter,diameter
0,279.42954738339523,119.2218666520152,17.252368927001953
1,279.42954738339523,119.2218666520152,20.62213897705078
