,area,approx_perimeter,diameter
0,205.75931902578594,104.10882955155287,13.550591468811035
1,205.75931902578594,104.10882955155287,19.333539962768555
