,area,approx_perimeter,diameter
0,311.5155772232027,125.7762164278876,18.334434509277344
1,311.5155772232027,125.7762164278876,21.63327980041504
