,area,approx_perimeter,diameter
0,360.1611636580336,136.20074205451002,18.843669891357422
1,360.1611636580336,136.20074205451002,24.335569381713867
