,area,approx_perimeter,diameter
0,141.45258952908767,84.71895794413017,12.39797306060791
1,141.45258952908767,84.71895794413017,14.526812553405762
