,area,approx_perimeter,diameter
0,91.54332699162049,68.41393701283265,9.703112602233887
1,91.54332699162049,68.41393701283265,12.012288093566895
