,area,approx_perimeter,diameter
0,231.38310826303487,107.87792597769094,16.822206497192383
1,231.38310826303487,107.87792597769094,17.512929916381836
