,area,approx_perimeter,diameter
0,93.86078044891188,68.98767976896168,10.128411293029785
1,93.86078044891188,68.98767976896168,11.799210548400879
