,area,approx_perimeter,diameter
0,179.19796804465284,95.53550863850215,13.75114917755127
1,179.19796804465284,95.53550863850215,16.592208862304688
