,area,approx_perimeter,diameter
0,150.38656834968927,88.39163479925037,11.922442436218262
1,150.38656834968927,88.39163479925037,16.06031036376953
