,area,approx_perimeter,diameter
0,316.92716707158434,129.1926396469275,16.824777603149414
1,316.92716707158434,129.1926396469275,23.983924865722656
