,area,approx_perimeter,diameter
0,123.93849739337173,79.06086612835831,11.983439445495605
1,123.93849739337173,79.06086612835831,13.168456077575684
