,area,approx_perimeter,diameter
0,112.16458493436203,78.8014065813334,9.245312690734863
1,112.16458493436203,78.8014065813334,15.447004318237305
