,area,approx_perimeter,diameter
0,155.81818510941073,89.00690264006629,12.906839370727539
1,155.81818510941073,89.00690264006629,15.371220588684082
