,area,approx_perimeter,diameter
0,215.73028478393942,104.99054117133818,14.925244331359863
1,215.73028478393942,104.99054117133818,18.403472900390625
