,area,approx_perimeter,diameter
0,267.69339365862766,116.74863238873351,16.82520866394043
1,267.69339365862766,116.74863238873351,20.257568359375
