,area,approx_perimeter,diameter
0,49.55543947479677,51.876247382059944,6.316848278045654
1,49.55543947479677,51.876247382059944,9.988516807556152
