,area,approx_perimeter,diameter
0,86.43273775063375,65.96509527771032,10.156813621520996
1,86.43273775063375,65.96509527771032,10.835049629211426
