,area,approx_perimeter,diameter
0,116.87421230612605,76.73529878798662,11.729477882385254
1,116.87421230612605,76.73529878798662,12.686742782592773
