,area,approx_perimeter,diameter
0,249.9650445468415,112.40495100369839,16.784086227416992
1,249.9650445468415,112.40495100369839,18.962329864501953
