,area,approx_perimeter,diameter
0,188.49411884362817,97.34780347554937,15.31627368927002
1,188.49411884362817,97.34780347554937,15.669487953186035
