,area,approx_perimeter,diameter
0,54.109518062510666,54.20958944464766,6.599972724914551
1,54.109518062510666,54.20958944464766,10.43858528137207
