,area,approx_perimeter,diameter
0,259.29831125313126,115.3716595283109,16.13677215576172
1,259.29831125313126,115.3716595283109,20.45941162109375
