,area,approx_perimeter,diameter
0,163.81262597145016,92.17704054631805,12.490506172180176
1,163.81262597145016,92.17704054631805,16.69849967956543
