,area,approx_perimeter,diameter
0,175.4019978349712,95.15429289891762,13.075447082519531
1,175.4019978349712,95.15429289891762,17.08000946044922
