,area,approx_perimeter,diameter
0,103.90732042177477,72.47201967845935,10.820935249328613
1,103.90732042177477,72.47201967845935,12.22619915008545
