,area,approx_perimeter,diameter
0,220.78841978381362,105.57163974904279,15.896370887756348
1,220.78841978381362,105.57163974904279,17.684322357177734
