,area,approx_perimeter,diameter
0,118.98321366807882,77.79586808545609,11.259032249450684
1,118.98321366807882,77.79586808545609,13.455342292785645
