,area,approx_perimeter,diameter
0,180.52794213381915,95.26952674331368,14.980206489562988
1,180.52794213381915,95.26952674331368,15.343935012817383
