,area,approx_perimeter,diameter
0,102.62493254643023,72.03433582918245,10.736357688903809
1,102.62493254643023,72.03433582918245,12.170433044433594
