,area,approx_perimeter,diameter
0,208.23739611897363,102.90698296497125,14.907401084899902
1,208.23739611897363,102.90698296497125,17.785533905029297
