,area,approx_perimeter,diameter
0,77.64140030348506,62.64536740167343,9.354990005493164
1,77.64140030348506,62.64536740167343,10.567205429077148
