,area,approx_perimeter,diameter
0,141.36276327626726,85.97336633873209,11.399446487426758
1,141.36276327626726,85.97336633873209,15.78924560546875
