,area,approx_perimeter,diameter
0,53.105360802397335,52.54891557885139,7.071002960205078
1,53.105360802397335,52.54891557885139,9.56241226196289
