,area,approx_perimeter,diameter
0,104.59783611089844,72.91647871851293,10.584244728088379
1,104.59783611089844,72.91647871851293,12.582674026489258
