,area,approx_perimeter,diameter
0,202.0772506235818,101.00362687545604,15.199522018432617
1,202.0772506235818,101.00362687545604,16.92768669128418
