,area,approx_perimeter,diameter
0,223.68874783646436,107.33035482524485,14.855948448181152
1,223.68874783646436,107.33035482524485,19.171401977539062
