,area,approx_perimeter,diameter
0,87.08905327132743,66.46282792422957,9.743021965026855
1,87.08905327132743,66.46282792422957,11.380989074707031
