,area,approx_perimeter,diameter
0,122.64679983828381,79.38947958159451,11.06432819366455
1,122.64679983828381,79.38947958159451,14.113713264465332
