,area,approx_perimeter,diameter
0,109.40299602803287,74.314146233251,11.190577507019043
1,109.40299602803287,74.314146233251,12.44763469696045
