,area,approx_perimeter,diameter
0,131.32770847304994,82.53446387674478,11.182705879211426
1,131.32770847304994,82.53446387674478,14.952698707580566
