,area,approx_perimeter,diameter
0,135.480145838158,83.2500235364094,11.784607887268066
1,135.480145838158,83.2500235364094,14.637625694274902
