,area,approx_perimeter,diameter
0,127.10077074521492,80.94203650245883,11.171379089355469
1,127.10077074521492,80.94203650245883,14.486101150512695
