,area,approx_perimeter,diameter
0,41.209691256003346,46.22743865418904,6.268078804016113
1,41.209691256003346,46.22743865418904,8.370955467224121
