,area,approx_perimeter,diameter
0,239.57104963186276,110.89299500469735,15.513297080993652
1,239.57104963186276,110.89299500469735,19.662572860717773
