,area,approx_perimeter,diameter
0,120.66464359787734,78.19123844075729,11.52220630645752
1,120.66464359787734,78.19123844075729,13.333817481994629
