,area,approx_perimeter,diameter
0,202.93601328901093,101.53741626185688,14.774140357971191
1,202.93601328901093,101.53741626185688,17.48908233642578
