,area,approx_perimeter,diameter
0,51.69291863582133,51.00895924671359,7.871840000152588
1,51.69291863582133,51.00895924671359,8.361128807067871
