,area,approx_perimeter,diameter
0,146.4852680566212,87.47803846245311,11.62594223022461
1,146.4852680566212,87.47803846245311,16.04264259338379
