,area,approx_perimeter,diameter
0,57.92718253780624,53.99093216352904,8.355860710144043
1,57.92718253780624,53.99093216352904,8.826760292053223
