,area,approx_perimeter,diameter
0,93.78175598798946,68.76584227937789,10.439581871032715
1,93.78175598798946,68.76584227937789,11.437875747680664
