,area,approx_perimeter,diameter
0,80.59761267952646,63.78169595589726,9.61115550994873
1,80.59761267952646,63.78169595589726,10.677183151245117
