,area,approx_perimeter,diameter
0,235.64919763227934,109.45388600353351,15.877055168151855
1,235.64919763227934,109.45388600353351,18.8975772857666
