,area,approx_perimeter,diameter
0,69.00627480895548,59.0753456265098,8.793435096740723
1,69.00627480895548,59.0753456265098,9.991717338562012
