,area,approx_perimeter,diameter
0,157.61169107900048,89.15822966732523,13.509796142578125
1,157.61169107900048,89.15822966732523,14.854216575622559
