,area,approx_perimeter,diameter
0,127.56760645591325,80.31811706420037,11.961359024047852
1,127.56760645591325,80.31811706420037,13.579069137573242
