,area,approx_perimeter,diameter
0,184.754162463891,97.03155068027459,13.935996055603027
1,184.754162463891,97.03155068027459,16.879762649536133
