,area,approx_perimeter,diameter
0,376.3586767908137,138.41172850034746,19.97037124633789
1,376.3586767908137,138.41172850034746,23.995285034179688
