,area,approx_perimeter,diameter
0,24.641917845668605,35.40025886567879,5.1278076171875
1,24.641917845668605,35.40025886567879,6.118611812591553
