,area,approx_perimeter,diameter
0,185.45969379894302,96.87502336746103,14.373391151428223
1,185.45969379894302,96.87502336746103,16.4285945892334
