,area,approx_perimeter,diameter
0,261.2094723161522,117.76934724249222,15.044910430908203
1,261.2094723161522,117.76934724249222,22.1059627532959
