,area,approx_perimeter,diameter
0,198.85819981082307,100.25097639589455,14.98127555847168
1,198.85819981082307,100.25097639589455,16.900705337524414
