,area,approx_perimeter,diameter
0,297.44132638772834,123.67811321214754,17.196243286132812
1,297.44132638772834,123.67811321214754,22.023069381713867
