,area,approx_perimeter,diameter
0,194.25558655411504,99.79524741574392,14.018280029296875
1,194.25558655411504,99.79524741574392,17.64366912841797
