,area,approx_perimeter,diameter
0,192.52043000999876,99.10465318504913,14.172039985656738
1,192.52043000999876,99.10465318504913,17.296354293823242
