,area,approx_perimeter,diameter
0,101.81763607270025,72.29632931115864,10.111077308654785
1,101.81763607270025,72.29632931115864,12.821407318115234
