,area,approx_perimeter,diameter
0,383.39086558374925,141.47667861935528,18.833744049072266
1,383.39086558374925,141.47667861935528,25.918819427490234
