,area,approx_perimeter,diameter
0,56.64844219157629,55.11503944426313,6.889500141143799
1,56.64844219157629,55.11503944426313,10.469124794006348
