,area,approx_perimeter,diameter
0,235.7001088433485,110.24523757181217,15.198443412780762
1,235.7001088433485,110.24523757181217,19.745620727539062
