,area,approx_perimeter,diameter
0,101.80944775275243,72.2611199541365,10.136600494384766
1,101.80944775275243,72.2611199541365,12.788095474243164
