,area,approx_perimeter,diameter
0,306.80910697200824,124.8701670952938,18.140201568603516
1,306.80910697200824,124.8701670952938,21.53457260131836
