,area,approx_perimeter,diameter
0,250.14629440024825,112.17053678604545,17.47150993347168
1,250.14629440024825,112.17053678604545,18.22945785522461
