,area,approx_perimeter,diameter
0,105.51578258475007,73.3673143258808,10.493775367736816
1,105.51578258475007,73.3673143258808,12.802529335021973
