,area,approx_perimeter,diameter
0,113.36180965448429,75.84765672958244,11.091634750366211
1,113.36180965448429,75.84765672958244,13.013116836547852
