,area,approx_perimeter,diameter
0,131.11109671966096,81.32834433593901,12.300259590148926
1,131.11109671966096,81.32834433593901,13.571732521057129
