,area,approx_perimeter,diameter
0,157.29543028459395,89.37034866785467,13.033900260925293
1,157.29543028459395,89.37034866785467,15.365681648254395
