,area,approx_perimeter,diameter
0,89.6520758082124,67.24382803205916,10.187416076660156
1,89.6520758082124,67.24382803205916,11.204859733581543
