,area,approx_perimeter,diameter
0,35.687978435318584,44.03680963606296,5.355724334716797
1,35.687978435318584,44.03680963606296,8.484257698059082
2,35.687978435318584,44.03680963606296,5.348079204559326
3,35.687978435318584,44.03680963606296,6.207815647125244
