,area,approx_perimeter,diameter
0,137.22561368476067,83.07878582055727,12.949260711669922
1,137.22561368476067,83.07878582055727,13.492745399475098
