,area,approx_perimeter,diameter
0,22.68928079878469,34.48265509395784,4.545641899108887
1,22.68928079878469,34.48265509395784,6.3552937507629395
