,area,approx_perimeter,diameter
0,317.531473267303,130.15450717878335,16.45152473449707
1,317.531473267303,130.15450717878335,24.57484245300293
