,area,approx_perimeter,diameter
0,95.46903239977672,69.36201797266742,10.57901668548584
1,95.46903239977672,69.36201797266742,11.490193367004395
