,area,approx_perimeter,diameter
0,51.058784975559384,50.78117892259815,7.6212053298950195
1,51.058784975559384,50.78117892259815,8.530155181884766
