,area,approx_perimeter,diameter
0,237.94447592496613,109.36577677207849,17.31602668762207
1,237.94447592496613,109.36577677207849,17.495948791503906
