,area,approx_perimeter,diameter
0,97.75978498966839,71.23505020720548,9.632168769836426
1,97.75978498966839,71.23505020720548,12.922492027282715
