,area,approx_perimeter,diameter
0,187.95051415561025,98.65513757672397,13.43030071258545
1,187.95051415561025,98.65513757672397,17.81836700439453
