,area,approx_perimeter,diameter
0,109.05909308146548,74.50265221162917,10.755836486816406
1,109.05909308146548,74.50265221162917,12.910046577453613
