,area,approx_perimeter,diameter
0,182.97972383564112,96.63070947309625,13.804031372070312
1,182.97972383564112,96.63070947309625,16.87746238708496
