,area,approx_perimeter,diameter
0,81.92513624759306,64.25689829001982,9.792442321777344
1,81.92513624759306,64.25689829001982,10.652125358581543
