,area,approx_perimeter,diameter
0,135.2564193299859,82.59263412658879,12.517046928405762
1,135.2564193299859,82.59263412658879,13.758342742919922
