,area,approx_perimeter,diameter
0,242.7941041332755,111.05638504293324,16.16655731201172
1,242.7941041332755,111.05638504293324,19.121885299682617
