,area,approx_perimeter,diameter
0,185.4135999604425,97.62477474257288,13.59463119506836
1,185.4135999604425,97.62477474257288,17.365379333496094
