,area,approx_perimeter,diameter
0,141.38615344058434,84.3722657692233,12.977484703063965
1,141.38615344058434,84.3722657692233,13.871597290039062
