,area,approx_perimeter,diameter
0,77.4259467722178,62.43438168479155,9.610559463500977
1,77.4259467722178,62.43438168479155,10.257652282714844
