,area,approx_perimeter,diameter
0,46.26330634207641,50.29556010905147,6.041876792907715
1,46.26330634207641,50.29556010905147,9.749333381652832
