,area,approx_perimeter,diameter
0,117.22573669245844,77.46412968848082,10.939875602722168
1,117.22573669245844,77.46412968848082,13.643340110778809
