,area,approx_perimeter,diameter
0,93.48628016429967,68.56936599904631,10.70159912109375
1,93.48628016429967,68.56936599904631,11.122676849365234
