,area,approx_perimeter,diameter
0,120.23367575660617,78.32419310869656,11.19499397277832
1,120.23367575660617,78.32419310869656,13.674529075622559
