,area,approx_perimeter,diameter
0,114.89107421758882,76.99719140776502,10.592169761657715
1,114.89107421758882,76.99719140776502,13.810565948486328
