,area,approx_perimeter,diameter
0,226.09427393294186,106.61002529086198,16.839967727661133
1,226.09427393294186,106.61002529086198,17.094579696655273
