,area,approx_perimeter,diameter
0,365.0073369702899,138.94677280616912,17.909589767456055
1,365.0073369702899,138.94677280616912,25.949325561523438
