,area,approx_perimeter,diameter
0,182.36399274540688,96.30699977939825,13.94502067565918
1,182.36399274540688,96.30699977939825,16.650606155395508
