,area,approx_perimeter,diameter
0,226.93555944844613,106.9436061194575,16.302532196044922
1,226.93555944844613,106.9436061194575,17.723831176757812
