,area,approx_perimeter,diameter
0,152.629144469449,87.98911427945797,12.894878387451172
1,152.629144469449,87.98911427945797,15.070592880249023
