,area,approx_perimeter,diameter
0,89.368690614013,67.28747338434653,9.92162036895752
1,89.368690614013,67.28747338434653,11.468666076660156
