,area,approx_perimeter,diameter
0,89.90154765628765,67.74748335394978,9.661664962768555
1,89.90154765628765,67.74748335394978,11.847461700439453
