,area,approx_perimeter,diameter
0,45.47783608656818,48.08928169554455,6.9687113761901855
1,45.47783608656818,48.08928169554455,8.309165954589844
