,area,approx_perimeter,diameter
0,94.63682674352003,69.25857842869843,10.188068389892578
1,94.63682674352003,69.25857842869843,11.827104568481445
