,area,approx_perimeter,diameter
0,312.55911370819445,129.7266445133903,16.076398849487305
1,312.55911370819445,129.7266445133903,24.75446319580078
