,area,approx_perimeter,diameter
0,38.83343452479885,44.227328398020944,6.774231910705566
1,38.83343452479885,44.227328398020944,7.2988739013671875
