,area,approx_perimeter,diameter
0,196.55106320128976,99.52669152488409,15.172890663146973
1,196.55106320128976,99.52669152488409,16.49366569519043
