,area,approx_perimeter,diameter
0,159.83542842737265,92.17739756933739,11.744832992553711
1,159.83542842737265,92.17739756933739,17.327516555786133
