,area,approx_perimeter,diameter
0,127.76842757982699,80.31114651394049,12.090935707092285
1,127.76842757982699,80.31114651394049,13.454691886901855
