,area,approx_perimeter,diameter
0,125.08435253963721,79.9094259069998,11.398717880249023
1,125.08435253963721,79.9094259069998,13.971952438354492
