,area,approx_perimeter,diameter
0,191.3559988472798,99.32893634056506,13.698415756225586
1,191.3559988472798,99.32893634056506,17.78614616394043
