,area,approx_perimeter,diameter
0,168.65242462995076,92.31697956860707,13.807839393615723
1,168.65242462995076,92.31697956860707,15.551668167114258
