,area,approx_perimeter,diameter
0,105.89816936062914,73.273682301189,10.763891220092773
1,105.89816936062914,73.273682301189,12.52648639678955
