,area,approx_perimeter,diameter
0,32.32485856750434,41.08500194287369,5.465973854064941
1,32.32485856750434,41.08500194287369,7.529726505279541
