,area,approx_perimeter,diameter
0,180.55254160766455,95.7519039341048,13.961596488952637
1,180.55254160766455,95.7519039341048,16.465641021728516
