,area,approx_perimeter,diameter
0,231.41121759447563,108.63367151834687,15.557928085327148
1,231.41121759447563,108.63367151834687,18.938377380371094
