,area,approx_perimeter,diameter
0,102.05018698772501,71.87305033823993,10.644573211669922
1,102.05018698772501,71.87305033823993,12.206626892089844
