,area,approx_perimeter,diameter
0,133.36509476620193,82.46609056715243,11.81417179107666
1,133.36509476620193,82.46609056715243,14.373052597045898
