,area,approx_perimeter,diameter
0,177.82845679476645,95.29187047084308,13.579051971435547
1,177.82845679476645,95.29187047084308,16.674081802368164
