,area,approx_perimeter,diameter
0,122.07435050631067,79.20329437145563,11.039012908935547
1,122.07435050631067,79.20329437145563,14.080053329467773
