,area,approx_perimeter,diameter
0,187.21197907406537,99.004308915003,13.08218002319336
1,187.21197907406537,99.004308915003,18.220640182495117
