,area,approx_perimeter,diameter
0,118.73454655454756,77.76812293329552,11.190654754638672
1,118.73454655454756,77.76812293329552,13.509264945983887
