,area,approx_perimeter,diameter
0,128.96002143534758,80.61753087303732,12.290143966674805
1,128.96002143534758,80.61753087303732,13.360054969787598
