,area,approx_perimeter,diameter
0,129.0583928315611,81.16341549118253,11.583547592163086
1,129.0583928315611,81.16341549118253,14.185831069946289
