,area,approx_perimeter,diameter
0,185.93893021565697,96.72199348684482,15.005131721496582
1,185.93893021565697,96.72199348684482,15.777588844299316
