,area,approx_perimeter,diameter
0,46.35501868358285,49.27787291826302,6.5025858879089355
1,46.35501868358285,49.27787291826302,9.076549530029297
