,area,approx_perimeter,diameter
0,25.178395687569807,35.588584806442086,5.537195682525635
1,25.178395687569807,35.588584806442086,5.7895965576171875
