,area,approx_perimeter,diameter
0,84.87899285282002,65.3425926252878,10.166912078857422
1,84.87899285282002,65.3425926252878,10.629706382751465
