,area,approx_perimeter,diameter
0,89.30549423925248,67.02639874873442,10.421185493469238
1,89.30549423925248,67.02639874873442,10.911166191101074
