,area,approx_perimeter,diameter
0,152.09561770779786,88.69059113113595,12.119087219238281
1,152.09561770779786,88.69059113113595,15.979269027709961
