,area,approx_perimeter,diameter
0,69.39966442710138,59.33483553647304,8.691577911376953
1,69.39966442710138,59.33483553647304,10.166439056396484
