,area,approx_perimeter,diameter
0,145.23657549257518,85.61508436906871,12.910482406616211
1,145.23657549257518,85.61508436906871,14.323318481445312
