,area,approx_perimeter,diameter
0,261.77354033503786,115.42274222285445,16.66734504699707
1,261.77354033503786,115.42274222285445,19.997211456298828
