,area,approx_perimeter,diameter
0,217.32618216273102,107.22597677508202,13.814031600952148
1,217.32618216273102,107.22597677508202,20.03095817565918
