,area,approx_perimeter,diameter
0,32.44945760311841,41.291086924364265,5.408047199249268
1,32.44945760311841,41.291086924364265,7.639713764190674
