,area,approx_perimeter,diameter
0,218.8869918555168,104.97128841993393,16.17450714111328
1,218.8869918555168,104.97128841993393,17.230545043945312
