,area,approx_perimeter,diameter
0,367.00574767968305,137.29475114962094,19.168441772460938
1,367.00574767968305,137.29475114962094,24.377893447875977
