,area,approx_perimeter,diameter
0,252.02779284812505,113.01106348491383,16.642101287841797
1,252.02779284812505,113.01106348491383,19.281925201416016
