,area,approx_perimeter,diameter
0,124.63900702097452,79.17547052113619,12.349446296691895
1,124.63900702097452,79.17547052113619,12.850399017333984
