,area,approx_perimeter,diameter
0,24.656259645225163,35.42199968257851,5.116907596588135
1,24.656259645225163,35.42199968257851,6.135214328765869
