,area,approx_perimeter,diameter
0,121.28489278618353,79.8002432095899,10.469847679138184
1,121.28489278618353,79.8002432095899,14.749471664428711
