,area,approx_perimeter,diameter
0,277.0706821958776,119.89976485820627,16.231468200683594
1,277.0706821958776,119.89976485820627,21.734161376953125
