,area,approx_perimeter,diameter
0,162.0805128315625,90.82046102896798,13.117293357849121
1,162.0805128315625,90.82046102896798,15.732461929321289
