,area,approx_perimeter,diameter
0,201.27589283960495,101.66606024888905,14.202217102050781
1,201.27589283960495,101.66606024888905,18.044536590576172
