,area,approx_perimeter,diameter
0,100.13199001186794,71.62895460685799,10.081074714660645
1,100.13199001186794,71.62895460685799,12.646668434143066
