,area,approx_perimeter,diameter
0,96.75492176185652,70.16868338471788,10.136787414550781
1,96.75492176185652,70.16868338471788,12.152981758117676
