,area,approx_perimeter,diameter
0,246.19615171763007,111.70264938279173,16.439483642578125
1,246.19615171763007,111.70264938279173,19.067914962768555
