,area,approx_perimeter,diameter
0,70.07126858027905,62.88068845959116,7.128187656402588
1,70.07126858027905,62.88068845959116,12.516156196594238
