,area,approx_perimeter,diameter
0,216.39518501121844,104.87657095958157,15.226399421691895
1,216.39518501121844,104.87657095958157,18.09507942199707
