,area,approx_perimeter,diameter
0,51.13706588042436,52.406303045142266,6.529092311859131
1,51.13706588042436,52.406303045142266,9.972249031066895
