,area,approx_perimeter,diameter
0,155.10903304357646,88.77388827795136,12.911642074584961
1,155.10903304357646,88.77388827795136,15.295572280883789
