,area,approx_perimeter,diameter
0,109.8315297131631,78.83836519381994,8.892303466796875
1,109.8315297131631,78.83836519381994,15.726166725158691
