,area,approx_perimeter,diameter
0,252.08492335076554,113.3205876767244,16.29977798461914
1,252.08492335076554,113.3205876767244,19.691341400146484
