,area,approx_perimeter,diameter
0,183.38177543845273,97.17160880038854,13.457489013671875
1,183.38177543845273,97.17160880038854,17.35011100769043
