,area,approx_perimeter,diameter
0,238.99235499159818,112.26009065562384,14.57504653930664
1,238.99235499159818,112.26009065562384,20.87777328491211
