,area,approx_perimeter,diameter
0,67.21211580740933,58.69456345367318,8.251241683959961
1,67.21211580740933,58.69456345367318,10.371423721313477
