,area,approx_perimeter,diameter
0,126.49256137415047,79.80630154202656,12.270208358764648
1,126.49256137415047,79.80630154202656,13.125720977783203
