,area,approx_perimeter,diameter
0,148.50109476972514,86.57610365352839,13.046732902526855
1,148.50109476972514,86.57610365352839,14.49232292175293
