,area,approx_perimeter,diameter
0,338.59276324734867,132.12513299454412,18.223434448242188
1,338.59276324734867,132.12513299454412,23.656885147094727
