,area,approx_perimeter,diameter
0,97.05992472536134,69.96548707185576,10.602824211120605
1,97.05992472536134,69.96548707185576,11.655435562133789
