,area,approx_perimeter,diameter
0,144.6278076991595,86.88200106816474,11.574372291564941
1,144.6278076991595,86.88200106816474,15.909790992736816
