,area,approx_perimeter,diameter
0,231.2972019229224,109.63159727545273,14.779052734375
1,231.2972019229224,109.63159727545273,19.926631927490234
