,area,approx_perimeter,diameter
0,273.5496288090709,118.66339318031223,16.448917388916016
1,273.5496288090709,118.66339318031223,21.174293518066406
