,area,approx_perimeter,diameter
0,35.94891460153514,43.21788449988772,5.82827615737915
1,35.94891460153514,43.21788449988772,7.853364944458008
