,area,approx_perimeter,diameter
0,208.5733470973018,102.4185046626577,15.99394702911377
1,208.5733470973018,102.4185046626577,16.604021072387695
