,area,approx_perimeter,diameter
0,39.741126976144976,45.49303337670455,6.096289157867432
1,39.741126976144976,45.49303337670455,8.300127029418945
