,area,approx_perimeter,diameter
0,66.37602226854816,58.1371451017725,8.376029014587402
1,66.37602226854816,58.1371451017725,10.089814186096191
