,area,approx_perimeter,diameter
0,195.79276809488488,99.38513157492707,15.030755996704102
1,195.79276809488488,99.38513157492707,16.585399627685547
