,area,approx_perimeter,diameter
0,10.352739989876662,27.47197434786471,2.1581766605377197
1,10.352739989876662,27.47197434786471,6.107710361480713
2,10.352739989876662,27.47197434786471,5.635608673095703
3,10.352739989876662,27.47197434786471,9.275642395019531
4,10.352739989876662,27.47197434786471,2.4124534130096436
5,10.352739989876662,27.47197434786471,5.2662434577941895
