,area,approx_perimeter,diameter
0,33.140815969136014,41.15755225754413,5.843587398529053
1,33.140815969136014,41.15755225754413,7.220940589904785
