,area,approx_perimeter,diameter
0,102.41448516163337,72.27307997176813,10.346162796020508
1,102.41448516163337,72.27307997176813,12.603529930114746
