,area,approx_perimeter,diameter
0,67.69291724716776,58.87024057997853,8.309207916259766
1,67.69291724716776,58.87024057997853,10.372745513916016
