,area,approx_perimeter,diameter
0,76.14804490756076,62.934519049845,8.461556434631348
1,76.14804490756076,62.934519049845,11.458258628845215
