,area,approx_perimeter,diameter
0,124.82365291145557,79.48796025843893,11.774190902709961
1,124.82365291145557,79.48796025843893,13.498202323913574
