,area,approx_perimeter,diameter
0,116.89820591777772,78.77086405530923,10.070942878723145
1,116.89820591777772,78.77086405530923,14.779094696044922
