,area,approx_perimeter,diameter
0,95.57006420449835,70.80367723672359,9.311514854431152
1,95.57006420449835,70.80367723672359,13.068076133728027
