,area,approx_perimeter,diameter
0,36.63959776926498,43.019485522349285,6.452090263366699
1,36.63959776926498,43.019485522349285,7.230367660522461
