,area,approx_perimeter,diameter
0,245.5956472514558,111.94948949131442,15.99290943145752
1,245.5956472514558,111.94948949131442,19.55254554748535
