,area,approx_perimeter,diameter
0,38.10674754098698,44.313168946093704,6.12193489074707
1,38.10674754098698,44.313168946093704,7.925438404083252
