,area,approx_perimeter,diameter
0,196.98536152502248,100.88010928386618,13.828216552734375
1,196.98536152502248,100.88010928386618,18.13751983642578
