,area,approx_perimeter,diameter
0,148.63238648759074,87.19215773637562,12.347940444946289
1,148.63238648759074,87.19215773637562,15.326007843017578
