,area,approx_perimeter,diameter
0,32.06696570710762,40.17467539053324,6.202353477478027
1,32.06696570710762,40.17467539053324,6.582812309265137
