,area,approx_perimeter,diameter
0,214.4743976412675,105.30228028729717,14.402509689331055
1,214.4743976412675,105.30228028729717,18.96039581298828
