,area,approx_perimeter,diameter
0,193.68439659967214,100.02654598481843,13.715107917785645
1,193.68439659967214,100.02654598481843,17.980655670166016
