,area,approx_perimeter,diameter
0,235.71080269292455,112.06622351227826,14.205846786499023
1,235.71080269292455,112.06622351227826,21.126253128051758
