,area,approx_perimeter,diameter
0,65.4740239170027,57.76885806771239,8.290343284606934
1,65.4740239170027,57.76885806771239,10.05556869506836
