,area,approx_perimeter,diameter
0,121.55827577829963,78.23235580665143,12.034334182739258
1,121.55827577829963,78.23235580665143,12.860936164855957
