,area,approx_perimeter,diameter
0,296.4625954005056,123.47128712504006,17.17033576965332
1,296.4625954005056,123.47128712504006,21.983722686767578
