,area,approx_perimeter,diameter
0,162.58200109499086,90.96658142916145,13.131485939025879
1,162.58200109499086,90.96658142916145,15.764082908630371
