,area,approx_perimeter,diameter
0,122.71265617399382,79.04879952865878,11.388306617736816
1,122.71265617399382,79.04879952865878,13.719564437866211
