,area,approx_perimeter,diameter
0,123.56368972015127,78.94252419588581,11.96253490447998
1,123.56368972015127,78.94252419588581,13.151575088500977
