,area,approx_perimeter,diameter
0,59.813720377797516,56.531513167091425,7.122154235839844
1,59.813720377797516,56.531513167091425,10.692999839782715
