,area,approx_perimeter,diameter
0,62.47100884077096,56.59419858172728,7.948613166809082
1,62.47100884077096,56.59419858172728,10.006847381591797
