,area,approx_perimeter,diameter
0,98.26382505675535,70.87937894595939,10.05416488647461
1,98.26382505675535,70.87937894595939,12.443936347961426
