,area,approx_perimeter,diameter
0,84.18582696894151,65.65792447548658,9.26071834564209
1,84.18582696894151,65.65792447548658,11.57455825805664
