,area,approx_perimeter,diameter
0,172.586914933146,93.55116709886865,13.729817390441895
1,172.586914933146,93.55116709886865,16.00490951538086
