,area,approx_perimeter,diameter
0,246.46661208491852,113.14797312552191,15.269220352172852
1,246.46661208491852,113.14797312552191,20.551870346069336
