,area,approx_perimeter,diameter
0,284.689866383436,121.44327439614037,16.512897491455078
1,284.689866383436,121.44327439614037,21.951229095458984
