,area,approx_perimeter,diameter
0,68.73693280016327,59.08769379064386,8.605449676513672
1,68.73693280016327,59.08769379064386,10.170134544372559
