,area,approx_perimeter,diameter
0,38.66841060809568,44.17519936160399,6.66402530670166
1,38.66841060809568,44.17519936160399,7.388049602508545
