,area,approx_perimeter,diameter
0,138.95696345422874,84.34892359040384,11.902443885803223
1,138.95696345422874,84.34892359040384,14.864636421203613
