,area,approx_perimeter,diameter
0,87.75557995236193,66.4239042929411,10.43757438659668
1,87.75557995236193,66.4239042929411,10.704965591430664
