,area,approx_perimeter,diameter
0,15.905202591221158,28.476394666566414,4.082433223724365
1,15.905202591221158,28.476394666566414,4.960554599761963
2,15.905202591221158,28.476394666566414,5.050025463104248
3,15.905202591221158,28.476394666566414,12.055931091308594
