,area,approx_perimeter,diameter
0,164.84848115737432,91.18432074917818,13.811797142028809
1,164.84848115737432,91.18432074917818,15.196545600891113
