,area,approx_perimeter,diameter
0,89.6854517443441,67.27194683499059,10.157262802124023
1,89.6854517443441,67.27194683499059,11.24230670928955
