,area,approx_perimeter,diameter
0,76.30034016237443,62.02857198316307,9.411733627319336
1,76.30034016237443,62.02857198316307,10.322073936462402
