,area,approx_perimeter,diameter
0,48.65686932932594,49.797812758243154,7.149190902709961
1,48.65686932932594,49.797812758243154,8.66557502746582
