,area,approx_perimeter,diameter
0,219.64224296672853,105.50823175361322,15.525846481323242
1,219.64224296672853,105.50823175361322,18.01236343383789
