,area,approx_perimeter,diameter
0,56.50917620750298,53.58319377942996,7.792976379394531
1,56.50917620750298,53.58319377942996,9.232636451721191
