,area,approx_perimeter,diameter
0,140.19791327928002,84.26683111564479,12.441672325134277
1,140.19791327928002,84.26683111564479,14.347390174865723
