,area,approx_perimeter,diameter
0,111.81632454475677,75.40570064703188,10.926497459411621
1,111.81632454475677,75.40570064703188,13.029698371887207
