,area,approx_perimeter,diameter
0,74.33262381028156,61.384129415543015,9.024991989135742
1,74.33262381028156,61.384129415543015,10.486794471740723
