,area,approx_perimeter,diameter
0,252.23518401275382,112.72844172627049,17.234962463378906
1,252.23518401275382,112.72844172627049,18.63397216796875
