,area,approx_perimeter,diameter
0,274.5062359519696,118.81790406920639,16.517148971557617
1,274.5062359519696,118.81790406920639,21.160564422607422
