,area,approx_perimeter,diameter
0,142.7202037794043,85.73685026337974,11.86294937133789
1,142.7202037794043,85.73685026337974,15.318029403686523
