,area,approx_perimeter,diameter
0,224.63350786028866,106.93870951601788,15.421791076660156
1,224.63350786028866,106.93870951601788,18.545982360839844
