,area,approx_perimeter,diameter
0,107.32432650600585,75.31369906518769,9.725740432739258
1,107.32432650600585,75.31369906518769,14.050300598144531
