,area,approx_perimeter,diameter
0,198.6198523819959,101.2358426701604,13.928287506103516
1,198.6198523819959,101.2358426701604,18.1566219329834
