,area,approx_perimeter,diameter
0,107.98656119872751,74.89921402163037,10.104394912719727
1,107.98656119872751,74.89921402163037,13.607223510742188
