,area,approx_perimeter,diameter
0,183.97595606703806,97.6316902363884,13.271180152893066
1,183.97595606703806,97.6316902363884,17.65068817138672
