,area,approx_perimeter,diameter
0,305.85491390755703,126.22132584435835,16.90374755859375
1,305.85491390755703,126.22132584435835,23.037883758544922
