,area,approx_perimeter,diameter
0,347.3223279299002,136.5254269542169,17.037261962890625
1,347.3223279299002,136.5254269542169,25.956314086914062
