,area,approx_perimeter,diameter
0,106.01730500454264,73.8769229592371,10.237449645996094
1,106.01730500454264,73.8769229592371,13.185454368591309
