,area,approx_perimeter,diameter
0,230.96787770806412,108.10083136174254,16.052793502807617
1,230.96787770806412,108.10083136174254,18.319393157958984
