,area,approx_perimeter,diameter
0,241.65870902714624,110.4927193451859,16.55128288269043
1,241.65870902714624,110.4927193451859,18.590065002441406
