,area,approx_perimeter,diameter
0,164.70758297446017,91.37419518146218,13.434154510498047
1,164.70758297446017,91.37419518146218,15.610376358032227
