,area,approx_perimeter,diameter
0,164.07634240750755,91.05763810312911,13.616374015808105
1,164.07634240750755,91.05763810312911,15.342446327209473
