,area,approx_perimeter,diameter
0,150.5126744433771,87.49516506760628,12.666790008544922
1,150.5126744433771,87.49516506760628,15.129222869873047
