,area,approx_perimeter,diameter
0,115.77553684707176,76.50393638676749,11.414170265197754
1,115.77553684707176,76.50393638676749,12.914648056030273
