,area,approx_perimeter,diameter
0,59.541571238613486,57.1615722100913,6.818942070007324
1,59.541571238613486,57.1615722100913,11.117660522460938
