,area,approx_perimeter,diameter
0,237.189363028433,111.99569481155291,14.4425687789917
1,237.189363028433,111.99569481155291,20.910329818725586
