,area,approx_perimeter,diameter
0,274.9333973104633,117.58723958896339,18.36675453186035
1,274.9333973104633,117.58723958896339,19.059223175048828
