,area,approx_perimeter,diameter
0,47.100650958847154,50.358922756607164,6.24074649810791
1,47.100650958847154,50.358922756607164,9.609493255615234
