,area,approx_perimeter,diameter
0,125.00102737805051,80.64553604884928,10.834084510803223
1,125.00102737805051,80.64553604884928,14.690327644348145
