,area,approx_perimeter,diameter
0,81.25245527490189,65.5643455969881,8.446221351623535
1,81.25245527490189,65.5643455969881,12.24853515625
