,area,approx_perimeter,diameter
0,296.492312857777,122.9956058246655,17.57994270324707
1,296.492312857777,122.9956058246655,21.473661422729492
