,area,approx_perimeter,diameter
0,115.22190271481436,76.73183105758697,10.905545234680176
1,115.22190271481436,76.73183105758697,13.452338218688965
