,area,approx_perimeter,diameter
0,125.21905633804539,79.42312934760044,12.152591705322266
1,125.21905633804539,79.42312934760044,13.119329452514648
