,area,approx_perimeter,diameter
0,347.2975057252929,133.84414793650672,18.43390655517578
1,347.2975057252929,133.84414793650672,23.988019943237305
