,area,approx_perimeter,diameter
0,158.11514547621266,89.52573739554924,13.164071083068848
1,158.11514547621266,89.52573739554924,15.293024063110352
