,area,approx_perimeter,diameter
0,55.009037564973525,55.181957913592704,6.475621700286865
1,55.009037564973525,55.181957913592704,10.815900802612305
