,area,approx_perimeter,diameter
0,259.1724919203253,116.0377782840634,15.651747703552246
1,259.1724919203253,116.0377782840634,21.08318328857422
