,area,approx_perimeter,diameter
0,370.59370570890525,143.82631774929993,16.622175216674805
1,370.59370570890525,143.82631774929993,28.387052536010742
