,area,approx_perimeter,diameter
0,276.2163232371691,119.00763512438054,16.709928512573242
1,276.2163232371691,119.00763512438054,21.046741485595703
