,area,approx_perimeter,diameter
0,219.1945038518058,105.67018617489627,15.198720932006836
1,219.1945038518058,105.67018617489627,18.362539291381836
