,area,approx_perimeter,diameter
0,137.79228880369536,83.4989206669409,12.394646644592285
1,137.79228880369536,83.4989206669409,14.154706954956055
