,area,approx_perimeter,diameter
0,151.58203936184688,88.08660469520258,12.440677642822266
1,151.58203936184688,88.08660469520258,15.513644218444824
