,area,approx_perimeter,diameter
0,248.23789195394625,112.4190761559063,16.20956039428711
1,248.23789195394625,112.4190761559063,19.49875831604004
