,area,approx_perimeter,diameter
0,85.40882517289143,65.79309379021578,9.681529998779297
1,85.40882517289143,65.79309379021578,11.232304573059082
