,area,approx_perimeter,diameter
0,106.4550985921871,74.15360877896723,10.170199394226074
1,106.4550985921871,74.15360877896723,13.327451705932617
