,area,approx_perimeter,diameter
0,206.58265580788915,102.39457346992326,14.966890335083008
1,206.58265580788915,102.39457346992326,17.574071884155273
