,area,approx_perimeter,diameter
0,117.51934458741364,77.32379274374247,11.180915832519531
1,117.51934458741364,77.32379274374247,13.382649421691895
