,area,approx_perimeter,diameter
0,139.49647655065118,84.7471675833831,11.739829063415527
1,139.49647655065118,84.7471675833831,15.129047393798828
