,area,approx_perimeter,diameter
0,316.47514374697846,128.48316494860785,17.14301872253418
1,316.47514374697846,128.48316494860785,23.505117416381836
