,area,approx_perimeter,diameter
0,155.08215136647243,88.99614993844428,12.674205780029297
1,155.08215136647243,88.99614993844428,15.579416275024414
