,area,approx_perimeter,diameter
0,193.0981024833346,99.30147744415945,14.147599220275879
1,193.0981024833346,99.30147744415945,17.378223419189453
