,area,approx_perimeter,diameter
0,173.35472827458216,96.03872541871281,12.212642669677734
1,173.35472827458216,96.03872541871281,18.073246002197266
