,area,approx_perimeter,diameter
0,92.94579456418282,68.86876390629797,9.839232444763184
1,92.94579456418282,68.86876390629797,12.02759075164795
