,area,approx_perimeter,diameter
0,139.70932207583738,85.68118079117183,11.21941089630127
1,139.70932207583738,85.68118079117183,15.854970932006836
