,area,approx_perimeter,diameter
0,57.7213016276328,53.95687378860132,8.172621726989746
1,57.7213016276328,53.95687378860132,8.99259090423584
