,area,approx_perimeter,diameter
0,87.59174389496394,66.38173516795646,10.313766479492188
1,87.59174389496394,66.38173516795646,10.813243865966797
