,area,approx_perimeter,diameter
0,82.62495626123064,64.67834688186933,9.56861400604248
1,82.62495626123064,64.67834688186933,10.994420051574707
