,area,approx_perimeter,diameter
0,11.918974590098856,24.760859372169843,3.4400012493133545
1,11.918974590098856,24.760859372169843,4.411541938781738
2,11.918974590098856,24.760859372169843,3.731954574584961
3,11.918974590098856,24.760859372169843,6.8385186195373535
