,area,approx_perimeter,diameter
0,138.45213449497126,83.63902396609967,12.51915454864502
1,138.45213449497126,83.63902396609967,14.08104133605957
