,area,approx_perimeter,diameter
0,159.44383022957444,89.62439173930858,13.707367897033691
1,159.44383022957444,89.62439173930858,14.810297012329102
