,area,approx_perimeter,diameter
0,101.81749819819579,72.12470376218118,10.256921768188477
1,101.81749819819579,72.12470376218118,12.639081001281738
