,area,approx_perimeter,diameter
0,186.06449423911042,97.01207621303259,14.428207397460938
1,186.06449423911042,97.01207621303259,16.4195499420166
