,area,approx_perimeter,diameter
0,71.41357715062426,59.919387980537174,9.427813529968262
1,71.41357715062426,59.919387980537174,9.64450454711914
