,area,approx_perimeter,diameter
0,79.51764027213365,63.50111528958513,9.318687438964844
1,79.51764027213365,63.50111528958513,10.864727973937988
