,area,approx_perimeter,diameter
0,45.30410101577513,48.06533517302018,6.884779930114746
1,45.30410101577513,48.06533517302018,8.378332138061523
