,area,approx_perimeter,diameter
0,79.52088530195289,63.94384791774332,8.895272254943848
1,79.52088530195289,63.94384791774332,11.382353782653809
