,area,approx_perimeter,diameter
0,111.96741609503415,75.58058840026652,10.80638599395752
1,111.96741609503415,75.58058840026652,13.192323684692383
