,area,approx_perimeter,diameter
0,168.77012680578383,92.13508099043604,14.355704307556152
1,168.77012680578383,92.13508099043604,14.968600273132324
