,area,approx_perimeter,diameter
0,137.0173786270361,83.54299478976841,12.019590377807617
1,137.0173786270361,83.54299478976841,14.514300346374512
