,area,approx_perimeter,diameter
0,74.89556426862552,61.75571412773778,8.897199630737305
1,74.89556426862552,61.75571412773778,10.717978477478027
