,area,approx_perimeter,diameter
0,118.87322996882415,77.74948409360373,11.265244483947754
1,118.87322996882415,77.74948409360373,13.435491561889648
