,area,approx_perimeter,diameter
0,131.71985458814754,82.67729929115063,11.18700885772705
1,131.71985458814754,82.67729929115063,14.991579055786133
