,area,approx_perimeter,diameter
0,294.94389152031596,122.53360066779247,17.674856185913086
1,294.94389152031596,122.53360066779247,21.24680519104004
