,area,approx_perimeter,diameter
0,158.97847233735888,89.44059856557068,13.853737831115723
1,158.97847233735888,89.44059856557068,14.611051559448242
