,area,approx_perimeter,diameter
0,132.3984018847732,82.00116162604915,11.94833755493164
1,132.3984018847732,82.00116162604915,14.108647346496582
