,area,approx_perimeter,diameter
0,69.8290854571638,59.940121082536436,8.320893287658691
1,69.8290854571638,59.940121082536436,10.685049057006836
