,area,approx_perimeter,diameter
0,105.17074886612147,73.12060793191228,10.60791015625
1,105.17074886612147,73.12060793191228,12.623368263244629
