,area,approx_perimeter,diameter
0,323.93763815965303,128.19806819099284,18.77079200744629
1,323.93763815965303,128.19806819099284,21.972978591918945
