,area,approx_perimeter,diameter
0,175.15996914198467,95.2792422859557,12.939352035522461
1,175.15996914198467,95.2792422859557,17.23583984375
