,area,approx_perimeter,diameter
0,140.1315070811146,83.99132054444175,12.937899589538574
1,140.1315070811146,83.99132054444175,13.790567398071289
