,area,approx_perimeter,diameter
0,50.65577264865117,50.64935827432845,7.482925891876221
1,50.65577264865117,50.64935827432845,8.619213104248047
