,area,approx_perimeter,diameter
0,145.80517496981574,85.63454109690316,13.358136177062988
1,145.80517496981574,85.63454109690316,13.897516250610352
