,area,approx_perimeter,diameter
0,101.3421621130056,71.94642297229768,10.241891860961914
1,101.3421621130056,71.94642297229768,12.598536491394043
