,area,approx_perimeter,diameter
0,134.89936803846788,82.40711743945894,12.698213577270508
1,134.89936803846788,82.40711743945894,13.526249885559082
