,area,approx_perimeter,diameter
0,177.51024579664684,94.52509857884658,14.583892822265625
1,177.51024579664684,94.52509857884658,15.497444152832031
