,area,approx_perimeter,diameter
0,137.99593666218468,84.27518730700531,11.687568664550781
1,137.99593666218468,84.27518730700531,15.033227920532227
