,area,approx_perimeter,diameter
0,244.38350558219986,110.9192152145731,17.08211326599121
1,244.38350558219986,110.9192152145731,18.215471267700195
