,area,approx_perimeter,diameter
0,230.72773964544706,108.49799773593233,15.510826110839844
1,230.72773964544706,108.49799773593233,18.939783096313477
