,area,approx_perimeter,diameter
0,196.05397760444654,100.33964595312544,14.015935897827148
1,196.05397760444654,100.33964595312544,17.80998992919922
