,area,approx_perimeter,diameter
0,173.7484372835727,93.95108895225879,13.67175579071045
1,173.7484372835727,93.95108895225879,16.18105125427246
