,area,approx_perimeter,diameter
0,30.959709776896204,39.63548591251393,5.799015522003174
1,30.959709776896204,39.63548591251393,6.797554969787598
