,area,approx_perimeter,diameter
0,111.3978044629533,76.30792973753084,10.125730514526367
1,111.3978044629533,76.30792973753084,14.007492065429688
