,area,approx_perimeter,diameter
0,98.70420768388658,70.64157807368197,10.5346097946167
1,98.70420768388658,70.64157807368197,11.92963981628418
