,area,approx_perimeter,diameter
0,128.3381519468987,80.76751499419723,11.72516918182373
1,128.3381519468987,80.76751499419723,13.936277389526367
