,area,approx_perimeter,diameter
0,103.36787409496498,72.66688611356433,10.339179039001465
1,103.36787409496498,72.66688611356433,12.729450225830078
