,area,approx_perimeter,diameter
0,56.54591880390103,53.40599318524384,8.086225509643555
1,56.54591880390103,53.40599318524384,8.903597831726074
