,area,approx_perimeter,diameter
0,133.6525209758694,81.96971390399251,12.920567512512207
1,133.6525209758694,81.96971390399251,13.17060375213623
