,area,approx_perimeter,diameter
0,95.99056676286277,71.20719094710493,9.206974029541016
1,95.99056676286277,71.20719094710493,13.274609565734863
