,area,approx_perimeter,diameter
0,45.313232103565156,48.5383068756918,6.5331902503967285
1,45.313232103565156,48.5383068756918,8.830999374389648
