,area,approx_perimeter,diameter
0,191.42361215963706,98.72596888337294,14.227693557739258
1,191.42361215963706,98.72596888337294,17.130542755126953
