,area,approx_perimeter,diameter
0,98.52466980969918,76.26297838192434,8.022916793823242
1,98.52466980969918,76.26297838192434,15.635897636413574
