,area,approx_perimeter,diameter
0,200.7655062759102,100.51596016505411,15.546524047851562
1,200.7655062759102,100.51596016505411,16.442426681518555
