,area,approx_perimeter,diameter
0,43.10483058987208,48.9405382224698,5.7029829025268555
1,43.10483058987208,48.9405382224698,9.623520851135254
