,area,approx_perimeter,diameter
0,162.98400172459284,91.31672310385628,12.91981029510498
1,162.98400172459284,91.31672310385628,16.061975479125977
