,area,approx_perimeter,diameter
0,155.49120126180958,90.12002881667111,11.981911659240723
1,155.49120126180958,90.12002881667111,16.523035049438477
