,area,approx_perimeter,diameter
0,35.62865964542181,42.95305354407099,5.847647190093994
1,35.62865964542181,42.95305354407099,7.7576189041137695
