,area,approx_perimeter,diameter
0,86.79389448452565,66.13162710325724,10.0967378616333
1,86.79389448452565,66.13162710325724,10.945061683654785
