,area,approx_perimeter,diameter
0,52.346169048556675,51.38847832239921,7.77180814743042
1,52.346169048556675,51.38847832239921,8.575766563415527
