,area,approx_perimeter,diameter
0,66.11837116525122,57.739379801096575,8.766419410705566
1,66.11837116525122,57.739379801096575,9.603068351745605
