,area,approx_perimeter,diameter
0,129.2575416590827,81.75994186477807,11.173047065734863
1,129.2575416590827,81.75994186477807,14.729716300964355
