,area,approx_perimeter,diameter
0,115.50691623431788,76.38835529212253,11.445672988891602
1,115.50691623431788,76.38835529212253,12.849220275878906
