,area,approx_perimeter,diameter
0,132.9974239387433,81.83321042436124,12.57987117767334
1,132.9974239387433,81.83321042436124,13.460994720458984
