,area,approx_perimeter,diameter
0,119.97849931188803,79.02473912544276,10.604676246643066
1,119.97849931188803,79.02473912544276,14.405095100402832
