,area,approx_perimeter,diameter
0,92.01696628691471,68.56561114722209,9.750852584838867
1,92.01696628691471,68.56561114722209,12.0153226852417
