,area,approx_perimeter,diameter
0,100.87979608921196,71.29174165387263,10.896814346313477
1,100.87979608921196,71.29174165387263,11.787311553955078
