,area,approx_perimeter,diameter
0,179.89212961825723,95.76502014872442,13.732706069946289
1,179.89212961825723,95.76502014872442,16.678852081298828
