,area,approx_perimeter,diameter
0,129.23120993168698,80.75048686175859,12.196969985961914
1,129.23120993168698,80.75048686175859,13.490423202514648
