,area,approx_perimeter,diameter
0,146.28654877490118,87.22750217983095,11.728978157043457
1,146.28654877490118,87.22750217983095,15.88014030456543
