,area,approx_perimeter,diameter
0,71.04809176183723,60.47701153687878,8.381335258483887
1,71.04809176183723,60.47701153687878,10.793177604675293
