,area,approx_perimeter,diameter
0,163.07996907610536,95.07473503688875,11.129940032958984
1,163.07996907610536,95.07473503688875,18.655973434448242
