,area,approx_perimeter,diameter
0,95.23754465418794,69.49466434219113,10.19874382019043
1,95.23754465418794,69.49466434219113,11.88971996307373
