,area,approx_perimeter,diameter
0,284.8179234335376,120.38905645801586,17.39293670654297
1,284.8179234335376,120.38905645801586,20.849925994873047
