,area,approx_perimeter,diameter
0,63.61213590023336,56.79220292146735,8.339950561523438
1,63.61213590023336,56.79220292146735,9.711506843566895
