,area,approx_perimeter,diameter
0,214.5791774172343,103.96925647733619,15.908839225769043
1,214.5791774172343,103.96925647733619,17.17351531982422
