,area,approx_perimeter,diameter
0,219.79898509445303,105.96551993652838,15.074906349182129
1,219.79898509445303,105.96551993652838,18.564411163330078
