,area,approx_perimeter,diameter
0,215.7624458699406,109.44053301489383,12.776267051696777
1,215.7624458699406,109.44053301489383,21.502155303955078
