,area,approx_perimeter,diameter
0,183.8151064073441,96.60421810769789,14.097796440124512
1,183.8151064073441,96.60421810769789,16.60122299194336
