,area,approx_perimeter,diameter
0,317.54395216751925,126.49618074210687,19.304540634155273
1,317.54395216751925,126.49618074210687,20.94375228881836
