,area,approx_perimeter,diameter
0,138.2941062924873,83.71995951985794,12.319989204406738
1,138.2941062924873,83.71995951985794,14.292344093322754
