,area,approx_perimeter,diameter
0,125.18865524638933,79.63262750658483,11.751094818115234
1,125.18865524638933,79.63262750658483,13.56428050994873
