,area,approx_perimeter,diameter
0,110.78002438519121,75.89070454571447,10.216628074645996
1,110.78002438519121,75.89070454571447,13.805876731872559
