,area,approx_perimeter,diameter
0,205.89242185212578,102.16711234907578,15.012703895568848
1,205.89242185212578,102.16711234907578,17.461902618408203
