,area,approx_perimeter,diameter
0,97.38578276376946,70.7480279184743,9.855291366577148
1,97.38578276376946,70.7480279184743,12.581609725952148
