,area,approx_perimeter,diameter
0,165.57733436702748,91.68820700009982,13.378249168395996
1,165.57733436702748,91.68820700009982,15.75838565826416
