,area,approx_perimeter,diameter
0,84.61576701837531,65.94223518005005,9.189778327941895
1,84.61576701837531,65.94223518005005,11.723475456237793
