,area,approx_perimeter,diameter
0,92.04510486215217,70.0002727842173,8.890392303466797
1,92.04510486215217,70.0002727842173,13.182260513305664
