,area,approx_perimeter,diameter
0,102.88407296656602,72.69905322323783,10.144170761108398
1,102.88407296656602,72.69905322323783,12.913433074951172
