,area,approx_perimeter,diameter
0,124.79696613272982,79.75039632544733,11.450860977172852
1,124.79696613272982,79.75039632544733,13.876374244689941
