,area,approx_perimeter,diameter
0,42.35149606335595,47.719703321947335,5.930864334106445
1,42.35149606335595,47.719703321947335,9.09203052520752
