,area,approx_perimeter,diameter
0,120.621145493256,82.03002843304493,9.490443229675293
1,120.621145493256,82.03002843304493,16.182554244995117
