,area,approx_perimeter,diameter
0,275.0729311368444,123.29784536506503,14.512423515319824
1,275.0729311368444,123.29784536506503,24.133373260498047
