,area,approx_perimeter,diameter
0,221.86427199591088,106.69695539325235,14.944421768188477
1,221.86427199591088,106.69695539325235,18.902462005615234
