,area,approx_perimeter,diameter
0,68.36135324721735,58.79746934853711,8.754079818725586
1,68.36135324721735,58.79746934853711,9.942835807800293
