,area,approx_perimeter,diameter
0,209.48681799615846,102.72185739020165,15.736005783081055
1,209.48681799615846,102.72185739020165,16.950101852416992
