,area,approx_perimeter,diameter
0,318.5852834373379,126.9020081902657,18.943635940551758
1,318.5852834373379,126.9020081902657,21.412752151489258
