,area,approx_perimeter,diameter
0,96.4277515683533,70.50616318325713,9.72744369506836
1,96.4277515683533,70.50616318325713,12.62157154083252
