,area,approx_perimeter,diameter
0,104.68691025731133,74.01038149326547,9.795790672302246
1,104.68691025731133,74.01038149326547,13.607019424438477
