,area,approx_perimeter,diameter
0,98.0406014720056,70.50245006274794,10.357398986816406
1,98.0406014720056,70.50245006274794,12.052173614501953
