,area,approx_perimeter,diameter
0,95.69595959694178,72.84191834283168,8.522184371948242
1,95.69595959694178,72.84191834283168,14.297259330749512
