,area,approx_perimeter,diameter
0,123.79958844985026,80.49746992745955,10.644826889038086
1,123.79958844985026,80.49746992745955,14.807806015014648
