,area,approx_perimeter,diameter
0,290.2704156792911,121.15097518778548,18.050941467285156
1,290.2704156792911,121.15097518778548,20.4744873046875
