,area,approx_perimeter,diameter
0,87.93024031102694,67.03547737470358,9.52298355102539
1,87.93024031102694,67.03547737470358,11.756426811218262
