,area,approx_perimeter,diameter
0,44.89489879946389,48.51896574821867,6.386855602264404
1,44.89489879946389,48.51896574821867,8.94993782043457
