,area,approx_perimeter,diameter
0,35.4801959248255,44.10276126305663,5.271454334259033
1,35.4801959248255,44.10276126305663,8.569701194763184
