,area,approx_perimeter,diameter
0,242.39781762190165,112.74116619047496,14.839943885803223
1,242.39781762190165,112.74116619047496,20.79728126525879
