,area,approx_perimeter,diameter
0,519.5241214755346,161.82412652591321,24.633556365966797
1,519.5241214755346,161.82412652591321,26.852746963500977
