,area,approx_perimeter,diameter
0,91.75982941706766,68.53794027717595,9.676813125610352
1,91.75982941706766,68.53794027717595,12.073421478271484
