,area,approx_perimeter,diameter
0,249.29670138533473,114.56083681432386,14.932636260986328
1,249.29670138533473,114.56083681432386,21.25642204284668
