,area,approx_perimeter,diameter
0,166.9639390038256,92.34477841233809,13.148664474487305
1,166.9639390038256,92.34477841233809,16.167808532714844
