,area,approx_perimeter,diameter
0,275.89781503455544,120.33337650973449,15.803924560546875
1,275.89781503455544,120.33337650973449,22.227643966674805
