,area,approx_perimeter,diameter
0,434.29568104776615,154.8835027882224,18.248863220214844
1,434.29568104776615,154.8835027882224,30.301198959350586
