,area,approx_perimeter,diameter
0,199.26709709851923,102.25394151195063,13.437150955200195
1,199.26709709851923,102.25394151195063,18.881587982177734
