,area,approx_perimeter,diameter
0,64.43703535743968,56.94833507280978,8.796819686889648
1,64.43703535743968,56.94833507280978,9.32652759552002
