,area,approx_perimeter,diameter
0,29.390467093455005,38.5243296685019,5.787869453430176
1,29.390467093455005,38.5243296685019,6.465436935424805
