,area,approx_perimeter,diameter
0,207.1404884649298,102.63988302227135,14.863371849060059
1,207.1404884649298,102.63988302227135,17.74425506591797
