,area,approx_perimeter,diameter
0,223.34974229237986,106.4425623843123,15.594988822937012
1,223.34974229237986,106.4425623843123,18.235198974609375
