,area,approx_perimeter,diameter
0,94.86600123997484,70.33745191436118,9.39002799987793
1,94.86600123997484,70.33745191436118,12.86334228515625
