,area,approx_perimeter,diameter
0,228.62938341445314,107.29249442036296,16.497291564941406
1,228.62938341445314,107.29249442036296,17.64531898498535
