,area,approx_perimeter,diameter
0,327.55710601516887,131.12264393553824,17.216535568237305
1,327.55710601516887,131.12264393553824,24.224308013916016
