,area,approx_perimeter,diameter
0,30.076368566348783,38.88590344160842,6.116283416748047
1,30.076368566348783,38.88590344160842,6.26106071472168
