,area,approx_perimeter,diameter
0,97.69155078475987,70.26222590778876,10.506714820861816
1,97.69155078475987,70.26222590778876,11.838595390319824
