,area,approx_perimeter,diameter
0,120.99122639073514,79.12764146925032,10.793103218078613
1,120.99122639073514,79.12764146925032,14.273078918457031
