,area,approx_perimeter,diameter
0,98.83800498675413,71.04412356855015,10.121833801269531
1,98.83800498675413,71.04412356855015,12.43297004699707
