,area,approx_perimeter,diameter
0,90.45362094243313,68.05284382425808,9.603859901428223
1,90.45362094243313,68.05284382425808,11.991962432861328
