,area,approx_perimeter,diameter
0,349.0209644829108,137.13809881178435,16.967187881469727
1,349.0209644829108,137.13809881178435,26.190980911254883
