,area,approx_perimeter,diameter
0,146.08622342972504,86.24876059490416,12.426137924194336
1,146.08622342972504,86.24876059490416,14.968669891357422
