,area,approx_perimeter,diameter
0,206.2595300161815,102.01708966652293,15.406928062438965
1,206.2595300161815,102.01708966652293,17.045434951782227
