,area,approx_perimeter,diameter
0,167.18917434053574,91.96840163366322,13.663711547851562
1,167.18917434053574,91.96840163366322,15.57935905456543
