,area,approx_perimeter,diameter
0,52.14832208906489,51.57528168579803,7.379810333251953
1,52.14832208906489,51.57528168579803,8.997156143188477
