,area,approx_perimeter,diameter
0,158.27573333807243,89.28675545649472,13.68065357208252
1,158.27573333807243,89.28675545649472,14.730504035949707
