,area,approx_perimeter,diameter
0,331.8540138151433,130.73525186415836,18.090608596801758
1,331.8540138151433,130.73525186415836,23.356298446655273
