,area,approx_perimeter,diameter
0,47.11599129166644,50.77712271622315,6.090296268463135
1,47.11599129166644,50.77712271622315,9.850086212158203
