,area,approx_perimeter,diameter
0,132.45960827235777,81.91007847293432,12.090898513793945
1,132.45960827235777,81.91007847293432,13.94874095916748
