,area,approx_perimeter,diameter
0,115.16146977659204,76.66267671327252,10.948299407958984
1,115.16146977659204,76.66267671327252,13.392777442932129
