,area,approx_perimeter,diameter
0,106.98978950426691,73.61187049943833,10.870903968811035
1,106.98978950426691,73.61187049943833,12.531030654907227
