,area,approx_perimeter,diameter
0,175.41407153030906,94.67669978693371,13.455312728881836
1,175.41407153030906,94.67669978693371,16.598955154418945
