,area,approx_perimeter,diameter
0,124.3385497228106,79.40644449683526,11.651924133300781
1,124.3385497228106,79.40644449683526,13.586833953857422
