,area,approx_perimeter,diameter
0,136.25453685002267,83.00572368548448,12.365152359008789
1,136.25453685002267,83.00572368548448,14.03012752532959
