,area,approx_perimeter,diameter
0,324.87575456022665,130.4189916838701,17.234268188476562
1,324.87575456022665,130.4189916838701,24.00128936767578
