,area,approx_perimeter,diameter
0,221.97885777244844,106.48193471674293,15.156606674194336
1,221.97885777244844,106.48193471674293,18.647462844848633
