,area,approx_perimeter,diameter
0,166.36979404265313,91.85721901116464,13.47194766998291
1,166.36979404265313,91.85721901116464,15.72368049621582
