,area,approx_perimeter,diameter
0,202.9718794789989,102.1704974133439,14.202577590942383
1,202.9718794789989,102.1704974133439,18.196121215820312
