,area,approx_perimeter,diameter
0,105.90358481422308,73.29608112793817,10.738000869750977
1,105.90358481422308,73.29608112793817,12.557331085205078
