,area,approx_perimeter,diameter
0,236.01937341841096,109.08399015908616,16.576297760009766
1,236.01937341841096,109.08399015908616,18.128849029541016
