,area,approx_perimeter,diameter
0,230.11389885392848,110.97117959870457,13.931975364685059
1,230.11389885392848,110.97117959870457,21.030048370361328
