,area,approx_perimeter,diameter
0,29.927154367624187,39.1968108000228,5.480792999267578
1,29.927154367624187,39.1968108000228,6.952358245849609
