,area,approx_perimeter,diameter
0,91.47429394904646,68.36668549250534,9.7188081741333
1,91.47429394904646,68.36668549250534,11.983844757080078
