,area,approx_perimeter,diameter
0,111.9161703810202,75.42185007423157,10.950912475585938
1,111.9161703810202,75.42185007423157,13.01225757598877
