,area,approx_perimeter,diameter
0,126.18445497968526,80.13221736699056,11.5767240524292
1,126.18445497968526,80.13221736699056,13.878108978271484
