,area,approx_perimeter,diameter
0,99.97822057706446,75.63085339641374,8.372538566589355
1,99.97822057706446,75.63085339641374,15.204017639160156
