,area,approx_perimeter,diameter
0,94.3525767925429,69.08948682444212,10.264461517333984
1,94.3525767925429,69.08948682444212,11.703822135925293
