,area,approx_perimeter,diameter
0,118.70599051539249,79.80514270796344,9.96418571472168
1,118.70599051539249,79.80514270796344,15.168440818786621
