,area,approx_perimeter,diameter
0,95.75292302669298,71.34832138674092,9.089010238647461
1,95.75292302669298,71.34832138674092,13.413606643676758
