,area,approx_perimeter,diameter
0,64.5560917124319,57.07873265515863,8.609103202819824
1,64.5560917124319,57.07873265515863,9.547494888305664
