,area,approx_perimeter,diameter
0,250.3035011451488,112.65546379878081,16.543458938598633
1,250.3035011451488,112.65546379878081,19.264188766479492
