,area,approx_perimeter,diameter
0,264.8653783370667,115.9209524841359,16.973705291748047
1,264.8653783370667,115.9209524841359,19.868206024169922
