,area,approx_perimeter,diameter
0,107.29173164673912,74.042379197026,10.52524471282959
1,107.29173164673912,74.042379197026,12.979087829589844
