,area,approx_perimeter,diameter
0,218.36489107581795,108.05667282387951,13.59033489227295
1,218.36489107581795,108.05667282387951,20.45798110961914
