,area,approx_perimeter,diameter
0,353.37036832138455,137.10657225490894,17.441362380981445
1,353.37036832138455,137.10657225490894,25.796443939208984
