,area,approx_perimeter,diameter
0,163.23564898612634,90.94298338408203,13.403298377990723
1,163.23564898612634,90.94298338408203,15.506487846374512
