,area,approx_perimeter,diameter
0,221.17182030611144,106.36952322473388,15.055888175964355
1,221.17182030611144,106.36952322473388,18.70395851135254
