,area,approx_perimeter,diameter
0,213.75425649778973,105.53534838802238,14.121997833251953
1,213.75425649778973,105.53534838802238,19.27208709716797
