,area,approx_perimeter,diameter
0,117.55200813157994,77.00015483203681,11.663755416870117
1,117.55200813157994,77.00015483203681,12.832219123840332
