,area,approx_perimeter,diameter
0,293.88903003738966,121.59237320688716,18.89488983154297
1,293.88903003738966,121.59237320688716,19.8038272857666
