,area,approx_perimeter,diameter
0,261.3701694463984,115.30997664519552,16.680042266845703
1,261.3701694463984,115.30997664519552,19.95119857788086
