,area,approx_perimeter,diameter
0,145.49041881691426,87.05516326948442,11.658220291137695
1,145.49041881691426,87.05516326948442,15.88957405090332
