,area,approx_perimeter,diameter
0,98.50152703646549,70.63680366642791,10.42336654663086
1,98.50152703646549,70.63680366642791,12.032200813293457
