,area,approx_perimeter,diameter
0,394.554614760667,141.57420331177428,20.606460571289062
1,394.554614760667,141.57420331177428,24.37888526916504
