,area,approx_perimeter,diameter
0,310.9905811834932,127.71410708416668,16.801652908325195
1,310.9905811834932,127.71410708416668,23.56705665588379
