,area,approx_perimeter,diameter
0,58.89852864825099,55.09435586064066,7.6088643074035645
1,58.89852864825099,55.09435586064066,9.855864524841309
