,area,approx_perimeter,diameter
0,199.31642522435223,100.8074173140259,14.450499534606934
1,199.31642522435223,100.8074173140259,17.561853408813477
