,area,approx_perimeter,diameter
0,237.053132678385,111.19308229341196,14.839963912963867
1,237.053132678385,111.19308229341196,20.33868980407715
