,area,approx_perimeter,diameter
0,108.16038946534327,73.74295102606088,11.588574409484863
1,108.16038946534327,73.74295102606088,11.8836088180542
