,area,approx_perimeter,diameter
0,135.85399084777606,82.92400172061623,12.285862922668457
1,135.85399084777606,82.92400172061623,14.079163551330566
