,area,approx_perimeter,diameter
0,105.54710324551202,73.19047232928988,10.697845458984375
1,105.54710324551202,73.19047232928988,12.56203842163086
