,area,approx_perimeter,diameter
0,329.3023105424511,130.81071517306023,17.635173797607422
1,329.3023105424511,130.81071517306023,23.775253295898438
