,area,approx_perimeter,diameter
0,290.22045988064303,122.91317978978378,16.489505767822266
1,290.22045988064303,122.91317978978378,22.409414291381836
