,area,approx_perimeter,diameter
0,114.42187161059118,76.57428312811867,10.772575378417969
1,114.42187161059118,76.57428312811867,13.52382755279541
