,area,approx_perimeter,diameter
0,375.4813573327654,137.76153514334285,20.577102661132812
1,375.4813573327654,137.76153514334285,23.23348045349121
