,area,approx_perimeter,diameter
0,237.6387342045677,109.571383798638,16.4103946685791
1,237.6387342045677,109.571383798638,18.437767028808594
