,area,approx_perimeter,diameter
0,252.37673745674866,113.90839753622531,15.852272987365723
1,252.37673745674866,113.90839753622531,20.270660400390625
