,area,approx_perimeter,diameter
0,180.35812196311315,95.5659295661639,14.127167701721191
1,180.35812196311315,95.5659295661639,16.25514030456543
