,area,approx_perimeter,diameter
0,132.78974690444625,82.0857121095156,12.009968757629395
1,132.78974690444625,82.0857121095156,14.07773494720459
