,area,approx_perimeter,diameter
0,204.30429050351762,101.5303944559453,15.337747573852539
1,204.30429050351762,101.5303944559453,16.960006713867188
