,area,approx_perimeter,diameter
0,36.003462497547886,42.54884284670445,6.664864540100098
1,36.003462497547886,42.54884284670445,6.878014087677002
