,area,approx_perimeter,diameter
0,148.7305208001702,87.00716864954914,12.557672500610352
1,148.7305208001702,87.00716864954914,15.07999038696289
