,area,approx_perimeter,diameter
0,70.59162864371258,59.60826856834032,9.199413299560547
1,70.59162864371258,59.60826856834032,9.770194053649902
