,area,approx_perimeter,diameter
0,172.42828329973602,93.17624682949948,14.328401565551758
1,172.42828329973602,93.17624682949948,15.32219123840332
