,area,approx_perimeter,diameter
0,98.15731509933096,71.3694207409454,9.65817642211914
1,98.15731509933096,71.3694207409454,12.94010066986084
