,area,approx_perimeter,diameter
0,287.77370821168927,123.60701373829772,15.794021606445312
1,287.77370821168927,123.60701373829772,23.198959350585938
