,area,approx_perimeter,diameter
0,143.86749387858347,85.5064478955208,12.42351245880127
1,143.86749387858347,85.5064478955208,14.744443893432617
