,area,approx_perimeter,diameter
0,312.8520619454187,126.74143778957395,17.7135009765625
1,312.8520619454187,126.74143778957395,22.48768424987793
