,area,approx_perimeter,diameter
0,110.79746941748184,74.71007933769437,11.430234909057617
1,110.79746941748184,74.71007933769437,12.341979026794434
