,area,approx_perimeter,diameter
0,69.06521905268697,58.93515810125609,9.206816673278809
1,69.06521905268697,58.93515810125609,9.55124568939209
