,area,approx_perimeter,diameter
0,227.52665586165864,106.98903110773041,16.616182327270508
1,227.52665586165864,106.98903110773041,17.434566497802734
