,area,approx_perimeter,diameter
0,146.74551300313993,85.8947972969187,13.501519203186035
1,146.74551300313993,85.8947972969187,13.838604927062988
