,area,approx_perimeter,diameter
0,81.92673206305518,64.65021485588093,9.244778633117676
1,81.92673206305518,64.65021485588093,11.283380508422852
