,area,approx_perimeter,diameter
0,182.1368226350914,98.99099118306681,12.28721809387207
1,182.1368226350914,98.99099118306681,18.873580932617188
