,area,approx_perimeter,diameter
0,199.71754243554412,102.629107636037,13.320356369018555
1,199.71754243554412,102.629107636037,19.090200424194336
