,area,approx_perimeter,diameter
0,56.528639683351656,54.145931597461626,7.3387532234191895
1,56.528639683351656,54.145931597461626,9.807456016540527
