,area,approx_perimeter,diameter
0,198.18678369083378,99.98813944188986,15.128039360046387
1,198.18678369083378,99.98813944188986,16.680234909057617
