,area,approx_perimeter,diameter
0,110.53825995037138,74.68131574787702,11.282400131225586
1,110.53825995037138,74.68131574787702,12.474445343017578
