,area,approx_perimeter,diameter
0,159.92932297224303,91.20943298353639,12.260627746582031
1,159.92932297224303,91.20943298353639,16.608312606811523
