,area,approx_perimeter,diameter
0,121.97286855002699,78.98019791070818,11.191339492797852
1,121.97286855002699,78.98019791070818,13.876862525939941
