,area,approx_perimeter,diameter
0,187.3405204863583,99.55452056294281,12.825552940368652
1,187.3405204863583,99.55452056294281,18.597978591918945
