,area,approx_perimeter,diameter
0,132.33661012505195,82.18474099449507,11.732609748840332
1,132.33661012505195,82.18474099449507,14.361357688903809
