,area,approx_perimeter,diameter
0,254.35764981118228,113.85068056047227,16.352407455444336
1,254.35764981118228,113.85068056047227,19.8049259185791
