,area,approx_perimeter,diameter
0,46.018005382827205,48.12748873311136,7.427809238433838
1,46.018005382827205,48.12748873311136,7.888186454772949
