,area,approx_perimeter,diameter
0,38.88362287247497,44.63108059914616,6.286230564117432
1,38.88362287247497,44.63108059914616,7.875652313232422
