,area,approx_perimeter,diameter
0,578.5035312492353,171.8029003480502,24.558393478393555
1,578.5035312492353,171.8029003480502,29.99274253845215
