,area,approx_perimeter,diameter
0,128.37275444373086,82.10615507500118,10.767651557922363
1,128.37275444373086,82.10615507500118,15.179657936096191
