,area,approx_perimeter,diameter
0,91.4571880746667,67.83016445945793,10.54099178314209
1,91.4571880746667,67.83016445945793,11.047054290771484
