,area,approx_perimeter,diameter
0,55.83478864714273,53.0663883157181,8.040977478027344
1,55.83478864714273,53.0663883157181,8.841096878051758
