,area,approx_perimeter,diameter
0,57.38500390615747,54.00397371166762,7.8449835777282715
1,57.38500390615747,54.00397371166762,9.313576698303223
