,area,approx_perimeter,diameter
0,207.01799983702108,102.0433530280453,15.895416259765625
1,207.01799983702108,102.0433530280453,16.582359313964844
