,area,approx_perimeter,diameter
0,124.69083491570008,80.67230188344132,10.74669361114502
1,124.69083491570008,80.67230188344132,14.77303695678711
