,area,approx_perimeter,diameter
0,81.55248542209468,64.03825371061478,10.025786399841309
1,81.55248542209468,64.03825371061478,10.356878280639648
