,area,approx_perimeter,diameter
0,292.08386233093745,122.88025052752077,16.811681747436523
1,292.08386233093745,122.88025052752077,22.121089935302734
