,area,approx_perimeter,diameter
0,139.85693086793464,86.54107515249908,10.849569320678711
1,139.85693086793464,86.54107515249908,16.41275978088379
