,area,approx_perimeter,diameter
0,134.71560829275543,82.59118796513592,12.212267875671387
1,134.71560829275543,82.59118796513592,14.04532241821289
