,area,approx_perimeter,diameter
0,246.69475773006323,112.52214561926574,15.748215675354004
1,246.69475773006323,112.52214561926574,19.945213317871094
