,area,approx_perimeter,diameter
0,55.78712804137863,52.99521255532987,8.16202163696289
1,55.78712804137863,52.99521255532987,8.702547073364258
