,area,approx_perimeter,diameter
0,201.77795146839634,101.10891647171302,14.904747009277344
1,201.77795146839634,101.10891647171302,17.236902236938477
