,area,approx_perimeter,diameter
0,151.54187263178991,91.61903316999886,10.738719940185547
1,151.54187263178991,91.61903316999886,17.967607498168945
