,area,approx_perimeter,diameter
0,344.9747741777436,133.01090134817875,18.663410186767578
1,344.9747741777436,133.01090134817875,23.53458023071289
