,area,approx_perimeter,diameter
0,100.72283705245235,71.348365719151,10.661188125610352
1,100.72283705245235,71.348365719151,12.029081344604492
