,area,approx_perimeter,diameter
0,127.48753612212103,80.69754573948369,11.485211372375488
1,127.48753612212103,80.69754573948369,14.133146286010742
