,area,approx_perimeter,diameter
0,135.53541815494398,84.61860621455747,10.937488555908203
1,135.53541815494398,84.61860621455747,15.777758598327637
