,area,approx_perimeter,diameter
0,76.88612902252675,62.54261133936446,9.04471492767334
1,76.88612902252675,62.54261133936446,10.82338809967041
