,area,approx_perimeter,diameter
0,94.02349096298003,69.29587195578495,9.868824005126953
1,94.02349096298003,69.29587195578495,12.130566596984863
