,area,approx_perimeter,diameter
0,215.5232221725791,105.48141318189782,14.490938186645508
1,215.5232221725791,105.48141318189782,18.936847686767578
