,area,approx_perimeter,diameter
0,308.33398376500736,124.94883540920698,18.476898193359375
1,308.33398376500736,124.94883540920698,21.247236251831055
