,area,approx_perimeter,diameter
0,390.2750633890775,144.51600709098642,18.144880294799805
1,390.2750633890775,144.51600709098642,27.385887145996094
