,area,approx_perimeter,diameter
0,34.69805928288673,41.815813687579364,6.378331184387207
1,34.69805928288673,41.815813687579364,6.926410675048828
