,area,approx_perimeter,diameter
0,306.96836458418414,126.23610519979225,17.064130783081055
1,306.96836458418414,126.23610519979225,22.904434204101562
