,area,approx_perimeter,diameter
0,194.45906968651852,101.11884052619108,13.219097137451172
1,194.45906968651852,101.11884052619108,18.72994613647461
