,area,approx_perimeter,diameter
0,298.2972420451825,122.78279136390368,18.35041046142578
1,298.2972420451825,122.78279136390368,20.697294235229492
