,area,approx_perimeter,diameter
0,174.23877764841563,94.31598377861387,13.449898719787598
1,174.23877764841563,94.31598377861387,16.49437713623047
