,area,approx_perimeter,diameter
0,183.36666863061927,96.50404366196929,14.059584617614746
1,183.36666863061927,96.50404366196929,16.605731964111328
