,area,approx_perimeter,diameter
0,265.2667060880184,115.88955766132301,17.145029067993164
1,265.2667060880184,115.88955766132301,19.699474334716797
