,area,approx_perimeter,diameter
0,248.96944762929795,113.3271847210598,15.605420112609863
1,248.96944762929795,113.3271847210598,20.313310623168945
