,area,approx_perimeter,diameter
0,121.03088380115258,79.97110556433556,10.33165454864502
1,121.03088380115258,79.97110556433556,14.91545295715332
