,area,approx_perimeter,diameter
0,281.90721997478096,119.6399390986978,17.45298957824707
1,281.90721997478096,119.6399390986978,20.565841674804688
