,area,approx_perimeter,diameter
0,256.8173135646133,115.70214943366787,15.465538024902344
1,256.8173135646133,115.70214943366787,21.14313507080078
