,area,approx_perimeter,diameter
0,49.24864039724123,49.9830613603572,7.322554588317871
1,49.24864039724123,49.9830613603572,8.563311576843262
