,area,approx_perimeter,diameter
0,224.48884132247954,106.6671619177163,15.694596290588379
1,224.48884132247954,106.6671619177163,18.211877822875977
