,area,approx_perimeter,diameter
0,158.39278317358574,89.2996936423452,13.744783401489258
1,158.39278317358574,89.2996936423452,14.67261791229248
