,area,approx_perimeter,diameter
0,103.72131082233832,72.51616870509228,10.653321266174316
1,103.72131082233832,72.51616870509228,12.396328926086426
