,area,approx_perimeter,diameter
0,158.89634075363304,90.34572089454369,12.60729694366455
1,158.89634075363304,90.34572089454369,16.04730224609375
