,area,approx_perimeter,diameter
0,67.45125150736826,58.393741411143175,8.713150024414062
1,67.45125150736826,58.393741411143175,9.856550216674805
