,area,approx_perimeter,diameter
0,43.10853050996146,49.22722621803794,5.617793083190918
1,43.10853050996146,49.22722621803794,9.770293235778809
