,area,approx_perimeter,diameter
0,86.83432418959872,67.85780430406533,8.694717407226562
1,86.83432418959872,67.85780430406533,12.715869903564453
