,area,approx_perimeter,diameter
0,209.73560738259502,104.07960470060941,14.278409957885742
1,209.73560738259502,104.07960470060941,18.702619552612305
