,area,approx_perimeter,diameter
0,91.37383145511748,67.91716479101059,10.223553657531738
1,91.37383145511748,67.91716479101059,11.379680633544922
