,area,approx_perimeter,diameter
0,353.19189370036014,133.6894135107671,19.8332462310791
1,353.19189370036014,133.6894135107671,22.67394256591797
