,area,approx_perimeter,diameter
0,78.16272768334584,63.39992941930809,8.815574645996094
1,78.16272768334584,63.39992941930809,11.28909683227539
