,area,approx_perimeter,diameter
0,89.22590857049349,67.3121777430646,9.814273834228516
1,89.22590857049349,67.3121777430646,11.575584411621094
