,area,approx_perimeter,diameter
0,259.2965658843039,117.42702628282115,14.94931697845459
1,259.2965658843039,117.42702628282115,22.084396362304688
