,area,approx_perimeter,diameter
0,37.76502695434898,45.09367213344473,5.587831974029541
1,37.76502695434898,45.09367213344473,8.60511302947998
