,area,approx_perimeter,diameter
0,128.22194704525668,80.33613399901904,12.398475646972656
1,128.22194704525668,80.33613399901904,13.167526245117188
