,area,approx_perimeter,diameter
0,178.37960331480127,95.11705468144523,13.947020530700684
1,178.37960331480127,95.11705468144523,16.28447914123535
