,area,approx_perimeter,diameter
0,98.32356078584824,71.5361999380746,9.601470947265625
1,98.32356078584824,71.5361999380746,13.038569450378418
