,area,approx_perimeter,diameter
0,153.14842427236502,88.03966937890556,13.050936698913574
1,153.14842427236502,88.03966937890556,14.941044807434082
