,area,approx_perimeter,diameter
0,109.88161467042762,74.83311790115422,10.744723320007324
1,109.88161467042762,74.83311790115422,13.020867347717285
