,area,approx_perimeter,diameter
0,124.80835565579203,80.10079683200713,11.150052070617676
1,124.80835565579203,80.10079683200713,14.252035140991211
