,area,approx_perimeter,diameter
0,32.238606190672,41.35320519960469,5.294895172119141
1,32.238606190672,41.35320519960469,7.752272129058838
