,area,approx_perimeter,diameter
0,316.6755205432906,126.8339917986797,18.461807250976562
1,316.6755205432906,126.8339917986797,21.839887619018555
