,area,approx_perimeter,diameter
0,328.15967574885696,128.5049339064649,19.890779495239258
1,328.15967574885696,128.5049339064649,21.00600814819336
