,area,approx_perimeter,diameter
0,99.09380317008379,70.7438084476311,10.617923736572266
1,99.09380317008379,70.7438084476311,11.88275146484375
