,area,approx_perimeter,diameter
0,79.6984151477907,63.309150135389814,9.89278507232666
1,79.6984151477907,63.309150135389814,10.257493019104004
