,area,approx_perimeter,diameter
0,224.61142768033628,106.63876757841653,15.777886390686035
1,224.61142768033628,106.63876757841653,18.12563133239746
