,area,approx_perimeter,diameter
0,119.1635443923409,77.96141689967462,11.158036231994629
1,119.1635443923409,77.96141689967462,13.597709655761719
