,area,approx_perimeter,diameter
0,30.458612574833527,39.12835085517149,6.21384334564209
1,30.458612574833527,39.12835085517149,6.241082668304443
