,area,approx_perimeter,diameter
0,81.0336843908593,64.20914286575909,9.283540725708008
1,81.0336843908593,64.20914286575909,11.113786697387695
