,area,approx_perimeter,diameter
0,137.8298326530231,86.09021490014592,10.697803497314453
1,137.8298326530231,86.09021490014592,16.404338836669922
