,area,approx_perimeter,diameter
0,225.0032578139041,106.96109835821937,15.505162239074707
1,225.0032578139041,106.96109835821937,18.47662353515625
