,area,approx_perimeter,diameter
0,46.047990838480715,48.30855435486305,7.110339164733887
1,46.047990838480715,48.30855435486305,8.245756149291992
