,area,approx_perimeter,diameter
0,133.88903433086926,82.19082532124277,12.418861389160156
1,133.88903433086926,82.19082532124277,13.726927757263184
