,area,approx_perimeter,diameter
0,98.53506503237477,70.606827679541,10.485519409179688
1,98.53506503237477,70.606827679541,11.96495246887207
