,area,approx_perimeter,diameter
0,87.88093602611129,66.67550422899981,9.90994644165039
1,87.88093602611129,66.67550422899981,11.291028022766113
