,area,approx_perimeter,diameter
0,296.0505679880301,122.79798138914688,17.671932220458984
1,296.0505679880301,122.79798138914688,21.330055236816406
