,area,approx_perimeter,diameter
0,61.382731850419646,56.15319370775441,7.835814476013184
1,61.382731850419646,56.15319370775441,9.974064826965332
