,area,approx_perimeter,diameter
0,82.87888174690634,65.23777415860721,9.113781929016113
1,82.87888174690634,65.23777415860721,11.578581809997559
