,area,approx_perimeter,diameter
0,110.22991157393096,74.72313995793557,11.02745246887207
1,110.22991157393096,74.72313995793557,12.72724437713623
