,area,approx_perimeter,diameter
0,75.45992720173699,62.89013967785397,8.287147521972656
1,75.45992720173699,62.89013967785397,11.593683242797852
