,area,approx_perimeter,diameter
0,124.59868830662036,79.25271738415907,12.056450843811035
1,124.59868830662036,79.25271738415907,13.158431053161621
