,area,approx_perimeter,diameter
0,215.69895287347813,105.58156817989804,14.457671165466309
1,215.69895287347813,105.58156817989804,18.99589729309082
