,area,approx_perimeter,diameter
0,110.28894194631005,74.90449128684615,10.8345947265625
1,110.28894194631005,74.90449128684615,12.960728645324707
