,area,approx_perimeter,diameter
0,271.69195760989464,117.22663560393899,17.43743324279785
1,271.69195760989464,117.22663560393899,19.838294982910156
