,area,approx_perimeter,diameter
0,92.92736950635164,68.72201686268662,9.983519554138184
1,92.92736950635164,68.72201686268662,11.851411819458008
