,area,approx_perimeter,diameter
0,109.36446342636607,75.67160359477946,9.9981689453125
1,109.36446342636607,75.67160359477946,13.927266120910645
