,area,approx_perimeter,diameter
0,42.97456529309139,46.70355166260369,6.824527263641357
1,42.97456529309139,46.70355166260369,8.017685890197754
