,area,approx_perimeter,diameter
0,135.30815862107718,83.7075639895214,11.394707679748535
1,135.30815862107718,83.7075639895214,15.11927318572998
