,area,approx_perimeter,diameter
0,29.19776327661683,38.467643054462386,5.661622524261475
1,29.19776327661683,38.467643054462386,6.56627082824707
