,area,approx_perimeter,diameter
0,236.3742033512962,110.68234714217685,15.03166675567627
1,236.3742033512962,110.68234714217685,20.02179718017578
