,area,approx_perimeter,diameter
0,50.5573739139332,50.85058152578153,7.203376770019531
1,50.5573739139332,50.85058152578153,8.936315536499023
