,area,approx_perimeter,diameter
0,186.51178532306514,99.78980873068713,12.592044830322266
1,186.51178532306514,99.78980873068713,18.85906410217285
