,area,approx_perimeter,diameter
0,28.073060548535718,38.34817676149785,5.060551166534424
1,28.073060548535718,38.34817676149785,7.063209056854248
