,area,approx_perimeter,diameter
0,208.3028880005648,103.6165132168553,14.30466079711914
1,208.3028880005648,103.6165132168553,18.540773391723633
