,area,approx_perimeter,diameter
0,389.83453071073745,143.42898595877625,18.58833122253418
1,389.83453071073745,143.42898595877625,26.702383041381836
