,area,approx_perimeter,diameter
0,184.0768654395413,96.47759280891842,14.374210357666016
1,184.0768654395413,96.47759280891842,16.3051700592041
