,area,approx_perimeter,diameter
0,257.272883493118,114.6192900644282,16.331645965576172
1,257.272883493118,114.6192900644282,20.0573787689209
