,area,approx_perimeter,diameter
0,376.438676560451,139.70828392534105,18.949573516845703
1,376.438676560451,139.70828392534105,25.29326629638672
