,area,approx_perimeter,diameter
0,91.66100604529471,68.44396636872202,9.721869468688965
1,91.66100604529471,68.44396636872202,12.004524230957031
