,area,approx_perimeter,diameter
0,285.49166434317084,120.57375547519425,17.368879318237305
1,285.49166434317084,120.57375547519425,20.928194046020508
