,area,approx_perimeter,diameter
0,45.13632374465691,48.757200233215585,6.348409652709961
1,45.13632374465691,48.757200233215585,9.052558898925781
