,area,approx_perimeter,diameter
0,196.30862824828088,101.47585834226477,13.345549583435059
1,196.30862824828088,101.47585834226477,18.728933334350586
