,area,approx_perimeter,diameter
0,445.4427705742426,150.76499686186776,21.5407772064209
1,445.4427705742426,150.76499686186776,26.329381942749023
