,area,approx_perimeter,diameter
0,182.06834378011075,96.13740856074,14.038704872131348
1,182.06834378011075,96.13740856074,16.512678146362305
