,area,approx_perimeter,diameter
0,303.84950013562394,129.80298092523992,15.183685302734375
1,303.84950013562394,129.80298092523992,25.47953224182129
