,area,approx_perimeter,diameter
0,96.81941163835445,69.78982129577834,10.847803115844727
1,96.81941163835445,69.78982129577834,11.363987922668457
