,area,approx_perimeter,diameter
0,97.45858137437523,70.9188122773086,9.753305435180664
1,97.45858137437523,70.9188122773086,12.722673416137695
