,area,approx_perimeter,diameter
0,104.96306763732896,72.72569579076438,11.101255416870117
1,104.96306763732896,72.72569579076438,12.038559913635254
