,area,approx_perimeter,diameter
0,81.06804523220484,63.870571573621895,9.886999130249023
1,81.06804523220484,63.870571573621895,10.439875602722168
