,area,approx_perimeter,diameter
0,66.10659269459494,57.87969470599857,8.522006034851074
1,66.10659269459494,57.87969470599857,9.876727104187012
