,area,approx_perimeter,diameter
0,237.95235080817946,110.58845074018535,15.405526161193848
1,237.95235080817946,110.58845074018535,19.66634178161621
