,area,approx_perimeter,diameter
0,205.583434880031,101.93054717936062,15.235053062438965
1,205.583434880031,101.93054717936062,17.181230545043945
