,area,approx_perimeter,diameter
0,149.23159708660023,87.02026502384349,12.730642318725586
1,149.23159708660023,87.02026502384349,14.925214767456055
