,area,approx_perimeter,diameter
0,182.36101126536482,96.21036889853255,14.055150985717773
1,182.36101126536482,96.21036889853255,16.519868850708008
