,area,approx_perimeter,diameter
0,329.128947308848,130.66695004563869,17.69835090637207
1,329.128947308848,130.66695004563869,23.67791175842285
