,area,approx_perimeter,diameter
0,191.66584869367819,98.75359868846783,14.273503303527832
1,191.66584869367819,98.75359868846783,17.097171783447266
