,area,approx_perimeter,diameter
0,33.91911258737096,42.003542174089546,5.647089004516602
1,33.91911258737096,42.003542174089546,7.647684574127197
2,33.91911258737096,42.003542174089546,7.024030685424805
3,33.91911258737096,42.003542174089546,10.609843254089355
