,area,approx_perimeter,diameter
0,346.47835362614285,133.16802985834954,18.815038681030273
1,346.47835362614285,133.16802985834954,23.446666717529297
