,area,approx_perimeter,diameter
0,127.14023512590762,80.66317858087935,11.401987075805664
1,127.14023512590762,80.66317858087935,14.19752311706543
