,area,approx_perimeter,diameter
0,178.14499854418943,97.33699189723238,12.388954162597656
1,178.14499854418943,97.33699189723238,18.308345794677734
