,area,approx_perimeter,diameter
0,195.10848139140273,99.31744632921988,14.81301498413086
1,195.10848139140273,99.31744632921988,16.770376205444336
