,area,approx_perimeter,diameter
0,119.61027321893107,77.58910621386555,11.983072280883789
1,119.61027321893107,77.58910621386555,12.708971977233887
