,area,approx_perimeter,diameter
0,256.22272576712777,113.54952601818093,17.57660484313965
1,256.22272576712777,113.54952601818093,18.560632705688477
