,area,approx_perimeter,diameter
0,280.08455407064145,119.34857152277954,17.286727905273438
1,280.08455407064145,119.34857152277954,20.62939453125
