,area,approx_perimeter,diameter
0,152.64467239364652,88.02996948305413,12.850821495056152
1,152.64467239364652,88.02996948305413,15.123798370361328
