,area,approx_perimeter,diameter
0,138.98978757623016,84.31628307688044,11.940803527832031
1,138.98978757623016,84.31628307688044,14.82038402557373
