,area,approx_perimeter,diameter
0,180.94111158614956,95.9095969428083,13.913688659667969
1,180.94111158614956,95.9095969428083,16.557893753051758
