,area,approx_perimeter,diameter
0,263.08270962087346,116.17656598495898,16.281261444091797
1,263.08270962087346,116.17656598495898,20.573793411254883
