,area,approx_perimeter,diameter
0,274.4954425775365,121.49716067863864,15.09516429901123
1,274.4954425775365,121.49716067863864,23.15300750732422
