,area,approx_perimeter,diameter
0,209.61229937367293,103.12894618827164,15.09310531616211
1,209.61229937367293,103.12894618827164,17.682687759399414
