,area,approx_perimeter,diameter
0,110.35419881388837,77.03274754983197,9.57241153717041
1,110.35419881388837,77.03274754983197,14.678362846374512
