,area,approx_perimeter,diameter
0,105.28068523359316,73.07917812102306,10.707667350769043
1,105.28068523359316,73.07917812102306,12.51883602142334
