,area,approx_perimeter,diameter
0,148.51819581850245,86.58556909694909,13.038955688476562
1,148.51819581850245,86.58556909694909,14.502636909484863
