,area,approx_perimeter,diameter
0,500.77003500063006,159.91039187758128,22.7862548828125
1,500.77003500063006,159.91039187758128,27.98179054260254
