,area,approx_perimeter,diameter
0,94.68032778184431,69.00205054987755,10.79151725769043
1,94.68032778184431,69.00205054987755,11.170879364013672
