,area,approx_perimeter,diameter
0,59.52076907342553,55.07796779305729,7.9064412117004395
1,59.52076907342553,55.07796779305729,9.585121154785156
