,area,approx_perimeter,diameter
0,62.80621238379257,56.58210050582883,8.117286682128906
1,62.80621238379257,56.58210050582883,9.85148811340332
