,area,approx_perimeter,diameter
0,237.9496850192172,109.929940543117,16.019563674926758
1,237.9496850192172,109.929940543117,18.912309646606445
