,area,approx_perimeter,diameter
0,127.06260168455604,80.74904840276645,11.306512832641602
1,127.06260168455604,80.74904840276645,14.308667182922363
