,area,approx_perimeter,diameter
0,150.20237720414588,87.08399605901576,13.096101760864258
1,150.20237720414588,87.08399605901576,14.603094100952148
