,area,approx_perimeter,diameter
0,165.95928780553203,92.39265077160152,12.837843894958496
1,165.95928780553203,92.39265077160152,16.459611892700195
