,area,approx_perimeter,diameter
0,220.31073977437813,106.0454945950282,15.132776260375977
1,220.31073977437813,106.0454945950282,18.536476135253906
