,area,approx_perimeter,diameter
0,36.74258666649452,43.42111320888537,6.081012725830078
1,36.74258666649452,43.42111320888537,7.693145275115967
