,area,approx_perimeter,diameter
0,55.69219206838286,52.96112391587773,8.121925354003906
1,55.69219206838286,52.96112391587773,8.730627059936523
