,area,approx_perimeter,diameter
0,301.79366709568586,124.2224324731083,17.614341735839844
1,301.79366709568586,124.2224324731083,21.814929962158203
