,area,approx_perimeter,diameter
0,247.90826014251962,112.60593145252763,15.948285102844238
1,247.90826014251962,112.60593145252763,19.79188346862793
