,area,approx_perimeter,diameter
0,85.01941969822609,66.25771308069382,9.096293449401855
1,85.01941969822609,66.25771308069382,11.900461196899414
