,area,approx_perimeter,diameter
0,111.93015701702258,75.777206597642,10.62081241607666
1,111.93015701702258,75.777206597642,13.41836166381836
