,area,approx_perimeter,diameter
0,438.1868987152124,151.47352732000974,20.010684967041016
1,438.1868987152124,151.47352732000974,27.880949020385742
