,area,approx_perimeter,diameter
0,198.87880709943647,100.83596280345856,14.303925514221191
1,198.87880709943647,100.83596280345856,17.702857971191406
