,area,approx_perimeter,diameter
0,99.46189423517129,70.77474151214047,10.85870361328125
1,99.46189423517129,70.77474151214047,11.66242504119873
