,area,approx_perimeter,diameter
0,66.92380143868147,58.06886883690478,8.869906425476074
1,66.92380143868147,58.06886883690478,9.606643676757812
