,area,approx_perimeter,diameter
0,64.52472831397617,57.38040688135843,8.198898315429688
1,64.52472831397617,57.38040688135843,10.020301818847656
