,area,approx_perimeter,diameter
0,50.59600733942686,50.55988682018739,7.570254325866699
1,50.59600733942686,50.55988682018739,8.509732246398926
