,area,approx_perimeter,diameter
0,226.4324790030777,108.11483682794085,14.855398178100586
1,226.4324790030777,108.11483682794085,19.40727424621582
