,area,approx_perimeter,diameter
0,174.29880585822582,94.13527105349951,13.653078079223633
1,174.29880585822582,94.13527105349951,16.254512786865234
