,area,approx_perimeter,diameter
0,111.89371924067436,75.92456240591295,10.496999740600586
1,111.89371924067436,75.92456240591295,13.572212219238281
