,area,approx_perimeter,diameter
0,206.70608727934106,102.69259296657928,14.68332576751709
1,206.70608727934106,102.69259296657928,17.924165725708008
