,area,approx_perimeter,diameter
0,92.61815862843959,68.6819372906017,9.886618614196777
1,92.61815862843959,68.6819372906017,11.927748680114746
