,area,approx_perimeter,diameter
0,100.12688292965962,71.37153487442285,10.321993827819824
1,100.12688292965962,71.37153487442285,12.350860595703125
