,area,approx_perimeter,diameter
0,157.23371497484575,89.15036985891281,13.31010627746582
1,157.23371497484575,89.15036985891281,15.040915489196777
