,area,approx_perimeter,diameter
0,179.03712480924358,95.97276878433047,13.327455520629883
1,179.03712480924358,95.97276878433047,17.104326248168945
