,area,approx_perimeter,diameter
0,148.6032724558373,87.82846715082303,11.874726295471191
1,148.6032724558373,87.82846715082303,15.933635711669922
