,area,approx_perimeter,diameter
0,140.5887078855161,84.89037838513968,11.932100296020508
1,140.5887078855161,84.89037838513968,15.001810073852539
