,area,approx_perimeter,diameter
0,97.80274283616727,70.45638313846194,10.295248031616211
1,97.80274283616727,70.45638313846194,12.095514297485352
