,area,approx_perimeter,diameter
0,261.6531265102616,114.69955289630195,17.998573303222656
1,261.6531265102616,114.69955289630195,18.509639739990234
