,area,approx_perimeter,diameter
0,145.57000177306384,86.71807037620326,11.889385223388672
1,145.57000177306384,86.71807037620326,15.589156150817871
