,area,approx_perimeter,diameter
0,116.14477121432095,76.42894891593045,11.926430702209473
1,116.14477121432095,76.42894891593045,12.399360656738281
