,area,approx_perimeter,diameter
0,138.87356130915393,85.81275004570249,10.996713638305664
1,138.87356130915393,85.81275004570249,16.079286575317383
