,area,approx_perimeter,diameter
0,150.18728040049484,87.24100586652406,12.844991683959961
1,150.18728040049484,87.24100586652406,14.887077331542969
