,area,approx_perimeter,diameter
0,202.97823093815407,102.41693204672983,14.027605056762695
1,202.97823093815407,102.41693204672983,18.42366600036621
