,area,approx_perimeter,diameter
0,281.7430477360911,119.63091513501621,17.417512893676758
1,281.7430477360911,119.63091513501621,20.59572982788086
