,area,approx_perimeter,diameter
0,103.5096336103485,72.1401051232891,11.336699485778809
1,103.5096336103485,72.1401051232891,11.6253023147583
