,area,approx_perimeter,diameter
0,125.61628642971674,80.00087431856753,11.499363899230957
1,125.61628642971674,80.00087431856753,13.908562660217285
