,area,approx_perimeter,diameter
0,345.8947663195319,132.92383221781566,18.91684341430664
1,345.8947663195319,132.92383221781566,23.281204223632812
