,area,approx_perimeter,diameter
0,50.31442903588601,50.32946587381365,7.748974800109863
1,50.31442903588601,50.32946587381365,8.267199516296387
