,area,approx_perimeter,diameter
0,212.72525598605094,103.61261918840651,15.629035949707031
1,212.72525598605094,103.61261918840651,17.329936981201172
