,area,approx_perimeter,diameter
0,111.64678892403766,76.04680883061948,10.344300270080566
1,111.64678892403766,76.04680883061948,13.742167472839355
