,area,approx_perimeter,diameter
0,83.68484392513541,66.09292311274756,8.80191421508789
1,83.68484392513541,66.09292311274756,12.10541820526123
