,area,approx_perimeter,diameter
0,49.56512849680164,50.56400510190487,6.963540554046631
1,49.56512849680164,50.56400510190487,9.062671661376953
