,area,approx_perimeter,diameter
0,298.1589199882793,130.22485625561137,14.56100082397461
1,298.1589199882793,130.22485625561137,26.07154083251953
