,area,approx_perimeter,diameter
0,83.18808720250827,65.45124717993936,9.061047554016113
1,83.18808720250827,65.45124717993936,11.689416885375977
