,area,approx_perimeter,diameter
0,45.13113229704729,49.7447349523132,5.943907737731934
1,45.13113229704729,49.7447349523132,9.667502403259277
