,area,approx_perimeter,diameter
0,430.8108520211294,151.96322876104915,19.010927200317383
1,430.8108520211294,151.96322876104915,28.853164672851562
