,area,approx_perimeter,diameter
0,209.50011980496075,103.15262967741752,15.027318000793457
1,209.50011980496075,103.15262967741752,17.750595092773438
