,area,approx_perimeter,diameter
0,134.62113927520738,83.19724262836543,11.57463550567627
1,134.62113927520738,83.19724262836543,14.808670043945312
