,area,approx_perimeter,diameter
0,269.81959318418654,117.58926523885482,16.541955947875977
1,269.81959318418654,117.58926523885482,20.768098831176758
