,area,approx_perimeter,diameter
0,122.68970904044646,78.77287023521662,11.722152709960938
1,122.68970904044646,78.77287023521662,13.326339721679688
