,area,approx_perimeter,diameter
0,241.687588730919,110.28665505917623,17.05257797241211
1,241.687588730919,110.28665505917623,18.04572868347168
