,area,approx_perimeter,diameter
0,253.61518615810238,113.1326280692236,17.066619873046875
1,253.61518615810238,113.1326280692236,18.92072868347168
