,area,approx_perimeter,diameter
0,266.3223547955129,116.88406695843335,16.3857364654541
1,266.3223547955129,116.88406695843335,20.69434928894043
