,area,approx_perimeter,diameter
0,212.88999283029318,104.5983633514084,14.574909210205078
1,212.88999283029318,104.5983633514084,18.59771156311035
