,area,approx_perimeter,diameter
0,225.65907952178492,106.71291613510814,16.103187561035156
1,225.65907952178492,106.71291613510814,17.842309951782227
