,area,approx_perimeter,diameter
0,223.7147025276843,108.91190273394996,13.958881378173828
1,223.7147025276843,108.91190273394996,20.405818939208984
