,area,approx_perimeter,diameter
0,229.1411409907332,110.92515506320221,13.824742317199707
1,229.1411409907332,110.92515506320221,21.103580474853516
