,area,approx_perimeter,diameter
0,109.63964390614689,74.54454969550979,10.968520164489746
1,109.63964390614689,74.54454969550979,12.727107048034668
