,area,approx_perimeter,diameter
0,27.608412291439507,37.82732196039208,5.136849880218506
1,27.608412291439507,37.82732196039208,6.843128204345703
