,area,approx_perimeter,diameter
0,220.62361070851838,105.48489782871454,15.985339164733887
1,220.62361070851838,105.48489782871454,17.572771072387695
