,area,approx_perimeter,diameter
0,279.45431117200076,121.32225183160291,15.79505729675293
1,279.45431117200076,121.32225183160291,22.526811599731445
