,area,approx_perimeter,diameter
0,29.922398750649545,40.03635344109649,5.015529155731201
1,29.922398750649545,40.03635344109649,7.596084117889404
