,area,approx_perimeter,diameter
0,254.59023119010737,113.88689247907541,16.375898361206055
1,254.59023119010737,113.88689247907541,19.794599533081055
