,area,approx_perimeter,diameter
0,30.00039256433584,39.357920271891665,5.403965950012207
1,30.00039256433584,39.357920271891665,7.068454265594482
