,area,approx_perimeter,diameter
0,181.86411688348647,98.03720357155163,12.661200523376465
1,181.86411688348647,98.03720357155163,18.28867530822754
