,area,approx_perimeter,diameter
0,267.6281119994074,116.5961289976,16.97515869140625
1,267.6281119994074,116.5961289976,20.073726654052734
