,area,approx_perimeter,diameter
0,116.89010010921824,77.28394546703393,10.985442161560059
1,116.89010010921824,77.28394546703393,13.547847747802734
