,area,approx_perimeter,diameter
0,40.99943961285598,45.57528982928792,6.720297813415527
1,40.99943961285598,45.57528982928792,7.767826557159424
