,area,approx_perimeter,diameter
0,183.3763897255962,96.7884089741818,13.769370079040527
1,183.3763897255962,96.7884089741818,16.956626892089844
