,area,approx_perimeter,diameter
0,91.81940834689209,67.97153245362574,10.531963348388672
1,91.81940834689209,67.97153245362574,11.100314140319824
