,area,approx_perimeter,diameter
0,108.44112055793225,75.0434533373406,10.1337890625
1,108.44112055793225,75.0434533373406,13.624866485595703
