,area,approx_perimeter,diameter
0,105.1155075461416,72.7982608735613,11.062183380126953
1,105.1155075461416,72.7982608735613,12.098626136779785
