,area,approx_perimeter,diameter
0,27.686001017166006,37.627776259995656,5.3325090408325195
1,27.686001017166006,37.627776259995656,6.610567569732666
