,area,approx_perimeter,diameter
0,234.97503291315132,109.4413717887707,15.702530860900879
1,234.97503291315132,109.4413717887707,19.052947998046875
