,area,approx_perimeter,diameter
0,189.8565490384866,99.77540621355428,13.134415626525879
1,189.8565490384866,99.77540621355428,18.404539108276367
