,area,approx_perimeter,diameter
0,140.4350219823585,84.42017098557038,12.345314025878906
1,140.4350219823585,84.42017098557038,14.483829498291016
