,area,approx_perimeter,diameter
0,243.82158922147508,114.53069158125311,14.217591285705566
1,243.82158922147508,114.53069158125311,21.835153579711914
