,area,approx_perimeter,diameter
0,284.8184168369698,121.31337569565099,16.620872497558594
1,284.8184168369698,121.31337569565099,21.81847381591797
