,area,approx_perimeter,diameter
0,115.77711867074608,76.97463664311282,10.880162239074707
1,115.77711867074608,76.97463664311282,13.54869556427002
