,area,approx_perimeter,diameter
0,222.642963099721,106.09852326774536,15.81696891784668
1,222.642963099721,106.09852326774536,17.922386169433594
