,area,approx_perimeter,diameter
0,97.2613622992977,70.13511436209974,10.438770294189453
1,97.2613622992977,70.13511436209974,11.863180160522461
