,area,approx_perimeter,diameter
0,92.93769827389056,68.89613057699964,9.810250282287598
1,92.93769827389056,68.89613057699964,12.06207275390625
