,area,approx_perimeter,diameter
0,93.82865534231438,69.40553911902303,9.703559875488281
1,93.82865534231438,69.40553911902303,12.311600685119629
