,area,approx_perimeter,diameter
0,103.93354499525852,72.80582170515505,10.423856735229492
1,103.93354499525852,72.80582170515505,12.695137977600098
