,area,approx_perimeter,diameter
0,43.504571504394264,47.33863813203544,6.5477705001831055
1,43.504571504394264,47.33863813203544,8.459633827209473
