,area,approx_perimeter,diameter
0,167.16548300920383,92.33251999956701,13.221190452575684
1,167.16548300920383,92.33251999956701,16.098527908325195
