,area,approx_perimeter,diameter
0,163.62510387201058,91.60218052981715,12.855713844299316
1,163.62510387201058,91.60218052981715,16.20555305480957
