,area,approx_perimeter,diameter
0,259.6472316908194,116.48923608271524,15.464526176452637
1,259.6472316908194,116.48923608271524,21.377513885498047
