,area,approx_perimeter,diameter
0,268.3742679188107,117.53143101985836,16.295602798461914
1,268.3742679188107,117.53143101985836,20.96913719177246
