,area,approx_perimeter,diameter
0,109.35957154705395,74.42257535418199,10.990731239318848
1,109.35957154705395,74.42257535418199,12.668941497802734
