,area,approx_perimeter,diameter
0,112.15111646021315,75.16758811010934,11.493203163146973
1,112.15111646021315,75.16758811010934,12.424320220947266
