,area,approx_perimeter,diameter
0,118.0368362003222,79.37988477615714,10.019786834716797
1,118.0368362003222,79.37988477615714,14.999238014221191
