,area,approx_perimeter,diameter
0,179.4246591291464,95.34833833526187,14.049153327941895
1,179.4246591291464,95.34833833526187,16.260807037353516
