,area,approx_perimeter,diameter
0,169.67986041207084,92.86263146802317,13.490039825439453
1,169.67986041207084,92.86263146802317,16.0150089263916
