,area,approx_perimeter,diameter
0,144.448956321306,86.49410231417026,11.769864082336426
1,144.448956321306,86.49410231417026,15.626189231872559
