,area,approx_perimeter,diameter
0,111.05079287033904,75.26381464880782,10.768595695495605
1,111.05079287033904,75.26381464880782,13.130241394042969
