,area,approx_perimeter,diameter
0,310.09820991314785,125.21174893823425,18.67106819152832
1,310.09820991314785,125.21174893823425,21.146583557128906
