,area,approx_perimeter,diameter
0,184.77098769820523,98.21266694011848,13.076438903808594
1,184.77098769820523,98.21266694011848,17.990962982177734
