,area,approx_perimeter,diameter
0,111.74479642579993,76.69195143472359,10.001226425170898
1,111.74479642579993,76.69195143472359,14.226044654846191
