,area,approx_perimeter,diameter
0,92.6237211279993,68.29676298831124,10.483738899230957
1,92.6237211279993,68.29676298831124,11.24905776977539
