,area,approx_perimeter,diameter
0,311.599802653467,127.41300411630506,17.054861068725586
1,311.599802653467,127.41300411630506,23.262645721435547
