,area,approx_perimeter,diameter
0,65.98639852701326,58.07222011241874,8.248883247375488
1,65.98639852701326,58.07222011241874,10.185195922851562
