,area,approx_perimeter,diameter
0,104.53140547003633,72.85224605641258,10.628426551818848
1,104.53140547003633,72.85224605641258,12.52241039276123
