,area,approx_perimeter,diameter
0,212.99280246341849,103.53614079733562,15.996543884277344
1,212.99280246341849,103.53614079733562,16.95309066772461
