,area,approx_perimeter,diameter
0,171.20935107578978,92.97935213741619,13.972977638244629
1,171.20935107578978,92.97935213741619,15.600863456726074
