,area,approx_perimeter,diameter
0,240.45127628320597,110.4023997163698,16.23241424560547
1,240.45127628320597,110.4023997163698,18.860538482666016
