,area,approx_perimeter,diameter
0,126.22675000952302,80.02390748498264,11.718844413757324
1,126.22675000952302,80.02390748498264,13.714397430419922
