,area,approx_perimeter,diameter
0,143.22283969224188,84.87437970888628,13.231258392333984
1,143.22283969224188,84.87437970888628,13.782285690307617
