,area,approx_perimeter,diameter
0,182.9126120429427,97.13513676545544,13.376970291137695
1,182.9126120429427,97.13513676545544,17.409889221191406
