,area,approx_perimeter,diameter
0,99.39524081395804,71.0550661680695,10.346152305603027
1,99.39524081395804,71.0550661680695,12.231982231140137
