,area,approx_perimeter,diameter
0,112.36378805846458,78.77449694105053,9.284662246704102
1,112.36378805846458,78.77449694105053,15.408855438232422
