,area,approx_perimeter,diameter
0,339.8311203196057,132.08487727071318,18.468109130859375
1,339.8311203196057,132.08487727071318,23.428842544555664
