,area,approx_perimeter,diameter
0,156.19842761047573,90.63609775778615,11.842700958251953
1,156.19842761047573,90.63609775778615,16.793298721313477
