,area,approx_perimeter,diameter
0,192.16496034379892,101.16681434553182,12.835271835327148
1,192.16496034379892,101.16681434553182,19.06247329711914
