,area,approx_perimeter,diameter
0,232.9471660206713,112.88232148429935,13.549818992614746
1,232.9471660206713,112.88232148429935,21.8894100189209
