,area,approx_perimeter,diameter
0,35.01804401047181,42.019951000355164,6.380111217498779
1,35.01804401047181,42.019951000355164,6.988335609436035
