,area,approx_perimeter,diameter
0,284.2374626077,120.68027935411213,16.986343383789062
1,284.2374626077,120.68027935411213,21.305490493774414
