,area,approx_perimeter,diameter
0,133.7069922605285,82.0277119108339,12.692061424255371
1,133.7069922605285,82.0277119108339,13.413189888000488
