,area,approx_perimeter,diameter
0,204.96592980890188,101.5099241070109,15.993440628051758
1,204.96592980890188,101.5099241070109,16.317359924316406
