,area,approx_perimeter,diameter
0,283.98467122096406,119.56931635387856,18.412931442260742
1,283.98467122096406,119.56931635387856,19.637313842773438
