,area,approx_perimeter,diameter
0,261.56755924041846,116.77815276294899,15.6016263961792
1,261.56755924041846,116.77815276294899,21.34637451171875
