,area,approx_perimeter,diameter
0,154.78282014613274,88.50806758733758,13.120587348937988
1,154.78282014613274,88.50806758733758,15.020334243774414
