,area,approx_perimeter,diameter
0,228.82518356940125,107.62928185074337,15.93252944946289
1,228.82518356940125,107.62928185074337,18.286441802978516
