,area,approx_perimeter,diameter
0,102.59017829496328,71.85667648065784,11.099119186401367
1,102.59017829496328,71.85667648065784,11.768670082092285
