,area,approx_perimeter,diameter
0,182.11475949141,97.9286279607329,12.756240844726562
1,182.11475949141,97.9286279607329,18.177433013916016
