,area,approx_perimeter,diameter
0,235.04118896785656,109.02739027453525,16.2281494140625
1,235.04118896785656,109.02739027453525,18.44102668762207
