,area,approx_perimeter,diameter
0,189.01166323882745,98.69360698926143,13.632168769836426
1,189.01166323882745,98.69360698926143,17.65361976623535
