,area,approx_perimeter,diameter
0,70.26990481852818,59.45413858143534,9.249943733215332
1,70.26990481852818,59.45413858143534,9.672536849975586
