,area,approx_perimeter,diameter
0,50.79245410078942,50.61235431392662,7.67183780670166
1,50.79245410078942,50.61235431392662,8.429656982421875
