,area,approx_perimeter,diameter
0,470.53836275803405,154.01566696539365,23.421186447143555
1,470.53836275803405,154.01566696539365,25.579748153686523
