,area,approx_perimeter,diameter
0,183.74740715891008,96.94480456560872,13.730632781982422
1,183.74740715891008,96.94480456560872,17.038869857788086
