,area,approx_perimeter,diameter
0,137.39831704193156,85.97272035406644,10.674105644226074
1,137.39831704193156,85.97272035406644,16.389286041259766
