,area,approx_perimeter,diameter
0,176.58410371828896,95.84480588387542,12.880961418151855
1,176.58410371828896,95.84480588387542,17.454742431640625
