,area,approx_perimeter,diameter
0,118.37346538930912,78.12614024402079,10.772137641906738
1,118.37346538930912,78.12614024402079,13.991445541381836
