,area,approx_perimeter,diameter
0,33.416115989315806,41.780250065773004,5.553249359130859
1,33.416115989315806,41.780250065773004,7.661590099334717
