,area,approx_perimeter,diameter
0,103.49428014555006,72.43972118690553,10.637824058532715
1,103.49428014555006,72.43972118690553,12.387214660644531
