,area,approx_perimeter,diameter
0,112.4681343400546,75.36774042167112,11.310066223144531
1,112.4681343400546,75.36774042167112,12.661188125610352
