,area,approx_perimeter,diameter
0,124.28477815593257,79.08519058790593,12.234890937805176
1,124.28477815593257,79.08519058790593,12.933854103088379
