,area,approx_perimeter,diameter
0,245.52720668122421,112.65649453200182,15.417537689208984
1,245.52720668122421,112.65649453200182,20.276580810546875
