,area,approx_perimeter,diameter
0,268.74137214691814,121.26874249343231,14.54548454284668
1,268.74137214691814,121.26874249343231,23.5242862701416
