,area,approx_perimeter,diameter
0,583.4160127486679,175.4731773507016,22.73505973815918
1,583.4160127486679,175.4731773507016,32.67325210571289
