,area,approx_perimeter,diameter
0,129.72330157191115,81.90457969399195,11.194853782653809
1,129.72330157191115,81.90457969399195,14.753996849060059
