,area,approx_perimeter,diameter
0,91.13102733568846,68.0362578124785,9.907611846923828
1,91.13102733568846,68.0362578124785,11.7113618850708
