,area,approx_perimeter,diameter
0,74.19300191143833,62.38679206140998,8.203051567077637
1,74.19300191143833,62.38679206140998,11.51589298248291
