,area,approx_perimeter,diameter
0,316.9136330273342,126.45443344651994,19.098979949951172
1,316.9136330273342,126.45443344651994,21.127147674560547
