,area,approx_perimeter,diameter
0,96.31359610101417,69.61416406575005,10.790443420410156
1,96.31359610101417,69.61416406575005,11.36471176147461
