,area,approx_perimeter,diameter
0,225.45327888721388,106.6289074880011,16.16866111755371
1,225.45327888721388,106.6289074880011,17.75385284423828
