,area,approx_perimeter,diameter
0,283.7711512045355,121.10180061395259,16.58237075805664
1,283.7711512045355,121.10180061395259,21.788721084594727
