,area,approx_perimeter,diameter
0,120.73762300108457,78.11232148933881,11.679000854492188
1,120.73762300108457,78.11232148933881,13.162762641906738
