,area,approx_perimeter,diameter
0,220.80194762560396,105.817400891695,15.526440620422363
1,220.80194762560396,105.817400891695,18.106775283813477
