,area,approx_perimeter,diameter
0,83.37765016265216,64.75120539984559,10.135306358337402
1,83.37765016265216,64.75120539984559,10.474248886108398
