,area,approx_perimeter,diameter
0,49.62841832037933,50.58017995412621,6.979422092437744
1,49.62841832037933,50.58017995412621,9.053595542907715
