,area,approx_perimeter,diameter
0,555.585715942052,170.85430080925582,22.377986907958984
1,555.585715942052,170.85430080925582,31.611141204833984
