,area,approx_perimeter,diameter
0,209.0992063045014,104.66170937345139,13.809598922729492
1,209.0992063045014,104.66170937345139,19.27886390686035
