,area,approx_perimeter,diameter
0,278.08399533700873,118.27134463576175,18.408538818359375
1,278.08399533700873,118.27134463576175,19.233875274658203
