,area,approx_perimeter,diameter
0,100.06055094237037,70.99580807156671,10.867999076843262
1,100.06055094237037,70.99580807156671,11.722585678100586
