,area,approx_perimeter,diameter
0,286.0164622904575,123.24591931394447,15.73806381225586
1,286.0164622904575,123.24591931394447,23.139280319213867
