,area,approx_perimeter,diameter
0,217.20413226537434,105.35643436541609,14.96899127960205
1,217.20413226537434,105.35643436541609,18.475051879882812
