,area,approx_perimeter,diameter
0,46.109675977326134,50.63337663397214,5.893520832061768
1,46.109675977326134,50.63337663397214,9.961560249328613
