,area,approx_perimeter,diameter
0,246.70049125627622,115.97641116189635,14.011032104492188
1,246.70049125627622,115.97641116189635,22.418678283691406
