,area,approx_perimeter,diameter
0,102.37385463354235,72.88886369662775,9.861777305603027
1,102.37385463354235,72.88886369662775,13.217337608337402
