,area,approx_perimeter,diameter
0,290.63888190802857,121.81440038033915,17.368608474731445
1,290.63888190802857,121.81440038033915,21.30584716796875
