,area,approx_perimeter,diameter
0,171.53868852673014,93.6959240683622,13.242938041687012
1,171.53868852673014,93.6959240683622,16.492551803588867
