,area,approx_perimeter,diameter
0,94.43425463931307,69.15555292280007,10.216337203979492
1,94.43425463931307,69.15555292280007,11.769132614135742
