,area,approx_perimeter,diameter
0,239.6996740153775,110.70580900880817,15.699909210205078
1,239.6996740153775,110.70580900880817,19.43929100036621
