,area,approx_perimeter,diameter
0,298.739159829332,125.94591139308548,16.089426040649414
1,298.739159829332,125.94591139308548,23.640775680541992
