,area,approx_perimeter,diameter
0,143.63677610940087,85.18687275505727,12.757867813110352
1,143.63677610940087,85.18687275505727,14.334999084472656
