,area,approx_perimeter,diameter
0,141.11175945581064,85.04681839140655,11.955373764038086
1,141.11175945581064,85.04681839140655,15.028310775756836
