,area,approx_perimeter,diameter
0,273.935488435656,117.74045654990873,17.462793350219727
1,273.935488435656,117.74045654990873,19.973064422607422
