,area,approx_perimeter,diameter
0,188.7189264403398,97.46371989091706,15.0374174118042
1,188.7189264403398,97.46371989091706,15.979100227355957
