,area,approx_perimeter,diameter
0,106.61778409378267,73.3770226957451,11.019679069519043
1,106.61778409378267,73.3770226957451,12.318868637084961
