,area,approx_perimeter,diameter
0,104.4247440869923,73.18508127104977,10.26457405090332
1,104.4247440869923,73.18508127104977,12.9530668258667
