,area,approx_perimeter,diameter
0,255.89415383584227,113.61527590850076,17.192476272583008
1,255.89415383584227,113.61527590850076,18.95099639892578
