,area,approx_perimeter,diameter
0,400.3878234766182,144.5171159779465,19.281795501708984
1,400.3878234766182,144.5171159779465,26.438907623291016
