,area,approx_perimeter,diameter
0,120.16555814154411,79.00563296932032,10.661697387695312
1,120.16555814154411,79.00563296932032,14.35039234161377
