,area,approx_perimeter,diameter
0,111.53129089939347,75.62342661381598,10.617019653320312
1,111.53129089939347,75.62342661381598,13.375321388244629
