,area,approx_perimeter,diameter
0,104.27675801088681,73.42905027293172,10.03981876373291
1,104.27675801088681,73.42905027293172,13.224271774291992
