,area,approx_perimeter,diameter
0,366.39476238106863,145.65202101378415,15.806624412536621
1,366.39476238106863,145.65202101378415,29.51346778869629
