,area,approx_perimeter,diameter
0,144.67914403789192,86.70352162630714,11.690698623657227
1,144.67914403789192,86.70352162630714,15.757074356079102
