,area,approx_perimeter,diameter
0,154.83803764392172,89.20902631064197,12.42629623413086
1,154.83803764392172,89.20902631064197,15.865219116210938
