,area,approx_perimeter,diameter
0,163.04136113659828,91.38512932540705,12.877147674560547
1,163.04136113659828,91.38512932540705,16.120861053466797
