,area,approx_perimeter,diameter
0,194.9551127287066,99.77462642979735,14.2184419631958
1,194.9551127287066,99.77462642979735,17.457929611206055
