,area,approx_perimeter,diameter
0,67.9417769794195,61.31477139598504,7.200455665588379
1,67.9417769794195,61.31477139598504,12.013983726501465
