,area,approx_perimeter,diameter
0,284.9184288283907,120.25377247327275,17.57416534423828
1,284.9184288283907,120.25377247327275,20.64219856262207
