,area,approx_perimeter,diameter
0,114.62398576142971,76.0377744721081,11.512015342712402
1,114.62398576142971,76.0377744721081,12.677518844604492
