,area,approx_perimeter,diameter
0,363.1074583931069,135.6506726905738,19.97249412536621
1,363.1074583931069,135.6506726905738,23.147974014282227
