,area,approx_perimeter,diameter
0,207.81655741080652,105.77079366354378,13.11240005493164
1,207.81655741080652,105.77079366354378,20.179391860961914
