,area,approx_perimeter,diameter
0,276.58449293966646,123.09201509540128,14.733312606811523
1,276.58449293966646,123.09201509540128,23.90218162536621
