,area,approx_perimeter,diameter
0,64.00490698438557,56.928661912992816,8.417787551879883
1,64.00490698438557,56.928661912992816,9.681116104125977
