,area,approx_perimeter,diameter
0,168.80647673924233,92.69516093565092,13.376687049865723
1,168.80647673924233,92.69516093565092,16.06758689880371
