,area,approx_perimeter,diameter
0,172.27729427332702,93.51001961023654,13.664103507995605
1,172.27729427332702,93.51001961023654,16.053030014038086
