,area,approx_perimeter,diameter
0,188.91944922424506,100.34691873071294,12.709762573242188
1,188.91944922424506,100.34691873071294,18.925586700439453
