,area,approx_perimeter,diameter
0,364.7679600990966,137.5723545176063,18.623952865600586
1,364.7679600990966,137.5723545176063,24.9376163482666
