,area,approx_perimeter,diameter
0,110.64320071242605,75.22249137520834,10.659102439880371
1,110.64320071242605,75.22249137520834,13.216431617736816
