,area,approx_perimeter,diameter
0,80.74141340126016,64.04335310374421,9.322562217712402
1,80.74141340126016,64.04335310374421,11.027350425720215
