,area,approx_perimeter,diameter
0,112.89974703710519,76.4631228256179,10.408164024353027
1,112.89974703710519,76.4631228256179,13.811121940612793
