,area,approx_perimeter,diameter
0,102.95643685054655,72.78320148395852,10.103033065795898
1,102.95643685054655,72.78320148395852,12.975133895874023
