,area,approx_perimeter,diameter
0,64.77750989883381,58.172550773684485,7.730841636657715
1,64.77750989883381,58.172550773684485,10.668603897094727
