,area,approx_perimeter,diameter
0,56.74200797911869,53.52864149552109,8.041617393493652
1,56.74200797911869,53.52864149552109,8.984034538269043
