,area,approx_perimeter,diameter
0,229.77604540793064,108.1664690889311,15.586236953735352
1,229.77604540793064,108.1664690889311,18.770402908325195
