,area,approx_perimeter,diameter
0,124.96115935043997,79.32895470420898,12.174311637878418
1,124.96115935043997,79.32895470420898,13.068951606750488
