,area,approx_perimeter,diameter
0,179.86886462055955,98.71145171704984,12.079652786254883
1,179.86886462055955,98.71145171704984,18.95883560180664
