,area,approx_perimeter,diameter
0,216.15218774764563,104.79934256769049,15.238689422607422
1,216.15218774764563,104.79934256769049,18.060182571411133
