,area,approx_perimeter,diameter
0,94.78175351691901,69.27569113567517,10.244945526123047
1,94.78175351691901,69.27569113567517,11.779455184936523
