,area,approx_perimeter,diameter
0,120.82446626887526,77.95199843658061,12.17238712310791
1,120.82446626887526,77.95199843658061,12.638317108154297
