,area,approx_perimeter,diameter
0,170.36064163547567,93.45688767627466,13.12718677520752
1,170.36064163547567,93.45688767627466,16.52371597290039
