,area,approx_perimeter,diameter
0,111.8033291234453,75.5778022128334,10.749083518981934
1,111.8033291234453,75.5778022128334,13.24321460723877
