,area,approx_perimeter,diameter
0,268.45284914213977,117.24293736673172,16.540536880493164
1,268.45284914213977,117.24293736673172,20.6646728515625
