,area,approx_perimeter,diameter
0,261.24216503981535,115.06600890608202,16.9334716796875
1,261.24216503981535,115.06600890608202,19.642980575561523
