,area,approx_perimeter,diameter
0,78.40510324592088,62.92654875471745,9.445596694946289
1,78.40510324592088,62.92654875471745,10.568784713745117
