,area,approx_perimeter,diameter
0,180.81536615849063,96.08267742411859,13.698363304138184
1,180.81536615849063,96.08267742411859,16.806480407714844
