,area,approx_perimeter,diameter
0,83.55657576082295,65.19161130645315,9.437154769897461
1,83.55657576082295,65.19161130645315,11.273263931274414
