,area,approx_perimeter,diameter
0,73.43303721190317,60.83582011302341,9.2702054977417
1,73.43303721190317,60.83582011302341,10.085844039916992
