,area,approx_perimeter,diameter
0,51.428951094345116,51.269634365594925,7.280734539031982
1,51.428951094345116,51.269634365594925,8.993786811828613
