,area,approx_perimeter,diameter
0,269.2284619742903,116.52971111885698,17.651811599731445
1,269.2284619742903,116.52971111885698,19.419668197631836
