,area,approx_perimeter,diameter
0,113.47431750591149,76.85095898860418,10.314366340637207
1,113.47431750591149,76.85095898860418,14.007645606994629
