,area,approx_perimeter,diameter
0,85.55403664606358,65.62358500273488,10.122516632080078
1,85.55403664606358,65.62358500273488,10.761235237121582
