,area,approx_perimeter,diameter
0,322.0644631608499,130.84981691752844,16.669906616210938
1,322.0644631608499,130.84981691752844,24.599130630493164
