,area,approx_perimeter,diameter
0,73.00398329164663,60.852954297194614,8.918410301208496
1,73.00398329164663,60.852954297194614,10.422435760498047
