,area,approx_perimeter,diameter
0,159.36208638946607,90.26568762759427,12.802559852600098
1,159.36208638946607,90.26568762759427,15.848870277404785
