,area,approx_perimeter,diameter
0,52.27560881952599,51.63307231234366,7.393788814544678
1,52.27560881952599,51.63307231234366,9.002065658569336
