,area,approx_perimeter,diameter
0,150.12904658274974,87.65355947597024,12.389413833618164
1,150.12904658274974,87.65355947597024,15.428513526916504
