,area,approx_perimeter,diameter
0,115.89213529468515,76.7196832383506,11.178500175476074
1,115.89213529468515,76.7196832383506,13.200201034545898
