,area,approx_perimeter,diameter
0,104.01422365897012,72.66496217528743,10.610292434692383
1,104.01422365897012,72.66496217528743,12.48175048828125
