,area,approx_perimeter,diameter
0,314.2613034897056,126.87518115434256,17.876758575439453
1,314.2613034897056,126.87518115434256,22.382688522338867
