,area,approx_perimeter,diameter
0,215.66686084886652,105.04648628766446,14.859402656555176
1,215.66686084886652,105.04648628766446,18.479583740234375
