,area,approx_perimeter,diameter
0,109.30867284377865,74.66366496897166,10.691051483154297
1,109.30867284377865,74.66366496897166,13.018001556396484
