,area,approx_perimeter,diameter
0,69.30274600243283,59.40793359536109,8.555704116821289
1,69.30274600243283,59.40793359536109,10.313469886779785
