,area,approx_perimeter,diameter
0,70.40823261982919,59.751080863539045,8.771437644958496
1,70.40823261982919,59.751080863539045,10.220279693603516
