,area,approx_perimeter,diameter
0,245.02709353720147,112.69005707484916,15.30428695678711
1,245.02709353720147,112.69005707484916,20.385019302368164
