,area,approx_perimeter,diameter
0,41.71779205489662,45.8726463638826,6.944701671600342
1,41.71779205489662,45.8726463638826,7.6485276222229
