,area,approx_perimeter,diameter
0,73.13406903069625,60.67713494413681,9.347237586975098
1,73.13406903069625,60.67713494413681,9.962000846862793
