,area,approx_perimeter,diameter
0,305.9997392028776,127.02469424438543,16.493024826049805
1,305.9997392028776,127.02469424438543,23.622772216796875
