,area,approx_perimeter,diameter
0,103.96960132227997,72.31116297060723,11.289341926574707
1,103.96960132227997,72.31116297060723,11.725945472717285
