,area,approx_perimeter,diameter
0,252.85385470462998,114.49285357893973,15.535836219787598
1,252.85385470462998,114.49285357893973,20.722639083862305
