,area,approx_perimeter,diameter
0,126.56424918848138,82.25437388291321,10.351058959960938
1,126.56424918848138,82.25437388291321,15.568127632141113
