,area,approx_perimeter,diameter
0,157.4559520959153,88.98364974583086,13.918365478515625
1,157.4559520959153,88.98364974583086,14.403928756713867
