,area,approx_perimeter,diameter
0,274.4225542685258,122.5373725871761,14.700668334960938
1,274.4225542685258,122.5373725871761,23.76801109313965
