,area,approx_perimeter,diameter
0,204.27632629206312,102.19858460257659,14.493645668029785
1,204.27632629206312,102.19858460257659,17.94529151916504
