,area,approx_perimeter,diameter
0,239.81425900847952,112.66993893439371,14.495658874511719
1,239.81425900847952,112.66993893439371,21.064306259155273
