,area,approx_perimeter,diameter
0,106.15410260040157,73.5052044411601,10.610021591186523
1,106.15410260040157,73.5052044411601,12.738862037658691
