,area,approx_perimeter,diameter
0,138.08743135156143,84.29303784625971,11.698953628540039
1,138.08743135156143,84.29303784625971,15.028555870056152
