,area,approx_perimeter,diameter
0,224.2906113498441,106.78638922501084,15.486351013183594
1,224.2906113498441,106.78638922501084,18.440475463867188
