,area,approx_perimeter,diameter
0,164.733972510926,95.55608698287011,11.186102867126465
1,164.733972510926,95.55608698287011,18.75057029724121
