,area,approx_perimeter,diameter
0,176.47669442225066,94.50486420204732,14.013434410095215
1,176.47669442225066,94.50486420204732,16.034406661987305
