,area,approx_perimeter,diameter
0,177.068860562883,96.45200237684112,12.634466171264648
1,177.068860562883,96.45200237684112,17.844131469726562
