,area,approx_perimeter,diameter
0,121.9935991389771,79.81669897418003,10.61755084991455
1,121.9935991389771,79.81669897418003,14.62927532196045
