,area,approx_perimeter,diameter
0,104.58681604126832,74.71628910313777,9.433497428894043
1,104.58681604126832,74.71628910313777,14.116086959838867
