,area,approx_perimeter,diameter
0,93.14836020304763,68.48291624113658,10.534342765808105
1,93.14836020304763,68.48291624113658,11.258431434631348
