,area,approx_perimeter,diameter
0,77.91192404751484,63.23209910778992,8.852811813354492
1,77.91192404751484,63.23209910778992,11.205540657043457
