,area,approx_perimeter,diameter
0,156.53423987865318,91.52737346597605,11.490019798278809
1,156.53423987865318,91.52737346597605,17.34597396850586
