,area,approx_perimeter,diameter
0,112.87599573574742,76.4531807144446,10.408305168151855
1,112.87599573574742,76.4531807144446,13.808029174804688
