,area,approx_perimeter,diameter
0,159.52387238268852,89.87334710667398,13.291199684143066
1,159.52387238268852,89.87334710667398,15.281698226928711
