,area,approx_perimeter,diameter
0,133.56114647806695,82.12327160901748,12.340254783630371
1,133.56114647806695,82.12327160901748,13.780536651611328
