,area,approx_perimeter,diameter
0,107.78310271126057,73.97404179580572,10.795633316040039
1,107.78310271126057,73.97404179580572,12.71196460723877
