,area,approx_perimeter,diameter
0,231.97167561145167,111.70803657804154,13.869729042053223
1,231.97167561145167,111.70803657804154,21.294973373413086
