,area,approx_perimeter,diameter
0,248.53883164753384,112.99585184579225,15.764491081237793
1,248.53883164753384,112.99585184579225,20.07356071472168
