,area,approx_perimeter,diameter
0,382.43535121246606,143.28926636207945,17.865997314453125
1,382.43535121246606,143.28926636207945,27.254667282104492
