,area,approx_perimeter,diameter
0,57.54848273407149,53.78458852180443,8.523354530334473
1,57.54848273407149,53.78458852180443,8.596733093261719
