,area,approx_perimeter,diameter
0,228.21230386450722,107.56658096349796,15.800065994262695
1,228.21230386450722,107.56658096349796,18.390361785888672
