,area,approx_perimeter,diameter
0,196.2342684729992,100.28720491181375,14.101883888244629
1,196.2342684729992,100.28720491181375,17.71772003173828
