,area,approx_perimeter,diameter
0,179.2974050766629,94.99629419134973,14.66896915435791
1,179.2974050766629,94.99629419134973,15.562685012817383
