,area,approx_perimeter,diameter
0,169.1714913367526,92.32904923088417,14.090709686279297
1,169.1714913367526,92.32904923088417,15.286372184753418
