,area,approx_perimeter,diameter
0,31.694649190603833,40.27017570089183,5.696369171142578
1,31.694649190603833,40.27017570089183,7.084316253662109
