,area,approx_perimeter,diameter
0,159.28448002690317,90.46970610121934,12.61204719543457
1,159.28448002690317,90.46970610121934,16.080442428588867
