,area,approx_perimeter,diameter
0,131.74432340077894,83.27071622531204,10.860340118408203
1,131.74432340077894,83.27071622531204,15.445380210876465
