,area,approx_perimeter,diameter
0,149.31919476945959,88.34167834945099,11.725852012634277
1,149.31919476945959,88.34167834945099,16.21367073059082
