,area,approx_perimeter,diameter
0,278.1708204821088,121.44402302683375,15.56635570526123
1,278.1708204821088,121.44402302683375,22.75279426574707
