,area,approx_perimeter,diameter
0,77.38435832130831,62.444508277292975,9.532633781433105
1,77.38435832130831,62.444508277292975,10.335949897766113
