,area,approx_perimeter,diameter
0,71.3157578067788,61.10445581322726,8.074867248535156
1,71.3157578067788,61.10445581322726,11.245019912719727
