,area,approx_perimeter,diameter
0,135.25582264105213,82.45622756007887,13.048527717590332
1,135.25582264105213,82.45622756007887,13.197892189025879
