,area,approx_perimeter,diameter
0,127.75855421396881,81.74265753164966,10.831099510192871
1,127.75855421396881,81.74265753164966,15.018534660339355
