,area,approx_perimeter,diameter
0,123.75412492554555,81.0015649569389,10.383301734924316
1,123.75412492554555,81.0015649569389,15.175196647644043
