,area,approx_perimeter,diameter
0,166.2346030368572,91.85733188114814,13.420022010803223
1,166.2346030368572,91.85733188114814,15.771693229675293
