,area,approx_perimeter,diameter
0,266.8902665586588,119.1766132268591,15.14771556854248
1,266.8902665586588,119.1766132268591,22.43343162536621
