,area,approx_perimeter,diameter
0,343.63834635878635,136.3852961506435,16.716989517211914
1,343.63834635878635,136.3852961506435,26.173009872436523
