,area,approx_perimeter,diameter
0,157.44681016717155,90.85951119938441,11.9617338180542
1,157.44681016717155,90.85951119938441,16.75906753540039
