,area,approx_perimeter,diameter
0,368.77643232224005,137.56760692527635,19.26046371459961
1,368.77643232224005,137.56760692527635,24.378475189208984
