,area,approx_perimeter,diameter
0,146.44635378644278,85.81915183363013,13.406411170959473
1,146.44635378644278,85.81915183363013,13.908367156982422
