,area,approx_perimeter,diameter
0,60.91147013437257,55.39507291594063,8.472526550292969
1,60.91147013437257,55.39507291594063,9.153691291809082
