,area,approx_perimeter,diameter
0,83.39006856594565,64.88639551499925,9.758955001831055
1,83.39006856594565,64.88639551499925,10.879805564880371
