,area,approx_perimeter,diameter
0,222.5265817680842,106.87227275140015,14.953778266906738
1,222.5265817680842,106.87227275140015,18.9470272064209
