,area,approx_perimeter,diameter
0,204.47062320737098,102.30154828479252,14.452835083007812
1,204.47062320737098,102.30154828479252,18.013080596923828
