,area,approx_perimeter,diameter
0,395.9055344072299,141.3514158209148,21.32073974609375
1,395.9055344072299,141.3514158209148,23.6428279876709
