,area,approx_perimeter,diameter
0,196.94880863347208,99.8378168337986,14.801274299621582
1,196.94880863347208,99.8378168337986,16.941987991333008
