,area,approx_perimeter,diameter
0,204.86102869897388,101.53008765372218,15.7267427444458
1,204.86102869897388,101.53008765372218,16.585580825805664
