,area,approx_perimeter,diameter
0,69.7152724073263,59.671873312238546,8.49578857421875
1,69.7152724073263,59.671873312238546,10.448028564453125
