,area,approx_perimeter,diameter
0,189.0692111967695,97.73613417315053,14.63523006439209
1,189.0692111967695,97.73613417315053,16.448692321777344
