,area,approx_perimeter,diameter
0,160.3553740507377,93.33181387293905,11.357961654663086
1,160.3553740507377,93.33181387293905,17.97600746154785
