,area,approx_perimeter,diameter
0,169.03113087751038,92.79511159363156,13.345855712890625
1,169.03113087751038,92.79511159363156,16.12613868713379
