,area,approx_perimeter,diameter
0,89.07810238449257,67.61518109737139,9.463088989257812
1,89.07810238449257,67.61518109737139,11.985279083251953
