,area,approx_perimeter,diameter
0,46.82068853323838,48.63062570009983,7.2934184074401855
1,46.82068853323838,48.63062570009983,8.173664093017578
