,area,approx_perimeter,diameter
0,103.43922297442218,72.31982059017969,10.778444290161133
1,103.43922297442218,72.31982059017969,12.219101905822754
