,area,approx_perimeter,diameter
0,106.00309308785496,73.24135847499437,10.864084243774414
1,106.00309308785496,73.24135847499437,12.423258781433105
