,area,approx_perimeter,diameter
0,294.16980796881177,121.70757715759417,18.7002010345459
1,294.16980796881177,121.70757715759417,20.029123306274414
