,area,approx_perimeter,diameter
0,95.7582331977772,69.74509593127563,10.152602195739746
1,95.7582331977772,69.74509593127563,12.009056091308594
