,area,approx_perimeter,diameter
0,202.1375240653226,101.27963271059528,14.813944816589355
1,202.1375240653226,101.27963271059528,17.37346076965332
