,area,approx_perimeter,diameter
0,98.38990425977023,70.50805541307096,10.552397727966309
1,98.38990425977023,70.50805541307096,11.871606826782227
