,area,approx_perimeter,diameter
0,118.46289942127054,77.25836778221341,11.800446510314941
1,118.46289942127054,77.25836778221341,12.781859397888184
