,area,approx_perimeter,diameter
0,277.74953276098563,119.06709186564123,16.993745803833008
1,277.74953276098563,119.06709186564123,20.810108184814453
