,area,approx_perimeter,diameter
0,70.38319706477068,61.58947937761547,7.617155075073242
1,70.38319706477068,61.58947937761547,11.764847755432129
