,area,approx_perimeter,diameter
0,99.05401611906198,70.62967973924007,10.835826873779297
1,99.05401611906198,70.62967973924007,11.639120101928711
