,area,approx_perimeter,diameter
0,111.42183127997812,74.87129218576621,11.62267017364502
1,111.42183127997812,74.87129218576621,12.206031799316406
