,area,approx_perimeter,diameter
0,227.61997498539185,107.04750561929318,16.48541831970215
1,227.61997498539185,107.04750561929318,17.580066680908203
