,area,approx_perimeter,diameter
0,30.43517063057335,40.52652940562637,4.998781681060791
1,30.43517063057335,40.52652940562637,7.75214147567749
