,area,approx_perimeter,diameter
0,188.2012623340855,98.1513321409245,13.862383842468262
1,188.2012623340855,98.1513321409245,17.286008834838867
