,area,approx_perimeter,diameter
0,274.5005523827718,118.31314382521192,16.947492599487305
1,274.5005523827718,118.31314382521192,20.622812271118164
