,area,approx_perimeter,diameter
0,285.8253480002602,120.12872732135543,18.067424774169922
1,285.8253480002602,120.12872732135543,20.14255714416504
