,area,approx_perimeter,diameter
0,223.90837951526396,109.65134094496426,13.665949821472168
1,223.90837951526396,109.65134094496426,20.861265182495117
