,area,approx_perimeter,diameter
0,136.7299945467099,83.5341832557863,11.929217338562012
1,136.7299945467099,83.5341832557863,14.593584060668945
