,area,approx_perimeter,diameter
0,36.5232365542601,43.51999123419047,5.900660037994385
1,36.5232365542601,43.51999123419047,7.880953788757324
