,area,approx_perimeter,diameter
0,312.87802091048525,125.47958319329331,19.41307830810547
1,312.87802091048525,125.47958319329331,20.520633697509766
