,area,approx_perimeter,diameter
0,105.55956944034477,73.41853686038316,10.46180248260498
1,105.55956944034477,73.41853686038316,12.84698486328125
