,area,approx_perimeter,diameter
0,337.21018757034506,131.0252696249204,18.89281463623047
1,337.21018757034506,131.0252696249204,22.725536346435547
