,area,approx_perimeter,diameter
0,93.08049957106634,68.47973801889819,10.468912124633789
1,93.08049957106634,68.47973801889819,11.32054328918457
