,area,approx_perimeter,diameter
0,242.98456057107063,111.46177234757457,15.80713939666748
1,242.98456057107063,111.46177234757457,19.57201385498047
