,area,approx_perimeter,diameter
0,154.7613057190548,90.02666005442076,11.888545989990234
1,154.7613057190548,90.02666005442076,16.574626922607422
