,area,approx_perimeter,diameter
0,63.36893948785804,56.49752193273099,8.65237045288086
1,63.36893948785804,56.49752193273099,9.325056076049805
