,area,approx_perimeter,diameter
0,164.29014941862846,92.9670850612026,12.138982772827148
1,164.29014941862846,92.9670850612026,17.232145309448242
