,area,approx_perimeter,diameter
0,29.250020130278287,38.592009615070204,5.561540126800537
1,29.250020130278287,38.592009615070204,6.696397304534912
