,area,approx_perimeter,diameter
0,117.12193986392604,76.88337140899534,11.59339714050293
1,117.12193986392604,76.88337140899534,12.862863540649414
