,area,approx_perimeter,diameter
0,228.6258529203539,107.261722864855,16.597877502441406
1,228.6258529203539,107.261722864855,17.538114547729492
