,area,approx_perimeter,diameter
0,157.7411750851755,89.58412626338078,12.953728675842285
1,157.7411750851755,89.58412626338078,15.504593849182129
