,area,approx_perimeter,diameter
0,143.415980163112,84.93174717400821,13.239368438720703
1,143.415980163112,84.93174717400821,13.792417526245117
