,area,approx_perimeter,diameter
0,349.24495891895106,142.01374981583785,15.479275703430176
1,349.24495891895106,142.01374981583785,28.726957321166992
