,area,approx_perimeter,diameter
0,50.181885511704415,50.4531527634655,7.393199443817139
1,50.181885511704415,50.4531527634655,8.642207145690918
