,area,approx_perimeter,diameter
0,107.58521255020605,73.72079944060941,11.048993110656738
1,107.58521255020605,73.72079944060941,12.39766788482666
