,area,approx_perimeter,diameter
0,273.37683796041847,121.20257722145953,15.08314037322998
1,273.37683796041847,121.20257722145953,23.077037811279297
