,area,approx_perimeter,diameter
0,78.78303832796763,63.57437461127614,8.910386085510254
1,78.78303832796763,63.57437461127614,11.257613182067871
