,area,approx_perimeter,diameter
0,127.57464782703104,80.40330362703246,11.841643333435059
1,127.57464782703104,80.40330362703246,13.717106819152832
