,area,approx_perimeter,diameter
0,158.75312783061565,90.1301758546259,12.745363235473633
1,158.75312783061565,90.1301758546259,15.859160423278809
