,area,approx_perimeter,diameter
0,211.4814602440001,103.45348141252899,15.340947151184082
1,211.4814602440001,103.45348141252899,17.552146911621094
