,area,approx_perimeter,diameter
0,119.87419988006732,78.6745616433349,10.801844596862793
1,119.87419988006732,78.6745616433349,14.129861831665039
