,area,approx_perimeter,diameter
0,273.3515241873182,119.85548856541618,15.689966201782227
1,273.3515241873182,119.85548856541618,22.18245506286621
