,area,approx_perimeter,diameter
0,47.976979872790345,50.41458643572274,6.474416255950928
1,47.976979872790345,50.41458643572274,9.43501091003418
