,area,approx_perimeter,diameter
0,206.46069819857948,102.40147706467074,14.918088912963867
1,206.46069819857948,102.40147706467074,17.621152877807617
