,area,approx_perimeter,diameter
0,278.93814651003646,119.25541786353487,17.093976974487305
1,278.93814651003646,119.25541786353487,20.776620864868164
