,area,approx_perimeter,diameter
0,84.78179835047459,65.49475858807864,9.725366592407227
1,84.78179835047459,65.49475858807864,11.09958553314209
