,area,approx_perimeter,diameter
0,180.7519503178063,95.56703327592305,14.301506042480469
1,180.7519503178063,95.56703327592305,16.09204864501953
