,area,approx_perimeter,diameter
0,226.14216161359025,108.64869703140998,14.468887329101562
1,226.14216161359025,108.64869703140998,19.900157928466797
