,area,approx_perimeter,diameter
0,201.20291121082715,101.20505190254295,14.598440170288086
1,201.20291121082715,101.20505190254295,17.548416137695312
