,area,approx_perimeter,diameter
0,347.79054553205987,132.89749506044603,19.372802734375
1,347.79054553205987,132.89749506044603,22.857852935791016
