,area,approx_perimeter,diameter
0,136.0549903316392,83.81141151474895,11.511208534240723
1,136.0549903316392,83.81141151474895,15.04886245727539
