,area,approx_perimeter,diameter
0,82.51959680420707,65.28631307956776,8.954721450805664
1,82.51959680420707,65.28631307956776,11.733163833618164
