,area,approx_perimeter,diameter
0,217.5199950416611,107.64330366294014,13.651845932006836
1,217.5199950416611,107.64330366294014,20.287004470825195
