,area,approx_perimeter,diameter
0,255.8098796688064,115.66712624901173,15.32662296295166
1,255.8098796688064,115.66712624901173,21.25107765197754
