,area,approx_perimeter,diameter
0,99.34068043461566,70.84528784415757,10.607728004455566
1,99.34068043461566,70.84528784415757,11.923805236816406
