,area,approx_perimeter,diameter
0,69.76204732240569,59.61298442416625,8.575257301330566
1,69.76204732240569,59.61298442416625,10.358149528503418
