,area,approx_perimeter,diameter
0,2.8545428666431056,13.763946761493289,1.2219980955123901
1,2.8545428666431056,13.763946761493289,2.974241018295288
2,2.8545428666431056,13.763946761493289,4.507714748382568
3,2.8545428666431056,13.763946761493289,6.165070533752441
