,area,approx_perimeter,diameter
0,96.84692599045192,69.78475828540908,10.928894996643066
1,96.84692599045192,69.78475828540908,11.282873153686523
