,area,approx_perimeter,diameter
0,140.0336263555195,84.75247779688779,11.884103775024414
1,140.0336263555195,84.75247779688779,15.002927780151367
