,area,approx_perimeter,diameter
0,81.9549747223103,64.4361430764398,9.50110912322998
1,81.9549747223103,64.4361430764398,10.98275089263916
