,area,approx_perimeter,diameter
0,251.82846812599317,113.35035307801802,16.204906463623047
1,251.82846812599317,113.35035307801802,19.786474227905273
