,area,approx_perimeter,diameter
0,37.50097837645191,44.23361787134961,5.8979878425598145
1,37.50097837645191,44.23361787134961,8.095596313476562
