,area,approx_perimeter,diameter
0,174.60406258599951,96.1928103573063,12.343464851379395
1,174.60406258599951,96.1928103573063,18.01056671142578
