,area,approx_perimeter,diameter
0,77.02024625431707,62.795628810795975,8.862855911254883
1,77.02024625431707,62.795628810795975,11.064743041992188
