,area,approx_perimeter,diameter
0,247.50632917316997,112.74965742491472,15.740477561950684
1,247.50632917316997,112.74965742491472,20.020666122436523
