,area,approx_perimeter,diameter
0,115.54149234936617,77.0610073776583,10.73483657836914
1,115.54149234936617,77.0610073776583,13.704167366027832
