,area,approx_perimeter,diameter
0,39.93761492929995,45.15066716324361,6.443180561065674
1,39.93761492929995,45.15066716324361,7.892088413238525
