,area,approx_perimeter,diameter
0,141.14901510599157,85.42204950605523,11.686453819274902
1,141.14901510599157,85.42204950605523,15.378190040588379
