,area,approx_perimeter,diameter
0,231.98972380250981,111.89155205150773,13.799867630004883
1,231.98972380250981,111.89155205150773,21.404443740844727
