,area,approx_perimeter,diameter
0,109.09077543217397,74.29653086327109,11.026918411254883
1,109.09077543217397,74.29653086327109,12.596328735351562
