,area,approx_perimeter,diameter
0,79.89238741088475,63.41119925615977,9.795133590698242
1,79.89238741088475,63.41119925615977,10.384967803955078
