,area,approx_perimeter,diameter
0,123.88421248475525,78.99117159287778,12.108112335205078
1,123.88421248475525,78.99117159287778,13.027156829833984
