,area,approx_perimeter,diameter
0,147.74661366586372,87.15991425117342,12.124899864196777
1,147.74661366586372,87.15991425117342,15.514918327331543
