,area,approx_perimeter,diameter
0,74.99978431928896,61.56848794861855,9.197684288024902
1,74.99978431928896,61.56848794861855,10.382253646850586
