,area,approx_perimeter,diameter
0,94.91669563148544,69.91622008750713,9.676474571228027
1,94.91669563148544,69.91622008750713,12.489227294921875
