,area,approx_perimeter,diameter
0,103.14819410761457,72.45124195516466,10.46487045288086
1,103.14819410761457,72.45124195516466,12.54983139038086
