,area,approx_perimeter,diameter
0,46.00310359360823,49.553580580926294,6.256219863891602
1,46.00310359360823,49.553580580926294,9.362358093261719
