,area,approx_perimeter,diameter
0,144.41186168930423,86.81175293251972,11.568778038024902
1,144.41186168930423,86.81175293251972,15.893717765808105
