,area,approx_perimeter,diameter
0,87.51235574509528,66.85358794306484,9.52086353302002
1,87.51235574509528,66.85358794306484,11.703160285949707
