,area,approx_perimeter,diameter
0,221.4474249689419,106.8057272099507,14.770795822143555
1,221.4474249689419,106.8057272099507,19.088722229003906
