,area,approx_perimeter,diameter
0,58.25613877190343,54.830199721355534,7.540931224822998
1,58.25613877190343,54.830199721355534,9.836188316345215
