,area,approx_perimeter,diameter
0,53.425122472734394,52.136156523623406,7.537675857543945
1,53.425122472734394,52.136156523623406,9.024396896362305
