,area,approx_perimeter,diameter
0,182.8924916672483,97.51243873506772,13.126707077026367
1,182.8924916672483,97.51243873506772,17.73986053466797
