,area,approx_perimeter,diameter
0,83.29810698378162,65.82332580869723,8.849654197692871
1,83.29810698378162,65.82332580869723,11.98447322845459
