,area,approx_perimeter,diameter
0,118.10832050572186,77.59848977496934,11.12515640258789
1,118.10832050572186,77.59848977496934,13.517129898071289
