,area,approx_perimeter,diameter
0,121.06801182453736,78.4133269154933,11.42638111114502
1,121.06801182453736,78.4133269154933,13.490586280822754
