,area,approx_perimeter,diameter
0,149.87457477776834,87.90430691050035,12.1243257522583
1,149.87457477776834,87.90430691050035,15.739121437072754
