,area,approx_perimeter,diameter
0,156.58536310574652,88.83193176782551,13.546907424926758
1,156.58536310574652,88.83193176782551,14.717061996459961
