,area,approx_perimeter,diameter
0,151.6323818874037,87.45474264743336,13.24245834350586
1,151.6323818874037,87.45474264743336,14.579192161560059
