,area,approx_perimeter,diameter
0,128.34745369194943,80.40374203574117,12.318096160888672
1,128.34745369194943,80.40374203574117,13.2664213180542
