,area,approx_perimeter,diameter
0,308.5279188372501,127.43488608403318,16.61757469177246
1,308.5279188372501,127.43488608403318,23.639427185058594
