,area,approx_perimeter,diameter
0,82.48431596564066,64.46950964135817,9.841361045837402
1,82.48431596564066,64.46950964135817,10.671521186828613
