,area,approx_perimeter,diameter
0,210.31495833716204,103.05037198665264,15.490344047546387
1,210.31495833716204,103.05037198665264,17.286983489990234
