,area,approx_perimeter,diameter
0,191.76471577259602,98.89108244974888,14.16251277923584
1,191.76471577259602,98.89108244974888,17.240049362182617
