,area,approx_perimeter,diameter
0,130.06740004285578,81.28559170016646,11.831608772277832
1,130.06740004285578,81.28559170016646,13.996994018554688
