,area,approx_perimeter,diameter
0,174.49746562164094,95.02452750638801,12.963221549987793
1,174.49746562164094,95.02452750638801,17.1390323638916
