,area,approx_perimeter,diameter
0,95.28075360889505,69.50556583215233,10.207310676574707
1,95.28075360889505,69.50556583215233,11.885130882263184
