,area,approx_perimeter,diameter
0,213.07934339593285,105.3419384610246,14.115314483642578
1,213.07934339593285,105.3419384610246,19.220333099365234
