,area,approx_perimeter,diameter
0,330.9153541218994,131.32842609776935,17.560514450073242
1,330.9153541218994,131.32842609776935,23.993289947509766
