,area,approx_perimeter,diameter
0,92.04050682903849,69.20385752751045,9.294973373413086
1,92.04050682903849,69.20385752751045,12.607848167419434
