,area,approx_perimeter,diameter
0,139.13454719303925,85.67694701418066,11.109827995300293
1,139.13454719303925,85.67694701418066,15.945486068725586
