,area,approx_perimeter,diameter
0,95.79260459469815,69.58574730032633,10.387978553771973
1,95.79260459469815,69.58574730032633,11.741161346435547
