,area,approx_perimeter,diameter
0,192.88785388765092,98.56377262676033,15.11211109161377
1,192.88785388765092,98.56377262676033,16.251365661621094
