,area,approx_perimeter,diameter
0,167.95839307268065,91.97891773042684,14.088493347167969
1,167.95839307268065,91.97891773042684,15.179143905639648
