,area,approx_perimeter,diameter
0,377.9811587106982,138.3794930798563,20.406566619873047
1,377.9811587106982,138.3794930798563,23.5836124420166
