,area,approx_perimeter,diameter
0,123.52507696917735,79.05147914031984,11.745293617248535
1,123.52507696917735,79.05147914031984,13.390641212463379
