,area,approx_perimeter,diameter
0,156.01869374871328,89.35870597002976,12.628074645996094
1,156.01869374871328,89.35870597002976,15.730756759643555
