,area,approx_perimeter,diameter
0,111.17949652921875,75.19545921191553,10.890063285827637
1,111.17949652921875,75.19545921191553,12.998834609985352
