,area,approx_perimeter,diameter
0,111.25190757746527,75.58792609353624,10.55624771118164
1,111.25190757746527,75.58792609353624,13.418624877929688
