,area,approx_perimeter,diameter
0,241.2461450189722,112.00398611910289,15.069642066955566
1,241.2461450189722,112.00398611910289,20.38297462463379
