,area,approx_perimeter,diameter
0,202.4827012369673,102.28191859827714,14.017219543457031
1,202.4827012369673,102.28191859827714,18.392305374145508
