,area,approx_perimeter,diameter
0,297.1846311293576,122.30046138304998,18.890050888061523
1,297.1846311293576,122.30046138304998,20.03103256225586
