,area,approx_perimeter,diameter
0,237.62009024087033,110.2489085268083,15.610062599182129
1,237.62009024087033,110.2489085268083,19.381555557250977
