,area,approx_perimeter,diameter
0,229.44835534271266,109.04447039818595,14.81257438659668
1,229.44835534271266,109.04447039818595,19.72261619567871
