,area,approx_perimeter,diameter
0,161.75835023065414,91.83680039964126,12.267382621765137
1,161.75835023065414,91.83680039964126,16.789003372192383
