,area,approx_perimeter,diameter
0,111.44110273099997,74.98382148787984,11.332134246826172
1,111.44110273099997,74.98382148787984,12.521138191223145
