,area,approx_perimeter,diameter
0,84.68074678112397,65.40725378322519,9.79737377166748
1,84.68074678112397,65.40725378322519,11.004875183105469
