,area,approx_perimeter,diameter
0,117.76020154586632,77.21233371601694,11.427363395690918
1,117.76020154586632,77.21233371601694,13.120869636535645
