,area,approx_perimeter,diameter
0,481.4464736208642,156.5740422566628,22.55918312072754
1,481.4464736208642,156.5740422566628,27.172822952270508
