,area,approx_perimeter,diameter
0,201.5371963115534,101.6578429091127,14.270888328552246
1,201.5371963115534,101.6578429091127,17.981019973754883
