,area,approx_perimeter,diameter
0,63.48200359183895,57.82374785081195,7.5284743309021
1,63.48200359183895,57.82374785081195,10.736278533935547
