,area,approx_perimeter,diameter
0,315.4147017733509,128.3970841326022,17.041227340698242
1,315.4147017733509,128.3970841326022,23.566287994384766
