,area,approx_perimeter,diameter
0,95.58523120113892,70.76855088380003,9.333935737609863
1,95.58523120113892,70.76855088380003,13.0387544631958
