,area,approx_perimeter,diameter
0,306.27257002711946,125.17370977956591,17.715511322021484
1,306.27257002711946,125.17370977956591,22.01225471496582
