,area,approx_perimeter,diameter
0,147.3261847467381,87.02146352057234,12.1185941696167
1,147.3261847467381,87.02146352057234,15.478818893432617
