,area,approx_perimeter,diameter
0,145.95488723004874,86.90392890881691,11.857176780700684
1,145.95488723004874,86.90392890881691,15.672831535339355
