,area,approx_perimeter,diameter
0,160.06339091631102,89.8142874023121,13.69354248046875
1,160.06339091631102,89.8142874023121,14.882857322692871
