,area,approx_perimeter,diameter
0,278.02668705948895,120.61139262204105,15.964016914367676
1,278.02668705948895,120.61139262204105,22.174530029296875
