,area,approx_perimeter,diameter
0,157.54764105484273,89.62808345112994,12.84395980834961
1,157.54764105484273,89.62808345112994,15.617916107177734
