,area,approx_perimeter,diameter
0,146.73264688549236,85.98551296032413,13.129396438598633
1,146.73264688549236,85.98551296032413,14.229580879211426
