,area,approx_perimeter,diameter
0,227.07143105266096,107.56004094797095,15.461318969726562
1,227.07143105266096,107.56004094797095,18.699331283569336
