,area,approx_perimeter,diameter
0,136.92064187084262,83.15479051706812,12.485278129577637
1,136.92064187084262,83.15479051706812,13.963067054748535
