,area,approx_perimeter,diameter
0,299.7419878038995,125.42394676033837,16.473495483398438
1,299.7419878038995,125.42394676033837,23.1671142578125
