,area,approx_perimeter,diameter
0,112.79095729658367,76.06089619429709,10.667346954345703
1,112.79095729658367,76.06089619429709,13.462570190429688
