,area,approx_perimeter,diameter
0,212.7607892647375,103.96247949198899,15.131900787353516
1,212.7607892647375,103.96247949198899,17.90227508544922
