,area,approx_perimeter,diameter
0,190.21883624523008,100.26943763528683,12.94605827331543
1,190.21883624523008,100.26943763528683,18.707944869995117
