,area,approx_perimeter,diameter
0,209.29866577215597,106.37035973091906,13.072369575500488
1,209.29866577215597,106.37035973091906,20.385541915893555
