,area,approx_perimeter,diameter
0,128.92589447359265,80.54493086432687,12.473918914794922
1,128.92589447359265,80.54493086432687,13.159741401672363
