,area,approx_perimeter,diameter
0,122.01322781601813,78.55322514045179,11.693178176879883
1,122.01322781601813,78.55322514045179,13.285700798034668
