,area,approx_perimeter,diameter
0,334.84388978298983,130.4371728433311,18.966079711914062
1,334.84388978298983,130.4371728433311,22.478893280029297
