,area,approx_perimeter,diameter
0,111.74776823220617,75.14131325608753,11.247138977050781
1,111.74776823220617,75.14131325608753,12.650477409362793
