,area,approx_perimeter,diameter
0,89.47451470161674,67.12949008340868,10.293060302734375
1,89.47451470161674,67.12949008340868,11.067893028259277
