,area,approx_perimeter,diameter
0,141.5275223448638,85.04397346786173,12.08381462097168
1,141.5275223448638,85.04397346786173,14.91238021850586
