,area,approx_perimeter,diameter
0,324.7220830254647,128.98222028896154,18.16118812561035
1,324.7220830254647,128.98222028896154,22.765525817871094
