,area,approx_perimeter,diameter
0,480.53164460812667,160.3885854997938,20.121337890625
1,480.53164460812667,160.3885854997938,30.40711784362793
