,area,approx_perimeter,diameter
0,109.26244758593899,74.40711675953878,10.961777687072754
1,109.26244758593899,74.40711675953878,12.691123008728027
