,area,approx_perimeter,diameter
0,131.56418979333472,81.75383281089579,11.897324562072754
1,131.56418979333472,81.75383281089579,14.079865455627441
