,area,approx_perimeter,diameter
0,341.90205247438814,131.8925535494892,19.067419052124023
1,341.90205247438814,131.8925535494892,22.83073616027832
