,area,approx_perimeter,diameter
0,224.32641025875233,106.32836136846029,16.205350875854492
1,224.32641025875233,106.32836136846029,17.625120162963867
