,area,approx_perimeter,diameter
0,81.19577811460282,63.94326539893925,9.820420265197754
1,81.19577811460282,63.94326539893925,10.527215003967285
