,area,approx_perimeter,diameter
0,32.203816057155436,40.6355997586051,5.705411434173584
1,32.203816057155436,40.6355997586051,7.186716079711914
