,area,approx_perimeter,diameter
0,101.91188896503652,72.12430096009116,10.293133735656738
1,101.91188896503652,72.12430096009116,12.606291770935059
