,area,approx_perimeter,diameter
0,96.7374990604282,70.03620310884506,10.283343315124512
1,96.7374990604282,70.03620310884506,11.977622985839844
