,area,approx_perimeter,diameter
0,246.53910919622564,113.04654345340828,15.345466613769531
1,246.53910919622564,113.04654345340828,20.45577049255371
