,area,approx_perimeter,diameter
0,143.49876517114632,85.21228920699343,12.645842552185059
1,143.49876517114632,85.21228920699343,14.448092460632324
