,area,approx_perimeter,diameter
0,123.22038259655588,79.47591355662563,11.169103622436523
1,123.22038259655588,79.47591355662563,14.046701431274414
