,area,approx_perimeter,diameter
0,97.09374782976727,69.96326669143481,10.6365385055542
1,97.09374782976727,69.96326669143481,11.622540473937988
