,area,approx_perimeter,diameter
0,153.5173858928339,87.87054965364098,13.704690933227539
1,153.5173858928339,87.87054965364098,14.262591361999512
