,area,approx_perimeter,diameter
0,89.70819419732213,68.06531745276048,9.340252876281738
1,89.70819419732213,68.06531745276048,12.228793144226074
