,area,approx_perimeter,diameter
0,100.03133741994061,70.92335612315382,11.103325843811035
1,100.03133741994061,70.92335612315382,11.470784187316895
