,area,approx_perimeter,diameter
0,161.3978095203164,91.53919304564252,12.370505332946777
1,161.3978095203164,91.53919304564252,16.6119384765625
