,area,approx_perimeter,diameter
0,118.72666601972237,79.91322469890174,9.924225807189941
1,118.72666601972237,79.91322469890174,15.232169151306152
