,area,approx_perimeter,diameter
0,251.27400035796794,112.73547244084489,16.769855499267578
1,251.27400035796794,112.73547244084489,19.077802658081055
