,area,approx_perimeter,diameter
0,244.31616069460495,113.12445135703075,14.931670188903809
1,244.31616069460495,113.12445135703075,20.833101272583008
