,area,approx_perimeter,diameter
0,99.04185845056415,74.07856073226513,8.67806339263916
1,99.04185845056415,74.07856073226513,14.531353950500488
