,area,approx_perimeter,diameter
0,30.225380333278068,39.02842130695573,5.95148229598999
1,30.225380333278068,39.02842130695573,6.466313362121582
