,area,approx_perimeter,diameter
0,122.11384635005895,80.26006362104332,10.410786628723145
1,122.11384635005895,80.26006362104332,14.934527397155762
