,area,approx_perimeter,diameter
0,94.5335685937579,69.51694437656819,9.865127563476562
1,94.5335685937579,69.51694437656819,12.200944900512695
