,area,approx_perimeter,diameter
0,89.56909970829906,67.57623648517863,9.68795394897461
1,89.56909970829906,67.57623648517863,11.771620750427246
