,area,approx_perimeter,diameter
0,241.3741544627636,111.68663283119034,15.295393943786621
1,241.3741544627636,111.68663283119034,20.092788696289062
