,area,approx_perimeter,diameter
0,56.754379379776466,53.895746944170014,7.6157073974609375
1,56.754379379776466,53.895746944170014,9.488536834716797
