,area,approx_perimeter,diameter
0,163.17425828095924,91.97770329729964,12.478545188903809
1,163.17425828095924,91.97770329729964,16.649370193481445
