,area,approx_perimeter,diameter
0,252.71718529088747,113.86186468680447,15.959723472595215
1,252.71718529088747,113.86186468680447,20.161346435546875
