,area,approx_perimeter,diameter
0,135.63058752751178,82.86474430068237,12.26284122467041
1,135.63058752751178,82.86474430068237,14.082399368286133
