,area,approx_perimeter,diameter
0,40.29289506749895,45.90612833725088,6.082479953765869
1,40.29289506749895,45.90612833725088,8.43447208404541
