,area,approx_perimeter,diameter
0,106.0598541793694,73.33591032127566,10.763962745666504
1,106.0598541793694,73.33591032127566,12.545528411865234
