,area,approx_perimeter,diameter
0,118.37484054426984,77.66785552192495,11.155790328979492
1,118.37484054426984,77.66785552192495,13.510430335998535
