,area,approx_perimeter,diameter
0,91.75318170504093,68.3051126670479,9.899356842041016
1,91.75318170504093,68.3051126670479,11.801148414611816
