,area,approx_perimeter,diameter
0,215.51837133540798,104.43694986935486,15.485587120056152
1,215.51837133540798,104.43694986935486,17.720123291015625
