,area,approx_perimeter,diameter
0,184.02076887626356,96.20842604291316,14.987601280212402
1,184.02076887626356,96.20842604291316,15.633090019226074
