,area,approx_perimeter,diameter
0,141.62399246218715,84.91081936437685,12.245828628540039
1,141.62399246218715,84.91081936437685,14.725117683410645
