,area,approx_perimeter,diameter
0,55.53896675784329,53.086221081834715,7.767452716827393
1,55.53896675784329,53.086221081834715,9.103938102722168
