,area,approx_perimeter,diameter
0,109.67161138668934,75.45084457116445,10.201769828796387
1,109.67161138668934,75.45084457116445,13.687647819519043
