,area,approx_perimeter,diameter
0,422.5971657995579,155.1939000062181,17.292749404907227
1,422.5971657995579,155.1939000062181,31.115203857421875
