,area,approx_perimeter,diameter
0,117.00216066602667,78.65367430993103,10.146368980407715
1,117.00216066602667,78.65367430993103,14.68227481842041
