,area,approx_perimeter,diameter
0,91.71395689733309,68.31675422160689,9.868734359741211
1,91.71395689733309,68.31675422160689,11.832706451416016
