,area,approx_perimeter,diameter
0,67.43334334571287,58.241012950026835,9.064994812011719
1,67.43334334571287,58.241012950026835,9.471467018127441
