,area,approx_perimeter,diameter
0,61.64748631675587,56.107609514672724,7.994081974029541
1,61.64748631675587,56.107609514672724,9.818765640258789
