,area,approx_perimeter,diameter
0,235.67432479017347,111.74319054375961,14.346599578857422
1,235.67432479017347,111.74319054375961,20.915748596191406
