,area,approx_perimeter,diameter
0,67.33778272685808,58.83452339259861,8.191271781921387
1,67.33778272685808,58.83452339259861,10.466888427734375
