,area,approx_perimeter,diameter
0,148.70726888586177,86.87190259807696,12.70255184173584
1,148.70726888586177,86.87190259807696,14.905664443969727
