,area,approx_perimeter,diameter
0,75.48322699714842,61.718073794253236,9.31441593170166
1,75.48322699714842,61.718073794253236,10.31822395324707
