,area,approx_perimeter,diameter
0,43.03446353697742,46.68156541332139,6.900436878204346
1,43.03446353697742,46.68156541332139,7.940537929534912
