,area,approx_perimeter,diameter
0,188.23134750756086,97.50275010033319,14.631697654724121
1,188.23134750756086,97.50275010033319,16.37975311279297
