,area,approx_perimeter,diameter
0,27.726157577740796,37.35542823946244,5.77169132232666
1,27.726157577740796,37.35542823946244,6.1164116859436035
