,area,approx_perimeter,diameter
0,202.42005946860618,101.35106612443967,14.82346248626709
1,202.42005946860618,101.35106612443967,17.386573791503906
