,area,approx_perimeter,diameter
0,121.11085623297895,78.41296325729917,11.445303916931152
1,121.11085623297895,78.41296325729917,13.473048210144043
