,area,approx_perimeter,diameter
0,112.64918323839508,76.92914638098692,10.078644752502441
1,112.64918323839508,76.92914638098692,14.231019973754883
