,area,approx_perimeter,diameter
0,368.0228613413182,137.1074388042928,19.514657974243164
1,368.0228613413182,137.1074388042928,24.01175880432129
