,area,approx_perimeter,diameter
0,95.95660830483739,71.04984390970606,9.276951789855957
1,95.95660830483739,71.04984390970606,13.169816017150879
