,area,approx_perimeter,diameter
0,47.71489677140363,50.543784017940226,6.339117050170898
1,47.71489677140363,50.543784017940226,9.583746910095215
