,area,approx_perimeter,diameter
0,205.83409468137071,102.3194026253972,14.812383651733398
1,205.83409468137071,102.3194026253972,17.69304084777832
