,area,approx_perimeter,diameter
0,37.1084472664756,43.32710546910655,6.438966751098633
1,37.1084472664756,43.32710546910655,7.3378143310546875
