,area,approx_perimeter,diameter
0,120.2591498029296,78.4896399161596,11.055301666259766
1,120.2591498029296,78.4896399161596,13.850251197814941
