,area,approx_perimeter,diameter
0,190.8195629938733,98.30751798314894,14.518413543701172
1,190.8195629938733,98.30751798314894,16.734542846679688
