,area,approx_perimeter,diameter
0,100.23855700640244,71.16420433913747,10.656458854675293
1,100.23855700640244,71.16420433913747,11.976557731628418
