,area,approx_perimeter,diameter
0,222.75966226937123,107.84197294358539,14.355237007141113
1,222.75966226937123,107.84197294358539,19.7576961517334
