,area,approx_perimeter,diameter
0,327.08573163473676,133.87817750906854,16.015356063842773
1,327.08573163473676,133.87817750906854,26.003698348999023
