,area,approx_perimeter,diameter
0,80.257062624094,64.53252279032742,8.734527587890625
1,80.257062624094,64.53252279032742,11.699140548706055
