,area,approx_perimeter,diameter
0,63.24998002172665,56.51843685753352,8.484160423278809
1,63.24998002172665,56.51843685753352,9.492085456848145
