,area,approx_perimeter,diameter
0,265.21363252857736,115.81145705356992,17.242490768432617
1,265.21363252857736,115.81145705356992,19.584205627441406
