,area,approx_perimeter,diameter
0,48.60906190381549,52.236247487673786,5.976311683654785
1,48.60906190381549,52.236247487673786,10.356049537658691
