,area,approx_perimeter,diameter
0,92.76325838205459,69.85122462746179,9.124523162841797
1,92.76325838205459,69.85122462746179,12.944221496582031
