,area,approx_perimeter,diameter
0,183.76169685471328,96.7983621068318,13.870889663696289
1,183.76169685471328,96.7983621068318,16.867891311645508
