,area,approx_perimeter,diameter
0,116.70978784727737,76.64501632037195,11.82847785949707
1,116.70978784727737,76.64501632037195,12.562860488891602
