,area,approx_perimeter,diameter
0,96.1221406828918,69.8814564176557,10.167287826538086
1,96.1221406828918,69.8814564176557,12.03728199005127
