,area,approx_perimeter,diameter
0,28.79490463199492,38.254558646599584,5.557244777679443
1,28.79490463199492,38.254558646599584,6.597300052642822
