,area,approx_perimeter,diameter
0,122.75155705108722,78.803343907129,11.708816528320312
1,122.75155705108722,78.803343907129,13.348243713378906
