,area,approx_perimeter,diameter
0,59.503798129781174,55.62880260721283,7.482335090637207
1,59.503798129781174,55.62880260721283,10.125527381896973
