,area,approx_perimeter,diameter
0,116.2968003474803,78.22803718078998,10.208136558532715
1,116.2968003474803,78.22803718078998,14.505456924438477
