,area,approx_perimeter,diameter
0,353.1531896896399,136.75362220941724,17.577844619750977
1,353.1531896896399,136.75362220941724,25.58041763305664
