,area,approx_perimeter,diameter
0,131.01765812324695,82.2610565443569,11.285208702087402
1,131.01765812324695,82.2610565443569,14.781903266906738
