,area,approx_perimeter,diameter
0,52.52453554491255,51.51293158966137,7.715787887573242
1,52.52453554491255,51.51293158966137,8.667464256286621
