,area,approx_perimeter,diameter
0,125.60500739629472,80.54316695128736,11.05016803741455
1,125.60500739629472,80.54316695128736,14.472654342651367
