,area,approx_perimeter,diameter
0,154.99611721836195,88.97395994477885,12.668375015258789
1,154.99611721836195,88.97395994477885,15.577939987182617
