,area,approx_perimeter,diameter
0,142.45716163632892,85.83366194922888,11.729291915893555
1,142.45716163632892,85.83366194922888,15.464027404785156
