,area,approx_perimeter,diameter
0,117.63378443311255,77.88775248047868,10.73410415649414
1,117.63378443311255,77.88775248047868,13.953282356262207
