,area,approx_perimeter,diameter
0,168.21452402988024,92.47315365580411,13.41772174835205
1,168.21452402988024,92.47315365580411,15.962276458740234
