,area,approx_perimeter,diameter
0,608.6156995362861,176.8535520898171,24.644939422607422
1,608.6156995362861,176.8535520898171,31.443111419677734
