,area,approx_perimeter,diameter
0,120.2419457243364,79.14346813895591,10.597426414489746
1,120.2419457243364,79.14346813895591,14.446601867675781
