,area,approx_perimeter,diameter
0,244.68346375775045,111.38737532093774,16.351768493652344
1,244.68346375775045,111.38737532093774,19.052413940429688
