,area,approx_perimeter,diameter
0,98.47684087303627,70.58332368356754,10.486406326293945
1,98.47684087303627,70.58332368356754,11.956871032714844
