,area,approx_perimeter,diameter
0,168.2041736980945,93.40245017072519,12.658072471618652
1,168.2041736980945,93.40245017072519,16.919179916381836
