,area,approx_perimeter,diameter
0,83.03003326033145,64.7062651551667,9.817962646484375
1,83.03003326033145,64.7062651551667,10.767724990844727
