,area,approx_perimeter,diameter
0,219.64701403499123,106.90901055181146,14.357309341430664
1,219.64701403499123,106.90901055181146,19.47880744934082
