,area,approx_perimeter,diameter
0,241.2105800652948,112.0815537434824,15.017395973205566
1,241.2105800652948,112.0815537434824,20.45087242126465
