,area,approx_perimeter,diameter
0,181.32782798875996,97.17893559203858,13.020011901855469
1,181.32782798875996,97.17893559203858,17.732223510742188
