,area,approx_perimeter,diameter
0,34.632733097096015,41.806055543583184,6.307551860809326
1,34.632733097096015,41.806055543583184,6.990947723388672
