,area,approx_perimeter,diameter
0,236.77571646656054,111.10146512378348,14.846579551696777
1,236.77571646656054,111.10146512378348,20.305835723876953
