,area,approx_perimeter,diameter
0,176.9890333854928,94.3621736886532,14.653546333312988
1,176.9890333854928,94.3621736886532,15.378491401672363
