,area,approx_perimeter,diameter
0,232.6936826022509,109.45063025218822,15.165827751159668
1,232.6936826022509,109.45063025218822,19.535682678222656
