,area,approx_perimeter,diameter
0,80.77194334621491,64.09580686654782,9.278899192810059
1,80.77194334621491,64.09580686654782,11.083430290222168
