,area,approx_perimeter,diameter
0,136.99827658862307,85.172897420363,10.949402809143066
1,136.99827658862307,85.172897420363,15.930697441101074
