,area,approx_perimeter,diameter
0,187.19763705256548,99.3457434226876,12.903228759765625
1,187.19763705256548,99.3457434226876,18.471921920776367
