,area,approx_perimeter,diameter
0,266.99369423365806,116.02808696308634,17.615234375
1,266.99369423365806,116.02808696308634,19.2984619140625
