,area,approx_perimeter,diameter
0,109.05320477763541,74.36586576922595,10.911897659301758
1,109.05320477763541,74.36586576922595,12.72472095489502
