,area,approx_perimeter,diameter
0,130.07636754148808,81.26064571757689,11.864803314208984
1,130.07636754148808,81.26064571757689,13.958796501159668
