,area,approx_perimeter,diameter
0,49.95792414423058,50.12809476538368,7.809487342834473
1,49.95792414423058,50.12809476538368,8.14501667022705
