,area,approx_perimeter,diameter
0,102.17445980940829,72.20086194547358,10.321915626525879
1,102.17445980940829,72.20086194547358,12.60352897644043
