,area,approx_perimeter,diameter
0,29.333663170249313,39.05098917180765,5.257755279541016
1,29.333663170249313,39.05098917180765,7.103559970855713
