,area,approx_perimeter,diameter
0,170.1544288994275,93.17882748218854,13.315177917480469
1,170.1544288994275,93.17882748218854,16.270706176757812
