,area,approx_perimeter,diameter
0,262.3847187106447,116.16332257236002,16.149572372436523
1,262.3847187106447,116.16332257236002,20.6865291595459
