,area,approx_perimeter,diameter
0,145.21669445246366,85.45221459197532,13.386025428771973
1,145.21669445246366,85.45221459197532,13.812586784362793
