,area,approx_perimeter,diameter
0,252.663155356781,112.92525870956521,17.024513244628906
1,252.663155356781,112.92525870956521,18.896324157714844
