,area,approx_perimeter,diameter
0,275.4510521131551,118.18437318701056,17.347946166992188
1,275.4510521131551,118.18437318701056,20.216524124145508
