,area,approx_perimeter,diameter
0,151.62234618872228,87.56822765265886,13.033611297607422
1,151.62234618872228,87.56822765265886,14.811824798583984
