,area,approx_perimeter,diameter
0,32.41865397903239,40.54403370659187,5.952462673187256
1,32.41865397903239,40.54403370659187,6.93439245223999
