,area,approx_perimeter,diameter
0,83.5241020665818,64.92132726235378,9.799641609191895
1,83.5241020665818,64.92132726235378,10.852048873901367
