,area,approx_perimeter,diameter
0,337.97478757714157,134.48321396063312,16.8859806060791
1,337.97478757714157,134.48321396063312,25.484031677246094
