,area,approx_perimeter,diameter
0,119.79890088286183,79.85166683920284,10.14594554901123
1,119.79890088286183,79.85166683920284,15.033857345581055
