,area,approx_perimeter,diameter
0,339.51840234299533,130.9127904991959,19.717453002929688
1,339.51840234299533,130.9127904991959,21.924142837524414
