,area,approx_perimeter,diameter
0,90.97596047439411,68.7807684871319,9.254100799560547
1,90.97596047439411,68.7807684871319,12.51706600189209
