,area,approx_perimeter,diameter
0,30.05510851359832,39.1703037622679,5.587342262268066
1,30.05510851359832,39.1703037622679,6.848936557769775
2,30.05510851359832,39.1703037622679,4.771604061126709
3,30.05510851359832,39.1703037622679,6.234366416931152
