,area,approx_perimeter,diameter
0,119.90348165521793,79.83434921935812,10.173622131347656
1,119.90348165521793,79.83434921935812,15.006047248840332
