,area,approx_perimeter,diameter
0,84.50657936643063,65.6224725930946,9.426401138305664
1,84.50657936643063,65.6224725930946,11.414443016052246
