,area,approx_perimeter,diameter
0,48.53157931151416,50.957942302647346,6.400059223175049
1,48.53157931151416,50.957942302647346,9.654961585998535
