,area,approx_perimeter,diameter
0,92.56401729112342,68.93506784583248,9.638858795166016
1,92.56401729112342,68.93506784583248,12.227190971374512
