,area,approx_perimeter,diameter
0,200.15355807527422,105.18003656266036,12.377775192260742
1,200.15355807527422,105.18003656266036,20.588790893554688
