,area,approx_perimeter,diameter
0,135.0559468849803,83.3206642276353,11.601578712463379
1,135.0559468849803,83.3206642276353,14.82199764251709
