,area,approx_perimeter,diameter
0,139.84494836863828,88.95521470841885,10.035490989685059
1,139.84494836863828,88.95521470841885,17.74264144897461
