,area,approx_perimeter,diameter
0,222.88570282244189,107.31763808831765,14.702268600463867
1,222.88570282244189,107.31763808831765,19.3022518157959
