,area,approx_perimeter,diameter
0,177.31772247343764,95.60526675537734,13.194080352783203
1,177.31772247343764,95.60526675537734,17.111305236816406
