,area,approx_perimeter,diameter
0,40.576742685675505,45.642034544715465,6.381192207336426
1,40.576742685675505,45.642034544715465,8.09627914428711
