,area,approx_perimeter,diameter
0,224.68500130165435,106.56554853301498,15.919197082519531
1,224.68500130165435,106.56554853301498,17.970619201660156
