,area,approx_perimeter,diameter
0,289.8377439853584,126.96412868622848,14.77030086517334
1,289.8377439853584,126.96412868622848,24.984790802001953
