,area,approx_perimeter,diameter
0,75.86340230295161,63.26405703306804,8.204029083251953
1,75.86340230295161,63.26405703306804,11.773761749267578
