,area,approx_perimeter,diameter
0,28.137681268148246,38.077974470778656,5.260697364807129
1,28.137681268148246,38.077974470778656,6.810125350952148
