,area,approx_perimeter,diameter
0,186.04325427111192,97.81198278202372,13.601242065429688
1,186.04325427111192,97.81198278202372,17.415882110595703
