,area,approx_perimeter,diameter
0,352.5782309588723,134.87310324442328,18.56279945373535
1,352.5782309588723,134.87310324442328,24.183666229248047
