,area,approx_perimeter,diameter
0,292.7776676369448,122.69311924368985,17.069684982299805
1,292.7776676369448,122.69311924368985,21.83848762512207
