,area,approx_perimeter,diameter
0,104.06791922739464,72.37743466559304,11.161356925964355
1,104.06791922739464,72.37743466559304,11.871620178222656
