,area,approx_perimeter,diameter
0,239.38895195316212,109.86450660937167,16.68386459350586
1,239.38895195316212,109.86450660937167,18.26911735534668
