,area,approx_perimeter,diameter
0,56.92777614006182,54.55695085835143,7.234583854675293
1,56.92777614006182,54.55695085835143,10.018917083740234
