,area,approx_perimeter,diameter
0,48.748446864529654,49.55694763724209,7.578786373138428
1,48.748446864529654,49.55694763724209,8.1897611618042
