,area,approx_perimeter,diameter
0,59.22336138446151,54.56877997004585,8.563899040222168
1,59.22336138446151,54.56877997004585,8.805046081542969
