,area,approx_perimeter,diameter
0,119.62604827453974,77.87993991378426,11.438238143920898
1,119.62604827453974,77.87993991378426,13.31609058380127
