,area,approx_perimeter,diameter
0,96.379352925587,70.36773609781477,9.814870834350586
1,96.379352925587,70.36773609781477,12.502864837646484
