,area,approx_perimeter,diameter
0,124.89718673400442,79.32157920910407,12.135385513305664
1,124.89718673400442,79.32157920910407,13.10416030883789
