,area,approx_perimeter,diameter
0,168.7218517574736,92.22460005752231,14.027885437011719
1,168.7218517574736,92.22460005752231,15.314021110534668
