,area,approx_perimeter,diameter
0,123.0191706331528,81.49717330347632,10.04233169555664
1,123.0191706331528,81.49717330347632,15.597261428833008
