,area,approx_perimeter,diameter
0,100.4640821499999,71.77421244842503,10.075818061828613
1,100.4640821499999,71.77421244842503,12.695231437683105
