,area,approx_perimeter,diameter
0,109.69879266686948,75.78673028776542,10.013683319091797
1,109.69879266686948,75.78673028776542,13.948198318481445
