,area,approx_perimeter,diameter
0,239.03054918265525,112.94568288678913,14.265151023864746
1,239.03054918265525,112.94568288678913,21.33473014831543
