,area,approx_perimeter,diameter
0,27.88322886073752,38.24852453113005,5.027329921722412
1,27.88322886073752,38.24852453113005,7.0618062019348145
