,area,approx_perimeter,diameter
0,196.21750610179913,100.66761071709189,13.811982154846191
1,196.21750610179913,100.66761071709189,18.088054656982422
