,area,approx_perimeter,diameter
0,212.82383234617203,105.57419051093986,13.94043254852295
1,212.82383234617203,105.57419051093986,19.438114166259766
