,area,approx_perimeter,diameter
0,62.48982301105167,56.11154846751407,8.572844505310059
1,62.48982301105167,56.11154846751407,9.280993461608887
