,area,approx_perimeter,diameter
0,279.2900093190176,119.22478456953259,17.212947845458984
1,279.2900093190176,119.22478456953259,20.659046173095703
