,area,approx_perimeter,diameter
0,176.19819953825376,95.02403210480496,13.367195129394531
1,176.19819953825376,95.02403210480496,16.783065795898438
