,area,approx_perimeter,diameter
0,80.96064754585798,64.14742891391406,9.315516471862793
1,80.96064754585798,64.14742891391406,11.065655708312988
