,area,approx_perimeter,diameter
0,68.26977372628986,58.76799160159486,8.732929229736328
1,68.26977372628986,58.76799160159486,9.953564643859863
