,area,approx_perimeter,diameter
0,124.73260673232103,79.70898660683265,11.469035148620605
1,124.73260673232103,79.70898660683265,13.847240447998047
