,area,approx_perimeter,diameter
0,104.4840690755262,73.00295934825482,10.446981430053711
1,104.4840690755262,73.00295934825482,12.734132766723633
