,area,approx_perimeter,diameter
0,341.80912031470496,133.9341520204928,17.592695236206055
1,341.80912031470496,133.9341520204928,24.737817764282227
