,area,approx_perimeter,diameter
0,118.6945168720999,79.93122614888291,9.911419868469238
1,118.6945168720999,79.93122614888291,15.247719764709473
