,area,approx_perimeter,diameter
0,48.49378771925086,49.51748785250006,7.379851341247559
1,48.49378771925086,49.51748785250006,8.366592407226562
