,area,approx_perimeter,diameter
0,93.87926831218202,68.79014334631525,10.471149444580078
1,93.87926831218202,68.79014334631525,11.415250778198242
