,area,approx_perimeter,diameter
0,23.92716309621255,34.906760658013276,5.027638912200928
1,23.92716309621255,34.906760658013276,6.059506416320801
2,23.92716309621255,34.906760658013276,8.546741485595703
3,23.92716309621255,34.906760658013276,20.639352798461914
