,area,approx_perimeter,diameter
0,74.41262661486806,61.41263064338438,9.035805702209473
1,74.41262661486806,61.41263064338438,10.485517501831055
