,area,approx_perimeter,diameter
0,114.31070100742363,76.41998136682993,10.869497299194336
1,114.31070100742363,76.41998136682993,13.390214920043945
