,area,approx_perimeter,diameter
0,338.9880876235557,133.15117036295194,17.64305877685547
1,338.9880876235557,133.15117036295194,24.4636173248291
