,area,approx_perimeter,diameter
0,149.88503211335478,88.20334940064387,11.92774772644043
1,149.88503211335478,88.20334940064387,15.999629974365234
