,area,approx_perimeter,diameter
0,124.30940417432151,79.6951552934964,11.332146644592285
1,124.30940417432151,79.6951552934964,13.966960906982422
