,area,approx_perimeter,diameter
0,292.7493458775526,121.53194438709957,18.368301391601562
1,292.7493458775526,121.53194438709957,20.292570114135742
