,area,approx_perimeter,diameter
0,56.41350727054775,54.293143420975845,7.211181640625
1,56.41350727054775,54.293143420975845,9.9606294631958
