,area,approx_perimeter,diameter
0,92.97284516619683,68.64260550465484,10.103925704956055
1,92.97284516619683,68.64260550465484,11.715911865234375
