,area,approx_perimeter,diameter
0,77.89917382968567,62.579761236463554,9.860071182250977
1,77.89917382968567,62.579761236463554,10.059187889099121
