,area,approx_perimeter,diameter
0,28.105799618563143,37.72506153050666,5.577200412750244
1,28.105799618563143,37.72506153050666,6.416376113891602
