,area,approx_perimeter,diameter
0,75.94365039794259,61.86316704831734,9.436810493469238
1,75.94365039794259,61.86316704831734,10.246519088745117
