,area,approx_perimeter,diameter
0,134.74134977269998,82.78594872115852,11.982988357543945
1,134.74134977269998,82.78594872115852,14.316797256469727
