,area,approx_perimeter,diameter
0,69.82266407719185,59.865346820087375,8.37606430053711
1,69.82266407719185,59.865346820087375,10.613693237304688
