,area,approx_perimeter,diameter
0,148.20842724274647,87.85158943535157,11.77424430847168
1,148.20842724274647,87.85158943535157,16.02691650390625
