,area,approx_perimeter,diameter
0,208.45250343426673,102.89469509824733,14.989348411560059
1,208.45250343426673,102.89469509824733,17.706571578979492
