,area,approx_perimeter,diameter
0,110.3966188932071,74.83407408936361,10.964265823364258
1,110.3966188932071,74.83407408936361,12.819950103759766
