,area,approx_perimeter,diameter
0,202.23579028616797,100.82583239282447,15.967904090881348
1,202.23579028616797,100.82583239282447,16.125761032104492
