,area,approx_perimeter,diameter
0,244.8944072332272,114.28444377650354,14.455573081970215
1,244.8944072332272,114.28444377650354,21.570175170898438
