,area,approx_perimeter,diameter
0,55.42688020669103,53.64909468662098,7.245985507965088
1,55.42688020669103,53.64909468662098,9.739419937133789
