,area,approx_perimeter,diameter
0,190.84383361867654,98.15273601724418,14.777332305908203
1,190.84383361867654,98.15273601724418,16.443422317504883
