,area,approx_perimeter,diameter
0,210.58819056946837,103.0095504892793,15.729758262634277
1,210.58819056946837,103.0095504892793,17.045984268188477
