,area,approx_perimeter,diameter
0,126.30657087793902,79.79889680551408,12.127619743347168
1,126.30657087793902,79.79889680551408,13.260518074035645
