,area,approx_perimeter,diameter
0,153.1550433981003,89.38333054258764,11.92397403717041
1,153.1550433981003,89.38333054258764,16.353864669799805
