,area,approx_perimeter,diameter
0,186.6426750587023,99.12181835329396,12.922252655029297
1,186.6426750587023,99.12181835329396,18.390047073364258
