,area,approx_perimeter,diameter
0,313.74399597188534,126.07747203628844,18.5866641998291
1,313.74399597188534,126.07747203628844,21.492359161376953
