,area,approx_perimeter,diameter
0,172.58408222400087,93.55060986810494,13.729434967041016
1,172.58408222400087,93.55060986810494,16.00509262084961
