,area,approx_perimeter,diameter
0,170.28650356850758,93.40068639574635,13.154119491577148
1,170.28650356850758,93.40068639574635,16.482707977294922
