,area,approx_perimeter,diameter
0,160.83571972675747,90.7858820319717,12.772157669067383
1,160.83571972675747,90.7858820319717,16.03350067138672
