,area,approx_perimeter,diameter
0,278.04590081046877,122.85533211442618,14.971877098083496
1,278.04590081046877,122.85533211442618,23.645601272583008
