,area,approx_perimeter,diameter
0,126.65641585671735,81.95975804005455,10.497957229614258
1,126.65641585671735,81.95975804005455,15.36146068572998
