,area,approx_perimeter,diameter
0,65.94439466485666,57.64176882574562,8.806364059448242
1,65.94439466485666,57.64176882574562,9.534356117248535
