,area,approx_perimeter,diameter
0,192.7983310468053,99.64912363478687,13.788503646850586
1,192.7983310468053,99.64912363478687,17.803125381469727
