,area,approx_perimeter,diameter
0,417.54218350263784,147.07163444814717,19.999950408935547
1,417.54218350263784,147.07163444814717,26.581626892089844
