,area,approx_perimeter,diameter
0,218.13223812889032,105.98735807689512,14.67141056060791
1,218.13223812889032,105.98735807689512,18.930326461791992
