,area,approx_perimeter,diameter
0,168.85847360028959,92.60488771462626,13.495133399963379
1,168.85847360028959,92.60488771462626,15.93146800994873
