,area,approx_perimeter,diameter
0,167.55201384417745,93.99815471249393,12.202549934387207
1,167.55201384417745,93.99815471249393,17.48272705078125
