,area,approx_perimeter,diameter
0,136.09006461462104,83.02365169210398,12.257320404052734
1,136.09006461462104,83.02365169210398,14.136470794677734
