,area,approx_perimeter,diameter
0,25.483455717153632,35.87262309130497,5.389133930206299
1,25.483455717153632,35.87262309130497,6.0207343101501465
