,area,approx_perimeter,diameter
0,103.37850157762799,73.39516218542418,9.819799423217773
1,103.37850157762799,73.39516218542418,13.404102325439453
