,area,approx_perimeter,diameter
0,25.607104368462878,37.88655077228422,4.345554828643799
1,25.607104368462878,37.88655077228422,7.502834320068359
