,area,approx_perimeter,diameter
0,417.91378017303936,145.64517284568836,21.27839469909668
1,417.91378017303936,145.64517284568836,25.006790161132812
