,area,approx_perimeter,diameter
0,45.51794997746203,47.901649135613994,7.286656379699707
1,45.51794997746203,47.901649135613994,7.953614234924316
