,area,approx_perimeter,diameter
0,48.10066315710059,49.252874691297926,7.465999603271484
1,48.10066315710059,49.252874691297926,8.203009605407715
