,area,approx_perimeter,diameter
0,287.50820714399555,121.2034071444051,17.231477737426758
1,287.50820714399555,121.2034071444051,21.244075775146484
