,area,approx_perimeter,diameter
0,136.14262128396513,82.78243109324374,12.768336296081543
1,136.14262128396513,82.78243109324374,13.575940132141113
