,area,approx_perimeter,diameter
0,211.00047447976095,103.1401842831805,15.67365837097168
1,211.00047447976095,103.1401842831805,17.140487670898438
