,area,approx_perimeter,diameter
0,254.9110686357234,114.26827506000102,16.100414276123047
1,254.9110686357234,114.26827506000102,20.15866470336914
