,area,approx_perimeter,diameter
0,28.753457323541546,38.07506362402381,5.784071922302246
1,28.753457323541546,38.07506362402381,6.329457759857178
