,area,approx_perimeter,diameter
0,97.97986282211848,70.81160346339526,10.009077072143555
1,97.97986282211848,70.81160346339526,12.46387004852295
