,area,approx_perimeter,diameter
0,174.25353126930034,93.98358308483624,13.819552421569824
1,174.25353126930034,93.98358308483624,16.054534912109375
