,area,approx_perimeter,diameter
0,74.79748749526567,62.30101558345577,8.43089485168457
1,74.79748749526567,62.30101558345577,11.295968055725098
