,area,approx_perimeter,diameter
0,109.90140470883428,74.9741270629798,10.619579315185547
1,109.90140470883428,74.9741270629798,13.176681518554688
