,area,approx_perimeter,diameter
0,39.50055522533074,44.83086307224874,6.480334758758545
1,39.50055522533074,44.83086307224874,7.76096773147583
