,area,approx_perimeter,diameter
0,92.47428357399963,69.05114513948463,9.522052764892578
1,92.47428357399963,69.05114513948463,12.365181922912598
