,area,approx_perimeter,diameter
0,153.95304698910869,88.9638139560995,12.383001327514648
1,153.95304698910869,88.9638139560995,15.829692840576172
