,area,approx_perimeter,diameter
0,128.1979531381227,80.8608951418775,11.575098037719727
1,128.1979531381227,80.8608951418775,14.101539611816406
