,area,approx_perimeter,diameter
0,138.89624014226834,83.66364266072486,12.759747505187988
1,138.89624014226834,83.66364266072486,13.85984992980957
