,area,approx_perimeter,diameter
0,105.24060615702588,75.01760785443263,9.43392276763916
1,105.24060615702588,75.01760785443263,14.203688621520996
