,area,approx_perimeter,diameter
0,64.82073641880689,57.687245204435115,8.06567096710205
1,64.82073641880689,57.687245204435115,10.232542991638184
