,area,approx_perimeter,diameter
0,83.84539684982704,65.13004534559589,9.674551963806152
1,83.84539684982704,65.13004534559589,11.034647941589355
