,area,approx_perimeter,diameter
0,48.471123772211136,49.3743788580631,7.70339822769165
1,48.471123772211136,49.3743788580631,8.011445045471191
