,area,approx_perimeter,diameter
0,132.61662806364092,82.50238496707833,11.545066833496094
1,132.61662806364092,82.50238496707833,14.625531196594238
