,area,approx_perimeter,diameter
0,268.2913033371257,117.36215858485579,16.408756256103516
1,268.2913033371257,117.36215858485579,20.818098068237305
