,area,approx_perimeter,diameter
0,61.40321931792847,55.75185990854096,8.256041526794434
1,61.40321931792847,55.75185990854096,9.469551086425781
