,area,approx_perimeter,diameter
0,163.31578853424094,92.45970701442704,12.224414825439453
1,163.31578853424094,92.45970701442704,17.010231018066406
