,area,approx_perimeter,diameter
0,34.55900235471072,42.39521619950447,5.701716423034668
1,34.55900235471072,42.39521619950447,7.717305660247803
