,area,approx_perimeter,diameter
0,77.43032016311494,62.80980655578645,9.02828311920166
1,77.43032016311494,62.80980655578645,10.919833183288574
