,area,approx_perimeter,diameter
0,207.920782898375,102.7397152938351,14.998286247253418
1,207.920782898375,102.7397152938351,17.650880813598633
