,area,approx_perimeter,diameter
0,63.49565345730064,57.24214092098166,7.8732147216796875
1,63.49565345730064,57.24214092098166,10.26838207244873
