,area,approx_perimeter,diameter
0,194.60252074517092,99.13735641323044,14.880425453186035
1,194.60252074517092,99.13735641323044,16.651111602783203
