,area,approx_perimeter,diameter
0,127.58448958568194,81.57328374328732,10.887656211853027
1,127.58448958568194,81.57328374328732,14.920164108276367
