,area,approx_perimeter,diameter
0,44.85629452208971,47.684055551627004,7.0115227699279785
1,44.85629452208971,47.684055551627004,8.145564079284668
