,area,approx_perimeter,diameter
0,37.97969403799485,43.888531315511756,6.436877727508545
1,37.97969403799485,43.888531315511756,7.512531757354736
