,area,approx_perimeter,diameter
0,178.78615841868893,95.00255767848824,14.300834655761719
1,178.78615841868893,95.00255767848824,15.917784690856934
