,area,approx_perimeter,diameter
0,65.25996214830081,57.29982780430146,8.895116806030273
1,65.25996214830081,57.29982780430146,9.341256141662598
