,area,approx_perimeter,diameter
0,151.04629757909692,87.90154288867714,12.444110870361328
1,151.04629757909692,87.90154288867714,15.454548835754395
