,area,approx_perimeter,diameter
0,134.97540039074767,83.45893984933215,11.478862762451172
1,134.97540039074767,83.45893984933215,14.971519470214844
