,area,approx_perimeter,diameter
0,76.24857017065217,61.93645484768931,9.614533424377441
1,76.24857017065217,61.93645484768931,10.097494125366211
