,area,approx_perimeter,diameter
0,39.933394110420366,44.9940622810539,6.612123012542725
1,39.933394110420366,44.9940622810539,7.689629554748535
