,area,approx_perimeter,diameter
0,44.48667793348412,47.44791772229013,7.037178039550781
1,44.48667793348412,47.44791772229013,8.048993110656738
