,area,approx_perimeter,diameter
0,74.03134390246909,61.29865429765191,8.957427024841309
1,74.03134390246909,61.29865429765191,10.523070335388184
