,area,approx_perimeter,diameter
0,68.8602583504446,59.67552439654285,8.15514087677002
1,68.8602583504446,59.67552439654285,10.750961303710938
