,area,approx_perimeter,diameter
0,88.7330903544138,67.0203145413624,9.924768447875977
1,88.7330903544138,67.0203145413624,11.383487701416016
