,area,approx_perimeter,diameter
0,119.04907572713866,78.63749174270521,10.61220932006836
1,119.04907572713866,78.63749174270521,14.283358573913574
