,area,approx_perimeter,diameter
0,306.865870386138,126.88991903919327,16.676366806030273
1,306.865870386138,126.88991903919327,23.429189682006836
