,area,approx_perimeter,diameter
0,149.26239273713125,86.84777590370895,12.990467071533203
1,149.26239273713125,86.84777590370895,14.629711151123047
