,area,approx_perimeter,diameter
0,116.14599227523448,76.53220799549247,11.606813430786133
1,116.14599227523448,76.53220799549247,12.740936279296875
