,area,approx_perimeter,diameter
0,225.6437389125784,107.20513020242011,15.429213523864746
1,225.6437389125784,107.20513020242011,18.620426177978516
