,area,approx_perimeter,diameter
0,412.7123732460657,144.42106249841135,21.5880126953125
1,412.7123732460657,144.42106249841135,24.341365814208984
