,area,approx_perimeter,diameter
0,163.47536590615186,90.96210289330884,13.480040550231934
1,163.47536590615186,90.96210289330884,15.440851211547852
