,area,approx_perimeter,diameter
0,250.39441688557858,113.57731027081216,15.702746391296387
1,250.39441688557858,113.57731027081216,20.302949905395508
