,area,approx_perimeter,diameter
0,96.5465547003149,70.0291540753071,10.197144508361816
1,96.5465547003149,70.0291540753071,12.055030822753906
