,area,approx_perimeter,diameter
0,117.0140291962943,78.25304529873152,10.352953910827637
1,117.0140291962943,78.25304529873152,14.390761375427246
