,area,approx_perimeter,diameter
0,239.69834307853293,110.79159860037458,15.62491226196289
1,239.69834307853293,110.79159860037458,19.532487869262695
