,area,approx_perimeter,diameter
0,227.53442653776705,107.29373484803779,15.93393611907959
1,227.53442653776705,107.29373484803779,18.181686401367188
