,area,approx_perimeter,diameter
0,85.45502066495195,65.56765883622764,10.18464469909668
1,85.45502066495195,65.56765883622764,10.683211326599121
