,area,approx_perimeter,diameter
0,30.86784452397504,39.59332641926432,5.770298957824707
1,30.86784452397504,39.59332641926432,6.811113357543945
