,area,approx_perimeter,diameter
0,95.86877660742823,69.46890837946422,10.708873748779297
1,95.86877660742823,69.46890837946422,11.39838981628418
