,area,approx_perimeter,diameter
0,261.43033439752725,115.04493243089526,17.025680541992188
1,261.43033439752725,115.04493243089526,19.550668716430664
