,area,approx_perimeter,diameter
0,223.24843847391776,106.6014769102049,15.381571769714355
1,223.24843847391776,106.6014769102049,18.47982406616211
