,area,approx_perimeter,diameter
0,24.542875526026663,35.36696204558652,5.077729225158691
1,24.542875526026663,35.36696204558652,6.154120922088623
