,area,approx_perimeter,diameter
0,163.4708654979875,92.36141997491022,12.30933952331543
1,163.4708654979875,92.36141997491022,16.90891456604004
