,area,approx_perimeter,diameter
0,191.79377390486098,100.60261208671312,13.038735389709473
1,191.79377390486098,100.60261208671312,18.7287654876709
