,area,approx_perimeter,diameter
0,116.71992323989856,76.62801701754562,11.907280921936035
1,116.71992323989856,76.62801701754562,12.480802536010742
