,area,approx_perimeter,diameter
0,210.44908461796282,105.17261873214483,13.762872695922852
1,210.44908461796282,105.17261873214483,19.46919822692871
