,area,approx_perimeter,diameter
0,249.0121479468904,116.10920685087528,14.226415634155273
1,249.0121479468904,116.10920685087528,22.286155700683594
