,area,approx_perimeter,diameter
0,45.51555888190474,48.40766495972017,6.706717014312744
1,45.51555888190474,48.40766495972017,8.640920639038086
