,area,approx_perimeter,diameter
0,134.65078998557848,83.14728275548458,11.621721267700195
1,134.65078998557848,83.14728275548458,14.751920700073242
