,area,approx_perimeter,diameter
0,129.61403898933244,81.83065132317307,11.216778755187988
1,129.61403898933244,81.83065132317307,14.71275520324707
