,area,approx_perimeter,diameter
0,138.40078412824664,84.43109584773525,11.680869102478027
1,138.40078412824664,84.43109584773525,15.085979461669922
