,area,approx_perimeter,diameter
0,282.9866371936065,119.52646600616588,17.98534393310547
1,282.9866371936065,119.52646600616588,20.03352165222168
