,area,approx_perimeter,diameter
0,189.04620212348922,97.9789840409472,14.28532600402832
1,189.04620212348922,97.9789840409472,16.84953498840332
