,area,approx_perimeter,diameter
0,150.83129733135647,87.46744413224896,12.821121215820312
1,150.83129733135647,87.46744413224896,14.978750228881836
