,area,approx_perimeter,diameter
0,100.33169737094748,71.85640814655655,9.968232154846191
1,100.33169737094748,71.85640814655655,12.815340042114258
