,area,approx_perimeter,diameter
0,91.28961736436257,68.65521037293126,9.427343368530273
1,91.28961736436257,68.65521037293126,12.32940673828125
