,area,approx_perimeter,diameter
0,228.00120689697403,107.29427332624279,16.131471633911133
1,228.00120689697403,107.29427332624279,17.995887756347656
