,area,approx_perimeter,diameter
0,356.750584988548,135.54242181695003,18.762939453125
1,356.750584988548,135.54242181695003,24.208837509155273
