,area,approx_perimeter,diameter
0,159.90233313879384,91.54738784066481,12.064180374145508
1,159.90233313879384,91.54738784066481,16.875905990600586
