,area,approx_perimeter,diameter
0,128.92673832074368,81.60454772047532,11.193056106567383
1,128.92673832074368,81.60454772047532,14.665755271911621
