,area,approx_perimeter,diameter
0,75.10058325132266,61.58809165776011,9.241036415100098
1,75.10058325132266,61.58809165776011,10.34743595123291
