,area,approx_perimeter,diameter
0,120.24453043322848,78.60402132013952,10.958614349365234
1,120.24453043322848,78.60402132013952,13.970752716064453
