,area,approx_perimeter,diameter
0,93.26910287178943,68.55087414147019,10.474862098693848
1,93.26910287178943,68.55087414147019,11.337038040161133
