,area,approx_perimeter,diameter
0,207.86544882727597,104.85341771931498,13.516023635864258
1,207.86544882727597,104.85341771931498,19.581388473510742
