,area,approx_perimeter,diameter
0,115.92612274757897,76.60092149082372,11.349248886108398
1,115.92612274757897,76.60092149082372,13.005417823791504
