,area,approx_perimeter,diameter
0,228.83410616093443,107.31178324297002,16.600889205932617
1,228.83410616093443,107.31178324297002,17.550905227661133
