,area,approx_perimeter,diameter
0,261.4821178996151,114.70150225341291,17.785423278808594
1,261.4821178996151,114.70150225341291,18.719226837158203
