,area,approx_perimeter,diameter
0,98.24380214013979,70.36863426788791,10.717482566833496
1,98.24380214013979,70.36863426788791,11.671387672424316
