,area,approx_perimeter,diameter
0,112.56354755294076,75.35339062708297,11.403634071350098
1,112.56354755294076,75.35339062708297,12.567955017089844
