,area,approx_perimeter,diameter
0,391.26984544931753,142.19025145351125,19.479299545288086
1,391.26984544931753,142.19025145351125,25.574853897094727
