,area,approx_perimeter,diameter
0,258.9189373154611,114.52186992224489,16.900390625
1,258.9189373154611,114.52186992224489,19.50640296936035
