,area,approx_perimeter,diameter
0,135.01498508233968,82.50951499096571,12.526299476623535
1,135.01498508233968,82.50951499096571,13.723639488220215
