,area,approx_perimeter,diameter
0,45.34514060928357,48.243324063820914,6.750534534454346
1,45.34514060928357,48.243324063820914,8.552689552307129
