,area,approx_perimeter,diameter
0,293.4888436730727,122.71281656694434,17.19145965576172
1,293.4888436730727,122.71281656694434,21.736467361450195
