,area,approx_perimeter,diameter
0,181.58498179001654,97.5096562565017,12.881596565246582
1,181.58498179001654,97.5096562565017,17.948177337646484
