,area,approx_perimeter,diameter
0,55.23297725498692,53.735712797856756,7.127737045288086
1,55.23297725498692,53.735712797856756,9.866358757019043
