,area,approx_perimeter,diameter
0,140.13899072773137,84.34246112840107,12.318528175354004
1,140.13899072773137,84.34246112840107,14.484725952148438
