,area,approx_perimeter,diameter
0,279.04992800784447,124.43405816815495,14.537979125976562
1,279.04992800784447,124.43405816815495,24.43925666809082
