,area,approx_perimeter,diameter
0,201.36235097831775,100.65400251091691,15.613312721252441
1,201.36235097831775,100.65400251091691,16.42076301574707
