,area,approx_perimeter,diameter
0,274.59422850361256,119.72343475645583,15.943779945373535
1,274.59422850361256,119.72343475645583,21.928565979003906
