,area,approx_perimeter,diameter
0,429.4373461594457,153.933668264558,18.172855377197266
1,429.4373461594457,153.933668264558,30.08754539489746
