,area,approx_perimeter,diameter
0,205.0650560626854,102.74204449969761,14.24116325378418
1,205.0650560626854,102.74204449969761,18.333961486816406
