,area,approx_perimeter,diameter
0,286.76915861714934,120.1734056609672,18.444290161132812
1,286.76915861714934,120.1734056609672,19.796144485473633
