,area,approx_perimeter,diameter
0,39.89178744015804,45.76301683931478,6.006062984466553
1,39.89178744015804,45.76301683931478,8.456754684448242
