,area,approx_perimeter,diameter
0,120.90166833679555,78.67959269440523,11.101263046264648
1,120.90166833679555,78.67959269440523,13.86660099029541
