,area,approx_perimeter,diameter
0,123.93847794608311,80.13103868943412,10.894110679626465
1,123.93847794608311,80.13103868943412,14.485199928283691
