,area,approx_perimeter,diameter
0,102.13634218786063,71.92046640271163,10.624780654907227
1,102.13634218786063,71.92046640271163,12.239690780639648
