,area,approx_perimeter,diameter
0,140.8247619848154,84.60491390582172,12.282934188842773
1,140.8247619848154,84.60491390582172,14.597786903381348
