,area,approx_perimeter,diameter
0,226.3623306166644,108.35877323076,14.68074893951416
1,226.3623306166644,108.35877323076,19.632068634033203
