,area,approx_perimeter,diameter
0,142.56257943722133,86.39988730428344,11.41356372833252
1,142.56257943722133,86.39988730428344,15.90356159210205
