,area,approx_perimeter,diameter
0,150.2611834788147,87.0652307190071,13.168294906616211
1,150.2611834788147,87.0652307190071,14.52872085571289
