,area,approx_perimeter,diameter
0,286.84439818809375,121.99095168548708,16.5185546875
1,286.84439818809375,121.99095168548708,22.10978126525879
