,area,approx_perimeter,diameter
0,139.81723702262093,83.90127387778527,12.910114288330078
1,139.81723702262093,83.90127387778527,13.789253234863281
