,area,approx_perimeter,diameter
0,49.043047058527016,51.18419261581439,6.45127010345459
1,49.043047058527016,51.18419261581439,9.679264068603516
