,area,approx_perimeter,diameter
0,78.96600814112263,63.33401083134162,9.221020698547363
1,78.96600814112263,63.33401083134162,10.903635025024414
