,area,approx_perimeter,diameter
0,240.71727571896443,111.65909573518873,15.191985130310059
1,240.71727571896443,111.65909573518873,20.174503326416016
