,area,approx_perimeter,diameter
0,105.8080314466818,73.15443819281379,10.88357162475586
1,105.8080314466818,73.15443819281379,12.378194808959961
