,area,approx_perimeter,diameter
0,492.5095078781898,161.1395205971936,20.930131912231445
1,492.5095078781898,161.1395205971936,29.960756301879883
