,area,approx_perimeter,diameter
0,114.20212339327874,79.19312049038062,9.434098243713379
1,114.20212339327874,79.19312049038062,15.412883758544922
