,area,approx_perimeter,diameter
0,34.657933988963606,41.92814623756162,6.145403861999512
1,34.657933988963606,41.92814623756162,7.18062686920166
