,area,approx_perimeter,diameter
0,127.00576090493513,80.53772128822935,11.470148086547852
1,127.00576090493513,80.53772128822935,14.098227500915527
