,area,approx_perimeter,diameter
0,78.62983924128503,63.28176682564864,9.11091136932373
1,78.62983924128503,63.28176682564864,10.988430976867676
