,area,approx_perimeter,diameter
0,71.23609211301611,61.53103059855617,7.8435845375061035
1,71.23609211301611,61.53103059855617,11.563668251037598
