,area,approx_perimeter,diameter
0,75.75904284525703,62.43320121725722,8.667119979858398
1,75.75904284525703,62.43320121725722,11.129349708557129
