,area,approx_perimeter,diameter
0,122.45637447612529,79.03075481473617,11.311607360839844
1,122.45637447612529,79.03075481473617,13.783743858337402
