,area,approx_perimeter,diameter
0,41.0131015952622,45.57457635359772,6.732877254486084
1,41.0131015952622,45.57457635359772,7.755897045135498
