,area,approx_perimeter,diameter
0,222.70811636107868,106.53635528238712,15.2971773147583
1,222.70811636107868,106.53635528238712,18.53680419921875
