,area,approx_perimeter,diameter
0,312.34768646974425,125.30120691931396,19.904335021972656
1,312.34768646974425,125.30120691931396,19.980241775512695
