,area,approx_perimeter,diameter
0,115.88196853613883,77.34739674555408,10.624602317810059
1,115.88196853613883,77.34739674555408,13.887155532836914
