,area,approx_perimeter,diameter
0,230.95289907112664,109.0796417053843,15.080323219299316
1,230.95289907112664,109.0796417053843,19.499473571777344
