,area,approx_perimeter,diameter
0,36.83864964176695,44.41140887874553,5.569897174835205
1,36.83864964176695,44.41140887874553,8.42105770111084
