,area,approx_perimeter,diameter
0,179.78287323330167,97.22316053372637,12.713041305541992
1,179.78287323330167,97.22316053372637,18.005657196044922
