,area,approx_perimeter,diameter
0,179.22970568023274,96.40325790467257,13.073823928833008
1,179.22970568023274,96.40325790467257,17.454904556274414
