,area,approx_perimeter,diameter
0,278.42209247303725,118.8887792581669,17.35592269897461
1,278.42209247303725,118.8887792581669,20.425189971923828
