,area,approx_perimeter,diameter
0,87.89322930633574,66.52772243143365,10.21883773803711
1,87.89322930633574,66.52772243143365,10.951258659362793
