,area,approx_perimeter,diameter
0,259.34083234606544,114.95721902273483,16.515127182006836
1,259.34083234606544,114.95721902273483,19.993972778320312
