,area,approx_perimeter,diameter
0,222.29035748837194,109.14529515317666,13.661133766174316
1,222.29035748837194,109.14529515317666,20.717817306518555
