,area,approx_perimeter,diameter
0,123.9703203153606,79.13736694578144,11.857719421386719
1,123.9703203153606,79.13736694578144,13.311490058898926
