,area,approx_perimeter,diameter
0,279.7593734399601,119.21396031831242,17.350358963012695
1,279.7593734399601,119.21396031831242,20.529874801635742
