,area,approx_perimeter,diameter
0,272.58105882649477,118.589557562784,16.32143783569336
1,272.58105882649477,118.589557562784,21.264118194580078
