,area,approx_perimeter,diameter
0,102.55203845012137,71.86122333549481,11.039361953735352
1,102.55203845012137,71.86122333549481,11.82797622680664
