,area,approx_perimeter,diameter
0,35.47304967606556,44.675906064082945,5.090092182159424
1,35.47304967606556,44.675906064082945,8.873255729675293
