,area,approx_perimeter,diameter
0,64.78281276896108,57.368223735783594,8.348196029663086
1,64.78281276896108,57.368223735783594,9.880462646484375
