,area,approx_perimeter,diameter
0,105.96806394112896,73.21264562477835,10.887321472167969
1,105.96806394112896,73.21264562477835,12.392646789550781
