,area,approx_perimeter,diameter
0,77.75521334553794,62.864866655373596,9.129082679748535
1,77.75521334553794,62.864866655373596,10.844573974609375
