,area,approx_perimeter,diameter
0,363.17158939453765,135.3113284620645,20.56855583190918
1,363.17158939453765,135.3113284620645,22.48113250732422
