,area,approx_perimeter,diameter
0,250.51782350586967,116.11115026139478,14.404186248779297
1,250.51782350586967,116.11115026139478,22.144201278686523
