,area,approx_perimeter,diameter
0,116.9983320128179,77.1411341532496,11.168116569519043
1,116.9983320128179,77.1411341532496,13.338587760925293
