,area,approx_perimeter,diameter
0,91.01915697014441,67.77358680898801,10.226016998291016
1,91.01915697014441,67.77358680898801,11.332778930664062
