,area,approx_perimeter,diameter
0,251.2716619929599,112.72115312515032,16.79128646850586
1,251.2716619929599,112.72115312515032,19.05327606201172
