,area,approx_perimeter,diameter
0,209.43852200653376,103.2407307561283,14.909875869750977
1,209.43852200653376,103.2407307561283,17.88515281677246
