,area,approx_perimeter,diameter
0,322.43491899512526,129.67652571410596,17.309871673583984
1,322.43491899512526,129.67652571410596,23.716922760009766
