,area,approx_perimeter,diameter
0,322.9363347372721,127.63313618845548,19.314706802368164
1,322.9363347372721,127.63313618845548,21.288198471069336
