,area,approx_perimeter,diameter
0,135.45404824508847,83.60459371392126,11.500733375549316
1,135.45404824508847,83.60459371392126,14.996039390563965
