,area,approx_perimeter,diameter
0,315.07634526860716,127.70349525993251,17.408716201782227
1,315.07634526860716,127.70349525993251,23.044069290161133
