,area,approx_perimeter,diameter
0,109.45658242979947,74.32219716017913,11.212828636169434
1,109.45658242979947,74.32219716017913,12.429018020629883
