,area,approx_perimeter,diameter
0,81.99690902191149,64.24817839681103,9.898916244506836
1,81.99690902191149,64.24817839681103,10.546781539916992
