,area,approx_perimeter,diameter
0,84.55236657986185,65.42348159359636,9.686595916748047
1,84.55236657986185,65.42348159359636,11.11385440826416
