,area,approx_perimeter,diameter
0,41.40109639276272,45.707402843533096,6.899560928344727
1,41.40109639276272,45.707402843533096,7.640125751495361
