,area,approx_perimeter,diameter
0,111.34956113899665,75.0004221712506,11.23891830444336
1,111.34956113899665,75.0004221712506,12.614618301391602
