,area,approx_perimeter,diameter
0,188.96958990363987,97.72950507138144,14.599250793457031
1,188.96958990363987,97.72950507138144,16.480541229248047
