,area,approx_perimeter,diameter
0,170.9413626209671,93.24152899408129,13.501813888549805
1,170.9413626209671,93.24152899408129,16.120004653930664
