,area,approx_perimeter,diameter
0,124.56629012211522,79.25767402139569,12.020609855651855
1,124.56629012211522,79.25767402139569,13.194232940673828
