,area,approx_perimeter,diameter
0,104.99418237898426,72.701520224595,11.202033996582031
1,104.99418237898426,72.701520224595,11.933792114257812
