,area,approx_perimeter,diameter
0,286.25661533102135,123.33765674990848,15.726598739624023
1,286.25661533102135,123.33765674990848,23.17559242248535
