,area,approx_perimeter,diameter
0,95.01722489973726,70.54607316292535,9.312559127807617
1,95.01722489973726,70.54607316292535,12.9910249710083
