,area,approx_perimeter,diameter
0,143.83253021113066,86.24430656495504,11.787585258483887
1,143.83253021113066,86.24430656495504,15.536113739013672
