,area,approx_perimeter,diameter
0,36.603446443927176,45.87427097759534,5.036920547485352
1,36.603446443927176,45.87427097759534,9.252668380737305
