,area,approx_perimeter,diameter
0,169.93589028681566,93.06067929162997,13.363764762878418
1,169.93589028681566,93.06067929162997,16.19072914123535
