,area,approx_perimeter,diameter
0,52.0521980691097,51.77448997142644,7.166714191436768
1,52.0521980691097,51.77448997142644,9.247601509094238
