,area,approx_perimeter,diameter
0,107.1203402293758,73.82960398876547,10.66817855834961
1,107.1203402293758,73.82960398876547,12.784736633300781
