,area,approx_perimeter,diameter
0,224.22495880412347,106.48406942959805,15.858392715454102
1,224.22495880412347,106.48406942959805,18.002586364746094
