,area,approx_perimeter,diameter
0,137.01835226927935,83.2367494172812,12.401823997497559
1,137.01835226927935,83.2367494172812,14.067058563232422
