,area,approx_perimeter,diameter
0,285.7782789800495,122.55620279868427,16.039228439331055
1,285.7782789800495,122.55620279868427,22.68589210510254
