,area,approx_perimeter,diameter
0,210.39687515090327,103.05430314649224,15.523454666137695
1,210.39687515090327,103.05430314649224,17.2568302154541
