,area,approx_perimeter,diameter
0,44.871514774754864,47.52615346430385,7.328057765960693
1,44.871514774754864,47.52615346430385,7.796361446380615
