,area,approx_perimeter,diameter
0,354.90205151843196,134.64847392793146,19.15690803527832
1,354.90205151843196,134.64847392793146,23.58811378479004
