,area,approx_perimeter,diameter
0,119.37388571734564,77.51904634090478,11.948678016662598
1,119.37388571734564,77.51904634090478,12.720365524291992
