,area,approx_perimeter,diameter
0,158.31723693897183,89.57812550623794,13.178813934326172
1,158.31723693897183,89.57812550623794,15.295440673828125
