,area,approx_perimeter,diameter
0,256.40241164069135,113.55929592964468,17.715349197387695
1,256.40241164069135,113.55929592964468,18.42818260192871
