,area,approx_perimeter,diameter
0,91.58238865320476,67.93697761430926,10.357685089111328
1,91.58238865320476,67.93697761430926,11.257951736450195
