,area,approx_perimeter,diameter
0,72.84290595823916,61.054200250441525,8.631887435913086
1,72.84290595823916,61.054200250441525,10.744633674621582
