,area,approx_perimeter,diameter
0,306.5321485736078,125.30057932869019,17.659488677978516
1,306.5321485736078,125.30057932869019,22.100801467895508
