,area,approx_perimeter,diameter
0,142.94023915791243,86.50718345009243,11.432501792907715
1,142.94023915791243,86.50718345009243,15.91927719116211
