,area,approx_perimeter,diameter
0,127.06107662053671,80.20855143816071,11.86295223236084
1,127.06107662053671,80.20855143816071,13.637346267700195
