,area,approx_perimeter,diameter
0,81.25526440722425,64.18059973028106,9.433636665344238
1,81.25526440722425,64.18059973028106,10.966864585876465
