,area,approx_perimeter,diameter
0,147.51243452674333,87.2178957321214,12.021954536437988
1,147.51243452674333,87.2178957321214,15.62297248840332
