,area,approx_perimeter,diameter
0,84.86677146142145,66.16343813695944,9.112382888793945
1,84.86677146142145,66.16343813695944,11.85811996459961
