,area,approx_perimeter,diameter
0,244.73919104588853,113.42660196939799,14.83726978302002
1,244.73919104588853,113.42660196939799,21.001951217651367
