,area,approx_perimeter,diameter
0,62.11267207120618,55.888810893621475,8.738591194152832
1,62.11267207120618,55.888810893621475,9.050006866455078
