,area,approx_perimeter,diameter
0,215.67202078946303,104.60658841642001,15.31272029876709
1,215.67202078946303,104.60658841642001,17.93294334411621
