,area,approx_perimeter,diameter
0,158.20750946433637,90.0475739387602,12.661964416503906
1,158.20750946433637,90.0475739387602,15.90875244140625
