,area,approx_perimeter,diameter
0,108.46839112372864,74.35761909507055,10.668126106262207
1,108.46839112372864,74.35761909507055,12.94568920135498
