,area,approx_perimeter,diameter
0,321.04595694218915,127.26242285984613,19.25105857849121
1,321.04595694218915,127.26242285984613,21.23355484008789
