,area,approx_perimeter,diameter
0,113.2284142236856,75.9161987003142,10.95655345916748
1,113.2284142236856,75.9161987003142,13.158051490783691
