,area,approx_perimeter,diameter
0,159.09815178678693,89.98173074974476,12.995284080505371
1,159.09815178678693,89.98173074974476,15.587966918945312
