,area,approx_perimeter,diameter
0,48.892466790061555,53.17041832662681,5.783022880554199
1,48.892466790061555,53.17041832662681,10.764581680297852
