,area,approx_perimeter,diameter
0,117.1130995646135,77.16901305234344,11.184530258178711
1,117.1130995646135,77.16901305234344,13.332077980041504
