,area,approx_perimeter,diameter
0,54.812129375287775,52.778664521282636,7.667990684509277
1,54.812129375287775,52.778664521282636,9.101337432861328
