,area,approx_perimeter,diameter
0,105.24008286929528,73.12010005866055,10.639374732971191
1,105.24008286929528,73.12010005866055,12.59433364868164
