,area,approx_perimeter,diameter
0,90.51170418741056,67.45158198610375,10.693825721740723
1,90.51170418741056,67.45158198610375,10.776599884033203
