,area,approx_perimeter,diameter
0,107.43565124395089,75.02065380008335,9.899185180664062
1,107.43565124395089,75.02065380008335,13.818442344665527
