,area,approx_perimeter,diameter
0,99.82309071843032,71.07753873895913,10.537874221801758
1,99.82309071843032,71.07753873895913,12.06113338470459
