,area,approx_perimeter,diameter
0,140.29264610325595,84.41606090630441,12.292792320251465
1,140.29264610325595,84.41606090630441,14.530965805053711
