,area,approx_perimeter,diameter
0,183.427456691546,96.44589850898662,14.152654647827148
1,183.427456691546,96.44589850898662,16.501998901367188
