,area,approx_perimeter,diameter
0,408.8654895957035,151.75574830756833,17.25774383544922
1,408.8654895957035,151.75574830756833,30.165224075317383
