,area,approx_perimeter,diameter
0,322.40113627895664,129.17745708070038,17.611167907714844
1,322.40113627895664,129.17745708070038,23.308725357055664
