,area,approx_perimeter,diameter
0,38.82239340586978,45.21551362687327,5.889193534851074
1,38.82239340586978,45.21551362687327,8.3933744430542
