,area,approx_perimeter,diameter
0,181.0941399899954,97.99262246466813,12.557650566101074
1,181.0941399899954,97.99262246466813,18.361413955688477
