,area,approx_perimeter,diameter
0,336.110315781076,130.2688364672279,19.590641021728516
1,336.110315781076,130.2688364672279,21.844560623168945
