,area,approx_perimeter,diameter
0,184.8164654270295,97.33755117030745,13.67585563659668
1,184.8164654270295,97.33755117030745,17.206647872924805
