,area,approx_perimeter,diameter
0,73.68451970519915,61.45157185660874,8.642828941345215
1,73.68451970519915,61.45157185660874,10.855015754699707
