,area,approx_perimeter,diameter
0,182.04954380982224,96.61094116493067,13.569178581237793
1,182.04954380982224,96.61094116493067,17.082292556762695
