,area,approx_perimeter,diameter
0,217.55430587873374,106.51753337180382,14.219027519226074
1,217.55430587873374,106.51753337180382,19.480850219726562
