,area,approx_perimeter,diameter
0,42.06260634373277,46.296076526319474,6.651622295379639
1,42.06260634373277,46.296076526319474,8.051535606384277
