,area,approx_perimeter,diameter
0,254.38240959737533,114.12724129427076,16.102779388427734
1,254.38240959737533,114.12724129427076,20.113903045654297
