,area,approx_perimeter,diameter
0,75.41048637473239,61.61179171238158,9.499593734741211
1,75.41048637473239,61.61179171238158,10.107338905334473
