,area,approx_perimeter,diameter
0,94.09876600678348,69.54804039338961,9.68430233001709
1,94.09876600678348,69.54804039338961,12.37159538269043
