,area,approx_perimeter,diameter
0,211.28690585623465,106.01233021891265,13.489087104797363
1,211.28690585623465,106.01233021891265,19.943443298339844
