,area,approx_perimeter,diameter
0,101.63590077613854,71.8785833918365,10.43115234375
1,101.63590077613854,71.8785833918365,12.405805587768555
