,area,approx_perimeter,diameter
0,133.29199918224674,82.27318891551064,11.993577003479004
1,133.29199918224674,82.27318891551064,14.150294303894043
