,area,approx_perimeter,diameter
0,126.23686956946332,80.91355324925571,10.967230796813965
1,126.23686956946332,80.91355324925571,14.65545654296875
