,area,approx_perimeter,diameter
0,299.3024906332383,125.45078175774313,16.39992904663086
1,299.3024906332383,125.45078175774313,23.236915588378906
