,area,approx_perimeter,diameter
0,243.42632781614103,110.71707906899395,17.001773834228516
1,243.42632781614103,110.71707906899395,18.2298641204834
