,area,approx_perimeter,diameter
0,203.6238200242794,101.39962896729688,15.238702774047852
1,203.6238200242794,101.39962896729688,17.013383865356445
