,area,approx_perimeter,diameter
0,166.3076578446925,92.42086658816807,12.904067039489746
1,166.3076578446925,92.42086658816807,16.409515380859375
