,area,approx_perimeter,diameter
0,234.18349825590428,108.67573697219798,16.47454071044922
1,234.18349825590428,108.67573697219798,18.09893798828125
