,area,approx_perimeter,diameter
0,126.89206880399848,79.94541131588896,12.25128173828125
1,126.89206880399848,79.94541131588896,13.187518119812012
