,area,approx_perimeter,diameter
0,95.69633550522845,69.6879921516293,10.19053840637207
1,95.69633550522845,69.6879921516293,11.956616401672363
