,area,approx_perimeter,diameter
0,158.43741976522608,89.8904181043384,12.870777130126953
1,158.43741976522608,89.8904181043384,15.673396110534668
