,area,approx_perimeter,diameter
0,170.04806891472006,92.54738471145882,14.181233406066895
1,170.04806891472006,92.54738471145882,15.267496109008789
