,area,approx_perimeter,diameter
0,148.28968990491396,86.82190595664197,12.600287437438965
1,148.28968990491396,86.82190595664197,14.984443664550781
