,area,approx_perimeter,diameter
0,182.93281168936764,96.79071648121123,13.64737319946289
1,182.93281168936764,96.79071648121123,17.066822052001953
