,area,approx_perimeter,diameter
0,92.5218578851478,68.21695022422627,10.634779930114746
1,92.5218578851478,68.21695022422627,11.077096939086914
