,area,approx_perimeter,diameter
0,212.42201032979787,104.69813037088012,14.401368141174316
1,212.42201032979787,104.69813037088012,18.780445098876953
