,area,approx_perimeter,diameter
0,56.31678886113206,53.420547561719495,7.868098258972168
1,56.31678886113206,53.420547561719495,9.113353729248047
