,area,approx_perimeter,diameter
0,73.23118245617236,60.702037271522606,9.408205032348633
1,73.23118245617236,60.702037271522606,9.910587310791016
