,area,approx_perimeter,diameter
0,115.65011916346684,76.25721506366679,11.954392433166504
1,115.65011916346684,76.25721506366679,12.317673683166504
