,area,approx_perimeter,diameter
0,222.4511735479906,106.62160917921109,15.14852523803711
1,222.4511735479906,106.62160917921109,18.69710922241211
