,area,approx_perimeter,diameter
0,224.69405865753671,107.02240981126423,15.353142738342285
1,224.69405865753671,107.02240981126423,18.633928298950195
