,area,approx_perimeter,diameter
0,95.16001284318396,70.01886562997672,9.679336547851562
1,95.16001284318396,70.01886562997672,12.51754093170166
