,area,approx_perimeter,diameter
0,114.33766218007041,76.62468800613013,10.705056190490723
1,114.33766218007041,76.62468800613013,13.599109649658203
