,area,approx_perimeter,diameter
0,125.76730607208745,79.51760290117505,12.507316589355469
1,125.76730607208745,79.51760290117505,12.803058624267578
