,area,approx_perimeter,diameter
0,256.2692899576761,114.74924889381401,16.00035858154297
1,256.2692899576761,114.74924889381401,20.392805099487305
