,area,approx_perimeter,diameter
0,117.37458092159589,78.94971758854005,10.08302116394043
1,117.37458092159589,78.94971758854005,14.821545600891113
