,area,approx_perimeter,diameter
0,39.07492491215994,44.80102386481491,6.252877235412598
1,39.07492491215994,44.80102386481491,7.956615447998047
