,area,approx_perimeter,diameter
0,72.22132142772418,60.51867935572403,8.879606246948242
1,72.22132142772418,60.51867935572403,10.355756759643555
