,area,approx_perimeter,diameter
0,202.63784198311637,101.83704445580071,14.392217636108398
1,202.63784198311637,101.83704445580071,17.926807403564453
