,area,approx_perimeter,diameter
0,136.15235273314406,82.81540455490524,12.678812026977539
1,136.15235273314406,82.81540455490524,13.672776222229004
