,area,approx_perimeter,diameter
0,124.57972282678557,79.21475399480651,12.136064529418945
1,124.57972282678557,79.21475399480651,13.070120811462402
