,area,approx_perimeter,diameter
0,93.53299598125524,68.91321053605654,10.053651809692383
1,93.53299598125524,68.91321053605654,11.845438003540039
