,area,approx_perimeter,diameter
0,165.96376309763878,91.34992576056912,14.330118179321289
1,165.96376309763878,91.34992576056912,14.745979309082031
