,area,approx_perimeter,diameter
0,123.56319737807753,79.81623815595832,11.008687019348145
1,123.56319737807753,79.81623815595832,14.291036605834961
