,area,approx_perimeter,diameter
0,182.45950861740204,96.29727973173664,13.987587928771973
1,182.45950861740204,96.29727973173664,16.60862922668457
