,area,approx_perimeter,diameter
0,129.76640028109608,80.96808283552342,12.128531455993652
1,129.76640028109608,80.96808283552342,13.622730255126953
