,area,approx_perimeter,diameter
0,166.14477547687952,92.78875428904112,12.605926513671875
1,166.14477547687952,92.78875428904112,16.78116226196289
