,area,approx_perimeter,diameter
0,91.93329889619491,68.35599842169998,9.92710018157959
1,91.93329889619491,68.35599842169998,11.791269302368164
