,area,approx_perimeter,diameter
0,320.6663901845358,127.11300114734864,19.408227920532227
1,320.6663901845358,127.11300114734864,21.03670310974121
