,area,approx_perimeter,diameter
0,68.24237327816549,58.86463439561061,8.58635139465332
1,68.24237327816549,58.86463439561061,10.11941909790039
