,area,approx_perimeter,diameter
0,73.34531490981003,60.895676809551595,9.079334259033203
1,73.34531490981003,60.895676809551595,10.28557300567627
