,area,approx_perimeter,diameter
0,196.27653928320382,99.33882371336085,15.61400318145752
1,196.27653928320382,99.33882371336085,16.00531578063965
