,area,approx_perimeter,diameter
0,225.55589372914105,108.11225561652334,14.688525199890137
1,225.55589372914105,108.11225561652334,19.55177116394043
