,area,approx_perimeter,diameter
0,102.70528433881633,72.53794932670517,10.214447021484375
1,102.70528433881633,72.53794932670517,12.802301406860352
