,area,approx_perimeter,diameter
0,58.20727448665088,54.660569729315085,7.64686918258667
1,58.20727448665088,54.660569729315085,9.691783905029297
