,area,approx_perimeter,diameter
0,195.83775393964586,100.04316773255593,14.211137771606445
1,195.83775393964586,100.04316773255593,17.545982360839844
