,area,approx_perimeter,diameter
0,183.39350346559215,97.30253167351275,13.366724014282227
1,183.39350346559215,97.30253167351275,17.46904182434082
