,area,approx_perimeter,diameter
0,124.67678396012708,79.73462717668379,11.422889709472656
1,124.67678396012708,79.73462717668379,13.896957397460938
