,area,approx_perimeter,diameter
0,206.83381187313736,102.45217021994449,14.981642723083496
1,206.83381187313736,102.45217021994449,17.57811164855957
