,area,approx_perimeter,diameter
0,104.45309003535054,72.50065274897364,11.219425201416016
1,104.45309003535054,72.50065274897364,11.853887557983398
