,area,approx_perimeter,diameter
0,179.82272078779226,95.20287399032804,14.499170303344727
1,179.82272078779226,95.20287399032804,15.791069030761719
