,area,approx_perimeter,diameter
0,117.84557208540409,78.7099236045721,10.294870376586914
1,117.84557208540409,78.7099236045721,14.574796676635742
