,area,approx_perimeter,diameter
0,94.00111269710044,70.58205140889928,9.055903434753418
1,94.00111269710044,70.58205140889928,13.216343879699707
