,area,approx_perimeter,diameter
0,184.33042266860625,97.23189453083945,13.639522552490234
1,184.33042266860625,97.23189453083945,17.207111358642578
