,area,approx_perimeter,diameter
0,166.6217827969719,92.74335956746913,12.743120193481445
1,166.6217827969719,92.74335956746913,16.648155212402344
