,area,approx_perimeter,diameter
0,176.06441243707823,94.42386454650351,13.954708099365234
1,176.06441243707823,94.42386454650351,16.064268112182617
