,area,approx_perimeter,diameter
0,129.60641706397294,80.92922964513818,12.102237701416016
1,129.60641706397294,80.92922964513818,13.635496139526367
