,area,approx_perimeter,diameter
0,85.30792430262946,66.09056596083384,9.325197219848633
1,85.30792430262946,66.09056596083384,11.647734642028809
