,area,approx_perimeter,diameter
0,195.99019153436498,101.49831607621856,13.280171394348145
1,195.99019153436498,101.49831607621856,18.790605545043945
