,area,approx_perimeter,diameter
0,218.20380249415908,105.99212497262648,14.683085441589355
1,218.20380249415908,105.99212497262648,18.921480178833008
