,area,approx_perimeter,diameter
0,105.25168255222792,72.7908392873441,11.215039253234863
1,105.25168255222792,72.7908392873441,11.949187278747559
