,area,approx_perimeter,diameter
0,123.83699334306561,78.90111829128773,12.451689720153809
1,123.83699334306561,78.90111829128773,12.662872314453125
