,area,approx_perimeter,diameter
0,126.12907503405037,82.26580127610191,10.269680976867676
1,126.12907503405037,82.26580127610191,15.637537956237793
