,area,approx_perimeter,diameter
0,55.38396889987643,52.915282658491805,7.891872406005859
1,55.38396889987643,52.915282658491805,8.935402870178223
