,area,approx_perimeter,diameter
0,112.3994908315041,75.71130760278074,10.841730117797852
1,112.3994908315041,75.71130760278074,13.200058937072754
