,area,approx_perimeter,diameter
0,229.45705969182376,107.49319347868598,16.507165908813477
1,229.45705969182376,107.49319347868598,17.698604583740234
