,area,approx_perimeter,diameter
0,48.008899278086346,49.94520107185099,6.7344536781311035
1,48.008899278086346,49.94520107185099,9.07673168182373
