,area,approx_perimeter,diameter
0,90.23462198665187,69.05762814404127,8.917838096618652
1,90.23462198665187,69.05762814404127,12.883199691772461
