,area,approx_perimeter,diameter
0,123.8859833827417,79.2923645725907,11.592496871948242
1,123.8859833827417,79.2923645725907,13.606778144836426
