,area,approx_perimeter,diameter
0,83.48393086481,65.1996095024628,9.394350051879883
1,83.48393086481,65.1996095024628,11.314784049987793
