,area,approx_perimeter,diameter
0,43.9441490774605,47.02391309369821,7.282506465911865
1,43.9441490774605,47.02391309369821,7.682990550994873
