,area,approx_perimeter,diameter
0,310.68706030395026,128.29790894666695,16.4732608795166
1,310.68706030395026,128.29790894666695,24.013402938842773
