,area,approx_perimeter,diameter
0,165.76562837588233,92.79363523824651,12.521904945373535
1,165.76562837588233,92.79363523824651,16.85521125793457
