,area,approx_perimeter,diameter
0,275.4560093199998,119.5956248359014,16.155595779418945
1,275.4560093199998,119.5956248359014,21.7089786529541
