,area,approx_perimeter,diameter
0,185.29031234595564,97.10731185878655,14.023343086242676
1,185.29031234595564,97.10731185878655,16.82330322265625
