,area,approx_perimeter,diameter
0,56.65091263510267,54.24431390887964,7.321813106536865
1,56.65091263510267,54.24431390887964,9.851409912109375
