,area,approx_perimeter,diameter
0,178.8888126290174,95.26050803570664,13.957093238830566
1,178.8888126290174,95.26050803570664,16.31917953491211
