,area,approx_perimeter,diameter
0,162.07077957544902,91.55232864408322,12.51049518585205
1,162.07077957544902,91.55232864408322,16.494544982910156
