,area,approx_perimeter,diameter
0,28.144054735409814,37.61525520482421,5.923771858215332
1,28.144054735409814,37.61525520482421,6.0492072105407715
