,area,approx_perimeter,diameter
0,203.19015067430456,101.72803371431425,14.644947052001953
1,203.19015067430456,101.72803371431425,17.66546058654785
