,area,approx_perimeter,diameter
0,231.8074240446746,112.0955772199977,13.700186729431152
1,231.8074240446746,112.0955772199977,21.543237686157227
