,area,approx_perimeter,diameter
0,150.0075202947363,90.06132365391417,11.063429832458496
1,150.0075202947363,90.06132365391417,17.26367950439453
