,area,approx_perimeter,diameter
0,238.74703504197473,110.97926171334673,15.279573440551758
1,238.74703504197473,110.97926171334673,19.894676208496094
