,area,approx_perimeter,diameter
0,62.30496241547371,56.06914917263171,8.468639373779297
1,62.30496241547371,56.06914917263171,9.367401123046875
