,area,approx_perimeter,diameter
0,132.82321115426655,82.25103229107262,11.837662696838379
1,132.82321115426655,82.25103229107262,14.286246299743652
