,area,approx_perimeter,diameter
0,14.87204213913007,27.59400473945864,3.8944091796875
1,14.87204213913007,27.59400473945864,4.862270832061768
2,14.87204213913007,27.59400473945864,6.326231479644775
3,14.87204213913007,27.59400473945864,7.449098587036133
