,area,approx_perimeter,diameter
0,135.48945712065097,82.95446005548564,12.085136413574219
1,135.48945712065097,82.95446005548564,14.274603843688965
