,area,approx_perimeter,diameter
0,188.24985621256843,99.09698842510035,13.219439506530762
1,188.24985621256843,99.09698842510035,18.13141632080078
