,area,approx_perimeter,diameter
0,81.71029427337247,64.45483012429864,9.346097946166992
1,81.71029427337247,64.45483012429864,11.131573677062988
