,area,approx_perimeter,diameter
0,327.8783832202883,130.45234741067821,17.643463134765625
1,327.8783832202883,130.45234741067821,23.661325454711914
