,area,approx_perimeter,diameter
0,139.75037240192395,83.9024277690723,12.845515251159668
1,139.75037240192395,83.9024277690723,13.851970672607422
