,area,approx_perimeter,diameter
0,40.3228704111,45.034143688721514,7.022825717926025
1,40.3228704111,45.034143688721514,7.310543537139893
