,area,approx_perimeter,diameter
0,195.69001969955036,103.40165033395142,12.44017505645752
1,195.69001969955036,103.40165033395142,20.02867889404297
