,area,approx_perimeter,diameter
0,134.3843821713094,83.37018720551977,11.389431953430176
1,134.3843821713094,83.37018720551977,15.023006439208984
