,area,approx_perimeter,diameter
0,209.68591619085456,104.95798742111027,13.750138282775879
1,209.68591619085456,104.95798742111027,19.416561126708984
