,area,approx_perimeter,diameter
0,57.21066674090798,54.03054645411838,7.720203399658203
1,57.21066674090798,54.03054645411838,9.435358047485352
