,area,approx_perimeter,diameter
0,167.9989966234558,93.34720246711161,12.649252891540527
1,167.9989966234558,93.34720246711161,16.910324096679688
