,area,approx_perimeter,diameter
0,331.8761707211302,133.09895640542564,16.803083419799805
1,331.8761707211302,133.09895640542564,25.14763832092285
