,area,approx_perimeter,diameter
0,307.2949684078101,124.70199982517805,18.498044967651367
1,307.2949684078101,124.70199982517805,21.151430130004883
