,area,approx_perimeter,diameter
0,96.33971005747384,69.70912888995348,10.555549621582031
1,96.33971005747384,69.70912888995348,11.62076187133789
