,area,approx_perimeter,diameter
0,46.49504320785311,51.430595060638524,5.748488903045654
1,46.49504320785311,51.430595060638524,10.29824161529541
