,area,approx_perimeter,diameter
0,127.71163083358452,80.18814227603845,12.33471965789795
1,127.71163083358452,80.18814227603845,13.182909965515137
