,area,approx_perimeter,diameter
0,101.73810288131216,71.95737983689706,10.38983154296875
1,101.73810288131216,71.95737983689706,12.467668533325195
