,area,approx_perimeter,diameter
0,240.22126488148638,111.9451717716951,14.932188987731934
1,240.22126488148638,111.9451717716951,20.483213424682617
