,area,approx_perimeter,diameter
0,126.78764745246579,80.23636839847256,11.70242977142334
1,126.78764745246579,80.23636839847256,13.794660568237305
