,area,approx_perimeter,diameter
0,25.769655663414103,36.13630857855239,5.322361469268799
1,25.769655663414103,36.13630857855239,6.164734363555908
