,area,approx_perimeter,diameter
0,28.676353520510986,38.03976421030655,5.743016719818115
1,28.676353520510986,38.03976421030655,6.357611179351807
