,area,approx_perimeter,diameter
0,182.28711243300472,96.30009066564236,13.927511215209961
1,182.28711243300472,96.30009066564236,16.66451072692871
