,area,approx_perimeter,diameter
0,113.12733701926648,76.07336985584816,10.76828670501709
1,113.12733701926648,76.07336985584816,13.376148223876953
