,area,approx_perimeter,diameter
0,54.15761665448902,52.929008043463064,7.228078365325928
1,54.15761665448902,52.929008043463064,9.539965629577637
