,area,approx_perimeter,diameter
0,89.07824008912993,67.36446893429883,9.687803268432617
1,89.07824008912993,67.36446893429883,11.707291603088379
