,area,approx_perimeter,diameter
0,187.45669259202282,97.67063221277292,14.10797119140625
1,187.45669259202282,97.67063221277292,16.91790199279785
