,area,approx_perimeter,diameter
0,113.08529283260663,76.42447818472252,10.48449420928955
1,113.08529283260663,76.42447818472252,13.733105659484863
