,area,approx_perimeter,diameter
0,107.00957991899644,73.83679888663892,10.615351676940918
1,107.00957991899644,73.83679888663892,12.835074424743652
