,area,approx_perimeter,diameter
0,142.0411580486447,84.71479165472499,12.68270206451416
1,142.0411580486447,84.71479165472499,14.259770393371582
