,area,approx_perimeter,diameter
0,63.75134279362066,57.15090118478621,8.046487808227539
1,63.75134279362066,57.15090118478621,10.087721824645996
