,area,approx_perimeter,diameter
0,221.6899490873649,106.11818763369357,15.450143814086914
1,221.6899490873649,106.11818763369357,18.269371032714844
