,area,approx_perimeter,diameter
0,244.29185247894023,112.31173155541339,15.420333862304688
1,244.29185247894023,112.31173155541339,20.170902252197266
