,area,approx_perimeter,diameter
0,95.87173333674215,69.7576804990524,10.192733764648438
1,95.87173333674215,69.7576804990524,11.975951194763184
