,area,approx_perimeter,diameter
0,69.27722278194183,59.626150484089735,8.347199440002441
1,69.27722278194183,59.626150484089735,10.5671968460083
