,area,approx_perimeter,diameter
0,165.69698149881432,92.46907050694736,12.719240188598633
1,165.69698149881432,92.46907050694736,16.586835861206055
