,area,approx_perimeter,diameter
0,143.39528492987822,87.6309569266469,10.985133171081543
1,143.39528492987822,87.6309569266469,16.620330810546875
