,area,approx_perimeter,diameter
0,270.62569450189346,119.84610315249923,15.3260498046875
1,270.62569450189346,119.84610315249923,22.482723236083984
