,area,approx_perimeter,diameter
0,197.57604320824265,100.06024625772443,14.735747337341309
1,197.57604320824265,100.06024625772443,17.071521759033203
