,area,approx_perimeter,diameter
0,125.01569253894975,80.30966055594095,11.055023193359375
1,125.01569253894975,80.30966055594095,14.398425102233887
