,area,approx_perimeter,diameter
0,223.5258826881858,106.73955365477335,15.317453384399414
1,223.5258826881858,106.73955365477335,18.580242156982422
