,area,approx_perimeter,diameter
0,40.523126362563296,46.335844914855876,5.948970794677734
1,40.523126362563296,46.335844914855876,8.6730375289917
