,area,approx_perimeter,diameter
0,70.55526149349694,59.93302843128355,8.6423978805542
1,70.55526149349694,59.93302843128355,10.394539833068848
