,area,approx_perimeter,diameter
0,98.69494319376764,71.02841539224696,10.081827163696289
1,98.69494319376764,71.02841539224696,12.464239120483398
