,area,approx_perimeter,diameter
0,457.8995942427288,153.5637420404338,21.254322052001953
1,457.8995942427288,153.5637420404338,27.430461883544922
