,area,approx_perimeter,diameter
0,141.49359511121833,84.35104461765759,13.204421043395996
1,141.49359511121833,84.35104461765759,13.6435546875
