,area,approx_perimeter,diameter
0,243.15005839374209,110.62541985221301,17.08414077758789
1,243.15005839374209,110.62541985221301,18.121383666992188
