,area,approx_perimeter,diameter
0,223.5868392380979,107.15555922700139,14.966452598571777
1,223.5868392380979,107.15555922700139,19.021181106567383
