,area,approx_perimeter,diameter
0,156.02343580581038,88.6778766184447,13.509275436401367
1,156.02343580581038,88.6778766184447,14.705097198486328
