,area,approx_perimeter,diameter
0,105.51526875884215,77.33861157482255,8.697809219360352
1,105.51526875884215,77.33861157482255,15.445982933044434
