,area,approx_perimeter,diameter
0,53.358773260523385,52.060612232743075,7.5813446044921875
1,53.358773260523385,52.060612232743075,8.961273193359375
