,area,approx_perimeter,diameter
0,108.03389628891404,74.34706126707202,10.517848014831543
1,108.03389628891404,74.34706126707202,13.078058242797852
