,area,approx_perimeter,diameter
0,138.76396161732612,84.39215935113756,11.810198783874512
1,138.76396161732612,84.39215935113756,14.959931373596191
