,area,approx_perimeter,diameter
0,344.6827474034963,132.15402701561115,19.47296142578125
1,344.6827474034963,132.15402701561115,22.537080764770508
