,area,approx_perimeter,diameter
0,251.63595180534423,112.89575626782845,16.66647720336914
1,251.63595180534423,112.89575626782845,19.22378921508789
