,area,approx_perimeter,diameter
0,27.884516421449774,38.92645228266195,4.733839988708496
1,27.884516421449774,38.92645228266195,7.499972343444824
