,area,approx_perimeter,diameter
0,90.57411381465062,67.71935622926664,10.016672134399414
1,90.57411381465062,67.71935622926664,11.513059616088867
