,area,approx_perimeter,diameter
0,85.19943695936259,65.67677534245855,9.71866512298584
1,85.19943695936259,65.67677534245855,11.161953926086426
