,area,approx_perimeter,diameter
0,280.4013776180825,118.82078459629115,18.270736694335938
1,280.4013776180825,118.82078459629115,19.540433883666992
