,area,approx_perimeter,diameter
0,81.08215823536379,64.53739804221844,9.006124496459961
1,81.08215823536379,64.53739804221844,11.46297836303711
