,area,approx_perimeter,diameter
0,327.1079897477622,130.4285876661909,17.543291091918945
1,327.1079897477622,130.4285876661909,23.74051856994629
