,area,approx_perimeter,diameter
0,193.32783567881287,99.40481088965568,14.115434646606445
1,193.32783567881287,99.40481088965568,17.43854522705078
