,area,approx_perimeter,diameter
0,210.2347096492549,103.16199847354115,15.275378227233887
1,210.2347096492549,103.16199847354115,17.523569107055664
