,area,approx_perimeter,diameter
0,125.61786460948424,81.53660492459981,10.495081901550293
1,125.61786460948424,81.53660492459981,15.23967456817627
