,area,approx_perimeter,diameter
0,81.26551167309901,64.19242107294167,9.424150466918945
1,81.26551167309901,64.19242107294167,10.979288101196289
