,area,approx_perimeter,diameter
0,94.38155358193391,70.87189679966409,9.007494926452637
1,94.38155358193391,70.87189679966409,13.341148376464844
