,area,approx_perimeter,diameter
0,127.22660370729571,80.66997027684806,11.423860549926758
1,127.22660370729571,80.66997027684806,14.179965019226074
