,area,approx_perimeter,diameter
0,276.95585663525213,119.4299448792119,16.528907775878906
1,276.95585663525213,119.4299448792119,21.33420753479004
