,area,approx_perimeter,diameter
0,74.35181116751343,61.64404372738322,8.755630493164062
1,74.35181116751343,61.64404372738322,10.812204360961914
