,area,approx_perimeter,diameter
0,267.3020549505854,116.00807511478548,17.851457595825195
1,267.3020549505854,116.00807511478548,19.06508445739746
