,area,approx_perimeter,diameter
0,179.68344854261852,95.47186854074587,13.988035202026367
1,179.68344854261852,95.47186854074587,16.355411529541016
