,area,approx_perimeter,diameter
0,237.7221225982004,109.91392562082602,15.969627380371094
1,237.7221225982004,109.91392562082602,18.953304290771484
