,area,approx_perimeter,diameter
0,56.4534042156128,53.30879823770586,8.216915130615234
1,56.4534042156128,53.30879823770586,8.747651100158691
