,area,approx_perimeter,diameter
0,32.53578869589477,42.26241818610732,5.038036823272705
1,32.53578869589477,42.26241818610732,8.222618103027344
