,area,approx_perimeter,diameter
0,52.01773874234435,51.16795248671829,7.900032043457031
1,52.01773874234435,51.16795248671829,8.383642196655273
