,area,approx_perimeter,diameter
0,141.49046632379822,84.49477022246082,12.760519981384277
1,141.49046632379822,84.49477022246082,14.1178617477417
