,area,approx_perimeter,diameter
0,101.97047840904848,73.04503446665008,9.667218208312988
1,101.97047840904848,73.04503446665008,13.430217742919922
