,area,approx_perimeter,diameter
0,56.42435045576422,59.60170889322319,5.693778991699219
1,56.42435045576422,59.60170889322319,12.61758041381836
