,area,approx_perimeter,diameter
0,88.43570664655442,66.92629422042238,9.882102966308594
1,88.43570664655442,66.92629422042238,11.394319534301758
