,area,approx_perimeter,diameter
0,85.48578765874431,66.08669792986878,9.399174690246582
1,85.48578765874431,66.08669792986878,11.580153465270996
