,area,approx_perimeter,diameter
0,91.82244818151484,68.14505566632747,10.144024848937988
1,91.82244818151484,68.14505566632747,11.525205612182617
