,area,approx_perimeter,diameter
0,155.1097466743449,89.38971195857161,12.36067008972168
1,155.1097466743449,89.38971195857161,15.977439880371094
