,area,approx_perimeter,diameter
0,110.86111185234971,74.993193450163,10.984986305236816
1,110.86111185234971,74.993193450163,12.84960651397705
