,area,approx_perimeter,diameter
0,209.40370846791015,103.13228817848976,15.019886016845703
1,209.40370846791015,103.13228817848976,17.751205444335938
