,area,approx_perimeter,diameter
0,112.35636664593653,75.16423706568217,11.777560234069824
1,112.35636664593653,75.16423706568217,12.146536827087402
