,area,approx_perimeter,diameter
0,146.85314284285408,86.21699634105174,12.771453857421875
1,146.85314284285408,86.21699634105174,14.640402793884277
