,area,approx_perimeter,diameter
0,109.4296360013497,74.18993249168686,11.559412002563477
1,109.4296360013497,74.18993249168686,12.053393363952637
