,area,approx_perimeter,diameter
0,368.04594860837557,137.69177370940898,19.042827606201172
1,368.04594860837557,137.69177370940898,24.60824966430664
