,area,approx_perimeter,diameter
0,184.72217519854442,96.56979361553859,14.530714988708496
1,184.72217519854442,96.56979361553859,16.186098098754883
