,area,approx_perimeter,diameter
0,35.14711028738816,43.036262739719035,5.596412181854248
1,35.14711028738816,43.036262739719035,7.9963178634643555
