,area,approx_perimeter,diameter
0,263.14030220275566,115.5270380465321,16.938175201416016
1,263.14030220275566,115.5270380465321,19.780208587646484
