,area,approx_perimeter,diameter
0,209.56053766185272,106.65888233625256,12.997297286987305
1,209.56053766185272,106.65888233625256,20.528942108154297
