,area,approx_perimeter,diameter
0,180.51492520086595,97.69530537613802,12.603423118591309
1,180.51492520086595,97.69530537613802,18.236215591430664
