,area,approx_perimeter,diameter
0,262.90907026430585,115.73915989756085,16.634618759155273
1,262.90907026430585,115.73915989756085,20.12346839904785
