,area,approx_perimeter,diameter
0,248.46402443532318,112.25843677515603,16.459938049316406
1,248.46402443532318,112.25843677515603,19.219648361206055
