,area,approx_perimeter,diameter
0,287.54347746010575,122.69903166156774,16.21274185180664
1,287.54347746010575,122.69903166156774,22.581727981567383
