,area,approx_perimeter,diameter
0,809.6051383561598,326.0774886561771,13.116013526916504
1,809.6051383561598,326.0774886561771,78.59257507324219
2,809.6051383561598,326.0774886561771,7.433320999145508
3,809.6051383561598,326.0774886561771,16.566076278686523
