,area,approx_perimeter,diameter
0,120.09667005366587,77.75286708898574,11.98646354675293
1,120.09667005366587,77.75286708898574,12.75704288482666
