,area,approx_perimeter,diameter
0,117.2361365206909,77.92912106548786,10.598774909973145
1,117.2361365206909,77.92912106548786,14.083673477172852
