,area,approx_perimeter,diameter
0,85.694657136295,65.93061545893151,9.662177085876465
1,85.694657136295,65.93061545893151,11.292468070983887
