,area,approx_perimeter,diameter
0,117.24030012265591,78.72229069361381,10.162126541137695
1,117.24030012265591,78.72229069361381,14.689345359802246
