,area,approx_perimeter,diameter
0,180.35996273259,95.6690637260343,13.992448806762695
1,180.35996273259,95.6690637260343,16.41181182861328
