,area,approx_perimeter,diameter
0,220.56235463204408,107.02886996922315,14.449463844299316
1,220.56235463204408,107.02886996922315,19.43523406982422
