,area,approx_perimeter,diameter
0,170.12471373588164,92.74042232747962,13.832853317260742
1,170.12471373588164,92.74042232747962,15.659062385559082
