,area,approx_perimeter,diameter
0,75.95138563103824,63.41952575717879,8.151915550231934
1,75.95138563103824,63.41952575717879,11.862771034240723
