,area,approx_perimeter,diameter
0,268.22829763496816,121.41206408668789,14.443277359008789
1,268.22829763496816,121.41206408668789,23.645524978637695
