,area,approx_perimeter,diameter
0,139.90130345931973,84.02368561545397,12.679229736328125
1,139.90130345931973,84.02368561545397,14.048792839050293
