,area,approx_perimeter,diameter
0,92.82537309324306,68.43263546934007,10.34721565246582
1,92.82537309324306,68.43263546934007,11.422293663024902
