,area,approx_perimeter,diameter
0,141.55618830263458,84.89979613283597,12.233179092407227
1,141.55618830263458,84.89979613283597,14.73328685760498
