,area,approx_perimeter,diameter
0,297.5920307691536,122.53451166683269,18.51658058166504
1,297.5920307691536,122.53451166683269,20.463062286376953
