,area,approx_perimeter,diameter
0,202.45753515701333,103.26003171825907,13.446483612060547
1,202.45753515701333,103.26003171825907,19.170583724975586
