,area,approx_perimeter,diameter
0,45.48341769332861,47.88610374666499,7.277856349945068
1,45.48341769332861,47.88610374666499,7.957190036773682
