,area,approx_perimeter,diameter
0,101.11297881542848,71.57125693254952,10.554845809936523
1,101.11297881542848,71.57125693254952,12.19734001159668
