,area,approx_perimeter,diameter
0,61.488537313967605,57.232013630000345,7.2581048011779785
1,61.488537313967605,57.232013630000345,10.78651237487793
