,area,approx_perimeter,diameter
0,74.5769866526205,61.73413355269737,8.771764755249023
1,74.5769866526205,61.73413355269737,10.82500171661377
