,area,approx_perimeter,diameter
0,159.49949222585,90.49563305405796,12.64797592163086
1,159.49949222585,90.49563305405796,16.056407928466797
