,area,approx_perimeter,diameter
0,88.4937317657514,66.71275614142182,10.414900779724121
1,88.4937317657514,66.71275614142182,10.818511009216309
