,area,approx_perimeter,diameter
0,150.456020966881,88.17065206125326,12.08095645904541
1,150.456020966881,88.17065206125326,15.856903076171875
