,area,approx_perimeter,diameter
0,158.53861271848234,90.16573434633717,12.655478477478027
1,158.53861271848234,90.16573434633717,15.950217247009277
