,area,approx_perimeter,diameter
0,78.08791926821507,63.231670268400634,8.922112464904785
1,78.08791926821507,63.231670268400634,11.143619537353516
