,area,approx_perimeter,diameter
0,132.5547132722456,81.79342721570468,12.330838203430176
1,132.5547132722456,81.79342721570468,13.687139511108398
