,area,approx_perimeter,diameter
0,150.12592109218906,87.45176161985859,12.57761287689209
1,150.12592109218906,87.45176161985859,15.19734001159668
