,area,approx_perimeter,diameter
0,144.7475016001645,85.91175190513717,12.309420585632324
1,144.7475016001645,85.91175190513717,14.972129821777344
