,area,approx_perimeter,diameter
0,281.0831007366667,119.00251559721245,18.188079833984375
1,281.0831007366667,119.00251559721245,19.676959991455078
