,area,approx_perimeter,diameter
0,65.9996960414224,57.786064051658244,8.581375122070312
1,65.9996960414224,57.786064051658244,9.792535781860352
