,area,approx_perimeter,diameter
0,204.81444001193663,103.27265347135749,13.842438697814941
1,204.81444001193663,103.27265347135749,18.83901023864746
