,area,approx_perimeter,diameter
0,80.1236822138331,63.92062984743031,9.156292915344238
1,80.1236822138331,63.92062984743031,11.14169692993164
