,area,approx_perimeter,diameter
0,71.70137708121158,60.36516945866982,8.769736289978027
1,71.70137708121158,60.36516945866982,10.410008430480957
