,area,approx_perimeter,diameter
0,131.2802238948538,81.47694519493629,12.136595726013184
1,131.2802238948538,81.47694519493629,13.772492408752441
