,area,approx_perimeter,diameter
0,92.68328061564674,68.53932145533821,10.083280563354492
1,92.68328061564674,68.53932145533821,11.703335762023926
