,area,approx_perimeter,diameter
0,229.06280331985334,108.34011663188286,15.245421409606934
1,229.06280331985334,108.34011663188286,19.13045310974121
