,area,approx_perimeter,diameter
0,92.47332494281022,68.29532978832802,10.342966079711914
1,92.47332494281022,68.29532978832802,11.383648872375488
