,area,approx_perimeter,diameter
0,238.68779766833177,109.81776487324683,16.43837547302246
1,238.68779766833177,109.81776487324683,18.487638473510742
