,area,approx_perimeter,diameter
0,435.59059262991684,148.45028951136294,22.05109405517578
1,435.59059262991684,148.45028951136294,25.151185989379883
