,area,approx_perimeter,diameter
0,235.91209200236793,112.50061416222842,14.048466682434082
1,235.91209200236793,112.50061416222842,21.381166458129883
