,area,approx_perimeter,diameter
0,102.87850314547134,73.31456639068288,9.740571022033691
1,102.87850314547134,73.31456639068288,13.447772026062012
