,area,approx_perimeter,diameter
0,97.03619901484242,69.840517878416,11.069182395935059
1,97.03619901484242,69.840517878416,11.161648750305176
