,area,approx_perimeter,diameter
0,205.45307235830725,102.02518248828528,15.040361404418945
1,205.45307235830725,102.02518248828528,17.39259910583496
