,area,approx_perimeter,diameter
0,99.37258768729438,70.97909007279071,10.428389549255371
1,99.37258768729438,70.97909007279071,12.132756233215332
