,area,approx_perimeter,diameter
0,108.97014603811124,74.05468585318093,11.448443412780762
1,108.97014603811124,74.05468585318093,12.119123458862305
