,area,approx_perimeter,diameter
0,186.89425957758735,97.57260348694659,14.036055564880371
1,186.89425957758735,97.57260348694659,16.953563690185547
