,area,approx_perimeter,diameter
0,108.14982898646836,74.9331947488197,10.125988960266113
1,108.14982898646836,74.9331947488197,13.598734855651855
