,area,approx_perimeter,diameter
0,113.9128760070784,76.16849402626308,10.965425491333008
1,113.9128760070784,76.16849402626308,13.22688102722168
