,area,approx_perimeter,diameter
0,196.91354449912936,100.9110323472867,13.792375564575195
1,196.91354449912936,100.9110323472867,18.178022384643555
