,area,approx_perimeter,diameter
0,303.6951045797664,124.43397512978616,17.837589263916016
1,303.6951045797664,124.43397512978616,21.677627563476562
