,area,approx_perimeter,diameter
0,279.23719618369853,119.22792629046725,17.19610595703125
1,279.23719618369853,119.22792629046725,20.675369262695312
