,area,approx_perimeter,diameter
0,252.36603307865977,113.73583897367007,15.986932754516602
1,252.36603307865977,113.73583897367007,20.09906578063965
