,area,approx_perimeter,diameter
0,110.34289134002671,76.19103546594911,9.947562217712402
1,110.34289134002671,76.19103546594911,14.123353004455566
