,area,approx_perimeter,diameter
0,118.90131881896677,78.13049271874068,10.923251152038574
1,118.90131881896677,78.13049271874068,13.859414100646973
