,area,approx_perimeter,diameter
0,147.4853236243383,86.40411712775483,12.79638671875
1,147.4853236243383,86.40411712775483,14.674778938293457
