,area,approx_perimeter,diameter
0,267.44105903263477,117.5712579897029,16.094388961791992
1,267.44105903263477,117.5712579897029,21.157468795776367
