,area,approx_perimeter,diameter
0,212.00476339464254,104.50956836351358,14.448247909545898
1,212.00476339464254,104.50956836351358,18.6827392578125
