,area,approx_perimeter,diameter
0,158.8088006383616,90.21063886890327,12.692562103271484
1,158.8088006383616,90.21063886890327,15.930719375610352
