,area,approx_perimeter,diameter
0,150.4838229918555,87.2490895892934,12.968788146972656
1,150.4838229918555,87.2490895892934,14.774083137512207
