,area,approx_perimeter,diameter
0,241.19500054802967,110.31310991897035,16.672414779663086
1,241.19500054802967,110.31310991897035,18.419588088989258
