,area,approx_perimeter,diameter
0,177.50020458904734,95.9370469607213,13.010563850402832
1,177.50020458904734,95.9370469607213,17.370521545410156
