,area,approx_perimeter,diameter
0,188.22786612234148,97.54049760326922,14.565675735473633
1,188.22786612234148,97.54049760326922,16.453693389892578
