,area,approx_perimeter,diameter
0,138.72749200250598,84.08593291950108,12.070879936218262
1,138.72749200250598,84.08593291950108,14.633011817932129
