,area,approx_perimeter,diameter
0,205.0680533986679,101.99216936293276,14.944527626037598
1,205.0680533986679,101.99216936293276,17.471328735351562
