,area,approx_perimeter,diameter
0,133.9404072871677,83.36030252507847,11.287795066833496
1,133.9404072871677,83.36030252507847,15.108196258544922
