,area,approx_perimeter,diameter
0,279.60099388015857,121.20594278732761,15.874438285827637
1,279.60099388015857,121.20594278732761,22.42593002319336
