,area,approx_perimeter,diameter
0,298.06272303086706,122.93018356844821,18.05805206298828
1,298.06272303086706,122.93018356844821,21.015846252441406
