,area,approx_perimeter,diameter
0,99.15209273985477,70.93378484914273,10.374529838562012
1,99.15209273985477,70.93378484914273,12.168683052062988
