,area,approx_perimeter,diameter
0,166.60608148232055,92.22830902052075,13.150825500488281
1,166.60608148232055,92.22830902052075,16.130504608154297
