,area,approx_perimeter,diameter
0,119.51461775612138,78.94600968683028,10.540771484375
1,119.51461775612138,78.94600968683028,14.436394691467285
