,area,approx_perimeter,diameter
0,185.05195069615615,96.99219186568314,14.071728706359863
1,185.05195069615615,96.99219186568314,16.74388885498047
