,area,approx_perimeter,diameter
0,170.70487949861155,93.3605972538471,13.307215690612793
1,170.70487949861155,93.3605972538471,16.33310890197754
