,area,approx_perimeter,diameter
0,163.97137308447748,92.1843105530303,12.520343780517578
1,163.97137308447748,92.1843105530303,16.674848556518555
