,area,approx_perimeter,diameter
0,109.26467942186463,74.31882182971914,11.093143463134766
1,109.26467942186463,74.31882182971914,12.54109001159668
