,area,approx_perimeter,diameter
0,394.46616859670064,145.22388032301654,18.269824981689453
1,394.46616859670064,145.22388032301654,27.490680694580078
