,area,approx_perimeter,diameter
0,223.7440207479344,108.20300656047014,14.318519592285156
1,223.7440207479344,108.20300656047014,19.895893096923828
