,area,approx_perimeter,diameter
0,95.83509260859232,69.58712464009174,10.413640022277832
1,95.83509260859232,69.58712464009174,11.717423439025879
