,area,approx_perimeter,diameter
0,67.83581579786885,58.444312055817065,8.982366561889648
1,67.83581579786885,58.444312055817065,9.615644454956055
