,area,approx_perimeter,diameter
0,102.36089960177542,72.09887736761972,10.509254455566406
1,102.36089960177542,72.09887736761972,12.401445388793945
