,area,approx_perimeter,diameter
0,58.074533797681944,54.3828035988833,7.832077503204346
1,58.074533797681944,54.3828035988833,9.441019058227539
