,area,approx_perimeter,diameter
0,328.53831539489374,135.79545139287933,15.538949012756348
1,328.53831539489374,135.79545139287933,26.919965744018555
