,area,approx_perimeter,diameter
0,188.51114141159002,98.00027192754935,14.09000301361084
1,188.51114141159002,98.00027192754935,17.034761428833008
