,area,approx_perimeter,diameter
0,54.79021436279382,52.542386300082086,8.024038314819336
1,54.79021436279382,52.542386300082086,8.694009780883789
