,area,approx_perimeter,diameter
0,91.19442064140267,67.82846345217172,10.256572723388672
1,91.19442064140267,67.82846345217172,11.32077407836914
