,area,approx_perimeter,diameter
0,97.14611106077815,70.07240697794185,10.466386795043945
1,97.14611106077815,70.07240697794185,11.81785774230957
