,area,approx_perimeter,diameter
0,253.02504542375917,115.01503852575756,15.254439353942871
1,253.02504542375917,115.01503852575756,21.11919593811035
