,area,approx_perimeter,diameter
0,37.19378253200622,43.854201458311344,5.995950698852539
1,37.19378253200622,43.854201458311344,7.898096084594727
