,area,approx_perimeter,diameter
0,38.564431020450286,46.23261502795743,5.412682056427002
1,38.564431020450286,46.23261502795743,9.071613311767578
