,area,approx_perimeter,diameter
0,315.2500922439033,127.45594240776028,17.60808753967285
1,315.2500922439033,127.45594240776028,22.795711517333984
