,area,approx_perimeter,diameter
0,273.21595535847524,120.47634422831096,15.372857093811035
1,273.21595535847524,120.47634422831096,22.628803253173828
