,area,approx_perimeter,diameter
0,114.09772608896627,76.29681225922455,10.908119201660156
1,114.09772608896627,76.29681225922455,13.31794548034668
