,area,approx_perimeter,diameter
0,187.04699212791684,97.27848357797834,14.450074195861816
1,187.04699212791684,97.27848357797834,16.481273651123047
