,area,approx_perimeter,diameter
0,99.62780967406957,71.57876109154044,9.952083587646484
1,99.62780967406957,71.57876109154044,12.746081352233887
