,area,approx_perimeter,diameter
0,78.89973690053944,63.062918853077704,9.60120964050293
1,78.89973690053944,63.062918853077704,10.46308422088623
