,area,approx_perimeter,diameter
0,64.4876919259991,57.96162897060787,7.759698390960693
1,64.4876919259991,57.96162897060787,10.581375122070312
