,area,approx_perimeter,diameter
0,132.89844844185944,82.98767780086791,11.27414321899414
1,132.89844844185944,82.98767780086791,15.008817672729492
