,area,approx_perimeter,diameter
0,150.89163316180313,87.25642832082085,13.17818832397461
1,150.89163316180313,87.25642832082085,14.578725814819336
