,area,approx_perimeter,diameter
0,100.15521258330054,71.2630130522925,10.462947845458984
1,100.15521258330054,71.2630130522925,12.187920570373535
