,area,approx_perimeter,diameter
0,41.44061400106632,45.70466305867217,6.9555134773254395
1,41.44061400106632,45.70466305867217,7.585899829864502
