,area,approx_perimeter,diameter
0,37.62343194465526,45.526473551703226,5.391013145446777
1,37.62343194465526,45.526473551703226,8.885832786560059
