,area,approx_perimeter,diameter
0,67.56661695516222,58.62177771254752,8.487524032592773
1,67.56661695516222,58.62177771254752,10.135875701904297
