,area,approx_perimeter,diameter
0,109.21249464057044,74.23634154504508,11.206104278564453
1,109.21249464057044,74.23634154504508,12.408742904663086
