,area,approx_perimeter,diameter
0,164.98048039019722,91.62585592527691,13.237845420837402
1,164.98048039019722,91.62585592527691,15.86811637878418
