,area,approx_perimeter,diameter
0,144.6585392361535,86.52259677336842,11.800796508789062
1,144.6585392361535,86.52259677336842,15.607842445373535
