,area,approx_perimeter,diameter
0,162.46605798810148,90.86895710870513,13.198177337646484
1,162.46605798810148,90.86895710870513,15.673240661621094
