,area,approx_perimeter,diameter
0,117.92832582376305,77.4300268822767,11.231287956237793
1,117.92832582376305,77.4300268822767,13.368992805480957
