,area,approx_perimeter,diameter
0,166.34876751616102,92.78731738353261,12.651618957519531
1,166.34876751616102,92.78731738353261,16.741085052490234
