,area,approx_perimeter,diameter
0,120.92491774884547,79.73287307409319,10.427881240844727
1,120.92491774884547,79.73287307409319,14.764877319335938
