,area,approx_perimeter,diameter
0,173.93483430211384,95.32080824247048,12.669417381286621
1,173.93483430211384,95.32080824247048,17.479944229125977
