,area,approx_perimeter,diameter
0,72.35528383498473,61.120995077936186,8.393664360046387
1,72.35528383498473,61.120995077936186,10.97561264038086
