,area,approx_perimeter,diameter
0,127.39102490656006,80.12579800145927,12.21469783782959
1,127.39102490656006,80.12579800145927,13.27902603149414
