,area,approx_perimeter,diameter
0,110.33573958498312,74.8574145234639,10.907862663269043
1,110.33573958498312,74.8574145234639,12.879134178161621
