,area,approx_perimeter,diameter
0,85.14112918310751,65.4745847356527,10.067501068115234
1,85.14112918310751,65.4745847356527,10.767821311950684
