,area,approx_perimeter,diameter
0,88.73191558020117,67.13978777898353,9.770444869995117
1,88.73191558020117,67.13978777898353,11.563136100769043
