,area,approx_perimeter,diameter
0,47.990400142231294,49.303819336148166,7.276480674743652
1,47.990400142231294,49.303819336148166,8.397366523742676
