,area,approx_perimeter,diameter
0,111.07268299932576,74.81919012035982,11.40288257598877
1,111.07268299932576,74.81919012035982,12.402314186096191
