,area,approx_perimeter,diameter
0,258.1465318649909,114.28000514615243,16.977426528930664
1,258.1465318649909,114.28000514615243,19.35996437072754
