,area,approx_perimeter,diameter
0,45.652793745988035,48.589124845690726,6.640682697296143
1,45.652793745988035,48.589124845690726,8.753157615661621
