,area,approx_perimeter,diameter
0,97.4902114730208,70.02011773363824,10.940794944763184
1,97.4902114730208,70.02011773363824,11.345463752746582
