,area,approx_perimeter,diameter
0,74.24978702660131,61.11412253438998,9.510538101196289
1,74.24978702660131,61.11412253438998,9.940317153930664
