,area,approx_perimeter,diameter
0,193.04946038058716,99.02128349894392,14.423633575439453
1,193.04946038058716,99.02128349894392,17.041351318359375
