,area,approx_perimeter,diameter
0,35.60809346993395,43.064662403499405,5.769308567047119
1,35.60809346993395,43.064662403499405,7.85841703414917
