,area,approx_perimeter,diameter
0,363.4612436837386,136.28379825073486,19.367040634155273
1,363.4612436837386,136.28379825073486,23.894886016845703
