,area,approx_perimeter,diameter
0,120.93476283310417,79.96343642422462,10.316020965576172
1,120.93476283310417,79.96343642422462,14.926193237304688
