,area,approx_perimeter,diameter
0,286.1902566759712,122.30141092225907,16.234161376953125
1,286.1902566759712,122.30141092225907,22.44580078125
