,area,approx_perimeter,diameter
0,252.8948659208675,114.05074961092753,15.849205017089844
1,252.8948659208675,114.05074961092753,20.316207885742188
