,area,approx_perimeter,diameter
0,153.26658229118433,89.57911084378492,11.83735179901123
1,153.26658229118433,89.57911084378492,16.48553466796875
