,area,approx_perimeter,diameter
0,6.1454279873537345,18.594786790715645,2.118727684020996
1,6.1454279873537345,18.594786790715645,3.693066358566284
2,6.1454279873537345,18.594786790715645,2.197702169418335
3,6.1454279873537345,18.594786790715645,3.3288466930389404
4,6.1454279873537345,18.594786790715645,5.386136054992676
5,6.1454279873537345,18.594786790715645,8.305168151855469
