,area,approx_perimeter,diameter
0,34.885789041456306,42.42833958887066,5.836680889129639
1,34.885789041456306,42.42833958887066,7.610141277313232
