,area,approx_perimeter,diameter
0,137.31208173935576,83.12047305411318,12.884114265441895
1,137.31208173935576,83.12047305411318,13.569514274597168
