,area,approx_perimeter,diameter
0,260.9336306910241,115.6368274087607,16.267242431640625
1,260.9336306910241,115.6368274087607,20.423315048217773
