,area,approx_perimeter,diameter
0,302.80758148106696,124.17713732965203,17.887210845947266
1,302.80758148106696,124.17713732965203,21.5543155670166
