,area,approx_perimeter,diameter
0,88.01453793338699,68.27526133020551,8.773160934448242
1,88.01453793338699,68.27526133020551,12.773456573486328
