,area,approx_perimeter,diameter
0,152.80996411051285,87.68360005501745,13.600826263427734
1,152.80996411051285,87.68360005501745,14.30528450012207
