,area,approx_perimeter,diameter
0,218.81057519802204,105.68959206490949,15.075733184814453
1,218.81057519802204,105.68959206490949,18.479915618896484
