,area,approx_perimeter,diameter
0,105.23442826041955,73.17690942548873,10.573748588562012
1,105.23442826041955,73.17690942548873,12.671819686889648
