,area,approx_perimeter,diameter
0,302.3627000174511,123.54219392001662,18.606874465942383
1,302.3627000174511,123.54219392001662,20.690210342407227
