,area,approx_perimeter,diameter
0,101.6337897056897,73.20259683287578,9.506826400756836
1,101.6337897056897,73.20259683287578,13.611709594726562
