,area,approx_perimeter,diameter
0,107.98313807156268,74.75738513053753,10.19359302520752
1,107.98313807156268,74.75738513053753,13.487727165222168
