,area,approx_perimeter,diameter
0,352.88281916698526,133.25917099473847,20.621068954467773
1,352.88281916698526,133.25917099473847,21.788606643676758
