,area,approx_perimeter,diameter
0,260.14386968514395,116.83422829531392,15.352957725524902
1,260.14386968514395,116.83422829531392,21.57404899597168
