,area,approx_perimeter,diameter
0,74.52818139199907,61.34978138512314,9.211379051208496
1,74.52818139199907,61.34978138512314,10.301630973815918
