,area,approx_perimeter,diameter
0,57.660881163875814,54.258330731269794,7.7357497215271
1,57.660881163875814,54.258330731269794,9.490497589111328
