,area,approx_perimeter,diameter
0,27.064342135061857,36.98893962396782,5.518980979919434
1,27.064342135061857,36.98893962396782,6.243795871734619
