,area,approx_perimeter,diameter
0,55.40352189540253,53.12835178516206,7.6386942863464355
1,55.40352189540253,53.12835178516206,9.234818458557129
