,area,approx_perimeter,diameter
0,331.7339806994108,134.4890537350899,16.2464542388916
1,331.7339806994108,134.4890537350899,25.998092651367188
