,area,approx_perimeter,diameter
0,186.88363659977628,97.41389219381983,14.207024574279785
1,186.88363659977628,97.41389219381983,16.74859046936035
