,area,approx_perimeter,diameter
0,182.69682451271166,96.26176446467375,14.114079475402832
1,182.69682451271166,96.26176446467375,16.481189727783203
