,area,approx_perimeter,diameter
0,178.1684048670239,95.0868456316821,13.90619945526123
1,178.1684048670239,95.0868456316821,16.312944412231445
