,area,approx_perimeter,diameter
0,126.53001099150305,80.37840922875621,11.456396102905273
1,126.53001099150305,80.37840922875621,14.062276840209961
