,area,approx_perimeter,diameter
0,236.46747569938105,109.82727464073065,15.714118003845215
1,236.46747569938105,109.82727464073065,19.15982437133789
