,area,approx_perimeter,diameter
0,96.44887033026737,70.33682872459953,9.86303424835205
1,96.44887033026737,70.33682872459953,12.450784683227539
