,area,approx_perimeter,diameter
0,40.898688687409816,47.27404351308837,5.686228275299072
1,40.898688687409816,47.27404351308837,9.157885551452637
