,area,approx_perimeter,diameter
0,118.86932889705385,77.31758684068572,12.079936027526855
1,118.86932889705385,77.31758684068572,12.52896785736084
