,area,approx_perimeter,diameter
0,235.13350579189708,110.21000015080544,15.112286567687988
1,235.13350579189708,110.21000015080544,19.810455322265625
