,area,approx_perimeter,diameter
0,144.7696100684009,86.06192918855892,12.177441596984863
1,144.7696100684009,86.06192918855892,15.136709213256836
