,area,approx_perimeter,diameter
0,52.93478558772497,52.442881874709684,7.072759628295898
1,52.93478558772497,52.442881874709684,9.529330253601074
