,area,approx_perimeter,diameter
0,69.32377494314977,59.037659731930084,9.275785446166992
1,69.32377494314977,59.037659731930084,9.515719413757324
