,area,approx_perimeter,diameter
0,162.35965727282962,90.4276673725353,13.8662748336792
1,162.35965727282962,90.4276673725353,14.908310890197754
