,area,approx_perimeter,diameter
0,31.31632357733134,40.43465322918152,5.382482528686523
1,31.31632357733134,40.43465322918152,7.40795373916626
