,area,approx_perimeter,diameter
0,210.39049150048862,104.88226947853012,13.907855033874512
1,210.39049150048862,104.88226947853012,19.26087760925293
