,area,approx_perimeter,diameter
0,314.5796987676469,125.81517114456015,19.48542594909668
1,314.5796987676469,125.81517114456015,20.555635452270508
