,area,approx_perimeter,diameter
0,81.40617467570696,63.998406953251816,9.928240776062012
1,81.40617467570696,63.998406953251816,10.439871788024902
