,area,approx_perimeter,diameter
0,265.97744072706894,115.94838584673248,17.314851760864258
1,265.97744072706894,115.94838584673248,19.55852699279785
