,area,approx_perimeter,diameter
0,270.0470271977118,118.81375256184708,15.76312255859375
1,270.0470271977118,118.81375256184708,21.812591552734375
