,area,approx_perimeter,diameter
0,122.07622668626752,79.9532631027672,10.560685157775879
1,122.07622668626752,79.9532631027672,14.718010902404785
