,area,approx_perimeter,diameter
0,212.03624699019636,103.49654306180823,15.508502006530762
1,212.03624699019636,103.49654306180823,17.40806007385254
