,area,approx_perimeter,diameter
0,219.46112629492504,105.94586361418561,15.007664680480957
1,219.46112629492504,105.94586361418561,18.618925094604492
