,area,approx_perimeter,diameter
0,201.7768698786695,100.75962211537015,15.620967864990234
1,201.7768698786695,100.75962211537015,16.446502685546875
