,area,approx_perimeter,diameter
0,171.75769127760375,94.10243580426878,12.979839324951172
1,171.75769127760375,94.10243580426878,16.84833526611328
