,area,approx_perimeter,diameter
0,371.9052725257248,138.32520117783406,19.20635986328125
1,371.9052725257248,138.32520117783406,24.65456771850586
