,area,approx_perimeter,diameter
0,280.1952963960324,120.92164206562542,16.11503791809082
1,280.1952963960324,120.92164206562542,22.138063430786133
