,area,approx_perimeter,diameter
0,233.79397137333467,109.29841833243879,15.536952018737793
1,233.79397137333467,109.29841833243879,19.159210205078125
