,area,approx_perimeter,diameter
0,106.72703017775271,74.6490734521017,9.93468952178955
1,106.72703017775271,74.6490734521017,13.678240776062012
