,area,approx_perimeter,diameter
0,118.21597028158142,78.31897832915946,10.601645469665527
1,118.21597028158142,78.31897832915946,14.19753646850586
