,area,approx_perimeter,diameter
0,142.7779330996822,84.79360460150032,13.019922256469727
1,142.7779330996822,84.79360460150032,13.962488174438477
