,area,approx_perimeter,diameter
0,253.01775301337958,113.08203902727662,16.898120880126953
1,253.01775301337958,113.08203902727662,19.064380645751953
