,area,approx_perimeter,diameter
0,70.65056244665061,59.78420406222769,8.883474349975586
1,70.65056244665061,59.78420406222769,10.126115798950195
