,area,approx_perimeter,diameter
0,38.47579910453772,44.15634780798135,6.502110481262207
1,38.47579910453772,44.15634780798135,7.534308910369873
