,area,approx_perimeter,diameter
0,219.74437359961507,106.44323833049026,14.678618431091309
1,219.74437359961507,106.44323833049026,19.060869216918945
