,area,approx_perimeter,diameter
0,186.58486657036744,96.87898858330284,15.079052925109863
1,186.58486657036744,96.87898858330284,15.75478458404541
