,area,approx_perimeter,diameter
0,120.8268598146989,78.05038246405817,11.85781478881836
1,120.8268598146989,78.05038246405817,12.973852157592773
