,area,approx_perimeter,diameter
0,173.73019315259927,93.69163749379001,14.022221565246582
1,173.73019315259927,93.69163749379001,15.774971961975098
