,area,approx_perimeter,diameter
0,93.31736602221336,68.89143633193156,9.976160049438477
1,93.31736602221336,68.89143633193156,11.909929275512695
