,area,approx_perimeter,diameter
0,112.4752291198121,75.32688702609863,11.392827987670898
1,112.4752291198121,75.32688702609863,12.570005416870117
