,area,approx_perimeter,diameter
0,307.47395842325983,125.13288908390304,18.021814346313477
1,307.47395842325983,125.13288908390304,21.723007202148438
