,area,approx_perimeter,diameter
0,82.8775068153585,64.85319649023515,9.482978820800781
1,82.8775068153585,64.85319649023515,11.127613067626953
