,area,approx_perimeter,diameter
0,354.6202122059505,133.55590873657195,20.80307960510254
1,354.6202122059505,133.55590873657195,21.704309463500977
