,area,approx_perimeter,diameter
0,97.51428821181362,70.86605612953524,9.808287620544434
1,97.51428821181362,70.86605612953524,12.658585548400879
