,area,approx_perimeter,diameter
0,186.0042739281327,97.35225073652228,13.99014663696289
1,186.0042739281327,97.35225073652228,16.928199768066406
