,area,approx_perimeter,diameter
0,201.9147224952886,101.738654400959,14.296034812927246
1,201.9147224952886,101.738654400959,17.983015060424805
