,area,approx_perimeter,diameter
0,249.22482206729975,113.72259058209268,15.389632225036621
1,249.22482206729975,113.72259058209268,20.619264602661133
