,area,approx_perimeter,diameter
0,97.19379526184225,69.99924440783197,10.642151832580566
1,97.19379526184225,69.99924440783197,11.628379821777344
