,area,approx_perimeter,diameter
0,278.9975122736845,120.62265618861274,16.103601455688477
1,278.9975122736845,120.62265618861274,22.05908203125
