,area,approx_perimeter,diameter
0,209.12583520371047,102.82027910589929,15.340680122375488
1,209.12583520371047,102.82027910589929,17.35694122314453
