,area,approx_perimeter,diameter
0,132.24951944727707,82.32983216249647,11.57642650604248
1,132.24951944727707,82.32983216249647,14.54553508758545
