,area,approx_perimeter,diameter
0,197.3607063911799,100.3164726137829,14.37466049194336
1,197.3607063911799,100.3164726137829,17.481279373168945
