,area,approx_perimeter,diameter
0,54.481350061654865,53.20449647811449,7.174703121185303
1,54.481350061654865,53.20449647811449,9.668387413024902
