,area,approx_perimeter,diameter
0,87.48951655681783,66.73114181809008,9.632070541381836
1,87.48951655681783,66.73114181809008,11.565022468566895
