,area,approx_perimeter,diameter
0,160.51519033168157,90.03503827427129,13.518041610717773
1,160.51519033168157,90.03503827427129,15.118631362915039
