,area,approx_perimeter,diameter
0,134.69087283563294,84.1124777769707,11.024212837219238
1,134.69087283563294,84.1124777769707,15.556098937988281
