,area,approx_perimeter,diameter
0,116.49989668798666,77.37319091703021,10.784476280212402
1,116.49989668798666,77.37319091703021,13.754240036010742
