,area,approx_perimeter,diameter
0,53.154114692549335,54.28594522184571,6.352061748504639
1,53.154114692549335,54.28594522184571,10.654480934143066
