,area,approx_perimeter,diameter
0,191.15341833647696,99.7329920182523,13.394253730773926
1,191.15341833647696,99.7329920182523,18.17078399658203
