,area,approx_perimeter,diameter
0,48.274928967312505,50.139842811514626,6.7192063331604
1,48.274928967312505,50.139842811514626,9.14773941040039
