,area,approx_perimeter,diameter
0,70.718684918765,59.96700389041887,8.690475463867188
1,70.718684918765,59.96700389041887,10.360978126525879
