,area,approx_perimeter,diameter
0,89.58227281860769,68.30129365594526,9.153493881225586
1,89.58227281860769,68.30129365594526,12.460782051086426
