,area,approx_perimeter,diameter
0,172.40065054930537,94.30665635174057,12.984086036682129
1,172.40065054930537,94.30665635174057,16.905874252319336
