,area,approx_perimeter,diameter
0,95.90741925261736,69.4983766661848,10.663538932800293
1,95.90741925261736,69.4983766661848,11.451462745666504
