,area,approx_perimeter,diameter
0,248.12610616655093,111.78940650666654,17.140256881713867
1,248.12610616655093,111.78940650666654,18.43169403076172
