,area,approx_perimeter,diameter
0,146.17591328602182,85.95100969287283,12.845675468444824
1,146.17591328602182,85.95100969287283,14.488685607910156
