,area,approx_perimeter,diameter
0,94.09435006428103,68.78915688370547,10.752335548400879
1,94.09435006428103,68.78915688370547,11.142197608947754
