,area,approx_perimeter,diameter
0,66.01973583650887,58.13414558037702,8.209295272827148
1,66.01973583650887,58.13414558037702,10.239482879638672
