,area,approx_perimeter,diameter
0,249.981846798017,115.99381654751262,14.386013984680176
1,249.981846798017,115.99381654751262,22.124736785888672
