,area,approx_perimeter,diameter
0,105.626541965705,73.01780351265873,11.00041389465332
1,105.626541965705,73.01780351265873,12.225711822509766
