,area,approx_perimeter,diameter
0,97.1891831064346,71.41817954368464,9.380982398986816
1,97.1891831064346,71.41817954368464,13.191061019897461
