,area,approx_perimeter,diameter
0,153.21081302822782,89.53886596255231,11.848233222961426
1,153.21081302822782,89.53886596255231,16.464401245117188
