,area,approx_perimeter,diameter
0,267.35752411207574,116.42144189936641,17.1088924407959
1,267.35752411207574,116.42144189936641,19.89668083190918
