,area,approx_perimeter,diameter
0,87.21155994179841,66.65466790411404,9.585999488830566
1,87.21155994179841,66.65466790411404,11.583685874938965
