,area,approx_perimeter,diameter
0,252.5032651609297,117.11496854015323,14.253429412841797
1,252.5032651609297,117.11496854015323,22.555774688720703
