,area,approx_perimeter,diameter
0,175.01303398665138,95.33606999769438,12.873052597045898
1,175.01303398665138,95.33606999769438,17.310075759887695
