,area,approx_perimeter,diameter
0,157.29293780144846,89.24337190079846,13.196977615356445
1,157.29293780144846,89.24337190079846,15.175564765930176
