,area,approx_perimeter,diameter
0,45.287377472736004,48.13759471800316,6.808655738830566
1,45.287377472736004,48.13759471800316,8.468878746032715
