,area,approx_perimeter,diameter
0,178.62003703654514,94.7673606548289,14.879430770874023
1,178.62003703654514,94.7673606548289,15.28459644317627
