,area,approx_perimeter,diameter
0,128.7104808408245,81.29715926527405,11.358816146850586
1,128.7104808408245,81.29715926527405,14.427495956420898
