,area,approx_perimeter,diameter
0,181.81623235153495,99.29047949748676,12.127644538879395
1,181.81623235153495,99.29047949748676,19.088258743286133
