,area,approx_perimeter,diameter
0,295.9178120974201,124.07244439141289,16.675212860107422
1,295.9178120974201,124.07244439141289,22.59486961364746
