,area,approx_perimeter,diameter
0,108.64331539576669,73.911993768533,11.580166816711426
1,108.64331539576669,73.911993768533,11.945334434509277
