,area,approx_perimeter,diameter
0,249.2595178599802,112.14103723836637,16.951093673706055
1,249.2595178599802,112.14103723836637,18.72251319885254
