,area,approx_perimeter,diameter
0,136.57503784516842,82.9265917178334,12.747844696044922
1,136.57503784516842,82.9265917178334,13.640952110290527
