,area,approx_perimeter,diameter
0,216.75679164581624,105.83922773991789,14.493704795837402
1,216.75679164581624,105.83922773991789,19.04159927368164
