,area,approx_perimeter,diameter
0,42.299853440572,46.19901393193459,6.977718353271484
1,42.299853440572,46.19901393193459,7.7185468673706055
