,area,approx_perimeter,diameter
0,71.84895792188739,60.1311583342752,9.30092716217041
1,71.84895792188739,60.1311583342752,9.835679054260254
