,area,approx_perimeter,diameter
0,99.68909740298162,70.87146525633294,10.827908515930176
1,99.68909740298162,70.87146525633294,11.722310066223145
