,area,approx_perimeter,diameter
0,207.3414948361977,102.49864774169147,15.101675033569336
1,207.3414948361977,102.49864774169147,17.481199264526367
