,area,approx_perimeter,diameter
0,245.12071571807826,112.34738323249634,15.556581497192383
1,245.12071571807826,112.34738323249634,20.06208038330078
