,area,approx_perimeter,diameter
0,92.9543802510633,69.3172199516454,9.486394882202148
1,92.9543802510633,69.3172199516454,12.47609806060791
