,area,approx_perimeter,diameter
0,72.92603737863791,60.784157182401806,8.961101531982422
1,72.92603737863791,60.784157182401806,10.36170768737793
