,area,approx_perimeter,diameter
0,140.9186049690231,84.34160671914846,12.700236320495605
1,140.9186049690231,84.34160671914846,14.127543449401855
