,area,approx_perimeter,diameter
0,100.33590977678108,71.04032220013511,11.069324493408203
1,100.33590977678108,71.04032220013511,11.541051864624023
