,area,approx_perimeter,diameter
0,237.49693397387315,109.26684449440242,17.23930549621582
1,237.49693397387315,109.26684449440242,17.54075813293457
