,area,approx_perimeter,diameter
0,368.2788589983939,141.1323020137296,17.327960968017578
1,368.2788589983939,141.1323020137296,27.060726165771484
