,area,approx_perimeter,diameter
0,210.18670940000186,103.74120825020954,14.636674880981445
1,210.18670940000186,103.74120825020954,18.284072875976562
