,area,approx_perimeter,diameter
0,180.5810306843861,96.76227061266998,13.125385284423828
1,180.5810306843861,96.76227061266998,17.51742172241211
