,area,approx_perimeter,diameter
0,119.33842508072638,81.39906936016826,9.499517440795898
1,119.33842508072638,81.39906936016826,15.995170593261719
