,area,approx_perimeter,diameter
0,104.35999753589999,73.42749780080361,10.064695358276367
1,104.35999753589999,73.42749780080361,13.202116012573242
