,area,approx_perimeter,diameter
0,99.51474468196595,71.50552760326336,9.97141170501709
1,99.51474468196595,71.50552760326336,12.706937789916992
