,area,approx_perimeter,diameter
0,206.7414107406379,103.6152905229456,13.993124008178711
1,206.7414107406379,103.6152905229456,18.811477661132812
