,area,approx_perimeter,diameter
0,115.88555927847051,77.66423056898115,10.422751426696777
1,115.88555927847051,77.66423056898115,14.156538009643555
