,area,approx_perimeter,diameter
0,238.40611682382539,110.59787325255515,15.495670318603516
1,238.40611682382539,110.59787325255515,19.58922004699707
