,area,approx_perimeter,diameter
0,90.05304574337107,67.79135751320321,9.682271957397461
1,90.05304574337107,67.79135751320321,11.842168807983398
