,area,approx_perimeter,diameter
0,247.46234740525995,111.95092733744117,16.534175872802734
1,247.46234740525995,111.95092733744117,19.056217193603516
