,area,approx_perimeter,diameter
0,182.45808645575616,98.50113005551097,12.541217803955078
1,182.45808645575616,98.50113005551097,18.52394676208496
