,area,approx_perimeter,diameter
0,78.75146392565631,63.32800261960404,9.12073040008545
1,78.75146392565631,63.32800261960404,10.993579864501953
