,area,approx_perimeter,diameter
0,145.88326282542263,85.74976474853857,13.058271408081055
1,145.88326282542263,85.74976474853857,14.22426700592041
