,area,approx_perimeter,diameter
0,155.8344555550587,88.83416774307396,13.127883911132812
1,155.8344555550587,88.83416774307396,15.113981246948242
