,area,approx_perimeter,diameter
0,281.00506698333913,123.74166396561466,14.966267585754395
1,281.00506698333913,123.74166396561466,23.906211853027344
