,area,approx_perimeter,diameter
0,97.64476648912115,70.6393299249394,10.03724479675293
1,97.64476648912115,70.6393299249394,12.386384963989258
