,area,approx_perimeter,diameter
0,122.17739952624882,79.1816647177248,11.086935997009277
1,122.17739952624882,79.1816647177248,14.031026840209961
