,area,approx_perimeter,diameter
0,109.46783682784032,74.73002784803712,10.687166213989258
1,109.46783682784032,74.73002784803712,13.041696548461914
