,area,approx_perimeter,diameter
0,142.21616874657346,85.3962244412581,11.987887382507324
1,142.21616874657346,85.3962244412581,15.104850769042969
