,area,approx_perimeter,diameter
0,176.63714031305315,95.16945257208194,13.3614501953125
1,176.63714031305315,95.16945257208194,16.832109451293945
