,area,approx_perimeter,diameter
0,337.9919990023636,131.2310227088121,18.859174728393555
1,337.9919990023636,131.2310227088121,22.81885528564453
