,area,approx_perimeter,diameter
0,202.388282388869,101.57747146874563,14.565179824829102
1,202.388282388869,101.57747146874563,17.692110061645508
