,area,approx_perimeter,diameter
0,120.16864313419643,77.73784265333089,12.15250301361084
1,120.16864313419643,77.73784265333089,12.59028434753418
