,area,approx_perimeter,diameter
0,142.6251629346302,85.37203230010385,12.131573677062988
1,142.6251629346302,85.37203230010385,14.968873977661133
