,area,approx_perimeter,diameter
0,275.1530320013869,119.26046074157544,16.32067108154297
1,275.1530320013869,119.26046074157544,21.46576690673828
