,area,approx_perimeter,diameter
0,89.68596349140685,67.16556369051992,10.459534645080566
1,89.68596349140685,67.16556369051992,10.917475700378418
