,area,approx_perimeter,diameter
0,213.43147454978026,105.94879394126197,13.842878341674805
1,213.43147454978026,105.94879394126197,19.63098907470703
