,area,approx_perimeter,diameter
0,244.66988195751395,114.23435365303611,14.447943687438965
1,244.66988195751395,114.23435365303611,21.561779022216797
