,area,approx_perimeter,diameter
0,101.56768624611742,71.9467929772904,10.329854011535645
1,101.56768624611742,71.9467929772904,12.51905345916748
