,area,approx_perimeter,diameter
0,187.98427125065018,98.83150865116075,13.325827598571777
1,187.98427125065018,98.83150865116075,17.961286544799805
