,area,approx_perimeter,diameter
0,46.686542874018585,48.58005682537172,7.250622272491455
1,46.686542874018585,48.58005682537172,8.198351860046387
