,area,approx_perimeter,diameter
0,87.73247204318405,67.12384023520895,9.374491691589355
1,87.73247204318405,67.12384023520895,11.915787696838379
