,area,approx_perimeter,diameter
0,247.363410876405,112.03027843592436,16.397443771362305
1,247.363410876405,112.03027843592436,19.20743751525879
