,area,approx_perimeter,diameter
0,121.36873222503982,79.63284109162963,10.57863998413086
1,121.36873222503982,79.63284109162963,14.607876777648926
