,area,approx_perimeter,diameter
0,162.8768724520765,90.58350963178289,13.855765342712402
1,162.8768724520765,90.58350963178289,14.967146873474121
