,area,approx_perimeter,diameter
0,272.1779319628028,118.24281482311018,16.500782012939453
1,272.1779319628028,118.24281482311018,21.001895904541016
