,area,approx_perimeter,diameter
0,234.69895300843083,110.69413866021367,14.73498821258545
1,234.69895300843083,110.69413866021367,20.28016471862793
