,area,approx_perimeter,diameter
0,105.78381690235955,73.23410213861185,10.758088111877441
1,105.78381690235955,73.23410213861185,12.519709587097168
