,area,approx_perimeter,diameter
0,112.90076604052433,75.49618811153186,11.361625671386719
1,112.90076604052433,75.49618811153186,12.652214050292969
