,area,approx_perimeter,diameter
0,312.5645806988823,126.86521951775303,17.566911697387695
1,312.5645806988823,126.86521951775303,22.654499053955078
