,area,approx_perimeter,diameter
0,110.47891078811197,74.87957909570503,10.94654369354248
1,110.47891078811197,74.87957909570503,12.850276947021484
