,area,approx_perimeter,diameter
0,33.26290663965875,41.279101695227695,5.814472675323486
1,33.26290663965875,41.279101695227695,7.283833026885986
