,area,approx_perimeter,diameter
0,89.29413426829909,67.10187774120874,10.183456420898438
1,89.29413426829909,67.10187774120874,11.16446304321289
