,area,approx_perimeter,diameter
0,129.7882616224237,81.3714584539267,11.63643741607666
1,129.7882616224237,81.3714584539267,14.201214790344238
