,area,approx_perimeter,diameter
0,120.96643665668105,78.25735351884217,11.58051586151123
1,120.96643665668105,78.25735351884217,13.299860954284668
