,area,approx_perimeter,diameter
0,110.29742278080228,74.77605246238902,10.990558624267578
1,110.29742278080228,74.77605246238902,12.777789115905762
