,area,approx_perimeter,diameter
0,191.74024090270086,98.99253656280106,14.060321807861328
1,191.74024090270086,98.99253656280106,17.363134384155273
