,area,approx_perimeter,diameter
0,126.62762727285514,80.3563198998834,11.511614799499512
1,126.62762727285514,80.3563198998834,14.005620002746582
