,area,approx_perimeter,diameter
0,164.12721035900117,90.86277759918173,14.1382417678833
1,164.12721035900117,90.86277759918173,14.780710220336914
