,area,approx_perimeter,diameter
0,194.7558266639064,99.59270892230268,14.33942985534668
1,194.7558266639064,99.59270892230268,17.29293441772461
