,area,approx_perimeter,diameter
0,334.6488887716207,134.1712285568237,16.65913200378418
1,334.6488887716207,134.1712285568237,25.576854705810547
