,area,approx_perimeter,diameter
0,89.41948448442159,67.40696564737355,9.79953384399414
1,89.41948448442159,67.40696564737355,11.618146896362305
