,area,approx_perimeter,diameter
0,71.82488435048937,60.42987178905989,8.762972831726074
1,71.82488435048937,60.42987178905989,10.435988426208496
