,area,approx_perimeter,diameter
0,315.6265179198807,129.51694797004942,16.51073455810547
1,315.6265179198807,129.51694797004942,24.339811325073242
