,area,approx_perimeter,diameter
0,171.04265823382454,93.10716876785587,13.700206756591797
1,171.04265823382454,93.10716876785587,15.895984649658203
