,area,approx_perimeter,diameter
0,69.6579093417808,62.712833487132,7.102068901062012
1,69.6579093417808,62.712833487132,12.488080024719238
