,area,approx_perimeter,diameter
0,136.88648025464062,83.4780352444104,12.039806365966797
1,136.88648025464062,83.4780352444104,14.476086616516113
