,area,approx_perimeter,diameter
0,61.11503040198693,55.64203392645583,8.206915855407715
1,61.11503040198693,55.64203392645583,9.481524467468262
