,area,approx_perimeter,diameter
0,184.47399437540983,98.04597784429812,13.11631965637207
1,184.47399437540983,98.04597784429812,17.90743064880371
