,area,approx_perimeter,diameter
0,424.7833216338463,147.32946093982127,20.940038681030273
1,424.7833216338463,147.32946093982127,25.828554153442383
