,area,approx_perimeter,diameter
0,67.36334752473954,58.212797373410595,9.050955772399902
1,67.36334752473954,58.212797373410595,9.476311683654785
