,area,approx_perimeter,diameter
0,79.98802416378867,63.49937047242491,9.660124778747559
1,79.98802416378867,63.49937047242491,10.542712211608887
