,area,approx_perimeter,diameter
0,59.746432588419566,54.83792848599329,8.465401649475098
1,59.746432588419566,54.83792848599329,8.986167907714844
