,area,approx_perimeter,diameter
0,120.51952210020019,79.48314794520532,10.470961570739746
1,120.51952210020019,79.48314794520532,14.65483570098877
