,area,approx_perimeter,diameter
0,39.72499390715361,47.707443229677445,5.268742561340332
1,39.72499390715361,47.707443229677445,9.599905967712402
