,area,approx_perimeter,diameter
0,104.59212009989508,73.06652278792635,10.427644729614258
1,104.59212009989508,73.06652278792635,12.770939826965332
