,area,approx_perimeter,diameter
0,151.04239095683613,88.03674800906052,12.329606056213379
1,151.04239095683613,88.03674800906052,15.597671508789062
