,area,approx_perimeter,diameter
0,93.90349238117815,68.81592621094268,10.434378623962402
1,93.90349238117815,68.81592621094268,11.458434104919434
