,area,approx_perimeter,diameter
0,272.12014547439503,120.33110343725515,15.29874324798584
1,272.12014547439503,120.33110343725515,22.647228240966797
