,area,approx_perimeter,diameter
0,159.09561921503942,91.72351095276538,11.82861614227295
1,159.09561921503942,91.72351095276538,17.125150680541992
