,area,approx_perimeter,diameter
0,39.83241356497639,46.122880898349386,5.816218852996826
1,39.83241356497639,46.122880898349386,8.719789505004883
