,area,approx_perimeter,diameter
0,183.7322133926716,97.81788541141445,13.107943534851074
1,183.7322133926716,97.81788541141445,17.846820831298828
