,area,approx_perimeter,diameter
0,50.88440822116191,50.6907905301969,7.6146392822265625
1,50.88440822116191,50.6907905301969,8.508353233337402
