,area,approx_perimeter,diameter
0,230.9165646115334,109.47141802122121,14.810098648071289
1,230.9165646115334,109.47141802122121,19.852136611938477
