,area,approx_perimeter,diameter
0,270.21157478283067,116.55748946676279,18.312694549560547
1,270.21157478283067,116.55748946676279,18.787189483642578
