,area,approx_perimeter,diameter
0,287.6649021312336,122.19545083143002,16.523296356201172
1,287.6649021312336,122.19545083143002,22.166662216186523
