,area,approx_perimeter,diameter
0,149.00689423454878,88.86152759462281,11.403302192687988
1,149.00689423454878,88.86152759462281,16.637414932250977
