,area,approx_perimeter,diameter
0,113.00144304950874,76.13177646966409,10.677342414855957
1,113.00144304950874,76.13177646966409,13.475067138671875
