,area,approx_perimeter,diameter
0,170.75038307809115,95.1128684397115,12.21229362487793
1,170.75038307809115,95.1128684397115,17.802236557006836
