,area,approx_perimeter,diameter
0,147.92235884932106,87.68273841559353,11.813192367553711
1,147.92235884932106,87.68273841559353,15.943243026733398
