,area,approx_perimeter,diameter
0,43.97891435999031,47.202354267531334,6.960063934326172
1,43.97891435999031,47.202354267531334,8.045284271240234
