,area,approx_perimeter,diameter
0,109.19710031086623,74.78223581793843,10.543354034423828
1,109.19710031086623,74.78223581793843,13.186891555786133
