,area,approx_perimeter,diameter
0,386.50895428289067,144.15048618000992,17.920515060424805
1,386.50895428289067,144.15048618000992,27.461179733276367
