,area,approx_perimeter,diameter
0,403.95900626334424,146.53338636034678,18.674514770507812
1,403.95900626334424,146.53338636034678,27.542165756225586
