,area,approx_perimeter,diameter
0,50.097320188502486,50.34403999874161,7.478391170501709
1,50.097320188502486,50.34403999874161,8.529359817504883
