,area,approx_perimeter,diameter
0,88.15372174497641,67.0729820649347,9.579304695129395
1,88.15372174497641,67.0729820649347,11.717009544372559
