,area,approx_perimeter,diameter
0,201.96714017159664,104.50758498043008,12.834948539733887
1,201.96714017159664,104.50758498043008,20.03533935546875
