,area,approx_perimeter,diameter
0,69.17585386672391,59.41009412091188,8.491557121276855
1,69.17585386672391,59.41009412091188,10.372353553771973
