,area,approx_perimeter,diameter
0,131.73182188734572,81.82559376596934,11.88237476348877
1,131.73182188734572,81.82559376596934,14.1155424118042
