,area,approx_perimeter,diameter
0,83.28143292892246,64.93370826234859,9.60808277130127
1,83.28143292892246,64.93370826234859,11.036251068115234
