,area,approx_perimeter,diameter
0,145.43552681740786,85.5343280836836,13.300253868103027
1,145.43552681740786,85.5343280836836,13.922611236572266
