,area,approx_perimeter,diameter
0,97.41510228264653,70.28222617056939,10.317795753479004
1,97.41510228264653,70.28222617056939,12.021245956420898
