,area,approx_perimeter,diameter
0,102.40521753825394,72.02529338239287,10.624616622924805
1,102.40521753825394,72.02529338239287,12.272101402282715
