,area,approx_perimeter,diameter
0,110.44353734790192,75.15086468845853,10.65278434753418
1,110.44353734790192,75.15086468845853,13.200406074523926
