,area,approx_perimeter,diameter
0,227.5894820054811,109.77890812477729,14.112788200378418
1,227.5894820054811,109.77890812477729,20.532861709594727
