,area,approx_perimeter,diameter
0,219.88094271612553,107.4423418104489,14.099608421325684
1,219.88094271612553,107.4423418104489,19.85594940185547
