,area,approx_perimeter,diameter
0,130.50545464559403,81.40514865440363,11.871708869934082
1,130.50545464559403,81.40514865440363,13.996696472167969
