,area,approx_perimeter,diameter
0,176.82988129087568,94.96049497042993,13.601473808288574
1,176.82988129087568,94.96049497042993,16.553117752075195
