,area,approx_perimeter,diameter
0,254.5969900258429,113.6285216633419,16.67066192626953
1,254.5969900258429,113.6285216633419,19.44511604309082
