,area,approx_perimeter,diameter
0,116.30984273425021,78.24426037949982,10.202731132507324
1,116.30984273425021,78.24426037949982,14.514769554138184
