,area,approx_perimeter,diameter
0,77.70663464206709,62.634937213103136,9.42290210723877
1,77.70663464206709,62.634937213103136,10.499860763549805
