,area,approx_perimeter,diameter
0,94.47628397462931,69.06062652581782,10.395523071289062
1,94.47628397462931,69.06062652581782,11.571417808532715
