,area,approx_perimeter,diameter
0,200.91372233910988,100.77995053762616,15.038558006286621
1,200.91372233910988,100.77995053762616,17.010360717773438
