,area,approx_perimeter,diameter
0,173.6887586917598,94.01793437113255,13.577393531799316
1,173.6887586917598,94.01793437113255,16.287912368774414
