,area,approx_perimeter,diameter
0,255.9553601802465,113.48644455386126,17.5821533203125
1,255.9553601802465,113.48644455386126,18.53541374206543
