,area,approx_perimeter,diameter
0,122.93941138137625,78.67925941754702,12.091166496276855
1,122.93941138137625,78.67925941754702,12.945923805236816
