,area,approx_perimeter,diameter
0,376.6137702709611,139.6036591591026,19.042762756347656
1,376.6137702709611,139.6036591591026,25.181196212768555
