,area,approx_perimeter,diameter
0,137.23557313407883,83.08677013817656,12.925710678100586
1,137.23557313407883,83.08677013817656,13.518309593200684
