,area,approx_perimeter,diameter
0,184.50243749269694,97.16571677558947,13.73960018157959
1,184.50243749269694,97.16571677558947,17.09771728515625
