,area,approx_perimeter,diameter
0,266.9992258793762,116.90697209027702,16.51120376586914
1,266.9992258793762,116.90697209027702,20.589290618896484
