,area,approx_perimeter,diameter
0,139.9042755088018,83.92330591375791,12.927046775817871
1,139.9042755088018,83.92330591375791,13.779764175415039
