,area,approx_perimeter,diameter
0,226.79789611994877,109.09273971287988,14.333512306213379
1,226.79789611994877,109.09273971287988,20.1463565826416
