,area,approx_perimeter,diameter
0,139.868153949181,84.1982781699548,12.385641098022461
1,139.868153949181,84.1982781699548,14.378396987915039
