,area,approx_perimeter,diameter
0,105.05075969676237,72.96506082486292,10.74026107788086
1,105.05075969676237,72.96506082486292,12.453587532043457
