,area,approx_perimeter,diameter
0,65.93675999585706,58.37917195847592,7.99078893661499
1,65.93675999585706,58.37917195847592,10.506258010864258
