,area,approx_perimeter,diameter
0,119.55991937858722,77.55617528645536,12.044673919677734
1,119.55991937858722,77.55617528645536,12.638649940490723
