,area,approx_perimeter,diameter
0,103.00146886277489,72.61634239023066,10.251317977905273
1,103.00146886277489,72.61634239023066,12.793042182922363
