,area,approx_perimeter,diameter
0,212.60899153834717,103.42283243591622,16.059675216674805
1,212.60899153834717,103.42283243591622,16.85601806640625
