,area,approx_perimeter,diameter
0,227.91952072256558,107.65243320216021,15.604869842529297
1,227.91952072256558,107.65243320216021,18.596511840820312
