,area,approx_perimeter,diameter
0,291.0502627297996,121.39198314681873,17.957721710205078
1,291.0502627297996,121.39198314681873,20.636064529418945
