,area,approx_perimeter,diameter
0,64.21237442250283,57.19914758491729,8.220547676086426
1,64.21237442250283,57.19914758491729,9.945533752441406
