,area,approx_perimeter,diameter
0,124.06962513940084,79.15040321405729,11.895612716674805
1,124.06962513940084,79.15040321405729,13.279715538024902
