,area,approx_perimeter,diameter
0,38.98528916598204,45.27574395284767,5.919007301330566
1,38.98528916598204,45.27574395284767,8.386137962341309
