,area,approx_perimeter,diameter
0,124.31795132744689,80.26541014645655,10.903185844421387
1,124.31795132744689,80.26541014645655,14.517457008361816
