,area,approx_perimeter,diameter
0,48.044007757637225,49.44592722521105,7.142545223236084
1,48.044007757637225,49.44592722521105,8.564388275146484
