,area,approx_perimeter,diameter
0,116.57618701682937,80.24628386637332,9.45425033569336
1,116.57618701682937,80.24628386637332,15.69975471496582
