,area,approx_perimeter,diameter
0,173.7308489345288,93.68116349608167,14.040552139282227
1,173.7308489345288,93.68116349608167,15.754436492919922
