,area,approx_perimeter,diameter
0,42.330172143320695,46.21450888291437,6.98234224319458
1,42.330172143320695,46.21450888291437,7.718964099884033
