,area,approx_perimeter,diameter
0,116.1935126046898,77.31809028098739,10.73476791381836
1,116.1935126046898,77.31809028098739,13.781590461730957
