,area,approx_perimeter,diameter
0,339.77956834326466,132.7280498088979,18.005380630493164
1,339.77956834326466,132.7280498088979,24.027305603027344
