,area,approx_perimeter,diameter
0,81.64623506809373,64.53490576611695,9.233325958251953
1,81.64623506809373,64.53490576611695,11.258696556091309
