,area,approx_perimeter,diameter
0,47.88502575278965,49.10422238602183,7.544651508331299
1,47.88502575278965,49.10422238602183,8.081103324890137
