,area,approx_perimeter,diameter
0,248.33443455234442,113.01088952065226,15.710824966430664
1,248.33443455234442,113.01088952065226,20.125564575195312
