,area,approx_perimeter,diameter
0,158.64055901078248,90.64555164765653,12.333127975463867
1,158.64055901078248,90.64555164765653,16.37763214111328
