,area,approx_perimeter,diameter
0,270.63325585634567,117.10365392290164,17.251558303833008
1,270.63325585634567,117.10365392290164,19.97390365600586
