,area,approx_perimeter,diameter
0,103.63268121668591,72.48602174368519,10.647676467895508
1,103.63268121668591,72.48602174368519,12.392302513122559
