,area,approx_perimeter,diameter
0,96.30366131759627,70.10972998851001,10.00778865814209
1,96.30366131759627,70.10972998851001,12.252220153808594
