,area,approx_perimeter,diameter
0,36.50199298886944,42.91957241554519,6.475286960601807
1,36.50199298886944,42.91957241554519,7.177408695220947
