,area,approx_perimeter,diameter
0,71.3117633805735,60.46691909409173,8.491918563842773
1,71.3117633805735,60.46691909409173,10.692160606384277
