,area,approx_perimeter,diameter
0,132.75365599098126,81.71732301033863,12.719627380371094
1,132.75365599098126,81.71732301033863,13.288691520690918
