,area,approx_perimeter,diameter
0,171.91641515929695,93.18867839404727,13.970528602600098
1,171.91641515929695,93.18867839404727,15.668038368225098
