,area,approx_perimeter,diameter
0,99.63016726728422,71.52892905171088,9.991275787353516
1,99.63016726728422,71.52892905171088,12.696383476257324
