,area,approx_perimeter,diameter
0,198.60420743324104,103.26818666305154,12.871223449707031
1,198.60420743324104,103.26818666305154,19.646207809448242
