,area,approx_perimeter,diameter
0,198.51577231732918,100.14723882416084,14.997684478759766
1,198.51577231732918,100.14723882416084,16.8531436920166
