,area,approx_perimeter,diameter
0,125.20659849528195,79.56705224112882,11.856988906860352
1,125.20659849528195,79.56705224112882,13.44506549835205
