,area,approx_perimeter,diameter
0,127.53160205742267,80.12748671206064,12.338939666748047
1,127.53160205742267,80.12748671206064,13.15982437133789
