,area,approx_perimeter,diameter
0,234.69634885305732,111.12373545002347,14.5048189163208
1,234.69634885305732,111.12373545002347,20.60175132751465
