,area,approx_perimeter,diameter
0,320.9542837651705,127.22256658048586,19.29417610168457
1,320.9542837651705,127.22256658048586,21.1800537109375
