,area,approx_perimeter,diameter
0,93.21390557595336,68.58723196798755,10.345836639404297
1,93.21390557595336,68.58723196798755,11.47163200378418
