,area,approx_perimeter,diameter
0,29.802347753638468,39.49261035409343,5.224397659301758
1,29.802347753638468,39.49261035409343,7.263139247894287
