,area,approx_perimeter,diameter
0,113.65790071388396,76.29622233790919,10.755014419555664
1,113.65790071388396,76.29622233790919,13.455466270446777
