,area,approx_perimeter,diameter
0,96.92606675681967,69.98351393081008,10.470335006713867
1,96.92606675681967,69.98351393081008,11.786643028259277
