,area,approx_perimeter,diameter
0,221.3990029405615,105.51264336671443,16.525800704956055
1,221.3990029405615,105.51264336671443,17.057809829711914
