,area,approx_perimeter,diameter
0,134.19603732032604,82.55586384788508,12.029301643371582
1,134.19603732032604,82.55586384788508,14.203958511352539
