,area,approx_perimeter,diameter
0,181.22057798266957,97.11938422113633,13.03437328338623
1,181.22057798266957,97.11938422113633,17.70220947265625
