,area,approx_perimeter,diameter
0,207.54891878705357,103.45293905680876,14.261519432067871
1,207.54891878705357,103.45293905680876,18.5295467376709
