,area,approx_perimeter,diameter
0,148.56558436407417,88.79391918651726,11.356889724731445
1,148.56558436407417,88.79391918651726,16.65593147277832
