,area,approx_perimeter,diameter
0,21.961654333004088,33.291621675748274,5.02185583114624
1,21.961654333004088,33.291621675748274,5.568150043487549
