,area,approx_perimeter,diameter
0,90.11008749209745,67.3096169158482,10.572393417358398
1,90.11008749209745,67.3096169158482,10.852010726928711
