,area,approx_perimeter,diameter
0,53.558914094767474,52.401595367501315,7.360232353210449
1,53.558914094767474,52.401595367501315,9.265105247497559
