,area,approx_perimeter,diameter
0,109.92575780969082,74.43260849906719,11.342144966125488
1,109.92575780969082,74.43260849906719,12.339978218078613
