,area,approx_perimeter,diameter
0,102.91174115668363,72.20372686074364,10.650141716003418
1,102.91174115668363,72.20372686074364,12.303244590759277
