,area,approx_perimeter,diameter
0,240.75697809819934,111.73172848821073,15.152538299560547
1,240.75697809819934,111.73172848821073,20.23036003112793
