,area,approx_perimeter,diameter
0,145.62681051599455,86.2494041723505,12.273480415344238
1,145.62681051599455,86.2494041723505,15.10719108581543
