,area,approx_perimeter,diameter
0,108.53957860777665,75.42249246391852,9.940587997436523
1,108.53957860777665,75.42249246391852,13.902284622192383
