,area,approx_perimeter,diameter
0,86.8882862205682,66.72100146550635,9.393367767333984
1,86.8882862205682,66.72100146550635,11.777416229248047
