,area,approx_perimeter,diameter
0,232.01747420420543,109.44907223138117,15.03123664855957
1,232.01747420420543,109.44907223138117,19.65332794189453
