,area,approx_perimeter,diameter
0,113.73750645573551,75.77000618409878,11.413883209228516
1,113.73750645573551,75.77000618409878,12.687626838684082
