,area,approx_perimeter,diameter
0,118.37095270065839,77.3774767427068,11.508651733398438
1,118.37095270065839,77.3774767427068,13.095763206481934
