,area,approx_perimeter,diameter
0,89.71570081380712,67.33935125315703,10.058058738708496
1,89.71570081380712,67.33935125315703,11.357020378112793
