,area,approx_perimeter,diameter
0,126.10873253238141,80.41136593060499,11.291545867919922
1,126.10873253238141,80.41136593060499,14.220074653625488
