,area,approx_perimeter,diameter
0,291.3424187892636,121.44225861908284,17.98197364807129
1,291.3424187892636,121.44225861908284,20.62891960144043
