,area,approx_perimeter,diameter
0,131.82750310541894,81.76325506940142,11.997138023376465
1,131.82750310541894,81.76325506940142,13.990669250488281
