,area,approx_perimeter,diameter
0,264.76516195264634,116.40072450899957,16.455913543701172
1,264.76516195264634,116.40072450899957,20.485612869262695
