,area,approx_perimeter,diameter
0,125.2866996214668,80.40530044566982,11.060937881469727
1,125.2866996214668,80.40530044566982,14.421921730041504
