,area,approx_perimeter,diameter
0,53.585809757318714,53.37354218115143,6.799684047698975
1,53.585809757318714,53.37354218115143,10.03393268585205
