,area,approx_perimeter,diameter
0,376.45505333040916,141.64715777221787,17.943422317504883
1,376.45505333040916,141.64715777221787,26.712711334228516
