,area,approx_perimeter,diameter
0,62.645774381082916,56.72421575878516,7.918951034545898
1,62.645774381082916,56.72421575878516,10.072429656982422
