,area,approx_perimeter,diameter
0,101.48473724931732,72.63521757255589,9.779725074768066
1,101.48473724931732,72.63521757255589,13.212475776672363
