,area,approx_perimeter,diameter
0,62.07390720083373,56.03957573636036,8.324549674987793
1,62.07390720083373,56.03957573636036,9.49420166015625
