,area,approx_perimeter,diameter
0,26.653946711741973,36.74986637475917,5.414557456970215
1,26.653946711741973,36.74986637475917,6.267706871032715
