,area,approx_perimeter,diameter
0,199.40262537535594,101.5685895343367,13.864767074584961
1,199.40262537535594,101.5685895343367,18.311689376831055
