,area,approx_perimeter,diameter
0,138.78342837771268,83.56271982188879,12.960624694824219
1,138.78342837771268,83.56271982188879,13.633953094482422
