,area,approx_perimeter,diameter
0,360.8190358248557,136.65976549891067,18.62938117980957
1,360.8190358248557,136.65976549891067,24.660457611083984
