,area,approx_perimeter,diameter
0,139.07292851043238,84.66701285565638,11.68667221069336
1,139.07292851043238,84.66701285565638,15.151717185974121
