,area,approx_perimeter,diameter
0,157.77363950269952,89.816242925081,12.737215995788574
1,157.77363950269952,89.816242925081,15.771392822265625
