,area,approx_perimeter,diameter
0,200.34562978898347,100.35701322704006,15.838220596313477
1,200.34562978898347,100.35701322704006,16.10584831237793
