,area,approx_perimeter,diameter
0,124.10345850399771,79.99288073344236,11.031059265136719
1,124.10345850399771,79.99288073344236,14.324411392211914
