,area,approx_perimeter,diameter
0,174.8921332078115,94.22096778081472,13.76259994506836
1,174.8921332078115,94.22096778081472,16.180051803588867
