,area,approx_perimeter,diameter
0,29.216155044463317,38.53355647513755,5.5975260734558105
1,29.216155044463317,38.53355647513755,6.645643711090088
