,area,approx_perimeter,diameter
0,110.69651082925496,75.06712862451013,10.828604698181152
1,110.69651082925496,75.06712862451013,13.015820503234863
