,area,approx_perimeter,diameter
0,130.06768166593508,81.02089520278257,12.217674255371094
1,130.06768166593508,81.02089520278257,13.554733276367188
