,area,approx_perimeter,diameter
0,40.606085955429045,45.18059456850598,7.132246017456055
1,40.606085955429045,45.18059456850598,7.2489471435546875
