,area,approx_perimeter,diameter
0,151.15469120498935,87.48563024624738,12.935616493225098
1,151.15469120498935,87.48563024624738,14.878002166748047
