,area,approx_perimeter,diameter
0,255.4764162947055,114.29538914802643,16.20445442199707
1,255.4764162947055,114.29538914802643,20.073657989501953
