,area,approx_perimeter,diameter
0,89.68410655586517,67.38115243076989,9.974005699157715
1,89.68410655586517,67.38115243076989,11.448695182800293
