,area,approx_perimeter,diameter
0,217.05010170121164,105.60570949811915,14.724109649658203
1,217.05010170121164,105.60570949811915,18.768997192382812
