,area,approx_perimeter,diameter
0,361.4537787806562,135.10479481314937,20.290422439575195
1,361.4537787806562,135.10479481314937,22.681501388549805
