,area,approx_perimeter,diameter
0,86.59200772820262,66.0611973467257,10.068832397460938
1,86.59200772820262,66.0611973467257,10.94986629486084
