,area,approx_perimeter,diameter
0,176.97650377441778,94.8295959626073,13.786931991577148
1,176.97650377441778,94.8295959626073,16.343990325927734
