,area,approx_perimeter,diameter
0,210.39543616871245,103.52493539477179,14.89317512512207
1,210.39543616871245,103.52493539477179,17.987016677856445
