,area,approx_perimeter,diameter
0,124.6342699923954,80.06400369906372,11.127771377563477
1,124.6342699923954,80.06400369906372,14.260652542114258
