,area,approx_perimeter,diameter
0,111.39543222615156,74.99612332133069,11.2764892578125
1,111.39543222615156,74.99612332133069,12.577768325805664
