,area,approx_perimeter,diameter
0,219.69565733728575,105.47359359113396,15.592625617980957
1,219.69565733728575,105.47359359113396,17.93958282470703
