,area,approx_perimeter,diameter
0,130.10821688837336,81.99828616901854,11.230122566223145
1,130.10821688837336,81.99828616901854,14.751301765441895
