,area,approx_perimeter,diameter
0,59.2007050857543,55.03925790507738,7.783127784729004
1,59.2007050857543,55.03925790507738,9.684625625610352
