,area,approx_perimeter,diameter
0,389.67221081736807,143.64407465951157,18.46732521057129
1,389.67221081736807,143.64407465951157,26.86615753173828
