,area,approx_perimeter,diameter
0,270.30357176675426,119.69250364015511,15.354764938354492
1,270.30357176675426,119.69250364015511,22.41396713256836
