,area,approx_perimeter,diameter
0,62.52022685188296,56.84150516868935,7.784453392028809
1,62.52022685188296,56.84150516868935,10.225923538208008
