,area,approx_perimeter,diameter
0,100.90586191581114,71.5112193668747,10.526104927062988
1,100.90586191581114,71.5112193668747,12.205591201782227
