,area,approx_perimeter,diameter
0,195.63197797321948,100.08822603491426,14.117987632751465
1,195.63197797321948,100.08822603491426,17.643192291259766
