,area,approx_perimeter,diameter
0,115.18534629046613,76.475364391212,11.156206130981445
1,115.18534629046613,76.475364391212,13.145915031433105
