,area,approx_perimeter,diameter
0,98.6695356153586,70.81677162474037,10.283559799194336
1,98.6695356153586,70.81677162474037,12.216582298278809
