,area,approx_perimeter,diameter
0,233.98251061703664,108.50659770656763,16.80803108215332
1,233.98251061703664,108.50659770656763,17.724609375
