,area,approx_perimeter,diameter
0,148.05957475480002,86.48620360031505,12.956659317016602
1,148.05957475480002,86.48620360031505,14.549684524536133
