,area,approx_perimeter,diameter
0,182.85826055206212,97.76894215093343,12.971613883972168
1,182.85826055206212,97.76894215093343,17.948604583740234
