,area,approx_perimeter,diameter
0,97.78590117007285,70.21812615722853,10.661006927490234
1,97.78590117007285,70.21812615722853,11.678528785705566
