,area,approx_perimeter,diameter
0,191.2188897652333,99.86253365811363,13.330663681030273
1,191.2188897652333,99.86253365811363,18.263715744018555
