,area,approx_perimeter,diameter
0,151.70561049590347,88.64042515728477,12.061654090881348
1,151.70561049590347,88.64042515728477,16.01418685913086
