,area,approx_perimeter,diameter
0,228.94004913145724,107.72625734984403,15.840493202209473
1,228.94004913145724,107.72625734984403,18.40192222595215
