,area,approx_perimeter,diameter
0,74.38380401626185,61.63381470265176,8.77904224395752
1,74.38380401626185,61.63381470265176,10.788010597229004
