,area,approx_perimeter,diameter
0,99.74090319882382,71.28858332926417,10.244856834411621
1,99.74090319882382,71.28858332926417,12.39588451385498
