,area,approx_perimeter,diameter
0,155.21099539301758,89.35781824976448,12.409801483154297
1,155.21099539301758,89.35781824976448,15.924571990966797
