,area,approx_perimeter,diameter
0,49.6749861462512,51.17052788982861,6.649668216705322
1,49.6749861462512,51.17052788982861,9.511475563049316
