,area,approx_perimeter,diameter
0,80.14537382885095,63.586228054049094,9.616381645202637
1,80.14537382885095,63.586228054049094,10.611502647399902
