,area,approx_perimeter,diameter
0,103.64637543668086,72.21316379687583,11.203454971313477
1,103.64637543668086,72.21316379687583,11.779104232788086
