,area,approx_perimeter,diameter
0,124.19955186217035,79.95534068990189,11.085091590881348
1,124.19955186217035,79.95534068990189,14.265626907348633
