,area,approx_perimeter,diameter
0,85.87827879776924,66.04385884006973,9.620774269104004
1,85.87827879776924,66.04385884006973,11.365365982055664
