,area,approx_perimeter,diameter
0,292.0168541958397,122.64269869245861,16.96624183654785
1,292.0168541958397,122.64269869245861,21.914541244506836
