,area,approx_perimeter,diameter
0,49.93618590642964,53.13965141581449,6.001533031463623
1,49.93618590642964,53.13965141581449,10.594080924987793
