,area,approx_perimeter,diameter
0,42.93443007548669,48.39611052997784,5.840179920196533
1,42.93443007548669,48.39611052997784,9.360296249389648
