,area,approx_perimeter,diameter
0,145.52732630874803,88.72624715402335,10.889350891113281
1,145.52732630874803,88.72624715402335,17.015811920166016
