,area,approx_perimeter,diameter
0,239.6058218266143,110.91063088336678,15.506819725036621
1,239.6058218266143,110.91063088336678,19.673641204833984
