,area,approx_perimeter,diameter
0,155.64924408842342,88.82409658877843,13.06205940246582
1,155.64924408842342,88.82409658877843,15.17209243774414
