,area,approx_perimeter,diameter
0,84.44188913665003,65.29648385936275,9.816338539123535
1,84.44188913665003,65.29648385936275,10.952632904052734
