,area,approx_perimeter,diameter
0,177.67086380844887,95.43350470757895,13.412010192871094
1,177.67086380844887,95.43350470757895,16.866790771484375
