,area,approx_perimeter,diameter
0,111.01763913056413,75.10652819108599,10.920449256896973
1,111.01763913056413,75.10652819108599,12.943794250488281
