,area,approx_perimeter,diameter
0,101.79154415502428,71.720158403468,10.72714614868164
1,101.79154415502428,71.720158403468,12.081966400146484
