,area,approx_perimeter,diameter
0,131.10477188363186,82.03842191017802,11.47298526763916
1,131.10477188363186,82.03842191017802,14.549637794494629
