,area,approx_perimeter,diameter
0,273.15440868598927,117.71162858228178,17.248815536499023
1,273.15440868598927,117.71162858228178,20.16318130493164
