,area,approx_perimeter,diameter
0,95.3849649118377,69.25847045031902,10.830818176269531
1,95.3849649118377,69.25847045031902,11.213179588317871
