,area,approx_perimeter,diameter
0,119.08797019095206,77.5895910060898,11.577997207641602
1,119.08797019095206,77.5895910060898,13.09617805480957
