,area,approx_perimeter,diameter
0,77.83586819121601,62.76393255213804,9.30451774597168
1,77.83586819121601,62.76393255213804,10.651138305664062
