,area,approx_perimeter,diameter
0,175.8327642383181,94.10061475368244,14.442350387573242
1,175.8327642383181,94.10061475368244,15.501440048217773
