,area,approx_perimeter,diameter
0,35.09348296063438,43.443307761476824,5.396943092346191
1,35.09348296063438,43.443307761476824,8.279207229614258
