,area,approx_perimeter,diameter
0,56.29714133634451,53.328471368410455,7.992154121398926
1,56.29714133634451,53.328471368410455,8.968764305114746
