,area,approx_perimeter,diameter
0,129.6000259902348,80.7176888212073,12.720491409301758
1,129.6000259902348,80.7176888212073,12.97213077545166
