,area,approx_perimeter,diameter
0,141.19186637836552,85.03401824934757,11.989700317382812
1,141.19186637836552,85.03401824934757,14.993791580200195
