,area,approx_perimeter,diameter
0,308.66865939074194,128.08157978892493,16.327661514282227
1,308.66865939074194,128.08157978892493,24.07014274597168
