,area,approx_perimeter,diameter
0,127.56054238935938,80.63392904639286,11.571603775024414
1,127.56054238935938,80.63392904639286,14.035662651062012
