,area,approx_perimeter,diameter
0,121.6856824167218,78.48771942296706,11.617674827575684
1,121.6856824167218,78.48771942296706,13.33614730834961
