,area,approx_perimeter,diameter
0,286.9095404058629,120.37669203729034,18.064786911010742
1,286.9095404058629,120.37669203729034,20.221914291381836
