,area,approx_perimeter,diameter
0,231.97026696580593,108.61207942689437,15.734952926635742
1,231.97026696580593,108.61207942689437,18.770549774169922
