,area,approx_perimeter,diameter
0,327.18666550251464,129.55748174281922,18.15866470336914
1,327.18666550251464,129.55748174281922,22.941499710083008
