,area,approx_perimeter,diameter
0,221.21819942733228,105.64601732703626,15.967188835144043
1,221.21819942733228,105.64601732703626,17.640159606933594
