,area,approx_perimeter,diameter
0,107.49220162529413,73.77642014655103,10.90772819519043
1,107.49220162529413,73.77642014655103,12.547371864318848
