,area,approx_perimeter,diameter
0,177.64269800624015,94.50439744979283,14.866713523864746
1,177.64269800624015,94.50439744979283,15.213968276977539
