,area,approx_perimeter,diameter
0,92.25017357515148,68.12300531707437,10.589201927185059
1,92.25017357515148,68.12300531707437,11.092107772827148
