,area,approx_perimeter,diameter
0,70.93525298915013,60.11252410184853,8.646688461303711
1,70.93525298915013,60.11252410184853,10.44533634185791
