,area,approx_perimeter,diameter
0,205.97687022019355,102.35267789113004,14.819931030273438
1,205.97687022019355,102.35267789113004,17.69629669189453
