,area,approx_perimeter,diameter
0,103.1256889556818,72.19500288517649,10.786602020263672
1,103.1256889556818,72.19500288517649,12.1728515625
