,area,approx_perimeter,diameter
0,40.29301310152804,45.63982483419032,6.244078636169434
1,40.29301310152804,45.63982483419032,8.216209411621094
