,area,approx_perimeter,diameter
0,181.8166644350808,95.6788137698204,14.714673042297363
1,181.8166644350808,95.6788137698204,15.732335090637207
