,area,approx_perimeter,diameter
0,231.93105245014107,108.25167282187857,16.20502471923828
1,231.93105245014107,108.25167282187857,18.222976684570312
