,area,approx_perimeter,diameter
0,184.2409444028216,97.99598917189242,13.101075172424316
1,184.2409444028216,97.99598917189242,17.90561866760254
