,area,approx_perimeter,diameter
0,124.7743231200789,80.16221838660111,11.094453811645508
1,124.7743231200789,80.16221838660111,14.319551467895508
