,area,approx_perimeter,diameter
0,147.33856393750398,86.62461541904752,12.472089767456055
1,147.33856393750398,86.62461541904752,15.041367530822754
