,area,approx_perimeter,diameter
0,110.23437188409292,74.49861101613237,11.462481498718262
1,110.23437188409292,74.49861101613237,12.244709968566895
