,area,approx_perimeter,diameter
0,117.99683806736655,78.23761723004384,10.597308158874512
1,117.99683806736655,78.23761723004384,14.177019119262695
