,area,approx_perimeter,diameter
0,93.09824426126106,68.68090725686731,10.12143325805664
1,93.09824426126106,68.68090725686731,11.711421012878418
