,area,approx_perimeter,diameter
0,128.8320773377695,83.14953795689676,10.376319885253906
1,128.8320773377695,83.14953795689676,15.808504104614258
