,area,approx_perimeter,diameter
0,91.27016929067581,67.85642674769758,10.261242866516113
1,91.27016929067581,67.85642674769758,11.325020790100098
