,area,approx_perimeter,diameter
0,134.71988647302453,82.89820659086809,11.860084533691406
1,134.71988647302453,82.89820659086809,14.462855339050293
