,area,approx_perimeter,diameter
0,89.55578160464516,67.19871925617745,10.20145320892334
1,89.55578160464516,67.19871925617745,11.177423477172852
