,area,approx_perimeter,diameter
0,306.75238938432165,125.94039336021365,17.220319747924805
1,306.75238938432165,125.94039336021365,22.680721282958984
