,area,approx_perimeter,diameter
0,257.9467060765676,113.96087457614283,17.533252716064453
1,257.9467060765676,113.96087457614283,18.731718063354492
