,area,approx_perimeter,diameter
0,93.06527996702874,68.73352781494373,10.037070274353027
1,93.06527996702874,68.73352781494373,11.805675506591797
