,area,approx_perimeter,diameter
0,101.78140063528454,71.66670481386407,10.817220687866211
1,101.78140063528454,71.66670481386407,11.9801664352417
