,area,approx_perimeter,diameter
0,381.8811160857312,140.8975040171331,18.972515106201172
1,381.8811160857312,140.8975040171331,25.62792205810547
