,area,approx_perimeter,diameter
0,231.909173156975,112.84974928466369,13.444572448730469
1,231.909173156975,112.84974928466369,21.96246337890625
