,area,approx_perimeter,diameter
0,318.32117920090207,127.08612228096959,18.602052688598633
1,318.32117920090207,127.08612228096959,21.787870407104492
