,area,approx_perimeter,diameter
0,296.8929993172421,124.91051851423727,16.351362228393555
1,296.8929993172421,124.91051851423727,23.11831283569336
