,area,approx_perimeter,diameter
0,162.34108746350896,90.84258969921896,13.183418273925781
1,162.34108746350896,90.84258969921896,15.678717613220215
