,area,approx_perimeter,diameter
0,127.50821855447448,80.69596377702159,11.493659973144531
1,127.50821855447448,80.69596377702159,14.125048637390137
