,area,approx_perimeter,diameter
0,91.33703612653078,67.83698763460083,10.366204261779785
1,91.33703612653078,67.83698763460083,11.2185640335083
