,area,approx_perimeter,diameter
0,153.47423128871426,87.97468483880907,13.343179702758789
1,153.47423128871426,87.97468483880907,14.64489459991455
