,area,approx_perimeter,diameter
0,137.43655934941717,83.85952469662483,11.860153198242188
1,137.43655934941717,83.85952469662483,14.75441837310791
