,area,approx_perimeter,diameter
0,178.79949113121134,98.44190990817555,12.034586906433105
1,178.79949113121134,98.44190990817555,18.91669273376465
