,area,approx_perimeter,diameter
0,118.74620325116291,77.58780795965117,11.402853012084961
1,118.74620325116291,77.58780795965117,13.259169578552246
