,area,approx_perimeter,diameter
0,107.91259806671763,74.47441596400732,10.373685836791992
1,107.91259806671763,74.47441596400732,13.244915008544922
