,area,approx_perimeter,diameter
0,191.1600667783398,99.43485883502933,13.583391189575195
1,191.1600667783398,99.43485883502933,17.918394088745117
