,area,approx_perimeter,diameter
0,143.89637390138662,85.14309243894868,13.020821571350098
1,143.89637390138662,85.14309243894868,14.070890426635742
