,area,approx_perimeter,diameter
0,135.20399948864625,83.10862860168211,11.823308944702148
1,135.20399948864625,83.10862860168211,14.559974670410156
