,area,approx_perimeter,diameter
0,160.23232328599516,92.43151391619591,11.69773006439209
1,160.23232328599516,92.43151391619591,17.440488815307617
