,area,approx_perimeter,diameter
0,101.33092116223061,72.30621165629759,9.950638771057129
1,101.33092116223061,72.30621165629759,12.96585464477539
