,area,approx_perimeter,diameter
0,197.87158530788597,103.2385263660826,12.783132553100586
1,197.87158530788597,103.2385263660826,19.708621978759766
