,area,approx_perimeter,diameter
0,131.83173213302564,82.13290524746422,11.614821434020996
1,131.83173213302564,82.13290524746422,14.451653480529785
