,area,approx_perimeter,diameter
0,106.30576589913674,73.20997245998039,11.123026847839355
1,106.30576589913674,73.20997245998039,12.168693542480469
