,area,approx_perimeter,diameter
0,107.82179225056375,73.96332181965286,10.826803207397461
1,107.82179225056375,73.96332181965286,12.679917335510254
