,area,approx_perimeter,diameter
0,36.837644888621554,43.258807570651456,6.296675205230713
1,36.837644888621554,43.258807570651456,7.4488749504089355
