,area,approx_perimeter,diameter
0,151.7698357714897,89.37751132865284,11.655601501464844
1,151.7698357714897,89.37751132865284,16.579097747802734
