,area,approx_perimeter,diameter
0,308.9854599072236,127.8858780537665,16.45627784729004
1,308.9854599072236,127.8858780537665,23.906530380249023
