,area,approx_perimeter,diameter
0,74.63564069666973,61.352875789393565,9.29831600189209
1,74.63564069666973,61.352875789393565,10.220027923583984
