,area,approx_perimeter,diameter
0,284.60158158865994,120.49555970711396,17.231952667236328
1,284.60158158865994,120.49555970711396,21.028724670410156
