,area,approx_perimeter,diameter
0,229.02470635870628,109.65671915666863,14.388154983520508
1,229.02470635870628,109.65671915666863,20.26690101623535
