,area,approx_perimeter,diameter
0,96.73197293066558,69.82577986378067,10.63308048248291
1,96.73197293066558,69.82577986378067,11.583000183105469
