,area,approx_perimeter,diameter
0,276.2248746217972,118.90557299944753,16.7974796295166
1,276.2248746217972,118.90557299944753,20.93769073486328
