,area,approx_perimeter,diameter
0,89.0709160923918,67.30218486015161,9.75041389465332
1,89.0709160923918,67.30218486015161,11.631158828735352
