,area,approx_perimeter,diameter
0,401.16032460079936,142.6641400395539,20.886606216430664
1,401.16032460079936,142.6641400395539,24.454580307006836
