,area,approx_perimeter,diameter
0,74.092928776652,61.66785284249982,8.629172325134277
1,74.092928776652,61.66785284249982,10.932456016540527
