,area,approx_perimeter,diameter
0,151.70540776138947,87.55677531529795,13.094405174255371
1,151.70540776138947,87.55677531529795,14.751133918762207
