,area,approx_perimeter,diameter
0,56.17278088107238,53.278944926364495,7.9672746658325195
1,56.17278088107238,53.278944926364495,8.976897239685059
