,area,approx_perimeter,diameter
0,249.51037650421253,111.99690303224867,17.662874221801758
1,249.51037650421253,111.99690303224867,17.986114501953125
