,area,approx_perimeter,diameter
0,38.85682062076076,44.66622966451846,6.242923736572266
1,38.85682062076076,44.66622966451846,7.924818992614746
