,area,approx_perimeter,diameter
0,156.78636428291807,89.42222181142371,12.802175521850586
1,156.78636428291807,89.42222181142371,15.593177795410156
