,area,approx_perimeter,diameter
0,43.236965547617736,46.81245597729213,6.887731552124023
1,43.236965547617736,46.81245597729213,7.992619037628174
