,area,approx_perimeter,diameter
0,136.10941808987954,84.10649568486694,11.33306884765625
1,136.10941808987954,84.10649568486694,15.291523933410645
