,area,approx_perimeter,diameter
0,207.79227960285837,102.70662800206766,14.995253562927246
1,207.79227960285837,102.70662800206766,17.643539428710938
