,area,approx_perimeter,diameter
0,165.46304816505702,91.81711728735505,13.197497367858887
1,165.46304816505702,91.81711728735505,15.96318531036377
