,area,approx_perimeter,diameter
0,192.0110826609058,98.915537852603,14.21037769317627
1,192.0110826609058,98.915537852603,17.20405387878418
