,area,approx_perimeter,diameter
0,39.75651282222544,48.702009505460516,5.039371013641357
1,39.75651282222544,48.702009505460516,10.044817924499512
