,area,approx_perimeter,diameter
0,78.13608771566996,63.02174052324594,9.14792537689209
1,78.13608771566996,63.02174052324594,10.875247955322266
