,area,approx_perimeter,diameter
0,179.7044587596641,98.61198796878097,12.094600677490234
1,179.7044587596641,98.61198796878097,18.9180965423584
