,area,approx_perimeter,diameter
0,45.90223254445985,49.29510950202512,6.340996742248535
1,45.90223254445985,49.29510950202512,9.21693229675293
