,area,approx_perimeter,diameter
0,49.76427677552324,50.37780032641587,7.213784217834473
1,49.76427677552324,50.37780032641587,8.783440589904785
