,area,approx_perimeter,diameter
0,190.25141745602832,98.19215821107993,14.454456329345703
1,190.25141745602832,98.19215821107993,16.758543014526367
