,area,approx_perimeter,diameter
0,146.78895197815692,85.90451732771828,13.531290054321289
1,146.78895197815692,85.90451732771828,13.81224536895752
