,area,approx_perimeter,diameter
0,222.1399528341701,108.03390907707393,14.150543212890625
1,222.1399528341701,108.03390907707393,19.98773956298828
