,area,approx_perimeter,diameter
0,256.35494375074893,115.04522864617012,15.800660133361816
1,256.35494375074893,115.04522864617012,20.65744400024414
