,area,approx_perimeter,diameter
0,90.25326361738348,67.7219205597105,9.843490600585938
1,90.25326361738348,67.7219205597105,11.674113273620605
