,area,approx_perimeter,diameter
0,28.976547131493938,38.166032222169456,6.0281171798706055
1,28.976547131493938,38.166032222169456,6.120333194732666
