,area,approx_perimeter,diameter
0,246.15101039503276,111.60000184342042,16.568113327026367
1,246.15101039503276,111.60000184342042,18.91640853881836
