,area,approx_perimeter,diameter
0,79.91013302941528,63.431259346327685,9.753616333007812
1,79.91013302941528,63.431259346327685,10.431488990783691
