,area,approx_perimeter,diameter
0,324.9687325609336,132.0268561965938,16.49301528930664
1,324.9687325609336,132.0268561965938,25.087167739868164
