,area,approx_perimeter,diameter
0,105.23321328367946,73.42444728792896,10.340043067932129
1,105.23321328367946,73.42444728792896,12.958078384399414
