,area,approx_perimeter,diameter
0,215.244755883199,108.96212998493978,12.871979713439941
1,215.244755883199,108.96212998493978,21.29106330871582
