,area,approx_perimeter,diameter
0,96.76112149902546,69.8988087375964,10.505518913269043
1,96.76112149902546,69.8988087375964,11.727177619934082
