,area,approx_perimeter,diameter
0,92.74188873684095,68.42582901392937,10.2958345413208
1,92.74188873684095,68.42582901392937,11.468972206115723
