,area,approx_perimeter,diameter
0,101.79219840557217,71.5861895220526,11.023992538452148
1,101.79219840557217,71.5861895220526,11.756707191467285
