,area,approx_perimeter,diameter
0,88.63738828808147,66.86950363286827,10.11435317993164
1,88.63738828808147,66.86950363286827,11.158066749572754
