,area,approx_perimeter,diameter
0,194.41831091647072,102.53821787344826,12.591927528381348
1,194.41831091647072,102.53821787344826,19.65871238708496
