,area,approx_perimeter,diameter
0,291.2474126605627,122.42774804201868,16.983110427856445
1,291.2474126605627,122.42774804201868,21.8350887298584
