,area,approx_perimeter,diameter
0,152.52122020459876,89.05372737964946,11.984257698059082
1,152.52122020459876,89.05372737964946,16.204261779785156
