,area,approx_perimeter,diameter
0,221.89645767706514,105.74231294193756,16.138507843017578
1,221.89645767706514,105.74231294193756,17.506410598754883
