,area,approx_perimeter,diameter
0,349.9939314770944,134.94290234633692,18.129356384277344
1,349.9939314770944,134.94290234633692,24.580360412597656
