,area,approx_perimeter,diameter
0,199.26973192949907,100.40298825826116,14.920143127441406
1,199.26973192949907,100.40298825826116,17.00507164001465
