,area,approx_perimeter,diameter
0,188.31741063899003,98.7112133423484,13.469765663146973
1,188.31741063899003,98.7112133423484,17.80084228515625
