,area,approx_perimeter,diameter
0,329.60759130806036,130.12816941087968,18.15266990661621
1,329.60759130806036,130.12816941087968,23.118881225585938
