,area,approx_perimeter,diameter
0,131.10170534931484,82.36105953981611,11.239213943481445
1,131.10170534931484,82.36105953981611,14.851917266845703
