,area,approx_perimeter,diameter
0,183.2475054802129,97.26160858184208,13.362916946411133
1,183.2475054802129,97.26160858184208,17.460107803344727
