,area,approx_perimeter,diameter
0,132.05010137724474,81.7805876159263,12.076042175292969
1,132.05010137724474,81.7805876159263,13.922724723815918
