,area,approx_perimeter,diameter
0,30.904606300193436,39.67657526785986,5.7083539962768555
1,30.904606300193436,39.67657526785986,6.893224716186523
