,area,approx_perimeter,diameter
0,199.93778660819368,100.71912955610708,14.742890357971191
1,199.93778660819368,100.71912955610708,17.2672176361084
