,area,approx_perimeter,diameter
0,121.206102119586,78.32603284407529,11.604683876037598
1,121.206102119586,78.32603284407529,13.298458099365234
