,area,approx_perimeter,diameter
0,134.6773954364166,83.49591127737348,11.378776550292969
1,134.6773954364166,83.49591127737348,15.06986141204834
