,area,approx_perimeter,diameter
0,262.7822803139969,117.33809445835338,15.47687816619873
1,262.7822803139969,117.33809445835338,21.618364334106445
