,area,approx_perimeter,diameter
0,262.4808755317594,114.94997471479456,17.712528228759766
1,262.4808755317594,114.94997471479456,18.868059158325195
