,area,approx_perimeter,diameter
0,127.46410001124006,80.33682933043298,11.880088806152344
1,127.46410001124006,80.33682933043298,13.660868644714355
