,area,approx_perimeter,diameter
0,196.39475634852053,102.60485281351562,12.835103034973145
1,196.39475634852053,102.60485281351562,19.482318878173828
