,area,approx_perimeter,diameter
0,84.14612983691019,65.54798839349212,9.342659950256348
1,84.14612983691019,65.54798839349212,11.467631340026855
