,area,approx_perimeter,diameter
0,77.0132065852173,62.78831191671785,8.866263389587402
1,77.0132065852173,62.78831191671785,11.059479713439941
