,area,approx_perimeter,diameter
0,41.892545405824954,46.04855406621447,6.821859836578369
1,41.892545405824954,46.04855406621447,7.81887149810791
