,area,approx_perimeter,diameter
0,102.35624849049081,71.92635525535371,10.744328498840332
1,102.35624849049081,71.92635525535371,12.12956428527832
