,area,approx_perimeter,diameter
0,124.47170865363313,79.376734418248,11.756258010864258
1,124.47170865363313,79.376734418248,13.48067569732666
