,area,approx_perimeter,diameter
0,122.69159612093237,78.7794905258007,11.712972640991211
1,122.69159612093237,78.7794905258007,13.336989402770996
