,area,approx_perimeter,diameter
0,30.80639933539987,40.23386067566519,5.268461227416992
1,30.80639933539987,40.23386067566519,7.445044040679932
