,area,approx_perimeter,diameter
0,318.6619987941433,127.18230912247245,18.577512741088867
1,318.6619987941433,127.18230912247245,21.840009689331055
