,area,approx_perimeter,diameter
0,119.77552985253605,77.77808670705704,11.670928001403809
1,119.77552985253605,77.77808670705704,13.06690788269043
