,area,approx_perimeter,diameter
0,60.53896210365716,55.24006086983325,8.410075187683105
1,60.53896210365716,55.24006086983325,9.165268898010254
