,area,approx_perimeter,diameter
0,267.6993889453383,116.65716105960371,16.925498962402344
1,267.6993889453383,116.65716105960371,20.137985229492188
