,area,approx_perimeter,diameter
0,276.92193479291694,118.1314670455157,18.01980209350586
1,276.92193479291694,118.1314670455157,19.566694259643555
