,area,approx_perimeter,diameter
0,259.70359840371646,115.27222920358601,16.306997299194336
1,259.70359840371646,115.27222920358601,20.277484893798828
