,area,approx_perimeter,diameter
0,117.35038422659358,78.03038213308815,10.563602447509766
1,117.35038422659358,78.03038213308815,14.144336700439453
