,area,approx_perimeter,diameter
0,147.6706852022863,86.17211814169117,13.492696762084961
1,147.6706852022863,86.17211814169117,13.934957504272461
