,area,approx_perimeter,diameter
0,121.2888095635159,79.75688134797312,10.493460655212402
1,121.2888095635159,79.75688134797312,14.716756820678711
