,area,approx_perimeter,diameter
0,58.53757011734147,54.57225110936763,7.8916802406311035
1,58.53757011734147,54.57225110936763,9.44442081451416
