,area,approx_perimeter,diameter
0,153.20054483910795,88.84394436609453,12.279956817626953
1,153.20054483910795,88.84394436609453,15.884501457214355
