,area,approx_perimeter,diameter
0,119.21572807733511,77.7422159141212,11.423852920532227
1,119.21572807733511,77.7422159141212,13.287126541137695
