,area,approx_perimeter,diameter
0,172.36208472467965,94.06899437692225,13.151899337768555
1,172.36208472467965,94.06899437692225,16.68642807006836
