,area,approx_perimeter,diameter
0,82.53746201731062,66.4994435282917,8.327690124511719
1,82.53746201731062,66.4994435282917,12.619340896606445
