,area,approx_perimeter,diameter
0,213.49088726405827,103.60475783645403,16.27406120300293
1,213.49088726405827,103.60475783645403,16.70296287536621
