,area,approx_perimeter,diameter
0,38.232517207590554,46.44483967289665,5.26612663269043
1,38.232517207590554,46.44483967289665,9.24382495880127
