,area,approx_perimeter,diameter
0,120.3060882950362,79.29334603415577,10.526713371276855
1,120.3060882950362,79.29334603415577,14.55140495300293
