,area,approx_perimeter,diameter
0,35.20819221036882,42.62474118671261,5.863030910491943
1,35.20819221036882,42.62474118671261,7.64595365524292
