,area,approx_perimeter,diameter
0,221.2674010046569,106.19708749904636,15.241724967956543
1,221.2674010046569,106.19708749904636,18.4838924407959
