,area,approx_perimeter,diameter
0,102.04564454810773,72.44024002842531,10.073542594909668
1,102.04564454810773,72.44024002842531,12.89799976348877
