,area,approx_perimeter,diameter
0,37.035781505268545,44.64843986481685,5.536677837371826
1,37.035781505268545,44.64843986481685,8.516916275024414
