,area,approx_perimeter,diameter
0,113.5823260504916,76.40911667846709,10.640180587768555
1,113.5823260504916,76.40911667846709,13.59164047241211
