,area,approx_perimeter,diameter
0,156.0978890987146,89.82214558736116,12.296171188354492
1,156.0978890987146,89.82214558736116,16.1635684967041
