,area,approx_perimeter,diameter
0,114.2296126835223,78.85441913321606,9.55663013458252
1,114.2296126835223,78.85441913321606,15.218927383422852
