,area,approx_perimeter,diameter
0,108.56177870883997,74.8047967922193,10.32567024230957
1,108.56177870883997,74.8047967922193,13.386554718017578
