,area,approx_perimeter,diameter
0,151.492255350701,87.63448208957837,12.880498886108398
1,151.492255350701,87.63448208957837,14.975035667419434
