,area,approx_perimeter,diameter
0,209.53581247332937,102.75305177191129,15.687344551086426
1,209.53581247332937,102.75305177191129,17.006656646728516
