,area,approx_perimeter,diameter
0,314.40886309865846,126.57261041456309,18.18667221069336
1,314.40886309865846,126.57261041456309,22.0116024017334
