,area,approx_perimeter,diameter
0,110.7132211600866,75.9196987071066,10.18248462677002
1,110.7132211600866,75.9196987071066,13.843816757202148
