,area,approx_perimeter,diameter
0,194.21712579585434,99.76372254211125,14.03479290008545
1,194.21712579585434,99.76372254211125,17.619421005249023
