,area,approx_perimeter,diameter
0,213.00356115690698,104.65251083627125,14.558703422546387
1,213.00356115690698,104.65251083627125,18.628345489501953
