,area,approx_perimeter,diameter
0,107.9435551078962,74.06166523705858,10.76557445526123
1,107.9435551078962,74.06166523705858,12.766434669494629
