,area,approx_perimeter,diameter
0,157.58291010565458,90.01298146054164,12.52318000793457
1,157.58291010565458,90.01298146054164,16.02155303955078
