,area,approx_perimeter,diameter
0,229.13086301929732,107.85603665806926,15.74075698852539
1,229.13086301929732,107.85603665806926,18.533954620361328
