,area,approx_perimeter,diameter
0,272.5325487490839,117.48664652947198,17.349178314208984
1,272.5325487490839,117.48664652947198,20.00090217590332
