,area,approx_perimeter,diameter
0,193.83594605342807,99.88245002873975,13.850932121276855
1,193.83594605342807,99.88245002873975,17.818265914916992
