,area,approx_perimeter,diameter
0,101.83299762958147,71.54974731562167,11.279959678649902
1,101.83299762958147,71.54974731562167,11.494526863098145
