,area,approx_perimeter,diameter
0,136.03169167792535,82.92568773972425,12.374418258666992
1,136.03169167792535,82.92568773972425,13.996692657470703
