,area,approx_perimeter,diameter
0,136.53845373802568,83.34351322576472,12.054686546325684
1,136.53845373802568,83.34351322576472,14.42145824432373
