,area,approx_perimeter,diameter
0,159.47363752670515,89.57229989850575,13.905607223510742
1,159.47363752670515,89.57229989850575,14.601889610290527
