,area,approx_perimeter,diameter
0,141.25986894076235,84.5019215838031,12.613715171813965
1,141.25986894076235,84.5019215838031,14.258895874023438
