,area,approx_perimeter,diameter
0,333.2546057135605,134.93335025280464,16.235471725463867
1,333.2546057135605,134.93335025280464,26.134931564331055
