,area,approx_perimeter,diameter
0,35.54387166374954,43.315996350390456,5.609478950500488
1,35.54387166374954,43.315996350390456,8.067748069763184
