,area,approx_perimeter,diameter
0,276.2527891487293,118.79938378149197,16.898038864135742
1,276.2527891487293,118.79938378149197,20.815195083618164
