,area,approx_perimeter,diameter
0,103.39285362674487,72.23012758070357,10.905844688415527
1,103.39285362674487,72.23012758070357,12.07094669342041
