,area,approx_perimeter,diameter
0,27.72002074207946,37.75180855045393,5.253024101257324
1,27.72002074207946,37.75180855045393,6.718839645385742
