,area,approx_perimeter,diameter
0,125.66865812856534,79.74875574469984,11.8253755569458
1,125.66865812856534,79.74875574469984,13.53075885772705
