,area,approx_perimeter,diameter
0,274.5828275643777,119.95573164189358,15.814153671264648
1,274.5828275643777,119.95573164189358,22.107393264770508
