,area,approx_perimeter,diameter
0,65.78502665367502,58.8158374863785,7.687786102294922
1,65.78502665367502,58.8158374863785,10.895216941833496
