,area,approx_perimeter,diameter
0,88.01985487625971,66.71203498348123,9.94289493560791
1,88.01985487625971,66.71203498348123,11.271401405334473
