,area,approx_perimeter,diameter
0,77.5020247779664,62.43513440702722,9.731609344482422
1,77.5020247779664,62.43513440702722,10.140012741088867
