,area,approx_perimeter,diameter
0,102.81633524415656,72.08764116193467,10.768754959106445
1,102.81633524415656,72.08764116193467,12.156449317932129
