,area,approx_perimeter,diameter
0,274.39831278867945,119.0595326851061,16.323572158813477
1,274.39831278867945,119.0595326851061,21.40308380126953
