,area,approx_perimeter,diameter
0,199.10152984693718,101.18733757929282,14.06981372833252
1,199.10152984693718,101.18733757929282,18.017576217651367
