,area,approx_perimeter,diameter
0,107.81368168191888,74.42227907541472,10.38283920288086
1,107.81368168191888,74.42227907541472,13.221108436584473
