,area,approx_perimeter,diameter
0,93.98415509006018,69.14156366497427,10.006890296936035
1,93.98415509006018,69.14156366497427,11.958194732666016
