,area,approx_perimeter,diameter
0,241.70767003479162,112.28702798389138,14.98057746887207
1,241.70767003479162,112.28702798389138,20.543384552001953
