,area,approx_perimeter,diameter
0,137.11757645873655,83.5515689952286,12.046717643737793
1,137.11757645873655,83.5515689952286,14.492206573486328
