,area,approx_perimeter,diameter
0,120.51254947177294,78.8263667522907,10.870817184448242
1,120.51254947177294,78.8263667522907,14.114977836608887
