,area,approx_perimeter,diameter
0,277.4924404691712,118.71248499050107,17.300344467163086
1,277.4924404691712,118.71248499050107,20.422388076782227
