,area,approx_perimeter,diameter
0,107.1036851931724,73.66473161950063,10.857898712158203
1,107.1036851931724,73.66473161950063,12.559395790100098
