,area,approx_perimeter,diameter
0,70.52131006482938,59.553382857474446,9.302205085754395
1,70.52131006482938,59.553382857474446,9.652606010437012
