,area,approx_perimeter,diameter
0,202.34533210231714,101.18997172911033,15.01214599609375
1,202.34533210231714,101.18997172911033,17.16170883178711
