,area,approx_perimeter,diameter
0,287.1830590511695,120.88655207509746,17.46642303466797
1,287.1830590511695,120.88655207509746,20.934614181518555
