,area,approx_perimeter,diameter
0,164.06531427416792,90.91684888091851,13.897132873535156
1,164.06531427416792,90.91684888091851,15.031477928161621
