,area,approx_perimeter,diameter
0,157.13931003565182,89.6909230836587,12.663111686706543
1,157.13931003565182,89.6909230836587,15.799906730651855
