,area,approx_perimeter,diameter
0,71.58970577184972,60.41391231654552,8.661646842956543
1,71.58970577184972,60.41391231654552,10.523500442504883
