,area,approx_perimeter,diameter
0,178.11606754439578,95.08992622653498,13.88344669342041
1,178.11606754439578,95.08992622653498,16.33487892150879
