,area,approx_perimeter,diameter
0,78.08783625592227,63.20989197204088,8.940865516662598
1,78.08783625592227,63.20989197204088,11.120234489440918
