,area,approx_perimeter,diameter
0,125.53833174490765,79.71065006680719,11.814461708068848
1,125.53833174490765,79.71065006680719,13.529212951660156
