,area,approx_perimeter,diameter
0,69.61840600072523,59.69644811413998,8.43100643157959
1,69.61840600072523,59.69644811413998,10.513680458068848
