,area,approx_perimeter,diameter
0,325.35961466212063,134.3190212398431,15.711909294128418
1,325.35961466212063,134.3190212398431,26.36603355407715
