,area,approx_perimeter,diameter
0,99.4913729040383,70.78669246355624,10.856139183044434
1,99.4913729040383,70.78669246355624,11.6686372756958
