,area,approx_perimeter,diameter
0,100.73381241425166,71.55653706921848,10.387397766113281
1,100.73381241425166,71.55653706921848,12.347488403320312
