,area,approx_perimeter,diameter
0,43.170689629719725,48.37154488025976,5.913531303405762
1,43.170689629719725,48.37154488025976,9.295060157775879
