,area,approx_perimeter,diameter
0,116.03991082038321,76.38676027840624,11.966711044311523
1,116.03991082038321,76.38676027840624,12.346467018127441
