,area,approx_perimeter,diameter
0,144.55776482186607,85.79339836448379,12.364057540893555
1,144.55776482186607,85.79339836448379,14.886428833007812
