,area,approx_perimeter,diameter
0,152.22347462528023,88.5526362044034,12.246211051940918
1,152.22347462528023,88.5526362044034,15.82668685913086
