,area,approx_perimeter,diameter
0,189.22676046623752,97.65967839769884,14.875484466552734
1,189.22676046623752,97.65967839769884,16.196514129638672
