,area,approx_perimeter,diameter
0,269.8946973644314,116.52341836526888,18.105493545532227
1,269.8946973644314,116.52341836526888,18.979907989501953
