,area,approx_perimeter,diameter
0,76.117351274037,62.056156667147725,9.21764850616455
1,76.117351274037,62.056156667147725,10.514137268066406
