,area,approx_perimeter,diameter
0,285.97314100025477,121.2928217085476,16.84457015991211
1,285.97314100025477,121.2928217085476,21.616004943847656
