,area,approx_perimeter,diameter
0,200.66024082943326,100.53747319780786,15.392841339111328
1,200.66024082943326,100.53747319780786,16.597881317138672
