,area,approx_perimeter,diameter
0,97.56246022855504,70.50938719302825,10.128715515136719
1,97.56246022855504,70.50938719302825,12.264179229736328
