,area,approx_perimeter,diameter
0,306.81253394019524,126.94206899401446,16.641916275024414
1,306.81253394019524,126.94206899401446,23.473609924316406
