,area,approx_perimeter,diameter
0,160.49942153633154,90.03879607430393,13.50285816192627
1,160.49942153633154,90.03879607430393,15.13414478302002
