,area,approx_perimeter,diameter
0,205.76776962354867,102.4413794468761,14.667274475097656
1,205.76776962354867,102.4413794468761,17.862327575683594
