,area,approx_perimeter,diameter
0,50.42461663415747,50.751986068042555,7.222578525543213
1,50.42461663415747,50.751986068042555,8.889154434204102
