,area,approx_perimeter,diameter
0,124.5179123676747,80.07507501445778,11.086516380310059
1,124.5179123676747,80.07507501445778,14.300355911254883
