,area,approx_perimeter,diameter
0,61.326647424021026,63.58974792116776,5.695694923400879
1,61.326647424021026,63.58974792116776,13.709216117858887
2,61.326647424021026,63.58974792116776,4.603735446929932
3,61.326647424021026,63.58974792116776,5.4500885009765625
