,area,approx_perimeter,diameter
0,125.78216476370089,79.56349159346927,12.296271324157715
1,125.78216476370089,79.56349159346927,13.024340629577637
