,area,approx_perimeter,diameter
0,287.0427603109867,123.46265920704859,15.768170356750488
1,287.0427603109867,123.46265920704859,23.17797088623047
