,area,approx_perimeter,diameter
0,280.92600256134574,121.42418722156368,15.947687149047852
1,280.92600256134574,121.42418722156368,22.428712844848633
