,area,approx_perimeter,diameter
0,52.77570661018953,51.94028511169222,7.372116565704346
1,52.77570661018953,51.94028511169222,9.114901542663574
