,area,approx_perimeter,diameter
0,242.44021940567043,111.9998304656636,15.284361839294434
1,242.44021940567043,111.9998304656636,20.19609832763672
