,area,approx_perimeter,diameter
0,199.8592807656388,101.55761757050023,13.96720027923584
1,199.8592807656388,101.55761757050023,18.219022750854492
