,area,approx_perimeter,diameter
0,492.71564936771034,159.34977675816094,22.007675170898438
1,492.71564936771034,159.34977675816094,28.505739212036133
