,area,approx_perimeter,diameter
0,259.7287149039166,114.52592100606321,17.20012092590332
1,259.7287149039166,114.52592100606321,19.22642707824707
