,area,approx_perimeter,diameter
0,105.05705027382443,72.70486824970104,11.271547317504883
1,105.05705027382443,72.70486824970104,11.86729621887207
