,area,approx_perimeter,diameter
0,232.42374751055652,108.57731210166817,15.916097640991211
1,232.42374751055652,108.57731210166817,18.59319496154785
