label,socre,x1,y1,x2,y2
2,0.99691784,190.85703,434.5969,339.16214,570.42535
1,0.9801276,660.0543,571.75415,808.1616,701.4854
