label,socre,x1,y1,x2,y2
1,0.9989611,261.98212,431.5648,422.48248,624.88696
1,0.9930688,675.8558,191.07468,807.4082,341.05728
1,0.98960376,587.68164,590.99164,737.0693,720.3005
2,0.8114143,249.9704,280.72485,360.7941,382.77753
1,0.75525844,693.66486,399.10153,822.839,537.8538
