label,socre,x1,y1,x2,y2
2,0.9996325,217.85667,241.11658,323.46375,345.0367
2,0.99870443,567.5238,225.0999,657.42145,334.99646
2,0.9940864,386.2032,46.253193,491.49512,152.42651
2,0.98965645,418.89108,524.54913,527.04803,636.4279
2,0.9162289,744.12854,277.40222,841.8628,371.87164
