label,socre,x1,y1,x2,y2
2,0.99923074,276.1426,624.7793,397.82806,725.5673
2,0.99227095,629.5593,296.72754,742.341,381.44238
2,0.99025506,558.33795,23.205036,672.87714,127.73651
2,0.9703984,316.64365,319.5541,408.18857,419.36316
