label,socre,x1,y1,x2,y2
1,0.99875426,425.23193,241.83342,610.27026,405.63165
1,0.7922216,750.5714,630.26886,934.3065,760.1998
