label,socre,x1,y1,x2,y2
1,0.99896383,753.997,569.985,905.9148,705.5951
1,0.998743,216.13002,355.63632,352.5069,503.9055
1,0.99744475,451.91693,439.3027,596.59717,595.33374
1,0.96584374,67.37312,306.06464,178.87904,399.20874
