label,socre,x1,y1,x2,y2
1,0.9998273,472.4692,525.4647,677.2297,702.0575
1,0.99873346,126.68285,511.73752,227.51736,612.01086
1,0.9981,481.82687,148.65062,671.7218,285.95914
