label,socre,x1,y1,x2,y2
2,0.9390005,124.37141,365.46143,196.58788,450.23984
2,0.9347477,267.81525,533.89606,337.24747,610.26843
