label,socre,x1,y1,x2,y2
2,0.9326496,176.71936,608.36865,306.79532,761.26013
1,0.9173344,728.7543,404.02374,867.55707,612.3892
2,0.85036576,403.42993,193.69087,562.56464,321.0337
