label,socre,x1,y1,x2,y2
2,0.99673885,461.2818,313.96533,602.24274,438.04376
2,0.9966738,479.5051,581.97845,596.21936,687.1641
2,0.9958704,306.41464,376.79456,405.37448,474.23465
2,0.94020575,684.7801,128.44525,784.5043,237.45457
2,0.8157892,722.1796,326.94397,834.6209,433.52396
