label,socre,x1,y1,x2,y2
1,0.9771742,714.3236,204.93571,874.07135,392.77045
