label,socre,x1,y1,x2,y2
2,0.99880207,790.6553,94.606476,901.70465,197.89735
2,0.9979158,335.31815,65.481606,439.16788,149.92592
2,0.99562293,296.11172,364.22794,409.4306,457.3303
2,0.98390687,661.6798,453.51538,757.75195,557.2787
2,0.93423384,744.92255,651.58185,865.00006,731.9181
2,0.928282,469.11725,191.455,561.48065,270.73227
2,0.7857138,479.28485,612.81055,555.06635,740.3183
