label,socre,x1,y1,x2,y2
2,0.9996259,722.2597,46.696125,819.9389,161.1314
2,0.98824173,897.6025,186.67871,993.1134,316.49634
