label,socre,x1,y1,x2,y2
2,0.9921233,808.77924,559.5954,945.18475,675.24384
2,0.9850767,347.86093,268.98325,482.3139,370.504
1,0.9765387,608.0231,268.82462,788.0451,393.9647
2,0.95186,536.3309,547.40076,642.3121,683.61646
1,0.94446903,168.69376,278.96786,287.1667,388.58228
2,0.8198702,753.6245,439.21527,888.8349,557.2757
2,0.77082217,6.0913973,265.73138,132.96875,381.47354
