label,socre,x1,y1,x2,y2
2,0.9980008,873.01294,372.4467,985.57117,490.93536
2,0.99515533,771.41907,85.328865,877.01196,199.53838
2,0.9706224,227.00764,510.62207,334.2274,630.8636
2,0.9633782,577.88214,591.33405,684.9483,706.9097
2,0.8419725,539.81494,86.669044,671.4128,205.40363
