label,socre,x1,y1,x2,y2
2,0.9993642,36.178265,468.9951,136.8048,572.4045
2,0.9979231,471.3267,583.2523,570.83124,680.8155
2,0.9974232,214.60768,216.6177,317.91467,305.9418
