label,socre,x1,y1,x2,y2
2,0.99806875,760.47925,318.97064,885.18774,424.89255
2,0.98821855,848.9961,594.25323,958.5892,714.8528
2,0.98722154,443.12677,333.41495,580.33997,454.9631
2,0.88606906,162.4835,212.50969,257.78036,315.41748
