label,socre,x1,y1,x2,y2
2,0.9960198,699.0245,148.03543,797.912,225.9118
2,0.99141747,483.97278,31.5919,586.98157,138.81523
2,0.97828454,920.5205,77.55225,987.1319,143.89474
1,0.9429635,336.02603,627.55396,405.7831,703.57874
