label,socre,x1,y1,x2,y2
2,0.99433327,549.9243,584.2191,651.8632,697.45917
2,0.9835712,425.90753,537.593,509.57013,622.2913
2,0.949515,921.1256,191.25621,1002.91876,281.8538
2,0.8904555,246.43279,59.757114,335.721,154.76605
2,0.84891164,590.64484,52.83173,669.9416,152.57321
2,0.8332931,143.21461,618.59064,213.41695,698.7998
2,0.81606793,802.04834,192.8492,865.4207,274.99084
2,0.7701292,216.46579,316.72577,288.43576,399.44907
