label,socre,x1,y1,x2,y2
1,0.9950723,120.0454,350.759,245.36319,459.96912
1,0.9947018,181.39854,609.96173,320.3375,738.0906
1,0.8789565,571.2211,160.11948,750.17285,316.69482
