label,socre,x1,y1,x2,y2
2,0.9819614,315.80518,394.59357,463.07852,501.25342
1,0.9584169,619.42035,265.97302,824.7027,438.80243
