label,socre,x1,y1,x2,y2
2,0.99909496,119.370674,480.20203,241.51459,579.87537
