label,socre,x1,y1,x2,y2
2,0.9419341,424.98755,407.1632,556.1721,553.9974
