label,socre,x1,y1,x2,y2
2,0.9980628,403.70538,401.29666,511.2992,495.27917
2,0.98896897,266.7219,104.10446,360.72733,209.75069
2,0.9643868,468.73874,625.40405,564.1549,733.7742
