label,socre,x1,y1,x2,y2
2,0.9884632,421.73907,440.4564,555.857,556.05176
2,0.95847875,240.45886,440.89758,342.77127,543.65356
