label,socre,x1,y1,x2,y2
2,0.9988285,331.2493,639.7836,436.89862,752.92487
2,0.9973062,462.11133,281.5345,554.7089,379.3775
2,0.992897,737.7735,557.0819,840.14734,651.7198
2,0.9797538,38.794514,83.94035,163.20811,197.08168
2,0.97967094,143.07013,647.7002,258.45236,754.9208
2,0.9788943,871.10187,183.69011,975.81116,275.83832
2,0.9102009,365.82513,380.86658,475.1972,487.20258
2,0.81754553,885.5077,359.9044,989.77686,471.72675
