label,socre,x1,y1,x2,y2
2,0.9839866,427.45758,122.599754,493.40884,188.64037
2,0.90247315,495.9977,158.0181,560.0203,232.11722
2,0.8481737,422.7576,234.50497,483.0993,297.3186
2,0.75020486,578.5518,249.05644,642.2439,307.88217
