label,socre,x1,y1,x2,y2
2,0.9988306,428.3176,145.43785,523.2363,264.02396
2,0.99858725,26.458109,469.3685,171.56291,562.99414
2,0.9975272,692.26697,516.8678,806.1934,625.84753
