label,socre,x1,y1,x2,y2
1,0.99848205,443.62634,570.3661,617.40295,726.1595
1,0.83618015,793.8136,585.03784,925.61096,738.2741
