label,socre,x1,y1,x2,y2
2,0.99965906,705.7819,87.27899,796.5068,209.56998
2,0.99833137,836.61804,495.86664,948.225,612.5493
2,0.99690396,288.59323,95.28123,414.17203,207.24562
