label,socre,x1,y1,x2,y2
2,0.99555796,319.68958,176.84993,416.27817,271.70602
1,0.97805333,883.60345,278.29788,977.2501,387.73407
2,0.9780431,764.8585,462.3143,865.3766,549.56824
1,0.9687292,560.73535,170.29736,713.0237,305.30142
2,0.9570231,300.12936,451.49316,490.75125,623.11597
1,0.9516908,149.54594,29.532795,303.82187,153.5748
2,0.92557585,811.8349,573.9103,914.5224,654.7536
2,0.82785577,691.91,635.663,780.9666,716.44995
