label,socre,x1,y1,x2,y2
1,0.99965954,249.9801,111.376,445.23373,309.96985
1,0.99861765,244.30273,513.47687,399.26663,692.1817
1,0.9964193,806.3247,274.2602,965.16864,440.1827
1,0.9943663,486.70093,242.27261,674.3058,400.7386
1,0.9922719,41.963776,479.88297,187.50659,631.088
2,0.91380066,143.31374,342.8525,236.55977,417.72968
