label,socre,x1,y1,x2,y2
1,0.99493426,576.97644,166.1027,804.0148,399.54507
