label,socre,x1,y1,x2,y2
2,0.9975364,658.9823,315.41693,777.09595,433.98767
2,0.97600013,496.10806,190.5279,622.80426,326.86722
2,0.9758563,889.2418,374.6915,1013.27545,532.4395
2,0.9338799,127.845566,453.80795,209.84868,536.2735
1,0.8031211,223.0939,249.3549,350.48477,388.2548
