label,socre,x1,y1,x2,y2
2,0.9986695,421.97308,514.17426,521.587,604.5679
2,0.99609107,800.0001,257.2652,908.3723,358.15802
2,0.9955817,491.20798,375.14713,585.915,471.6811
2,0.9950153,410.65393,162.72429,492.33444,250.39684
2,0.9909952,765.842,469.0702,866.64685,564.8833
2,0.98969954,505.27316,241.69733,602.7936,328.19144
2,0.984923,605.4085,466.14615,706.9273,557.4526
