label,socre,x1,y1,x2,y2
1,0.9987047,734.2143,311.10608,923.01294,508.93124
2,0.98371387,433.2266,590.5578,607.0058,730.8194
2,0.9496078,185.03632,260.67328,297.61197,396.5615
1,0.9467612,493.79727,7.2055297,674.80347,155.27133
