label,socre,x1,y1,x2,y2
1,0.9995741,589.45026,51.19554,754.19147,227.58537
1,0.99798965,409.87607,610.50116,556.44037,753.2823
1,0.96543217,142.50146,580.1831,224.29735,658.9411
1,0.94158417,922.7312,677.63873,998.166,759.0415
