label,socre,x1,y1,x2,y2
2,0.9990074,493.10406,279.70486,619.0493,395.6038
2,0.9983929,466.0576,53.871254,592.5065,169.86484
2,0.99631894,79.91893,389.42987,195.81102,490.01666
