label,socre,x1,y1,x2,y2
2,0.9958811,503.12817,378.5957,638.1978,509.6359
2,0.9823446,845.224,39.425198,974.1476,173.39838
2,0.96993995,358.6209,602.06744,490.979,725.62177
2,0.9683717,740.9251,253.4303,864.23566,359.42966
2,0.9445051,906.5375,395.07376,1010.3162,490.65482
2,0.92742026,629.7887,61.488194,733.37115,175.91365
2,0.92211306,746.4291,412.36932,851.50397,519.56915
2,0.784372,230.86372,355.13205,346.03683,502.91916
