label,socre,x1,y1,x2,y2
2,0.990829,156.42719,449.84775,252.14224,549.2118
1,0.9862125,321.8099,506.3521,471.5171,689.5579
2,0.9114661,653.0809,432.3544,745.2503,529.9982
2,0.8828466,300.96103,14.216587,449.24786,162.85892
