label,socre,x1,y1,x2,y2
2,0.98655915,715.6528,578.093,825.21985,689.8373
2,0.9864616,871.6866,191.48218,1000.94806,329.44067
2,0.98261905,562.4901,367.83945,686.6771,549.3949
2,0.9431349,702.337,105.75919,824.77057,241.3848
