label,socre,x1,y1,x2,y2
2,0.98499113,807.9537,156.03271,965.06134,296.37277
1,0.8282878,198.14323,574.126,334.63748,746.5102
