label,socre,x1,y1,x2,y2
2,0.9985251,464.75705,559.2608,574.22595,651.6861
2,0.99131995,128.469,194.57446,249.89081,300.34726
1,0.9797702,678.67896,252.3774,790.24695,400.9771
2,0.95609343,865.7447,136.34842,1008.48944,260.14963
1,0.9444968,529.06696,28.859524,707.6735,187.33362
2,0.9123928,193.30605,551.873,340.80576,695.6166
2,0.85459214,391.11603,215.24086,532.60815,350.47723
1,0.85143304,57.31534,368.59805,197.8167,500.5211
