label,socre,x1,y1,x2,y2
2,0.9992556,674.7525,300.76556,788.4561,413.19424
1,0.98842794,349.3665,472.22873,501.45508,622.44244
1,0.9754927,212.77507,119.64336,354.7862,256.65878
1,0.9209913,683.023,55.091675,815.9917,194.10707
