label,socre,x1,y1,x2,y2
2,0.99656314,347.42596,57.747593,433.76895,147.69022
2,0.9954763,812.5312,357.07034,901.3629,455.7937
2,0.99533397,541.2392,414.08102,641.3044,515.7261
2,0.99392855,286.29932,620.2966,378.81046,726.3045
2,0.9878591,505.1345,639.49866,598.3513,727.10205
1,0.965497,132.00316,276.76172,286.16357,427.31635
2,0.9601011,713.69916,534.9001,815.4411,623.28314
2,0.9416479,524.38367,204.6431,645.9646,348.84106
