label,socre,x1,y1,x2,y2
2,0.99462295,752.775,68.789825,848.9134,158.38968
1,0.9642001,804.23596,496.661,952.2116,658.1995
