label,socre,x1,y1,x2,y2
2,0.9910782,283.53067,368.58154,405.78812,522.97766
2,0.8031448,6.5279303,63.053852,160.01457,180.55948
1,0.776511,792.8548,209.27495,916.55096,380.18945
