label,socre,x1,y1,x2,y2
2,0.9454791,615.51636,182.72054,779.14746,326.0975
2,0.9029961,426.03238,421.7579,597.5468,586.14905
