label,socre,x1,y1,x2,y2
1,0.98980707,211.46675,173.39452,362.01273,364.146
1,0.98520076,394.3978,260.09607,558.78357,423.1056
1,0.975127,661.32275,490.57425,855.2965,665.7706
