label,socre,x1,y1,x2,y2
2,0.9983259,321.6916,483.11945,416.6075,589.571
2,0.99803895,826.43866,297.62015,927.3904,404.73996
2,0.9979546,390.40033,200.35468,506.63022,338.99292
2,0.99565566,144.06325,424.663,233.114,525.3224
2,0.9259647,102.17528,114.076584,227.50722,202.46812
2,0.90203995,822.12506,584.31635,931.27527,702.6881
