label,socre,x1,y1,x2,y2
2,0.98650384,145.11525,265.68103,280.39493,386.89246
2,0.9562448,663.3933,280.88712,776.964,371.4003
2,0.9227738,834.6216,313.42734,963.0726,448.1149
2,0.91709423,377.17514,610.4394,473.95285,719.3812
2,0.89444894,478.31332,167.95071,573.598,275.5981
