label,socre,x1,y1,x2,y2
2,0.9991053,669.4586,257.49603,766.1394,358.03915
2,0.9962405,584.7499,592.86005,725.1124,738.36053
2,0.9958781,807.43414,380.40265,909.46747,482.1058
2,0.94939613,517.2102,429.55215,605.3087,516.1647
1,0.9452139,154.46703,406.13034,288.91302,550.9871
2,0.9446648,127.46412,32.801704,248.62933,144.67522
2,0.9262757,400.83765,122.00999,548.5225,253.06645
