label,socre,x1,y1,x2,y2
1,0.9479017,685.496,209.34149,828.6355,381.56122
2,0.82877177,225.29744,481.35938,355.5859,636.8259
