label,socre,x1,y1,x2,y2
2,0.99782866,416.29538,505.1987,506.50198,603.4164
2,0.98065454,397.59946,50.029877,490.39468,132.29416
