label,socre,x1,y1,x2,y2
2,0.9765618,767.7795,473.09848,888.9746,605.1608
1,0.97337985,407.2168,461.26566,547.8443,604.91656
1,0.94459265,889.89264,133.01233,972.72345,214.91234
2,0.9342697,547.7312,83.536575,672.08777,199.67455
2,0.93319494,240.09215,537.46027,337.95416,643.8632
