label,socre,x1,y1,x2,y2
1,0.99904054,679.0346,457.091,823.4082,606.88885
1,0.99349314,332.89435,537.21844,461.11124,666.10614
1,0.9881563,767.36725,19.058327,887.37854,146.37155
1,0.9733927,31.664679,10.606164,217.1762,159.30603
2,0.9721103,194.20622,290.39102,312.2269,412.5646
2,0.96430093,550.3789,555.44836,657.78595,664.07117
1,0.9638227,534.4369,122.133156,709.41614,275.28003
2,0.8028939,82.71316,437.02185,173.0666,511.63873
