label,socre,x1,y1,x2,y2
1,0.9990717,525.42944,131.47139,745.26697,308.8383
1,0.9818124,880.64215,160.43852,1009.314,290.75278
1,0.9336001,165.27945,173.43642,316.73758,313.78284
