label,socre,x1,y1,x2,y2
2,0.99906284,220.81587,620.54877,343.51804,734.11633
