label,socre,x1,y1,x2,y2
2,0.9900677,399.23987,450.45804,488.56027,535.52234
2,0.9363409,168.19084,400.11267,247.33182,466.77505
