label,socre,x1,y1,x2,y2
2,0.9977665,498.0747,577.60004,624.9323,723.7508
2,0.9859542,803.33466,447.15,956.10516,589.6513
2,0.8868617,546.1216,170.29916,709.46625,319.2396
2,0.7774671,148.74326,234.70155,338.3696,415.78287
