label,socre,x1,y1,x2,y2
1,0.99928266,507.04303,316.02325,692.894,478.71295
1,0.99883527,56.78997,509.46567,249.77591,648.5745
1,0.9985405,90.598045,287.87836,334.66483,451.97195
