label,socre,x1,y1,x2,y2
2,0.9990632,793.15424,361.77957,914.55566,494.56622
2,0.99901414,427.22705,291.08444,535.8157,393.63315
2,0.9935476,82.21939,318.09006,180.48259,419.55807
2,0.960173,221.68661,484.67715,346.97455,596.82666
2,0.7952653,6.599485,459.4709,82.872055,591.0084
