label,socre,x1,y1,x2,y2
2,0.9927044,762.56146,253.45511,902.5195,399.94363
2,0.98089004,378.82452,53.149124,509.65134,226.0889
1,0.84881294,362.28864,547.67676,524.72766,702.9127
