label,socre,x1,y1,x2,y2
2,0.99631447,574.15564,72.85762,671.1416,186.47246
2,0.9960794,542.5345,361.40604,648.81006,462.0804
2,0.99511576,84.68947,447.69226,190.071,570.258
1,0.9472032,292.06815,289.96246,385.57538,390.63416
2,0.92582166,706.7867,195.42188,822.1058,281.9118
2,0.8510419,881.01685,145.16286,971.1281,220.11885
