label,socre,x1,y1,x2,y2
2,0.9915662,128.01167,286.52505,222.95564,385.61685
2,0.98657435,134.9193,469.41187,220.63617,559.29315
2,0.9549394,629.78577,35.801296,704.7391,114.33499
2,0.94735676,299.99927,360.87335,373.09015,442.92358
2,0.8887014,873.15393,220.76492,949.82965,303.27408
