label,socre,x1,y1,x2,y2
2,0.99471843,250.6775,11.214701,341.66168,116.43682
2,0.99157274,232.8113,448.70575,316.26505,544.31793
1,0.98775756,618.7029,90.22986,781.4404,249.36182
2,0.9486458,462.69608,615.4508,580.44885,737.75494
2,0.902175,360.5428,100.62085,480.31036,199.17749
2,0.8676284,693.505,297.19547,826.4275,393.75168
2,0.8075151,631.48956,401.77832,723.676,483.24457
