label,socre,x1,y1,x2,y2
2,0.99601483,596.0708,604.7634,744.3908,760.70996
2,0.9849096,726.64636,126.181274,874.4114,266.3284
2,0.8763438,324.2677,15.21821,474.92145,177.57375
2,0.85775274,867.8923,310.76123,973.6891,444.16748
1,0.8383392,401.78787,315.5958,523.3051,466.129
