label,socre,x1,y1,x2,y2
2,0.9672957,573.0797,371.75375,653.48956,462.06094
2,0.8736791,344.9641,421.92822,461.7043,538.157
2,0.78853744,726.1133,301.2958,802.14764,394.78998
