label,socre,x1,y1,x2,y2
2,0.9574808,868.9086,380.3277,1014.8152,523.3877
2,0.9216076,429.9033,109.381805,611.54517,242.98402
1,0.84255135,134.10883,362.22614,289.52838,513.642
2,0.84192127,702.43176,506.49954,786.6208,599.81665
