label,socre,x1,y1,x2,y2
1,0.9719297,714.1284,537.90027,892.6134,682.58594
1,0.90562755,767.44556,101.33304,965.8814,283.11057
