label,socre,x1,y1,x2,y2
2,0.9974025,70.800156,431.89685,174.38844,526.4272
2,0.99727494,345.7245,175.61998,451.0154,271.291
2,0.9946443,565.34155,233.8995,667.09985,332.58768
2,0.89214873,512.9219,541.6502,588.5611,623.8097
2,0.84046,173.7191,298.98077,278.11066,397.00555
