label,socre,x1,y1,x2,y2
2,0.9980716,488.97943,503.8636,588.5953,624.62024
1,0.99594915,79.02213,402.68155,265.57452,542.44885
1,0.98038965,196.03076,138.60591,346.32108,273.36676
2,0.8791507,670.5576,221.39973,788.4535,362.63388
2,0.87807554,873.89276,494.0655,1015.33936,636.4216
2,0.76922834,488.40698,53.429707,619.6034,205.83485
