label,socre,x1,y1,x2,y2
2,0.998808,379.48846,155.61829,490.27386,257.1172
2,0.9981194,101.65243,508.85126,224.14786,612.2091
2,0.9958431,359.77023,463.9736,480.5734,555.55316
2,0.9955712,596.1291,231.64941,691.0909,360.4295
2,0.9818044,747.2446,156.62917,836.5634,253.83685
2,0.9401474,834.55707,449.35107,941.51556,543.874
