label,socre,x1,y1,x2,y2
1,0.9677597,450.3187,366.50494,599.0297,527.3172
1,0.96377444,339.02368,13.404946,478.79877,146.50002
2,0.92475605,378.56476,632.0962,473.3954,740.6839
1,0.89869136,793.005,180.77666,957.84314,327.85715
1,0.88852507,84.942924,292.74026,233.93387,452.733
2,0.83257324,902.0945,404.14053,1015.8996,491.13416
1,0.7538239,702.34814,571.0137,859.99084,716.72144
