label,socre,x1,y1,x2,y2
2,0.99381727,649.09155,601.8876,742.21594,697.74347
1,0.99279296,475.95193,242.2528,657.0811,424.24182
2,0.99049544,383.64175,525.5717,463.36707,612.5978
2,0.9659331,776.4321,190.87314,899.3022,305.43622
1,0.79274285,222.47047,148.31377,383.22064,283.85724
