label,socre,x1,y1,x2,y2
2,0.9989587,94.99046,487.0309,185.90027,582.43604
2,0.9932648,742.4602,521.9153,863.9514,673.7646
1,0.989164,220.81306,293.06946,372.5171,463.58484
1,0.9563921,563.76733,134.985,753.8206,276.11066
1,0.9303231,350.22653,507.40283,465.15106,663.3959
