label,socre,x1,y1,x2,y2
1,0.9906069,277.32257,572.77106,454.9514,758.0338
2,0.9832364,431.16376,31.08252,610.13855,176.59488
1,0.9831323,289.3785,306.19,454.51382,476.72763
2,0.96802336,81.420815,380.35593,243.54213,537.62054
2,0.87732774,132.64027,75.06639,306.26465,237.46292
2,0.7865741,617.5001,397.32416,773.0466,562.6308
