label,socre,x1,y1,x2,y2
1,0.99935895,197.12315,290.11774,330.21152,454.3532
1,0.9988288,481.66537,247.89119,602.9732,366.218
1,0.9985531,632.2066,575.135,777.952,712.6065
1,0.9983858,438.1446,412.334,586.9809,546.04974
1,0.99295384,793.0985,279.92633,917.09753,404.99475
2,0.9197704,918.44006,586.70123,1014.80054,681.2895
