label,socre,x1,y1,x2,y2
1,0.99901485,273.54285,206.39604,464.13867,375.74475
1,0.99133694,433.83466,534.1384,638.5279,697.29565
1,0.845151,724.1512,232.3021,858.86523,448.16656
1,0.81700677,72.06871,390.90436,180.3616,508.55057
