label,socre,x1,y1,x2,y2
2,0.9969367,182.6805,345.20084,288.0207,474.34784
1,0.82864684,391.2805,75.211845,486.27673,184.03644
