label,socre,x1,y1,x2,y2
2,0.99797267,423.89728,386.95868,533.63135,485.48514
2,0.9963331,681.0882,609.59644,804.0536,713.7762
2,0.90020907,180.7918,552.93634,289.28445,648.2101
