label,socre,x1,y1,x2,y2
1,0.9997373,224.4825,512.51746,376.70435,702.72614
1,0.9992642,815.7151,134.99446,1016.64166,287.5434
1,0.9989078,502.2181,141.08286,672.3731,281.68906
1,0.9984915,443.92828,427.50034,618.1214,579.8783
1,0.94709885,836.1363,590.0577,981.8338,735.29236
1,0.8658706,817.59924,402.22946,953.7564,516.3373
