label,socre,x1,y1,x2,y2
1,0.959535,434.56714,188.04047,603.65717,340.9636
1,0.8425108,627.7667,459.79028,799.00757,629.0257
