label,socre,x1,y1,x2,y2
2,0.9989115,533.402,207.32542,657.8956,315.7702
2,0.997867,254.40848,245.73535,367.65115,343.06665
2,0.9973711,735.88855,307.02023,841.4508,433.74936
