label,socre,x1,y1,x2,y2
2,0.99696845,376.3336,344.75745,421.71765,404.50385
2,0.9966781,335.00055,111.953156,386.63425,171.15845
2,0.9906827,194.90128,356.68964,251.4356,422.6821
2,0.98802906,163.30092,233.58395,217.84082,284.7653
2,0.9717834,267.01642,524.4483,312.40244,591.2245
