label,socre,x1,y1,x2,y2
2,0.97443014,112.28279,327.0316,228.28047,489.79855
1,0.9528674,678.4865,551.6602,868.87604,710.2621
2,0.9187375,779.3281,26.408606,915.8706,178.61003
