label,socre,x1,y1,x2,y2
2,0.99721295,223.16856,316.22708,348.00732,437.1549
2,0.98936915,314.0956,18.123919,423.568,128.03871
2,0.94823486,792.9103,319.3515,940.57,434.04346
2,0.79765695,693.52466,586.7438,804.61896,729.2432
2,0.7830975,424.1383,307.49185,559.19995,431.73526
