label,socre,x1,y1,x2,y2
2,0.99665594,337.07095,389.3139,451.49518,501.21298
2,0.99577206,89.470215,247.29318,212.40704,368.80948
2,0.99552035,642.52026,282.46924,739.14374,390.75247
2,0.9933188,257.0218,198.69234,370.3908,324.75977
2,0.96536404,496.61487,661.0191,607.20166,753.19775
2,0.8902831,476.76663,568.8425,564.62286,654.4345
2,0.89003676,231.57713,452.30603,332.20172,553.8371
2,0.7831842,336.62134,531.6434,431.46005,619.0984
