label,socre,x1,y1,x2,y2
2,0.9985928,146.6562,241.5786,270.0424,416.2677
2,0.98992413,283.20407,544.4735,407.91595,712.62244
2,0.89830476,294.37213,9.851268,395.24585,120.1345
