label,socre,x1,y1,x2,y2
2,0.9958211,797.73816,279.42813,913.78516,455.33893
2,0.9426956,318.07776,528.45624,468.35663,645.18823
