label,socre,x1,y1,x2,y2
1,0.9938723,688.76526,504.25763,784.7778,617.6791
2,0.979011,398.50186,128.2192,498.57834,242.24895
1,0.97677076,314.88867,557.9501,399.07516,646.4157
1,0.91165507,393.15234,333.52066,517.15466,429.57053
