label,socre,x1,y1,x2,y2
2,0.9987257,423.38113,626.299,530.1162,723.2105
2,0.9987029,265.09796,368.6585,374.04333,486.17648
2,0.9974679,161.68196,154.0055,261.6302,272.45514
2,0.9910211,126.348495,450.99313,219.31877,547.1483
2,0.9643773,424.20218,477.15366,500.30927,562.71564
2,0.94344044,573.6569,511.26538,658.67413,606.8625
