label,socre,x1,y1,x2,y2
2,0.9906053,435.44827,572.8316,515.857,640.0626
2,0.98859555,837.8247,351.75156,942.20276,441.1185
2,0.9749152,618.31036,247.70833,729.1148,344.00784
2,0.9743571,296.62482,205.77364,367.3274,279.2357
2,0.9645881,409.32968,216.66614,492.82962,303.3582
2,0.9401094,89.23881,21.450592,174.40387,93.43315
