label,socre,x1,y1,x2,y2
1,0.98080933,328.9667,404.09366,464.66776,551.37683
2,0.97203326,186.61076,306.03787,295.13632,415.27158
1,0.953563,879.6935,138.8301,1004.4353,312.27814
2,0.8954919,105.1966,669.9806,184.16231,753.922
