label,socre,x1,y1,x2,y2
1,0.99726653,436.02643,249.40866,596.12683,403.39883
1,0.93926275,388.27942,543.898,489.90356,681.684
