label,socre,x1,y1,x2,y2
2,0.89790803,450.79352,590.77045,601.4333,733.04517
