label,socre,x1,y1,x2,y2
1,0.99947256,675.84155,161.17511,837.6961,355.19028
2,0.961495,350.30637,136.21072,434.48636,247.84505
2,0.95647347,254.70468,489.6487,382.02863,661.37915
2,0.921556,844.3658,553.2441,981.39935,698.79504
