label,socre,x1,y1,x2,y2
1,0.99575233,81.101295,146.1857,154.70071,221.4485
1,0.9600046,277.61734,399.59427,339.62814,479.79916
2,0.9578354,357.89578,616.0501,419.13757,683.2792
1,0.95665103,781.06006,279.47858,850.96387,365.25128
1,0.91389835,495.6172,598.4813,556.7266,675.43445
1,0.848397,265.99194,54.255726,336.07086,155.43317
