label,socre,x1,y1,x2,y2
2,0.99693394,165.64629,60.136353,296.9844,177.70526
2,0.9888798,421.19617,425.97797,543.608,523.4516
2,0.9860612,608.07684,35.88824,720.626,141.55133
2,0.908152,677.3707,565.26917,742.92584,652.07983
2,0.8765345,859.9739,162.59792,972.4007,288.78748
