label,socre,x1,y1,x2,y2
1,0.9995715,117.98532,124.01569,291.01248,286.22452
1,0.99513525,470.0238,627.2923,639.0946,761.7249
1,0.99267864,490.51468,346.09003,652.66626,477.1507
1,0.88927996,188.25212,398.86188,317.33237,536.2475
1,0.8813768,327.21838,253.71849,455.69583,372.47214
