label,socre,x1,y1,x2,y2
1,0.985152,174.21474,379.40558,328.20038,551.44794
