label,socre,x1,y1,x2,y2
1,0.96635336,485.16296,411.5657,638.0938,571.1198
1,0.9551493,785.35046,66.877945,971.6841,201.82417
1,0.85487187,238.67055,133.63625,412.9345,265.7728
