label,socre,x1,y1,x2,y2
1,0.8157775,437.46918,452.17734,567.77246,591.6764
1,0.7643386,805.3082,576.1524,954.61755,705.54156
