label,socre,x1,y1,x2,y2
1,0.99328774,584.60223,461.6426,734.0205,597.9008
1,0.92139614,287.17798,59.349922,452.7047,208.36862
1,0.886783,748.79584,6.0737767,882.13745,158.38235
1,0.8675421,284.7317,405.22595,426.08374,530.3107
