label,socre,x1,y1,x2,y2
2,0.98969394,228.84406,156.659,346.6796,265.58746
2,0.8062101,224.78568,428.62836,322.29636,529.378
2,0.79433155,724.08734,103.617905,821.8013,198.12976
