label,socre,x1,y1,x2,y2
1,0.98464245,728.64935,313.79526,817.3849,423.53384
2,0.94942653,397.54578,288.00974,501.9602,378.7505
2,0.9377019,681.42957,49.86869,789.87024,158.34433
1,0.9348586,511.7206,589.5973,666.60266,756.41455
2,0.77425474,719.88226,671.1389,826.3708,754.6766
2,0.76137,360.38806,623.9363,457.51846,698.84784
