label,socre,x1,y1,x2,y2
1,0.9697483,719.24036,141.10168,870.1877,300.0515
2,0.9066354,806.2877,610.34564,914.2727,727.05597
1,0.8179222,342.0704,164.94688,545.78687,341.57388
2,0.78243953,678.33765,432.35312,837.85443,594.05756
