label,socre,x1,y1,x2,y2
2,0.99859077,687.82056,149.58997,775.18567,235.7362
2,0.9973732,698.8953,450.36246,788.6158,542.99164
2,0.9675367,466.59048,441.33893,578.6783,546.3194
