label,socre,x1,y1,x2,y2
2,0.99768484,337.05746,62.927776,473.55295,188.72255
2,0.9841006,224.0093,278.18576,329.7573,403.1952
1,0.97881144,63.494915,311.7182,135.28468,389.57047
1,0.9490246,135.17146,584.6095,307.1518,690.42786
1,0.92723304,782.474,472.1735,860.4698,551.0191
2,0.9154494,523.51556,146.53026,618.80133,232.02574
2,0.8577781,538.32025,426.44867,688.90234,561.5327
1,0.845321,458.6626,301.51108,549.34796,389.9694
