label,socre,x1,y1,x2,y2
2,0.9986206,517.2737,428.1548,619.4978,546.291
2,0.993654,182.98811,291.61545,288.42868,425.38007
2,0.9904366,21.62625,519.6669,144.15099,657.9828
