label,socre,x1,y1,x2,y2
1,0.9985776,121.86766,247.31818,361.58173,436.97037
1,0.9951192,581.12384,604.5715,733.44104,754.0258
1,0.97554535,555.05743,374.68686,706.9484,514.4283
2,0.95051676,5.545424,589.71295,103.86408,727.30505
