label,socre,x1,y1,x2,y2
1,0.9703494,615.16486,95.49642,782.44806,241.5421
2,0.90490746,481.2729,436.707,604.37585,592.31335
