label,socre,x1,y1,x2,y2
2,0.94107753,379.94144,451.27054,498.3984,588.2982
2,0.90747076,721.19763,101.20546,869.3258,258.56744
