label,socre,x1,y1,x2,y2
2,0.9972947,228.41426,235.20139,336.66455,342.12262
2,0.9928966,185.47267,443.9545,287.93182,546.39764
2,0.8108262,358.85022,406.01724,518.3293,564.93
