label,socre,x1,y1,x2,y2
2,0.9508307,124.11302,520.63684,257.13907,657.3959
1,0.9353939,829.21765,462.23172,985.49963,611.6152
