label,socre,x1,y1,x2,y2
2,0.9979978,127.835014,598.3786,280.9038,723.00055
2,0.99221236,565.5609,297.9578,703.54663,420.88373
2,0.95530915,491.1707,138.4285,591.3244,239.6025
2,0.9475123,49.987263,452.57654,183.07689,568.8039
1,0.93667465,278.26495,330.16962,457.25885,498.47107
1,0.8851343,281.36444,86.02447,436.54855,214.08905
