label,socre,x1,y1,x2,y2
2,0.9998684,213.73944,470.38077,315.29868,608.39716
2,0.99795216,547.46747,171.57594,642.58777,306.32147
