label,socre,x1,y1,x2,y2
1,0.9029228,14.220128,534.0984,161.97038,664.27936
2,0.82491034,694.6753,304.0545,825.86646,426.6006
