label,socre,x1,y1,x2,y2
2,0.9984053,582.07635,611.19354,698.4142,704.9317
2,0.9061901,416.97543,520.18256,513.49805,627.8553
