label,socre,x1,y1,x2,y2
2,0.99677664,839.6487,26.72826,967.6951,128.59814
2,0.99567056,182.94424,92.880516,287.37756,222.94588
2,0.9579326,498.07974,65.59354,627.01324,179.64656
2,0.9021715,227.6605,386.93246,336.00742,472.8651
2,0.8870734,85.261635,383.4498,205.2052,497.8531
