label,socre,x1,y1,x2,y2
2,0.99358636,433.25183,534.79443,579.0424,663.7511
2,0.9856484,38.96211,67.856415,172.388,211.97112
2,0.9842815,274.341,38.701584,400.35336,148.79707
2,0.9795745,398.66583,346.72128,526.2977,465.2157
2,0.97734433,215.11914,468.1036,338.1756,584.9191
2,0.9750293,259.3778,266.6157,366.62582,366.44168
2,0.96348786,545.2731,71.39871,653.6811,197.01468
