label,socre,x1,y1,x2,y2
2,0.9996124,275.17584,369.53763,379.0129,478.36673
2,0.99807215,352.67932,32.616177,434.2699,155.38893
