label,socre,x1,y1,x2,y2
1,0.9994898,661.1393,526.79126,806.05347,674.2579
1,0.999393,433.28946,482.58347,568.06104,604.20935
1,0.99938333,414.4117,276.76224,552.39307,418.78592
1,0.9990582,769.01294,235.89217,921.58954,383.00543
1,0.9987663,472.7728,11.602697,628.3944,147.86525
1,0.99308175,221.63942,214.08136,346.6994,361.13882
