label,socre,x1,y1,x2,y2
1,0.99974936,348.36258,50.473763,513.7747,218.22562
1,0.9988709,341.0585,434.46756,498.94025,581.2539
1,0.99394715,151.36716,342.38928,289.21753,481.96915
1,0.9901366,55.4273,50.749664,189.77719,189.40465
1,0.93805486,871.3324,222.91203,1017.7506,363.7069
1,0.9255178,255.8651,613.94916,391.86273,750.9226
2,0.8490286,516.41925,544.03357,616.7564,662.42847
1,0.78436905,702.00476,184.61766,847.61755,372.8207
