label,socre,x1,y1,x2,y2
2,0.8470843,865.7895,209.86969,960.83844,291.92084
