label,socre,x1,y1,x2,y2
1,0.95852906,650.2613,572.7409,803.0216,752.0809
1,0.95656866,209.04865,541.768,358.30652,721.06805
