label,socre,x1,y1,x2,y2
2,0.9837352,306.02576,185.80078,423.01218,301.08435
2,0.93858457,687.1105,244.27747,823.2146,392.17874
2,0.86536896,438.84048,368.38168,541.88245,460.42584
