label,socre,x1,y1,x2,y2
1,0.9876551,873.15314,288.253,1006.60767,484.7742
2,0.96720606,739.2845,537.2967,840.6169,631.51556
2,0.93621355,268.41095,213.91211,397.40344,359.75876
1,0.9020783,643.6942,387.11243,767.3327,513.4365
