label,socre,x1,y1,x2,y2
1,0.9992982,548.7067,469.71918,713.74365,630.211
1,0.997247,177.38469,147.06969,336.24454,294.81558
1,0.9972395,813.6019,611.74164,943.56384,724.0991
1,0.9959858,526.8067,76.2885,661.29193,221.46066
