label,socre,x1,y1,x2,y2
1,0.99239904,530.5223,344.81842,624.8428,455.52713
1,0.96906406,527.753,101.785286,613.1396,192.95554
2,0.8513471,310.10678,278.57233,379.03543,353.4644
1,0.84630233,167.25069,251.2667,262.5963,371.67422
