label,socre,x1,y1,x2,y2
1,0.94656205,400.037,489.74277,567.04517,745.52124
1,0.92773277,280.27612,280.5138,418.4781,463.70932
2,0.91991746,134.86853,208.67346,273.07986,396.48892
