label,socre,x1,y1,x2,y2
2,0.999292,235.4036,253.14726,340.45355,398.62738
2,0.99853086,725.32605,275.62088,874.3123,377.86218
2,0.9977423,489.7053,34.934677,598.98804,159.81122
2,0.9976573,16.030224,141.25288,155.85097,247.18742
