label,socre,x1,y1,x2,y2
2,0.9987031,549.3657,274.4497,692.06647,364.47287
2,0.9968407,515.9152,139.88135,648.7276,246.14273
2,0.99499184,918.02576,331.25137,1013.72864,428.2493
2,0.99475706,184.84436,542.0446,290.26648,659.6405
2,0.98526436,239.63939,362.08133,359.40283,456.1653
2,0.9649927,466.0228,456.6359,554.0091,570.59827
