label,socre,x1,y1,x2,y2
1,0.99848855,747.8865,376.90945,892.6027,523.3129
1,0.99483585,93.80033,122.97099,247.4158,294.60364
1,0.98371625,583.17737,263.8574,737.241,418.06158
1,0.9776955,518.0209,613.96216,654.6418,743.65265
1,0.8500009,297.9125,110.19263,410.31967,225.65294
2,0.7840649,607.5868,450.75748,673.36115,519.4771
1,0.7800818,345.54962,275.93585,462.92093,387.09348
