label,socre,x1,y1,x2,y2
2,0.99838877,313.2883,124.941765,417.11877,220.07997
2,0.9917604,448.44086,589.0841,538.79297,671.2289
2,0.97164816,132.2252,136.12581,235.79477,224.52914
2,0.9715868,828.7807,432.87857,927.5186,519.97595
2,0.9560391,793.8012,162.06378,894.3566,259.70975
2,0.9519828,545.9256,102.966675,667.5146,196.16449
2,0.87924975,271.98477,599.3208,364.77594,684.86755
2,0.79250586,373.64996,335.03036,480.63315,416.40106
