label,socre,x1,y1,x2,y2
2,0.9996037,414.3219,416.62387,507.57123,528.5629
2,0.99943656,143.18697,11.145146,233.47607,121.7357
2,0.9988059,60.037964,432.44095,162.33315,539.2012
2,0.9971384,743.2359,368.61377,857.41223,462.3158
