label,socre,x1,y1,x2,y2
1,0.99899894,529.08527,509.6461,722.2697,663.45667
1,0.99459285,687.5678,237.43265,764.49176,310.69617
1,0.9634663,137.66858,182.89627,213.71988,267.3104
1,0.95872575,173.2455,297.8287,312.14664,447.23734
1,0.94427854,779.7403,356.31573,859.1815,429.6041
1,0.90786576,483.6776,355.90945,583.4755,434.5565
1,0.76541126,81.87294,68.25621,157.74094,137.05359
