label,socre,x1,y1,x2,y2
1,0.8816625,748.74335,331.2667,798.96155,381.49802
2,0.7849677,116.35575,118.40306,165.47089,160.01888
1,0.78392184,414.64175,646.2367,467.77115,703.1892
2,0.7802441,535.2214,590.8705,582.9571,647.9395
