label,socre,x1,y1,x2,y2
2,0.9990783,222.4173,635.0741,296.5862,686.48914
2,0.9946667,150.91588,461.24963,216.98506,509.87988
