label,socre,x1,y1,x2,y2
2,0.99765897,170.98708,416.41483,292.73013,571.643
2,0.8902145,346.8932,120.122025,494.18176,257.45236
