label,socre,x1,y1,x2,y2
2,0.9958097,641.5091,345.0102,747.3215,457.73395
2,0.994575,202.93996,108.0142,328.31595,240.49312
2,0.99065816,620.5155,504.2989,724.3382,615.26404
2,0.98927563,415.77002,177.20883,518.59863,259.4619
2,0.9618072,461.29276,405.4839,567.1839,524.4108
