label,socre,x1,y1,x2,y2
2,0.9983012,223.86694,341.00983,343.79178,464.94373
2,0.99822825,335.64365,641.7461,444.50922,753.1436
2,0.9971486,841.3146,181.0432,975.27325,319.8368
2,0.9965257,130.19504,622.01404,224.57355,724.44763
2,0.99640346,828.5168,409.389,918.6473,528.7644
2,0.9963414,540.49414,526.52673,651.58527,643.50867
2,0.96572244,474.7958,243.10086,591.9885,384.88754
