label,socre,x1,y1,x2,y2
2,0.9953317,156.5841,462.08102,256.22928,557.70013
2,0.9946765,732.82916,155.94579,824.7518,247.17363
2,0.98481673,298.14694,343.92538,377.97202,412.4121
2,0.9839707,873.3312,438.1184,956.81396,532.2372
2,0.9648848,567.1811,402.46985,635.0165,467.2374
2,0.9626244,652.57007,503.21658,726.2667,589.42017
2,0.95662385,866.9279,271.27036,950.183,367.93845
2,0.89898413,586.45416,110.34732,672.89954,194.59685
2,0.7815224,104.33953,267.20584,202.92973,361.33762
