label,socre,x1,y1,x2,y2
2,0.8141469,85.78096,311.4949,167.5941,413.41937
2,0.78826374,68.80452,623.09045,228.50507,713.391
