label,socre,x1,y1,x2,y2
2,0.98751396,485.65298,390.78113,685.0149,563.39935
1,0.958575,345.56876,567.94586,511.9816,755.1944
1,0.8478007,132.05016,260.43637,338.66953,407.52985
