label,socre,x1,y1,x2,y2
1,0.9983662,195.34407,582.1766,340.7433,738.48456
1,0.9939857,627.7029,534.9245,784.8144,662.3033
1,0.9777827,67.328156,241.16078,214.53667,383.07498
1,0.9735199,419.7165,362.91425,574.3013,479.5437
1,0.95856464,793.0793,122.9729,902.52264,265.237
1,0.95162785,493.23828,26.701132,634.638,145.58101
