label,socre,x1,y1,x2,y2
2,0.9849663,572.5238,471.01923,731.85657,642.98206
2,0.782011,764.4763,69.53527,911.51843,187.97672
