label,socre,x1,y1,x2,y2
2,0.9963043,248.1887,50.861862,357.31393,144.14977
2,0.91711664,476.56888,621.37006,548.501,698.50836
2,0.79260284,295.5542,176.02525,425.25208,278.69077
