label,socre,x1,y1,x2,y2
2,0.9927776,119.93432,527.121,240.30803,651.8662
2,0.8424776,547.0929,560.3971,710.72925,703.3721
2,0.8335188,626.2146,46.530533,756.32367,231.4758
