label,socre,x1,y1,x2,y2
2,0.9635389,209.44667,357.18597,320.03058,508.69482
2,0.9234538,445.82605,402.36072,557.99316,511.06412
2,0.8998489,18.192913,605.1793,138.93588,730.5082
1,0.8821906,527.40656,646.8866,631.62537,760.7051
2,0.8506218,95.78403,238.18182,206.72336,338.31497
