label,socre,x1,y1,x2,y2
2,0.9969168,221.05371,427.42175,343.77228,558.07983
2,0.9964851,19.45174,339.1812,122.67924,461.97644
2,0.99492234,359.8689,124.33895,490.14276,235.38017
2,0.98771787,385.57376,333.70605,511.944,449.02805
2,0.9815617,575.9816,351.50873,682.107,442.62003
2,0.9657916,787.0904,91.8591,944.4301,197.05722
2,0.9027513,158.9403,237.61617,276.79648,345.34558
2,0.8034533,496.92114,501.4276,586.37036,642.9621
