label,socre,x1,y1,x2,y2
2,0.9962202,662.53845,488.0648,717.7914,561.06946
2,0.9934735,166.62473,185.4571,244.44458,233.40675
2,0.9688432,748.4161,54.29263,814.9466,118.04469
2,0.95600826,513.053,239.95702,593.04175,295.4885
2,0.9255345,311.59836,415.1782,386.12766,460.82846
2,0.9138024,708.134,320.66437,786.44836,378.04193
2,0.8716031,841.4098,174.76732,944.85547,274.1859
2,0.800795,165.52846,292.11676,264.89902,375.64764
