label,socre,x1,y1,x2,y2
1,0.9495673,69.96783,431.27148,138.73929,509.18716
1,0.9252722,571.5389,462.51736,677.4867,550.90356
