label,socre,x1,y1,x2,y2
2,0.9978527,47.841064,536.94775,147.25024,642.38416
2,0.99570763,453.18442,555.7662,583.54156,676.8131
1,0.95770323,435.84995,81.44203,602.7458,226.9494
2,0.8114641,215.75458,432.202,320.3813,531.9219
