label,socre,x1,y1,x2,y2
2,0.99561465,555.78973,387.92386,670.03094,493.38965
2,0.9126959,338.133,437.99887,446.65887,532.26636
