label,socre,x1,y1,x2,y2
2,0.9987362,455.1357,277.68253,569.6363,384.55093
2,0.99452436,389.8233,607.9256,497.47128,704.1063
2,0.9937907,262.50632,383.0298,352.43298,480.20737
2,0.97941476,137.72072,300.69376,247.52647,391.53802
2,0.97285336,631.8572,313.4155,733.3845,419.81384
2,0.9531907,732.8203,161.7148,832.0974,247.03868
2,0.76778615,36.631744,475.14633,142.78307,560.1336
