label,socre,x1,y1,x2,y2
1,0.9912816,696.52905,625.5744,859.2685,760.63403
2,0.8810782,522.6002,259.8252,628.8576,360.32248
1,0.8139859,248.19952,395.07962,373.30124,518.66595
