label,socre,x1,y1,x2,y2
1,0.98921144,260.2141,492.5797,416.99747,676.011
2,0.908576,626.5893,473.33432,793.0291,654.06366
