label,socre,x1,y1,x2,y2
1,0.99899083,120.21847,32.3313,307.2291,227.25523
