label,socre,x1,y1,x2,y2
2,0.99107414,263.1222,421.4594,412.97214,551.4143
2,0.9865428,636.8208,432.92975,782.722,567.27844
