label,socre,x1,y1,x2,y2
1,0.99612314,394.6537,518.60004,553.6755,644.71674
1,0.8691181,19.92353,372.0046,139.34862,534.0518
1,0.86469555,743.9421,180.5979,895.2803,318.2666
1,0.83414954,261.05856,357.08466,376.93973,467.07416
