label,socre,x1,y1,x2,y2
2,0.95903736,53.57836,482.9027,168.94075,614.5283
1,0.92078173,483.1942,350.33252,627.1923,471.71786
2,0.896894,560.6253,627.3487,714.14075,753.30566
