label,socre,x1,y1,x2,y2
2,0.9949673,123.13119,350.79556,256.6405,488.83066
2,0.9871039,354.25403,92.95724,443.9265,194.58098
2,0.9710043,257.46097,577.6474,398.87527,717.5536
2,0.9010696,569.20447,659.39966,667.58575,759.976
