label,socre,x1,y1,x2,y2
2,0.93852544,715.71674,552.63043,864.872,674.4854
1,0.8942281,175.98418,508.3718,324.97983,686.26056
1,0.8900728,718.7166,105.7981,910.00543,266.6434
2,0.7906319,362.45627,394.97418,454.72366,505.57333
