label,socre,x1,y1,x2,y2
2,0.9953212,421.0211,319.04468,523.4862,410.98245
2,0.88195366,184.59724,36.73455,274.92853,148.96294
