label,socre,x1,y1,x2,y2
2,0.99815035,231.87305,490.00458,333.38525,576.39636
2,0.9965913,451.18134,302.36777,543.9228,403.61847
2,0.9737709,809.4579,271.91296,881.27277,353.49673
2,0.96273595,546.5454,162.89873,631.1923,270.11108
2,0.92323214,621.8707,476.13657,742.0026,624.298
1,0.8880025,197.0708,95.26564,321.9906,244.18256
