label,socre,x1,y1,x2,y2
2,0.9977076,284.61124,162.8582,383.43903,250.7864
