label,socre,x1,y1,x2,y2
1,0.9866501,445.846,490.4059,619.27747,655.2525
