label,socre,x1,y1,x2,y2
2,0.9975061,223.96062,48.473953,332.04755,163.3093
2,0.9854755,540.70996,488.52502,653.71277,601.31726
2,0.9827587,722.4309,63.44323,827.97845,188.65503
2,0.95486885,363.35513,490.47345,469.9627,629.1312
1,0.7732709,213.01338,440.61237,323.89474,592.66626
