label,socre,x1,y1,x2,y2
2,0.9984713,602.3372,297.93774,718.00586,409.3305
2,0.99806076,640.24634,609.81384,746.5029,711.98004
2,0.996775,740.22156,354.06012,859.93085,456.79428
2,0.9964553,467.52444,519.4551,603.4574,635.47516
2,0.9827739,680.47046,49.394733,825.40607,158.60898
