label,socre,x1,y1,x2,y2
2,0.9937936,492.4575,445.79828,594.25745,542.0604
