label,socre,x1,y1,x2,y2
2,0.9976623,231.2604,415.2792,395.41003,578.1532
2,0.9827654,839.04535,375.46945,971.39795,520.41785
