label,socre,x1,y1,x2,y2
2,0.9387935,282.4641,370.9683,409.5088,525.9445
2,0.8569794,739.2806,366.88147,911.1074,512.1122
