label,socre,x1,y1,x2,y2
2,0.99687696,683.5843,239.89851,806.09485,368.6619
2,0.9937215,157.92311,487.83603,243.57233,581.48395
2,0.99071664,450.0004,25.976902,571.3577,175.1936
2,0.9756133,299.2976,619.3402,433.87085,755.95526
2,0.97148657,648.57367,99.13859,758.7767,199.26695
2,0.90293586,227.10928,330.0586,371.01694,466.4905
1,0.89878756,463.78583,383.35043,600.2091,521.80035
2,0.7808408,731.39343,417.95462,839.66943,535.6112
