label,socre,x1,y1,x2,y2
2,0.99751735,87.16307,353.29675,168.75273,432.65097
2,0.9908167,373.7939,433.18518,457.54654,506.8866
2,0.98126054,232.23286,404.33362,324.88812,473.04233
2,0.8827393,605.0756,551.6601,694.8783,639.82434
2,0.79244745,683.2538,658.17444,762.7299,725.13464
