label,socre,x1,y1,x2,y2
1,0.9433927,165.1798,174.17671,277.96295,319.9115
1,0.93702066,323.27063,565.9206,483.5096,701.2649
1,0.8628377,395.68182,247.84138,509.0597,402.46426
