label,socre,x1,y1,x2,y2
2,0.9948349,768.5522,495.96326,891.15985,597.8867
2,0.98746455,299.69836,21.724031,445.8112,133.89865
2,0.98679405,450.66776,377.52618,572.4867,471.73602
2,0.92086136,364.89114,178.93935,486.56586,307.08145
2,0.849203,168.23718,227.83942,320.63452,362.26328
1,0.84875673,477.85156,580.5757,613.5394,692.40106
2,0.77004725,619.9958,31.723429,753.8642,112.34228
