label,socre,x1,y1,x2,y2
1,0.9989666,39.803143,415.98416,257.0828,583.06866
1,0.99888474,536.73096,557.0395,668.26166,697.09753
1,0.99353325,9.18953,66.417534,151.07466,234.31982
1,0.985641,439.45035,177.38704,591.96136,340.78436
2,0.87218153,314.04053,360.61295,402.70972,446.65826
