label,socre,x1,y1,x2,y2
2,0.99790764,522.00543,598.83386,647.9467,734.7355
2,0.9935108,425.00235,286.2334,569.6041,410.006
2,0.99302226,888.58606,35.712685,1000.04865,164.62402
2,0.988918,740.9576,592.66473,866.9276,717.1278
2,0.98327464,341.24673,62.536354,497.79053,207.42926
2,0.96631026,206.31807,386.0949,337.50107,510.37808
1,0.7621168,610.3612,112.99949,812.19305,303.5655
