label,socre,x1,y1,x2,y2
1,0.9995912,234.96268,563.96954,390.26163,758.4948
1,0.9995419,170.60228,87.635376,335.5155,242.7276
1,0.9993629,641.3262,47.824364,816.5824,209.34879
1,0.99884075,513.68494,285.46997,716.29865,458.37796
1,0.9968616,83.95248,396.35876,220.26213,515.68713
1,0.99484915,535.53906,538.58496,712.93964,670.7066
1,0.99122334,829.95593,586.6054,943.2132,716.3827
