label,socre,x1,y1,x2,y2
1,0.96026564,322.2682,295.2171,479.61328,456.90778
2,0.9220213,799.7796,490.29953,931.7559,667.95074
