label,socre,x1,y1,x2,y2
2,0.986368,211.28271,524.74164,370.1884,686.9639
1,0.9811391,98.73675,266.61285,247.10072,427.65076
1,0.9389941,552.41,66.81596,719.64294,226.59164
