label,socre,x1,y1,x2,y2
1,0.98591876,321.48804,59.677227,423.80182,159.23663
1,0.9713476,580.8635,281.21225,698.8369,410.68463
1,0.8086476,71.72219,343.10706,180.33151,439.49448
