label,socre,x1,y1,x2,y2
2,0.9964311,866.3926,556.7032,982.2556,664.7974
2,0.99111485,403.31747,127.391426,467.5354,198.28075
2,0.9318028,760.6688,168.19821,843.12024,246.76933
