label,socre,x1,y1,x2,y2
1,0.9993498,262.99628,363.47922,451.66284,533.80927
1,0.9986966,505.8482,461.9452,645.75525,622.4234
1,0.8503548,353.26154,96.46043,498.15057,219.9767
