label,socre,x1,y1,x2,y2
2,0.9980965,423.89813,387.0645,533.604,485.67117
2,0.9937271,683.7499,606.9093,804.349,713.0519
2,0.91655415,179.77682,552.49524,289.31888,648.6784
