label,socre,x1,y1,x2,y2
2,0.96918476,859.09656,160.5116,954.7326,261.75803
2,0.9390072,562.89246,346.5978,662.9679,440.80032
