label,socre,x1,y1,x2,y2
2,0.99821705,176.64423,468.80127,308.6721,595.99506
2,0.9949393,809.5039,37.40699,942.38293,158.4085
2,0.98480046,528.27106,272.33228,675.1387,413.522
