label,socre,x1,y1,x2,y2
2,0.99689,531.8648,299.90143,642.6796,407.27975
2,0.9963044,759.0314,214.29675,886.3697,333.09973
2,0.9857017,805.0452,447.1167,922.79346,554.06647
1,0.9759938,298.20206,210.57967,430.3483,343.1364
1,0.97046375,91.861015,79.745895,228.08575,211.21112
