label,socre,x1,y1,x2,y2
2,0.9608722,537.9896,381.35052,647.5432,478.74194
2,0.9557126,538.91565,584.9849,678.45154,691.06726
2,0.79622954,686.8854,216.48975,839.71655,335.39633
