label,socre,x1,y1,x2,y2
1,0.9623155,357.99313,442.31155,553.84766,591.25696
