label,socre,x1,y1,x2,y2
1,0.9977093,256.01096,448.11838,397.69342,624.42206
1,0.9390453,608.7244,167.13123,704.2121,289.14542
