label,socre,x1,y1,x2,y2
2,0.979729,702.3605,423.41925,832.64984,530.6038
2,0.8685975,897.15656,643.06396,954.8064,730.07605
