label,socre,x1,y1,x2,y2
2,0.9980476,606.02997,201.86967,736.011,323.84808
2,0.9977235,283.80035,354.19147,395.3218,460.5311
1,0.9757555,389.68762,536.51776,542.4132,670.4912
2,0.88066673,460.12582,308.6082,534.7718,399.5062
