label,socre,x1,y1,x2,y2
2,0.9996117,67.9072,270.22845,184.22542,374.474
2,0.99936765,391.53323,228.43845,487.0641,328.63434
