label,socre,x1,y1,x2,y2
2,0.9924435,645.09125,54.18293,815.9954,173.48285
2,0.8866699,378.52106,505.8489,539.53314,650.7275
2,0.883846,289.34915,132.12079,423.05765,270.8441
