label,socre,x1,y1,x2,y2
2,0.9979158,260.22253,608.5229,399.64908,726.9743
2,0.9933361,822.72876,250.54468,952.25586,372.83737
2,0.98519206,532.0075,54.522076,655.5103,173.13046
2,0.9334091,352.62006,164.76207,499.94998,320.62183
