label,socre,x1,y1,x2,y2
2,0.99797684,246.16838,603.0442,352.372,724.5342
2,0.9970673,756.5797,112.5449,875.7131,237.93729
2,0.99130744,654.63715,465.46738,762.3468,600.1329
2,0.9259317,430.91153,194.7878,546.2591,327.1034
