label,socre,x1,y1,x2,y2
2,0.99495524,579.64905,320.6497,702.7555,464.28558
2,0.989796,807.85486,548.42926,891.2104,645.61475
