label,socre,x1,y1,x2,y2
2,0.9995578,748.64374,436.61545,853.29407,539.6483
2,0.9994398,581.1213,233.72392,674.2838,345.33325
2,0.9987772,144.48112,389.32184,239.76636,498.03333
2,0.9887011,303.53616,491.85437,397.28137,596.8742
