label,socre,x1,y1,x2,y2
1,0.9833929,247.84193,545.3748,399.81512,746.73584
1,0.9587342,633.3583,33.62975,825.7134,188.17427
