label,socre,x1,y1,x2,y2
1,0.9359214,356.98828,550.6927,508.79907,704.5108
1,0.82142603,842.411,412.38315,985.3804,568.5987
