label,socre,x1,y1,x2,y2
1,0.9943455,166.95863,360.44833,336.62222,529.50555
1,0.9931183,741.00146,537.48773,924.6608,716.7725
2,0.9822504,750.02185,138.34837,876.28174,275.27002
1,0.9799009,422.3538,541.0552,576.06885,687.9762
