label,socre,x1,y1,x2,y2
1,0.9951617,772.5547,384.26904,932.07837,569.0512
1,0.96002126,153.26706,482.53476,318.97992,694.96313
2,0.8039524,544.0343,150.48055,651.76575,245.71404
