label,socre,x1,y1,x2,y2
1,0.99292034,223.10078,418.52835,409.46945,595.2014
1,0.9853232,129.34831,47.292942,313.84726,227.29634
1,0.98420703,615.2133,498.35693,792.4146,658.2021
1,0.94042766,18.427576,263.00244,201.1677,424.58072
1,0.82550997,57.368668,634.9699,191.79729,758.36566
