label,socre,x1,y1,x2,y2
2,0.9979784,255.64845,208.08351,368.20422,332.75027
