label,socre,x1,y1,x2,y2
1,0.99752074,69.18047,45.780228,207.76228,204.5656
1,0.996953,39.27332,432.18564,213.81818,579.16077
1,0.96630895,438.0626,125.15528,572.642,257.35272
1,0.87193936,595.7666,519.09607,709.2076,617.7404
1,0.78988373,929.3337,153.17903,1015.367,282.77585
