label,socre,x1,y1,x2,y2
2,0.9944595,145.69011,409.18732,260.96088,493.2171
2,0.98922837,447.25644,327.28964,578.659,428.6018
2,0.9856096,510.11075,112.278244,633.9302,244.7854
2,0.96804196,21.54783,164.11452,132.009,265.09348
