label,socre,x1,y1,x2,y2
1,0.9949543,78.95445,488.21036,239.99915,684.12067
1,0.99074507,613.561,422.1139,767.7914,616.8282
1,0.9771985,346.96838,113.642265,521.1095,287.21436
1,0.85337585,868.44476,79.07176,1009.3499,232.26811
