label,socre,x1,y1,x2,y2
1,0.9929957,453.5558,343.74542,622.8012,499.4925
