label,socre,x1,y1,x2,y2
2,0.9147286,210.30019,78.51545,368.542,196.22601
2,0.84950113,719.1522,382.35007,818.4926,497.155
