label,socre,x1,y1,x2,y2
1,0.9988537,558.15015,539.48553,747.538,702.5461
1,0.96495724,488.8657,384.97598,609.92194,532.23816
1,0.95479363,607.3766,108.8035,789.28687,285.0506
2,0.84679526,47.97661,338.681,221.05827,477.63907
