label,socre,x1,y1,x2,y2
1,0.9938882,817.9954,468.7341,978.9103,634.2889
1,0.97047395,204.32259,66.85565,366.2236,220.51447
1,0.95438033,390.02728,416.70786,572.00574,586.58105
1,0.8579303,85.33283,441.48044,251.4538,591.3187
