label,socre,x1,y1,x2,y2
2,0.99888784,22.744808,231.13885,131.80957,325.61356
2,0.99197316,637.0994,365.85306,729.0313,459.3707
2,0.97647357,671.61316,15.71432,757.7169,110.30837
2,0.83058536,236.88174,10.303886,348.53818,77.481094
