label,socre,x1,y1,x2,y2
1,0.9622515,480.09265,251.18701,613.3787,411.6311
2,0.8574068,690.6716,539.7414,799.6956,664.9292
