label,socre,x1,y1,x2,y2
1,0.9984999,312.19763,370.47696,462.0837,538.1823
1,0.99824643,399.70377,78.09268,537.67035,226.24876
1,0.99759513,833.37146,324.64325,979.4769,492.5222
