label,socre,x1,y1,x2,y2
1,0.97756416,400.823,536.96295,550.3196,733.79645
1,0.9437345,554.83105,142.44292,706.3797,316.185
