label,socre,x1,y1,x2,y2
1,0.97415245,654.1999,501.47372,807.6301,668.1979
2,0.9442168,390.92078,298.3504,513.5052,413.18893
1,0.9281036,660.1725,246.72328,833.17487,383.2385
1,0.84274197,238.28621,537.90265,413.38278,676.43243
