label,socre,x1,y1,x2,y2
1,0.9976337,568.1267,354.31723,741.82336,544.99304
1,0.9925538,126.15358,227.8054,275.66022,361.4567
1,0.9830383,499.847,170.6717,618.286,279.509
1,0.83382624,294.95633,405.65292,426.47308,526.7568
