label,socre,x1,y1,x2,y2
2,0.99938893,654.92816,36.74556,763.4024,142.8424
2,0.9981406,816.50037,365.17892,930.4934,473.10345
1,0.9844201,49.44486,223.39394,260.54544,416.0766
1,0.9784833,644.3339,602.47974,826.12634,751.6886
1,0.9744418,420.01962,294.17206,608.45496,476.58688
