label,socre,x1,y1,x2,y2
1,0.9995315,398.89932,116.11095,579.252,323.79846
1,0.9987643,235.17993,509.9183,388.18497,678.01276
1,0.9985911,409.03876,603.2504,574.0826,757.84814
