label,socre,x1,y1,x2,y2
2,0.999154,182.9326,164.28386,287.7727,282.99454
2,0.99881375,521.934,606.1474,622.68744,724.4859
2,0.99625,370.75482,87.514885,490.45667,215.14148
2,0.9781447,618.0998,36.19762,736.75726,177.17488
2,0.9716778,20.173199,446.58508,112.511505,558.538
