label,socre,x1,y1,x2,y2
1,0.99947435,557.0753,421.74915,703.4424,612.19403
1,0.9974281,689.94586,167.49696,846.19354,371.199
1,0.9969117,255.65437,541.72723,410.66592,723.4983
