label,socre,x1,y1,x2,y2
1,0.9923327,609.0349,33.779728,741.6566,217.72597
1,0.9803843,253.81007,485.13177,421.1751,630.7242
2,0.8186893,746.2597,460.48166,890.48773,624.5087
