label,socre,x1,y1,x2,y2
2,0.9989046,136.2906,457.81528,227.91058,561.34656
2,0.88028204,649.86816,345.54797,736.37305,415.98416
2,0.82445353,520.48834,231.90501,610.9311,321.26318
