label,socre,x1,y1,x2,y2
2,0.9350104,326.54376,208.99762,392.66296,260.221
2,0.89111185,367.72064,540.5967,448.5127,635.0741
2,0.8293238,250.07545,326.0901,327.63226,383.91727
