label,socre,x1,y1,x2,y2
2,0.99727684,472.3542,331.80347,597.39453,429.29492
2,0.9954847,715.5566,503.42987,826.65027,611.3821
2,0.9906254,504.92172,577.3149,635.3203,685.7207
2,0.98907614,738.22705,246.07767,859.0618,345.31796
2,0.98579955,322.58743,5.24896,425.83926,90.91364
2,0.96394813,355.36124,485.23398,478.93542,591.92426
