label,socre,x1,y1,x2,y2
2,0.99556655,574.9245,336.6307,703.69104,449.9851
2,0.95966834,780.05695,560.6188,892.8441,654.22546
1,0.9091942,555.0069,617.1916,677.20636,732.43994
