label,socre,x1,y1,x2,y2
2,0.99774206,636.1071,113.624664,729.6928,211.1599
2,0.97505933,253.91077,539.9877,359.45123,631.13586
