label,socre,x1,y1,x2,y2
2,0.9978744,403.91315,401.74252,510.76025,495.3282
2,0.9895196,266.18842,104.33228,360.506,209.81654
2,0.9171434,468.33197,626.5518,564.8982,735.16565
