label,socre,x1,y1,x2,y2
2,0.9934716,49.804935,600.0747,119.969574,651.58716
2,0.9845968,187.13263,111.76834,270.06143,166.45218
2,0.9755486,270.11276,544.02734,336.91678,589.47986
2,0.9619145,446.2237,394.96213,511.3342,440.01666
