label,socre,x1,y1,x2,y2
1,0.99905676,527.26434,447.24622,669.21674,607.0083
1,0.99857664,276.9775,343.0865,426.52664,497.99518
1,0.99737966,38.662632,388.8057,192.31415,559.81555
1,0.99732167,710.7783,456.6126,847.2046,616.29004
