label,socre,x1,y1,x2,y2
2,0.9926017,859.8972,316.1635,952.2372,428.22272
2,0.9917366,535.07684,36.834465,649.83405,158.18259
2,0.9886264,465.6746,625.11444,566.5644,736.44165
2,0.9812765,146.81952,592.3353,257.33594,718.9248
2,0.9554093,50.39779,672.45154,146.75325,762.7229
