label,socre,x1,y1,x2,y2
1,0.99308795,659.7696,313.68347,773.58185,445.246
1,0.98778754,211.98761,182.18391,358.31155,316.81067
1,0.9876529,441.501,450.71964,577.97894,600.951
