label,socre,x1,y1,x2,y2
1,0.9796466,310.37836,270.80286,514.9944,561.63513
