label,socre,x1,y1,x2,y2
2,0.9558007,804.19116,496.6232,890.77606,617.4468
2,0.95364016,296.81622,210.78246,423.48685,402.63538
