label,socre,x1,y1,x2,y2
2,0.9931023,238.82018,577.99005,352.90936,716.3927
2,0.97004795,57.336956,73.75272,188.90918,215.99818
2,0.92946863,446.8552,34.38958,555.74365,143.39685
2,0.9092851,379.4127,431.99713,547.1671,565.9547
