label,socre,x1,y1,x2,y2
1,0.9924166,325.327,316.72385,464.95862,491.73203
