label,socre,x1,y1,x2,y2
1,0.91550165,485.42087,413.0177,727.11554,593.6907
