label,socre,x1,y1,x2,y2
2,0.9996873,236.48953,519.4436,343.90475,628.20557
2,0.9995122,193.88216,230.4787,345.53946,319.2908
2,0.96846473,608.27386,134.80559,740.83435,254.95647
