label,socre,x1,y1,x2,y2
1,0.95767474,89.78031,171.86212,221.58841,333.60892
1,0.9052547,806.8684,409.77667,949.54785,585.1311
2,0.8764564,354.88666,169.85742,480.49524,308.14572
