label,socre,x1,y1,x2,y2
2,0.9570316,352.75113,124.9895,460.0471,274.7053
