label,socre,x1,y1,x2,y2
1,0.99957186,298.14307,261.2694,479.09116,507.45053
1,0.99603707,460.3059,8.456975,634.1827,180.76564
