label,socre,x1,y1,x2,y2
2,0.9989222,246.29497,33.666946,342.02374,149.0784
2,0.9975338,407.0712,206.04744,504.00012,305.94083
2,0.99582976,660.6302,408.98532,749.33997,515.2361
2,0.99473417,250.55037,366.59836,368.2778,480.88828
2,0.96206397,753.67377,626.0199,856.5229,750.9931
2,0.9137443,796.82263,211.76909,937.25336,353.17596
