label,socre,x1,y1,x2,y2
2,0.9989606,784.73047,181.09688,910.1673,271.50696
2,0.99868673,356.3525,308.3782,465.05777,422.47064
2,0.9975001,382.9814,136.82794,505.86984,235.8065
2,0.9955571,149.49474,18.365662,246.05869,143.65459
2,0.9940573,654.3564,389.6962,796.971,488.26477
2,0.9934296,403.43814,624.8871,535.1822,719.82385
2,0.98278505,887.1903,633.3486,995.947,758.04565
2,0.8575728,141.88683,661.3029,237.04616,749.5336
