label,socre,x1,y1,x2,y2
2,0.9859195,616.4918,36.298367,739.45667,171.2808
2,0.9277194,125.65408,544.2104,273.66187,651.1256
1,0.91901904,574.1422,354.7933,691.9192,488.30402
2,0.8924988,379.28503,231.38702,478.92722,368.61526
2,0.88167727,770.4996,460.12827,889.1737,577.46625
1,0.7990194,327.57516,12.430121,496.8671,137.03593
