label,socre,x1,y1,x2,y2
2,0.99713093,626.6056,379.0649,767.12695,530.61676
2,0.9970632,173.96127,571.93427,292.21655,703.89056
2,0.9943268,384.84357,476.53662,532.7605,618.8975
2,0.9808874,69.58738,66.47629,258.09982,233.09692
2,0.9773909,62.21972,286.52963,238.55493,459.19528
2,0.9738574,566.4094,594.765,719.0941,706.57263
