label,socre,x1,y1,x2,y2
1,0.90687823,628.2185,241.07916,791.3408,372.39417
1,0.8684954,274.60522,213.0756,428.2606,355.3994
