label,socre,x1,y1,x2,y2
1,0.9993155,157.36925,82.775055,349.79297,306.7137
