label,socre,x1,y1,x2,y2
2,0.992777,536.4442,485.6657,615.2328,572.50226
2,0.98782766,432.79205,246.31937,535.1318,346.01752
2,0.92057693,628.82,244.02248,706.90314,334.3953
2,0.89793295,275.6678,596.88043,414.78833,705.99176
2,0.8783265,312.7174,351.07278,390.78394,429.0031
2,0.8754546,214.4879,157.53297,281.86066,237.67308
2,0.7644627,91.15686,52.88807,165.26985,123.92825
