label,socre,x1,y1,x2,y2
2,0.99844295,755.3021,470.42636,872.3161,579.9379
2,0.9973912,647.8076,610.473,741.81573,720.62366
2,0.9902452,486.79877,107.2483,626.94183,232.41808
2,0.9719642,14.327029,245.38002,102.28109,323.98557
