label,socre,x1,y1,x2,y2
1,0.99573827,669.468,123.85081,821.23816,288.27988
1,0.9824868,333.4809,229.90945,497.2106,358.2504
1,0.9365861,745.0218,525.1002,883.6398,661.0218
