label,socre,x1,y1,x2,y2
1,0.9984334,420.74106,577.54205,603.98804,724.4796
1,0.9974366,391.67834,125.55429,554.31793,279.29132
