label,socre,x1,y1,x2,y2
2,0.9997211,368.04486,194.91264,468.59363,295.8866
1,0.9939942,754.59314,34.059116,900.72284,203.5374
2,0.97979045,480.2524,278.7688,604.08496,402.64694
1,0.9745702,207.06856,381.42133,375.55493,559.2441
2,0.82568794,744.18884,440.9269,832.70856,526.5444
