label,socre,x1,y1,x2,y2
2,0.9906561,190.65483,358.5226,295.04596,464.56125
2,0.9684816,758.9984,277.1363,868.34705,391.41086
2,0.8694259,363.8562,506.74545,476.83932,627.3977
1,0.85076576,482.80408,354.2758,596.7821,451.1568
