label,socre,x1,y1,x2,y2
2,0.99916935,353.5106,329.9246,473.14737,449.22824
2,0.99862397,521.76074,587.7105,640.21063,704.4962
2,0.9976667,465.64166,92.91805,590.2174,214.91797
2,0.99692184,750.58356,133.454,841.93005,233.93214
