label,socre,x1,y1,x2,y2
1,0.99933773,622.9325,30.558222,804.2834,274.13354
