label,socre,x1,y1,x2,y2
2,0.99929583,214.70656,391.4884,311.6871,503.87485
2,0.9990101,392.3283,205.69969,492.88004,307.88507
2,0.99823725,163.52013,663.43097,247.07051,748.2731
2,0.99707925,312.7441,596.72205,400.02347,704.3101
2,0.99147546,729.605,342.93292,826.865,458.40942
