label,socre,x1,y1,x2,y2
2,0.8743408,482.50803,110.065575,587.592,228.06895
2,0.8741139,230.35063,574.72614,369.3987,692.66974
