label,socre,x1,y1,x2,y2
2,0.9736579,84.092865,16.222052,132.30531,75.362404
2,0.9722644,264.50632,177.63657,312.3642,247.89087
2,0.7829113,461.05725,666.7729,580.5615,757.36304
