label,socre,x1,y1,x2,y2
2,0.96958655,455.4742,27.703344,590.5359,166.95703
2,0.9668805,600.9715,242.10777,720.0732,372.95374
1,0.9176628,199.81021,451.58365,374.32938,587.2829
1,0.88514316,829.17285,113.223206,981.388,267.311
