label,socre,x1,y1,x2,y2
1,0.99868625,670.75696,351.83908,837.0281,525.5777
1,0.9131038,234.2717,562.959,363.1444,737.2523
