label,socre,x1,y1,x2,y2
2,0.9977169,464.48856,380.0847,553.11426,469.4774
2,0.9965534,181.93626,430.2074,269.4837,522.42303
1,0.9963426,598.99524,172.31119,754.4175,356.7885
2,0.9940216,807.13025,471.36783,915.86005,580.4679
1,0.9809905,420.11102,535.073,572.83307,735.5296
2,0.97057086,451.04715,168.32344,542.51526,246.61453
2,0.90492725,226.068,152.39911,302.30005,277.3398
2,0.8474451,716.9696,666.0064,815.8742,743.99225
