label,socre,x1,y1,x2,y2
1,0.9417739,83.525955,478.20468,224.49702,638.24567
2,0.93083525,79.70018,55.496838,209.0237,166.0079
2,0.7593642,523.5984,273.0018,673.55054,401.28333
