label,socre,x1,y1,x2,y2
2,0.99756783,468.13873,26.483284,586.5714,174.5767
1,0.9948519,165.80205,536.9124,325.28308,734.579
2,0.9944636,92.78295,202.06323,211.05661,345.84338
2,0.98076105,653.0971,222.94737,770.9077,362.3336
1,0.76391524,790.5976,442.32858,933.73706,582.15466
