label,socre,x1,y1,x2,y2
1,0.9635114,228.19743,562.3949,420.69363,732.6233
1,0.95037216,695.4671,529.21765,849.3127,694.4607
