label,socre,x1,y1,x2,y2
1,0.856774,753.0836,118.15077,803.45544,166.10641
