label,socre,x1,y1,x2,y2
2,0.9986733,848.47125,329.57266,967.96954,488.55405
2,0.98739094,267.17313,388.26486,395.29877,557.83057
