label,socre,x1,y1,x2,y2
2,0.9991872,321.15344,176.47829,420.70486,267.30344
1,0.9857653,59.58437,66.31788,227.16736,228.75204
2,0.9802233,760.8549,145.38206,854.7934,233.4199
1,0.97469795,306.82684,403.90475,468.77283,553.8279
1,0.9277145,780.45465,435.34296,937.8112,615.5348
