label,socre,x1,y1,x2,y2
2,0.9991221,59.19143,183.75659,206.62805,299.05936
2,0.8792474,346.78247,348.29755,512.19305,471.3242
2,0.8640176,719.4788,638.2117,900.52094,751.7129
