label,socre,x1,y1,x2,y2
2,0.9949767,614.3055,291.37823,702.3418,375.80972
2,0.9912231,803.9592,396.65994,922.8551,514.4739
1,0.9492606,173.54677,405.07324,243.24995,486.8214
2,0.7835174,459.90152,371.94867,564.7209,464.8289
