label,socre,x1,y1,x2,y2
2,0.9782883,318.04367,538.25775,467.5296,652.8887
