label,socre,x1,y1,x2,y2
1,0.99096996,189.52196,449.4596,342.83374,616.087
