label,socre,x1,y1,x2,y2
2,0.976616,201.10934,211.15639,280.88684,260.5022
2,0.8493955,433.7335,472.6814,493.81064,564.8857
2,0.8208067,458.85852,59.534187,522.9256,126.36981
