label,socre,x1,y1,x2,y2
2,0.9997472,532.9049,255.20244,644.74414,363.72086
2,0.9989312,541.7641,24.887936,636.0079,119.263466
2,0.9981756,69.08598,142.24432,167.14098,248.57074
1,0.9969848,287.5648,41.085827,448.63995,176.13829
2,0.99633104,663.5126,405.82614,773.5662,506.815
2,0.99624443,232.66988,400.5266,369.39386,518.2033
2,0.99539477,464.30536,434.7133,576.1605,526.54456
1,0.9618473,7.6557736,333.5048,148.19339,454.78494
