label,socre,x1,y1,x2,y2
2,0.97811997,264.6289,258.86902,321.8525,338.3813
2,0.9738158,361.72302,594.5482,414.14932,671.101
2,0.90924054,460.64435,498.03912,517.8572,562.5103
2,0.77259165,551.43286,60.91263,633.6505,128.74303
