label,socre,x1,y1,x2,y2
2,0.98505557,296.32938,254.9524,381.46857,342.43192
2,0.9124286,383.50787,170.90012,458.55597,241.62457
2,0.86843437,495.34058,161.35089,577.3183,224.09229
2,0.82884437,19.990417,165.53116,104.07004,244.45544
