label,socre,x1,y1,x2,y2
1,0.92801225,773.5474,154.4142,924.59314,339.9833
2,0.8950437,439.00525,17.207073,580.6561,164.55931
2,0.8823434,361.04926,559.7467,614.9061,710.787
