label,socre,x1,y1,x2,y2
2,0.9995641,322.83633,137.63441,414.0603,243.98526
2,0.9990656,586.5923,133.15442,680.3357,220.34714
2,0.9979498,415.87463,425.26822,512.4161,530.70807
2,0.9977664,813.8948,74.9572,907.2685,181.43481
2,0.94307333,118.81111,399.4199,216.26039,470.85242
