label,socre,x1,y1,x2,y2
2,0.99916935,412.76825,205.89946,504.13498,326.897
2,0.9985366,915.80066,225.32707,1011.5369,339.27386
2,0.9978684,450.90097,602.9606,554.6206,701.24384
2,0.9942901,244.74298,451.1127,360.94348,544.13214
