label,socre,x1,y1,x2,y2
1,0.92182577,367.10468,435.3721,520.1704,591.3093
1,0.9183112,128.9712,404.48132,247.36354,575.43933
