label,socre,x1,y1,x2,y2
2,0.9982634,195.80275,577.75946,311.0663,697.72723
2,0.99810284,295.46475,404.5873,420.43317,502.00204
2,0.99665123,144.30496,58.86012,255.27753,162.37326
2,0.97284895,386.0346,608.85876,465.684,690.1395
1,0.9472828,560.9449,115.42083,717.5741,300.0644
2,0.8505332,7.010711,489.406,94.53919,575.3705
