label,socre,x1,y1,x2,y2
1,0.99775165,317.9676,398.683,473.4738,523.6081
1,0.99761707,826.3694,227.89394,988.71295,370.02725
