label,socre,x1,y1,x2,y2
2,0.9962845,892.282,325.8236,1010.31226,429.3961
2,0.99425215,580.11945,479.07016,701.5037,612.5348
2,0.98788273,346.20203,171.14401,445.3775,282.59354
2,0.8431463,241.85213,588.35785,347.528,745.7613
1,0.82505774,18.496857,378.59354,192.32013,611.8929
