label,socre,x1,y1,x2,y2
1,0.99786013,720.5602,70.15614,863.5694,224.27243
1,0.98479885,718.8201,269.67194,879.0393,398.92682
1,0.97114694,211.2941,249.89894,357.5944,403.1718
1,0.8827628,747.894,527.8345,887.82117,676.838
