label,socre,x1,y1,x2,y2
2,0.9975783,339.46884,233.21806,450.67456,358.53854
