label,socre,x1,y1,x2,y2
2,0.99917066,654.0368,153.27512,750.2649,281.17224
