label,socre,x1,y1,x2,y2
2,0.9983348,844.1443,109.48579,945.04016,227.94444
2,0.9946355,139.25768,124.36019,234.22708,251.7292
2,0.9842292,20.848825,480.3101,116.853745,586.08777
2,0.97350866,188.69762,539.8477,267.9014,643.7458
2,0.91597337,897.3881,320.41357,982.8695,420.46118
