label,socre,x1,y1,x2,y2
2,0.9954722,318.51105,254.98465,495.1889,386.94302
2,0.9922043,628.8921,384.4501,812.51263,519.9094
