label,socre,x1,y1,x2,y2
1,0.8988744,785.68634,322.6531,973.67365,522.39343
1,0.8635373,328.8044,391.32397,465.91562,611.9389
