label,socre,x1,y1,x2,y2
2,0.99968004,544.5286,352.3404,647.9483,463.66565
2,0.99947697,230.80615,397.569,334.5875,502.38144
2,0.9484748,66.43016,496.31207,155.27553,603.8995
