label,socre,x1,y1,x2,y2
2,0.78384227,597.9109,270.7102,760.5817,409.42816
