label,socre,x1,y1,x2,y2
2,0.9991585,638.736,80.942184,737.92847,174.74228
2,0.99880517,183.22093,361.87103,268.06735,485.81827
2,0.998771,310.0861,646.9932,414.28128,758.19794
2,0.99782556,595.3513,363.00742,736.6618,453.4185
2,0.9976228,822.98737,227.44371,950.43976,323.88474
