label,socre,x1,y1,x2,y2
1,0.9960283,453.496,46.62367,663.29974,204.95695
2,0.96325773,317.08893,588.3201,457.51062,714.1864
1,0.9588803,204.90681,293.50412,345.8201,458.34293
1,0.871468,675.23016,422.8411,880.2529,586.8248
