label,socre,x1,y1,x2,y2
1,0.9767853,19.142626,333.35934,153.05635,466.2943
1,0.9706791,218.79242,400.1909,334.56216,531.18726
