label,socre,x1,y1,x2,y2
2,0.99306726,578.2359,355.8312,690.77686,478.9579
1,0.99145305,322.15314,159.31029,476.03992,326.00626
1,0.98534936,791.85046,564.4669,954.86017,702.8334
1,0.9717538,390.81717,626.5427,554.9924,743.4129
2,0.91072977,100.71877,290.2772,233.06721,403.11942
1,0.8254364,100.020744,644.85504,218.10725,760.7345
