label,socre,x1,y1,x2,y2
2,0.97525626,301.48444,546.52216,400.75983,673.0704
2,0.9692533,756.1725,381.91983,845.37537,504.3312
2,0.83422035,772.9156,5.975471,902.1866,128.05652
