label,socre,x1,y1,x2,y2
2,0.9953719,91.60065,253.83105,241.42513,396.86752
1,0.96300673,700.68304,585.12,849.09534,748.5266
1,0.9326009,285.28824,45.38875,444.49942,182.26558
