label,socre,x1,y1,x2,y2
2,0.99043804,537.41315,551.87775,624.5698,631.19977
2,0.977491,404.60147,622.6933,483.0521,697.94666
2,0.9505405,224.43196,418.14716,330.78287,519.4292
