label,socre,x1,y1,x2,y2
1,0.99105865,857.65497,423.72473,931.7837,492.0102
1,0.9889397,641.7162,119.95892,704.1547,193.46529
1,0.98338425,231.13403,390.63324,296.27533,446.59702
1,0.98306733,29.831125,416.64774,95.33468,495.74976
1,0.96518934,394.18774,210.43452,463.17987,271.71048
1,0.8761552,865.6037,131.35716,946.41034,202.10306
1,0.8044751,118.15449,270.04196,173.25749,321.11343
1,0.7854268,310.29028,23.081112,361.484,71.40067
