label,socre,x1,y1,x2,y2
2,0.9805077,884.17645,55.085506,1015.9565,194.77502
2,0.9597707,377.64066,58.190086,473.23358,142.08601
2,0.91801256,364.1213,200.2089,492.50916,330.8669
2,0.91568804,548.0596,309.90573,648.8907,419.97778
2,0.8759285,413.45972,555.21954,499.9678,651.8773
2,0.7517815,677.8303,132.6853,779.7127,250.83823
