label,socre,x1,y1,x2,y2
1,0.9993755,734.9031,567.9342,879.2172,736.4651
1,0.9984346,147.06288,96.77714,315.09958,247.59521
1,0.99514526,643.75775,183.46107,791.167,363.54947
2,0.99356866,220.4467,313.57443,303.6916,389.9287
2,0.9881372,482.45645,263.46573,583.4807,371.56488
2,0.9836769,919.32697,369.52374,1015.2901,472.58212
2,0.951646,870.0248,483.00357,959.8455,565.58057
1,0.7500668,574.16907,541.6778,689.4025,672.23303
