label,socre,x1,y1,x2,y2
2,0.9847505,679.32733,584.1627,821.1675,750.8555
2,0.75315565,389.65265,333.47717,589.62115,489.69678
