label,socre,x1,y1,x2,y2
2,0.9982132,590.8671,304.23364,714.6087,480.28754
