label,socre,x1,y1,x2,y2
1,0.99185514,61.36806,530.9066,215.01117,716.454
