label,socre,x1,y1,x2,y2
2,0.99811614,343.23254,116.91726,452.58188,205.16179
2,0.9922071,520.86414,183.08102,625.5091,281.21237
1,0.9725568,186.79694,198.87509,294.8241,285.51758
2,0.8436597,785.7166,308.63037,880.1056,389.29785
