label,socre,x1,y1,x2,y2
2,0.946166,159.53764,480.9263,269.63806,593.1376
2,0.8922216,531.4611,196.6127,646.46875,306.47165
