label,socre,x1,y1,x2,y2
1,0.99309605,786.8615,394.073,987.3204,550.1369
1,0.971237,134.69685,470.01154,324.1699,636.4252
