label,socre,x1,y1,x2,y2
1,0.97232085,515.1102,53.370213,659.42847,192.81398
1,0.9515778,494.88882,510.12,641.6833,683.42017
