label,socre,x1,y1,x2,y2
2,0.99681914,851.2851,593.5035,970.1588,753.66534
2,0.8865497,141.03221,114.6897,295.9177,280.94354
