label,socre,x1,y1,x2,y2
1,0.9988845,766.40924,216.67126,911.3415,328.50656
1,0.9985649,353.4648,333.322,486.65817,452.66772
1,0.994436,189.6939,573.49854,305.47256,703.54034
