label,socre,x1,y1,x2,y2
2,0.9951792,194.70108,87.9491,329.75793,212.32289
2,0.9813519,498.58444,598.2841,597.8023,697.62994
2,0.91176033,113.3067,284.45074,259.6459,394.945
