label,socre,x1,y1,x2,y2
2,0.9993487,235.45125,253.27808,340.45126,398.49033
2,0.9984862,724.87,275.83368,873.99664,378.3223
2,0.9983151,491.00522,39.775986,602.7884,163.0459
2,0.9978223,15.624216,141.26936,156.35995,247.18901
