label,socre,x1,y1,x2,y2
2,0.99490166,279.37366,501.4456,454.32986,654.9251
2,0.97821665,266.10074,142.06013,417.66916,293.5201
1,0.9621411,505.97977,110.13552,660.45,292.78278
