label,socre,x1,y1,x2,y2
1,0.9921023,708.444,598.8298,857.40094,739.84265
1,0.94390017,236.49045,226.5384,399.85242,385.83115
2,0.83450055,746.3319,86.4805,881.935,231.0457
