label,socre,x1,y1,x2,y2
2,0.992046,257.29163,503.55075,362.67224,623.3795
2,0.97451246,383.5258,64.22827,492.9294,184.95891
2,0.909064,530.31696,404.5373,654.76196,532.785
2,0.75464696,535.9112,57.86767,635.14557,143.61201
