label,socre,x1,y1,x2,y2
2,0.9959544,9.523145,403.16385,157.13197,517.9084
2,0.9844468,743.8064,436.78577,935.8648,602.71423
2,0.91745746,207.03537,494.6591,354.08432,649.6568
2,0.85198635,420.66867,132.57301,590.48987,293.5173
