label,socre,x1,y1,x2,y2
2,0.9997601,110.92073,312.12323,227.13432,389.10648
2,0.9997502,461.97867,565.7986,559.9647,663.72504
2,0.9985134,146.38338,457.6336,238.76938,544.1306
2,0.975203,842.0242,457.30237,929.3844,543.97046
2,0.8475078,877.7566,625.71234,999.27765,707.96844
1,0.8035081,366.1495,141.56528,524.5634,298.7991
2,0.77375275,901.9033,220.8353,995.4006,319.70493
