label,socre,x1,y1,x2,y2
1,0.99734575,312.61584,410.7378,497.49695,564.2172
1,0.9970457,123.9986,85.28193,282.3973,221.9444
1,0.9970049,519.40894,36.838917,681.02,160.58432
1,0.9957039,638.12103,329.63733,813.52966,479.98495
