label,socre,x1,y1,x2,y2
2,0.99727947,134.2928,51.341957,225.55194,167.8367
2,0.9957203,650.11444,467.64468,751.0368,571.3394
2,0.99225944,296.00443,445.01666,393.18945,533.2677
2,0.98765635,570.5425,42.118916,664.39886,154.59149
