label,socre,x1,y1,x2,y2
2,0.9934847,543.94714,439.66315,620.14343,502.95004
2,0.9750039,471.98175,321.93924,599.9516,435.98813
1,0.95946836,196.45569,200.25766,294.78067,292.0933
1,0.80738264,174.45728,405.41824,314.93118,526.4315
