label,socre,x1,y1,x2,y2
1,0.9905591,140.1298,245.23947,328.81885,387.57635
1,0.98837054,579.6765,54.671337,732.0953,238.11462
2,0.9044957,110.05459,578.2901,246.91988,746.618
2,0.8953743,652.71967,361.40707,800.82965,514.49945
