label,socre,x1,y1,x2,y2
2,0.9910789,593.3623,531.04504,699.7003,637.0599
2,0.98970735,171.98546,279.4639,269.06433,370.06583
2,0.9876044,545.57196,649.9391,649.954,743.51306
2,0.98675287,195.5084,526.80804,288.91873,613.1651
2,0.98672485,155.34119,667.4109,263.62933,756.55646
2,0.97393644,367.07178,487.42523,476.97092,589.8785
2,0.950584,517.2111,241.80518,610.54706,325.62112
2,0.9277606,28.806707,414.44193,124.679276,509.86676
2,0.92485714,268.97153,373.22543,365.30585,451.301
