label,socre,x1,y1,x2,y2
2,0.9747424,77.73509,121.46976,199.63606,244.78206
2,0.93525,395.62057,298.71848,506.4916,395.0264
1,0.9250509,422.702,490.94937,487.62787,555.9069
2,0.8591484,825.4427,510.58002,957.0284,640.66846
