label,socre,x1,y1,x2,y2
2,0.9639684,79.25505,436.87503,174.93808,523.6403
2,0.9400211,543.07275,123.064835,612.8312,203.87813
1,0.85038555,852.00885,157.51901,990.53613,311.1213
2,0.8401533,615.1079,673.51166,695.61835,750.0513
2,0.77161723,569.7736,458.2214,628.87836,531.3926
