label,socre,x1,y1,x2,y2
2,0.99738544,176.27663,204.09799,338.96136,350.45825
2,0.9837763,734.31903,275.80554,860.96277,407.65076
