label,socre,x1,y1,x2,y2
1,0.99475574,800.083,490.92255,1004.21704,654.7724
1,0.9365255,161.07748,187.26173,328.86557,327.87286
2,0.8932145,155.72707,577.92303,303.5424,736.01904
