label,socre,x1,y1,x2,y2
2,0.9990934,704.91833,525.1029,806.2912,637.8381
2,0.9984326,395.00308,447.60904,495.34973,550.3905
2,0.9974076,685.72797,266.67133,798.4015,367.24408
2,0.9955694,219.55785,225.61075,329.06903,310.66168
