label,socre,x1,y1,x2,y2
2,0.983612,269.75317,99.13325,357.45187,198.9186
2,0.9771444,303.5688,372.5016,411.0392,463.8899
2,0.9220368,698.8017,117.50969,781.466,214.98495
1,0.8812623,28.422743,405.5533,135.11935,482.5797
