label,socre,x1,y1,x2,y2
2,0.958263,466.0923,48.356968,607.9744,191.81662
2,0.8108089,199.56891,351.17587,329.0896,507.46658
2,0.8029826,316.83063,565.3231,452.4372,707.5511
