label,socre,x1,y1,x2,y2
2,0.9998565,284.80743,298.8219,383.0302,414.1272
2,0.9996126,581.47455,429.75665,679.014,539.93066
2,0.9894561,144.04309,506.219,238.53822,580.347
2,0.9046265,456.07227,117.68037,531.3829,188.58243
