label,socre,x1,y1,x2,y2
1,0.9997042,104.006096,95.67772,256.7254,266.19824
1,0.9951691,322.15894,412.88373,457.34796,576.8855
2,0.99255705,632.8062,417.1463,711.94073,510.0086
1,0.97832537,438.2485,41.527596,585.7797,178.89854
2,0.8352894,501.53094,351.8747,601.37537,459.85275
