label,socre,x1,y1,x2,y2
1,0.99671495,685.90283,398.9486,819.175,577.06024
1,0.9954275,52.46082,337.0423,215.35248,485.76202
2,0.9159729,367.61548,328.2011,505.15198,446.88657
