label,socre,x1,y1,x2,y2
1,0.998919,306.3494,332.60214,499.3155,493.47894
1,0.9820654,698.9157,457.12692,852.8126,607.6332
2,0.7997111,374.9876,47.421787,460.54745,176.95883
