label,socre,x1,y1,x2,y2
2,0.99907553,412.7593,205.10507,504.07172,327.07346
2,0.9985071,916.2359,225.02968,1011.73206,339.06595
2,0.9978371,451.17352,602.93854,554.82684,701.1882
2,0.9948264,248.40402,450.2231,364.46988,544.3958
