label,socre,x1,y1,x2,y2
1,0.99235535,358.11838,43.055008,561.4754,197.83406
2,0.9911391,195.90123,239.46996,329.4961,349.71616
2,0.7535548,492.7141,395.74762,612.2589,538.04407
