label,socre,x1,y1,x2,y2
2,0.9528962,30.133307,88.31644,103.3052,200.46526
1,0.8869154,244.10132,426.34528,442.5954,577.6802
