label,socre,x1,y1,x2,y2
1,0.99204016,523.8647,433.139,701.2967,625.7068
2,0.9853425,443.60022,19.47898,596.2743,202.38286
1,0.9019315,204.2641,258.69058,411.30478,421.2052
