label,socre,x1,y1,x2,y2
1,0.99601376,106.20868,285.23062,249.24841,450.72815
1,0.9751462,725.6695,112.53874,843.8019,232.41983
2,0.9579572,526.771,97.258484,664.55066,227.67102
1,0.82233,309.73505,375.7634,427.1318,521.32043
2,0.8045884,340.62842,54.301132,478.84787,180.74715
