label,socre,x1,y1,x2,y2
2,0.81221277,448.8435,239.65309,590.63617,406.11493
