label,socre,x1,y1,x2,y2
1,0.9877244,460.0511,282.4838,635.071,420.04855
1,0.9851836,512.3271,525.7876,661.8103,635.93097
1,0.8658071,638.5666,162.01535,786.708,280.8303
1,0.7963416,133.6602,204.14459,260.50488,323.53436
