label,socre,x1,y1,x2,y2
1,0.9988257,797.5222,132.1999,999.2388,407.24213
1,0.93756294,401.4853,239.1685,526.5139,382.47012
