label,socre,x1,y1,x2,y2
2,0.99884975,761.9505,317.74362,908.87134,452.4308
2,0.99244976,288.5725,276.38647,418.3623,405.3103
