label,socre,x1,y1,x2,y2
2,0.8979237,337.93777,60.74288,413.25766,146.27881
2,0.8570118,261.82367,307.8661,330.39825,387.8979
