label,socre,x1,y1,x2,y2
2,0.99532914,698.2822,572.5311,830.6395,719.0791
2,0.988172,422.43365,89.29702,532.4831,244.45839
1,0.97804195,93.55238,492.91763,307.2186,643.2351
