label,socre,x1,y1,x2,y2
2,0.9997248,571.80853,382.62973,672.1754,489.12268
2,0.9911395,301.45798,398.25955,408.3155,514.6573
2,0.98232114,369.76245,183.70403,455.11154,273.74243
2,0.9002076,181.07033,192.7825,280.13,297.04156
2,0.8431883,105.56339,8.314621,207.36092,98.25991
