label,socre,x1,y1,x2,y2
2,0.9649981,732.6381,619.04755,837.3614,722.9618
2,0.86734235,501.8955,110.434906,631.6628,212.06401
2,0.85448956,345.9918,27.25586,439.5653,124.12435
2,0.7569508,692.11456,272.45856,785.7167,359.722
