label,socre,x1,y1,x2,y2
1,0.98530245,453.59222,26.912775,570.169,172.43842
2,0.91638047,893.6179,205.87576,1009.08246,327.0821
1,0.86592335,10.209728,11.161494,132.01477,144.73465
2,0.7785125,856.2832,486.5637,977.699,591.2484
