label,socre,x1,y1,x2,y2
1,0.89214116,295.75455,258.76593,430.20007,449.46988
2,0.88890934,859.4239,110.25845,992.05524,230.27913
