label,socre,x1,y1,x2,y2
2,0.99820745,46.123184,536.5678,149.74925,646.6353
2,0.98994595,654.65607,83.357735,763.14703,196.46439
2,0.98779327,28.229614,352.47968,149.4591,468.33716
2,0.979867,273.88104,252.87392,370.1253,341.1593
2,0.9762665,184.5601,448.57175,286.63535,549.02826
2,0.8955487,120.2745,118.4724,238.49686,236.54227
2,0.8047271,368.6606,67.92226,460.87485,173.35168
