label,socre,x1,y1,x2,y2
1,0.91678584,189.45033,292.1329,325.33572,466.74896
2,0.89749074,843.6369,491.6799,935.6704,578.0268
2,0.86545295,428.42325,209.95532,512.6004,301.8332
2,0.8121153,601.31055,518.32043,749.2048,651.9086
