label,socre,x1,y1,x2,y2
1,0.94250846,217.28867,154.01648,393.5624,306.2243
1,0.92055833,415.70215,503.70264,567.5855,663.5785
