label,socre,x1,y1,x2,y2
2,0.99020666,327.7704,314.31012,408.85016,395.95178
