label,socre,x1,y1,x2,y2
2,0.9993832,421.78296,186.73401,544.26263,284.09805
2,0.99920243,567.57684,432.50348,670.44824,533.81525
2,0.99853265,850.0443,641.73065,951.07635,756.41046
2,0.98752147,820.5411,357.6864,968.25806,474.3565
2,0.98450875,823.50397,76.34516,927.6202,185.29799
2,0.98232806,249.90962,403.78494,345.8166,487.62103
2,0.838453,679.68427,313.43958,789.0888,422.4219
