label,socre,x1,y1,x2,y2
1,0.9891367,429.9953,250.8767,574.7546,384.5341
1,0.9839664,685.7106,53.72852,835.3052,191.72037
1,0.93630475,692.5126,402.44156,816.7589,517.1223
1,0.9204567,13.59806,221.66005,152.98512,410.3346
