label,socre,x1,y1,x2,y2
1,0.9873838,90.7172,306.86594,252.05156,454.9271
1,0.9670904,337.8048,179.01093,493.15738,309.24164
1,0.9556694,801.7066,335.79315,966.84625,474.56558
2,0.9167473,641.9328,74.51151,729.88074,167.97272
2,0.7715514,470.81125,571.6951,624.82745,704.3495
