label,socre,x1,y1,x2,y2
1,0.99704933,226.75252,518.928,391.414,670.7076
2,0.9060729,476.0474,20.09608,691.6958,164.56462
