label,socre,x1,y1,x2,y2
2,0.999008,301.25897,103.33591,407.90268,213.97464
2,0.91016525,809.4308,556.4064,929.0702,666.03973
2,0.88370746,630.90686,372.37552,718.1761,478.40952
1,0.87680966,188.404,250.4981,283.6784,365.20407
2,0.79632086,437.6533,447.35037,566.2831,564.8584
