label,socre,x1,y1,x2,y2
2,0.9943355,227.23969,253.9293,368.3603,396.16272
2,0.98575366,759.1921,617.1413,918.582,750.55927
2,0.9718,636.4595,80.89275,784.3978,242.9041
