label,socre,x1,y1,x2,y2
2,0.9981342,642.97656,334.33255,732.9594,423.61057
2,0.9928873,514.7315,311.038,609.984,408.16458
2,0.9671872,271.72684,625.0305,367.02966,727.31177
2,0.80993825,161.69908,282.1583,245.0688,372.0916
