label,socre,x1,y1,x2,y2
1,0.9976422,199.09982,57.247105,318.8658,196.1396
2,0.98750275,114.552925,411.56384,212.2208,523.5674
2,0.8700474,282.3875,374.41293,395.74075,504.79517
