label,socre,x1,y1,x2,y2
2,0.97969216,264.06842,338.7317,391.13315,449.32025
1,0.9762215,424.38635,135.70142,535.63916,286.8428
2,0.97015095,102.99526,332.5152,213.74289,441.28036
2,0.931431,58.867226,528.9034,201.95773,654.671
2,0.8096286,558.1755,333.4125,649.9391,431.80646
1,0.8017724,450.208,643.167,550.7276,757.47485
