label,socre,x1,y1,x2,y2
2,0.99770397,148.70119,599.95404,268.4967,722.383
2,0.9901772,864.7586,458.25012,996.79456,594.2911
