label,socre,x1,y1,x2,y2
2,0.99539596,264.46786,539.0647,375.4963,646.7441
1,0.9920775,803.8067,152.29921,966.0587,306.0617
1,0.98658377,727.6883,443.761,866.76874,579.4101
1,0.98595506,553.24884,582.3047,674.4953,729.5559
2,0.98574245,295.78778,373.42416,400.85434,478.0773
1,0.9726218,168.9358,202.06061,302.80545,357.09668
1,0.95597357,459.31357,320.87537,602.2567,461.6829
1,0.7978019,595.954,20.81366,747.7796,135.69975
