label,socre,x1,y1,x2,y2
1,0.9889142,772.9606,379.3024,916.5245,547.29456
2,0.9367631,545.09875,91.45313,721.2438,234.3802
1,0.92844176,217.02069,148.77298,388.80627,288.73694
1,0.8666109,370.97888,613.43225,551.95245,740.0899
