label,socre,x1,y1,x2,y2
2,0.99697614,615.5791,477.0599,741.54144,625.35114
1,0.9936947,192.38913,378.00677,368.01007,550.99927
2,0.97220415,773.975,556.0906,894.1561,667.7187
2,0.8817,335.58914,604.74097,486.46515,751.4051
1,0.8748112,383.73987,304.00955,547.23926,456.94406
