label,socre,x1,y1,x2,y2
2,0.997981,181.07274,554.17194,292.6154,657.32214
1,0.9972057,795.1607,241.24124,923.343,392.40848
2,0.9908125,267.13016,279.62726,366.14307,411.61743
2,0.75375307,300.14648,581.8345,392.99973,675.28894
