label,socre,x1,y1,x2,y2
1,0.98790747,615.5282,119.65892,783.45856,271.38535
2,0.97491044,602.3136,390.35297,724.24805,507.7923
1,0.97195214,762.4692,581.317,895.5671,732.227
1,0.9596563,326.38623,581.10004,501.0156,724.12823
2,0.9588312,852.07434,323.20917,953.98486,459.50372
2,0.8179986,92.796364,490.08612,187.29803,584.73157
1,0.7886215,389.24524,314.37616,524.20013,418.55014
2,0.7695445,74.64463,304.94232,170.6325,391.59262
