label,socre,x1,y1,x2,y2
2,0.99906844,274.8582,209.28777,381.63574,310.36444
2,0.99903,561.98596,523.8758,673.407,627.8639
2,0.99820244,869.7584,137.25618,984.63214,227.69133
2,0.9978047,433.85568,298.13,549.76105,396.28015
2,0.99691355,29.288334,543.87836,132.52782,648.8936
2,0.97948974,503.83145,29.348104,632.80096,114.7839
