label,socre,x1,y1,x2,y2
1,0.9721386,278.32993,583.8219,458.24725,737.8617
2,0.9647137,811.03546,77.466415,925.0948,238.04918
2,0.91370714,136.65936,44.444675,315.5513,181.19266
