label,socre,x1,y1,x2,y2
2,0.9725178,584.2622,174.22183,724.3194,298.74185
1,0.9644915,117.80941,572.8411,225.03499,675.83527
