label,socre,x1,y1,x2,y2
1,0.9887707,647.2116,510.25153,843.9933,712.4308
