label,socre,x1,y1,x2,y2
2,0.9966151,626.428,606.70105,723.8996,711.0345
2,0.99565804,640.655,33.556126,762.1138,134.64441
2,0.99143994,204.37772,297.53308,298.56396,410.47845
2,0.99143726,459.42453,148.8832,546.441,228.64912
2,0.98807657,490.22766,504.2889,581.45996,607.0285
2,0.97876805,94.531425,199.48595,174.23906,271.89294
2,0.8832488,212.56891,555.0729,309.57166,662.3728
2,0.8566203,325.00125,47.36002,427.7727,156.74051
2,0.7543142,341.4438,656.32697,423.37952,743.80334
