label,socre,x1,y1,x2,y2
1,0.9988513,750.97455,467.13828,911.12146,594.47363
1,0.998456,511.8435,108.52331,666.8537,273.1608
1,0.9981887,604.9645,327.4222,742.2275,457.947
1,0.99644816,824.32294,185.00143,968.39154,332.6418
1,0.995971,373.46664,332.01672,512.0614,473.64487
1,0.9957289,35.728535,217.53137,172.34006,354.86194
1,0.99510115,242.62125,502.7565,412.299,651.7932
1,0.7706225,217.02577,236.4064,357.4362,354.7791
1,0.7602784,78.36431,413.96408,180.7182,521.0375
