label,socre,x1,y1,x2,y2
2,0.97086626,302.45563,565.45215,401.82904,666.4542
2,0.8322902,147.89108,199.77155,252.81902,299.7732
