label,socre,x1,y1,x2,y2
2,0.981631,380.57083,457.178,490.10986,632.42303
2,0.9355503,617.5806,39.461266,721.8576,125.321846
