label,socre,x1,y1,x2,y2
1,0.9684055,489.37787,162.12563,648.57556,328.82565
1,0.9644141,559.93365,554.1948,700.01984,694.1474
