label,socre,x1,y1,x2,y2
2,0.9996093,275.234,369.82104,379.2485,478.17636
2,0.9980988,352.7877,32.87884,434.10648,155.42586
