label,socre,x1,y1,x2,y2
1,0.994472,61.728844,498.7599,184.95697,655.38416
1,0.9604627,157.6998,374.00784,226.97398,447.91614
2,0.7666256,600.6812,173.58322,742.9517,299.5959
1,0.7628904,378.91956,121.83756,494.3322,218.12228
