label,socre,x1,y1,x2,y2
2,0.9968856,550.1057,487.27686,708.9173,597.3783
2,0.9928582,151.68446,165.66905,311.55353,289.1238
