label,socre,x1,y1,x2,y2
1,0.9981394,360.25067,271.83252,552.37573,456.1554
1,0.9956375,423.1014,32.74964,544.1684,170.12596
