label,socre,x1,y1,x2,y2
2,0.9995363,277.19263,33.83745,399.56317,116.88974
2,0.99903595,270.42285,577.93024,386.70047,703.3082
2,0.9989796,536.21234,131.78633,663.3773,213.6645
2,0.9982521,122.61159,274.4287,232.39272,380.35684
2,0.99824154,492.36252,268.6127,591.6233,390.80475
