label,socre,x1,y1,x2,y2
2,0.9892749,400.89856,61.39813,510.27786,171.37267
2,0.9820855,429.73898,587.37836,566.1053,732.1511
2,0.9542446,147.19386,343.69165,275.0869,470.30283
2,0.9274182,167.63693,93.095055,285.45853,207.40613
1,0.8204785,566.1596,393.71426,717.486,550.3552
1,0.8155326,307.93774,190.56497,407.54327,307.32245
