label,socre,x1,y1,x2,y2
2,0.99884856,229.45677,433.13223,316.73218,519.4964
2,0.9975684,253.44934,161.30568,356.61017,255.75943
2,0.99365544,199.52881,614.4276,293.01773,705.5604
