label,socre,x1,y1,x2,y2
1,0.99952865,361.2126,519.4625,541.77576,655.796
1,0.99938226,768.5311,427.1457,922.3019,617.49243
1,0.99921453,322.2361,104.12662,508.34415,246.0965
