label,socre,x1,y1,x2,y2
2,0.9994686,322.55618,187.23073,409.3251,306.666
2,0.99941313,77.836494,261.29233,169.4976,385.48358
2,0.9984236,416.6492,480.17657,521.5091,608.9725
2,0.99513537,863.3086,325.972,961.0922,417.72113
2,0.93547183,777.3847,211.00104,863.0665,311.80234
