label,socre,x1,y1,x2,y2
2,0.9975333,892.4909,474.30536,1007.77136,591.066
2,0.99713683,617.8303,582.67834,724.7147,694.8109
2,0.9704707,341.09674,51.64584,472.98328,188.28853
1,0.7739718,256.5756,326.10318,399.82245,485.8519
2,0.7503209,843.2814,138.24583,955.2946,215.10098
