label,socre,x1,y1,x2,y2
2,0.9971584,489.0809,484.27536,565.13135,574.7702
2,0.9968251,167.57977,585.24115,243.55379,656.6285
2,0.99412173,162.84598,146.70221,237.85327,249.72038
2,0.9829556,321.93744,607.377,376.8934,673.8781
