label,socre,x1,y1,x2,y2
1,0.9996712,369.2881,90.347626,561.14087,255.11464
1,0.99908113,715.7703,226.51524,882.2777,390.00586
1,0.99894947,277.9291,465.9646,464.85272,599.3681
1,0.9985682,74.62034,259.72104,239.26178,403.6604
