label,socre,x1,y1,x2,y2
1,0.98277736,198.5536,133.78941,366.8827,326.11932
1,0.9466366,664.6786,470.19244,853.39484,603.294
