label,socre,x1,y1,x2,y2
2,0.996307,660.868,177.42926,755.28705,264.8014
2,0.96997315,414.09705,365.0861,492.74255,445.75266
2,0.96515375,99.05153,416.24646,158.78175,487.6773
2,0.9625042,187.15714,336.3401,269.85693,406.84332
2,0.9527334,571.5937,382.74234,672.5435,478.77878
2,0.8822973,743.6119,598.48267,823.3773,676.7157
