label,socre,x1,y1,x2,y2
1,0.99844486,71.11634,387.8199,239.08128,521.14514
1,0.99579227,446.48083,164.50742,561.4106,296.41434
1,0.9954965,314.1691,489.68625,439.99548,601.26056
1,0.9733148,729.9443,593.6244,848.529,733.5206
1,0.94892937,602.3705,121.17781,735.11206,251.62025
2,0.93684703,69.945404,27.259108,188.66626,170.16606
1,0.92303395,630.1992,335.46707,752.0867,459.60022
1,0.87415206,244.25642,275.69824,363.1382,379.1718
