label,socre,x1,y1,x2,y2
2,0.99533635,751.1127,394.25916,838.5009,493.3528
2,0.9887856,621.57446,497.4795,711.2738,595.97736
1,0.9852379,32.822224,220.28099,177.58687,375.17987
2,0.9751251,775.30835,215.15454,849.4251,297.314
1,0.94878364,346.68466,314.95587,525.08844,481.70712
