label,socre,x1,y1,x2,y2
2,0.99922216,170.44562,210.05698,280.16666,312.07767
2,0.9978849,566.3095,199.47694,683.7503,324.73495
2,0.9974577,389.1639,533.3921,500.05493,632.05646
2,0.9914869,459.7519,86.00015,552.37335,179.6843
2,0.89752287,27.94478,686.05164,103.485634,755.1371
2,0.8859725,831.3518,647.8038,925.4054,745.0089
