label,socre,x1,y1,x2,y2
2,0.96295476,790.9543,343.13538,903.9062,464.42307
1,0.9468604,567.6201,84.27865,753.7624,240.7266
1,0.9375363,258.85162,564.62665,446.4679,718.9013
1,0.9093839,143.20404,165.12943,301.6738,303.01453
