label,socre,x1,y1,x2,y2
1,0.9909753,684.23676,139.70718,818.8657,270.85797
1,0.98206055,367.52878,168.72209,531.3928,312.92108
1,0.94591147,370.54913,644.9608,524.1174,749.3187
1,0.93118924,588.52814,369.2761,722.14215,494.74704
1,0.87958467,491.5485,535.57184,600.7396,640.9489
1,0.8716219,121.227234,479.04205,335.37686,700.5415
1,0.86451566,30.30487,206.61385,133.82382,357.90778
1,0.76283574,854.92865,456.28064,947.41516,533.1949
