label,socre,x1,y1,x2,y2
1,0.99016154,641.2359,319.2622,802.64105,522.6431
1,0.86537325,290.45248,122.34522,455.73044,279.6747
