label,socre,x1,y1,x2,y2
2,0.9982829,156.25085,385.50885,242.01659,484.70618
2,0.99437886,779.022,532.00446,879.4354,633.4756
1,0.9834989,216.33136,221.28018,313.41623,332.85748
2,0.9555429,908.14044,246.06299,1000.64014,341.98407
2,0.9474393,548.34143,564.7363,632.4112,691.5693
2,0.8974637,266.24924,388.41757,358.21957,478.70023
2,0.89115,415.462,268.87173,489.9018,353.08826
2,0.84534144,472.2987,395.17197,574.37463,516.27295
1,0.8372822,753.7725,352.42578,843.1875,471.25116
