label,socre,x1,y1,x2,y2
2,0.988636,283.96616,208.65889,337.62573,275.97656
2,0.97774625,113.1853,284.1084,170.60773,341.8075
2,0.9466602,130.22643,620.0835,189.96265,686.46625
