label,socre,x1,y1,x2,y2
1,0.9691356,196.90234,214.78522,353.24884,424.60007
2,0.9194446,432.5957,641.0586,549.31976,746.7751
2,0.8719371,647.3339,308.43097,782.68604,471.20908
