label,socre,x1,y1,x2,y2
2,0.9995332,498.07785,291.2688,590.48474,382.20065
2,0.9980275,360.28302,532.1736,454.72626,623.33746
2,0.99760604,314.5772,299.38763,419.12384,406.61865
2,0.9962774,87.95815,532.7185,180.82614,633.109
2,0.9888686,636.4641,151.92195,730.1637,249.06805
2,0.9396188,798.8062,189.9751,908.22705,289.49307
