label,socre,x1,y1,x2,y2
2,0.84585464,239.53882,213.15901,399.90747,351.43634
2,0.8344837,601.2903,41.490784,795.01953,198.11464
1,0.7795807,540.91547,302.64227,670.6725,436.2792
