label,socre,x1,y1,x2,y2
2,0.96957225,862.46954,23.51858,984.1567,127.80617
2,0.9676686,186.2736,55.659946,369.31934,215.07109
2,0.9355632,601.624,30.579718,706.44507,137.45505
2,0.8496772,547.7359,466.26318,690.5774,626.86896
