label,socre,x1,y1,x2,y2
2,0.99842596,565.45734,663.37573,662.2659,761.88904
2,0.973723,116.23639,24.278957,206.76111,114.14451
2,0.94418734,525.69653,236.66057,616.41907,318.3457
2,0.845268,751.43335,595.4524,857.70996,694.8315
