label,socre,x1,y1,x2,y2
1,0.9988433,62.10256,175.61649,212.96765,356.37827
1,0.9966648,831.86694,493.0812,978.6602,663.44196
2,0.98591334,434.60498,196.48392,553.2099,322.54596
2,0.9703763,802.18005,12.631424,914.1999,132.74123
