label,socre,x1,y1,x2,y2
1,0.9907087,776.7877,26.023586,920.2849,177.43347
1,0.9272746,263.98486,576.723,401.44608,713.051
2,0.87350076,660.53064,607.6063,774.36475,744.29584
