label,socre,x1,y1,x2,y2
2,0.9962759,278.57687,422.9652,451.7913,557.1904
2,0.9703535,587.733,448.18042,717.06177,564.5428
2,0.902414,560.7508,204.84381,700.63745,394.91998
