label,socre,x1,y1,x2,y2
2,0.99842227,459.50018,178.1586,562.4338,272.8345
2,0.95656663,854.0895,583.23145,965.49603,740.144
2,0.8844259,567.2567,327.57117,698.30145,468.0904
1,0.87813634,236.25832,257.05267,350.12866,399.41617
1,0.8748143,320.32233,572.98505,503.95578,731.4232
