label,socre,x1,y1,x2,y2
2,0.99627304,336.55933,270.49063,455.44547,404.1959
2,0.99547404,393.2701,483.5841,517.52844,650.7675
1,0.90499437,537.62994,42.75372,652.8016,187.64078
2,0.81582654,678.4263,388.9176,815.6582,562.9835
