label,socre,x1,y1,x2,y2
2,0.9836287,275.78354,213.79303,418.7803,357.4659
2,0.8650026,378.47202,511.04144,492.8694,654.7657
1,0.85779107,784.2423,493.82095,968.1247,692.445
1,0.856833,151.83772,484.35504,327.47052,705.03186
2,0.8493322,471.37784,324.0295,653.7312,496.66714
