label,socre,x1,y1,x2,y2
2,0.9956013,533.8225,277.24258,664.6477,391.4855
2,0.95755893,334.08466,405.80692,454.3808,553.0212
2,0.78727597,244.56262,93.21422,370.9195,214.65277
2,0.77256644,667.55536,505.30722,786.0793,598.098
