label,socre,x1,y1,x2,y2
2,0.99339193,50.799915,530.0165,109.02531,601.15015
2,0.9805058,788.3607,364.33008,853.9679,445.33588
