label,socre,x1,y1,x2,y2
1,0.96672845,790.5496,110.45383,949.6418,263.06766
