label,socre,x1,y1,x2,y2
1,0.9697233,430.8194,505.62057,565.8173,726.8699
2,0.89366543,663.4708,112.34891,784.3773,317.05267
2,0.842975,131.33182,142.69164,268.88754,335.96063
