label,socre,x1,y1,x2,y2
1,0.99919194,300.36386,530.3913,479.21475,673.3599
1,0.998353,604.03766,438.49155,780.4992,588.8763
1,0.9980811,33.6447,322.98068,193.52187,500.24185
1,0.9951675,289.64102,241.33527,447.83902,364.2096
1,0.99351245,476.68713,90.296135,659.5275,216.21677
1,0.9917824,609.76794,638.79193,735.91876,749.95435
