label,socre,x1,y1,x2,y2
2,0.9982008,426.12903,565.9721,530.88477,695.18823
2,0.9668952,360.45477,121.932655,470.24673,234.50528
2,0.9566435,768.4838,369.63333,897.86646,495.51474
2,0.7969101,27.165808,589.8435,116.146065,697.543
