label,socre,x1,y1,x2,y2
2,0.9964657,287.04956,322.02985,388.56534,412.36453
1,0.99448967,180.01384,110.26402,382.3491,292.516
1,0.99359035,173.75435,545.729,406.55753,739.9356
1,0.99164104,638.8528,533.62164,818.5962,711.72473
1,0.979868,719.2451,153.22295,915.4181,329.23526
