label,socre,x1,y1,x2,y2
1,0.9550949,608.6019,345.82047,772.7667,529.946
2,0.9168292,756.80505,163.33946,858.8828,264.357
