label,socre,x1,y1,x2,y2
2,0.9993586,43.00211,343.1391,175.95885,461.75867
2,0.9989845,492.3085,180.5084,594.6105,303.40414
2,0.99877113,183.48526,611.0679,292.85608,719.26416
2,0.9960323,689.238,398.09662,819.6663,513.5733
2,0.9580976,283.96335,312.57962,381.8621,421.64685
2,0.9236405,228.55495,53.27277,361.61948,212.34416
