label,socre,x1,y1,x2,y2
2,0.9843174,578.51733,225.5598,707.8974,340.96863
2,0.96186596,7.1428494,293.26135,99.47088,381.93463
2,0.8751842,262.71432,614.64374,374.20114,727.1851
1,0.84811705,856.71356,62.758774,966.1351,170.10501
2,0.8212831,139.66653,372.7897,310.03592,502.23068
1,0.8083911,488.74316,552.9261,610.88885,677.50116
1,0.77679145,682.8047,435.93478,798.4849,539.6502
1,0.7679335,387.4954,426.21335,492.23288,528.17914
