label,socre,x1,y1,x2,y2
2,0.9739095,639.2623,310.9884,757.24976,434.16425
2,0.9251773,464.41678,398.7219,571.5393,511.25354
2,0.8690553,264.29285,183.31229,382.57663,331.34302
