label,socre,x1,y1,x2,y2
2,0.95618933,824.6426,475.5451,978.74225,631.642
2,0.9204141,139.77841,21.364328,284.10233,183.45987
