label,socre,x1,y1,x2,y2
1,0.95988625,200.27364,222.46043,358.20837,372.6004
2,0.8722401,355.4807,39.99109,468.6404,175.92732
2,0.85798126,786.7735,261.2155,897.821,366.78116
