label,socre,x1,y1,x2,y2
2,0.99298674,822.3807,337.54263,921.6207,436.18103
2,0.99207616,427.8484,554.3307,585.97314,694.19666
1,0.9237537,443.35278,146.28479,577.4961,292.92844
