label,socre,x1,y1,x2,y2
2,0.9985623,652.1069,193.52357,810.26404,341.46417
2,0.98135537,280.24115,420.11234,434.70667,562.39984
