label,socre,x1,y1,x2,y2
2,0.9995553,375.38248,310.7547,472.60614,431.6738
2,0.9987379,536.51807,68.36099,653.9695,176.28307
2,0.9982778,728.2024,467.50555,830.0261,599.6013
2,0.99812776,502.42368,621.2993,619.8698,731.39374
2,0.9950754,893.12115,167.98866,994.19257,307.12408
