label,socre,x1,y1,x2,y2
2,0.9985703,169.40526,459.837,297.21683,591.0236
2,0.88915515,537.5486,409.41226,696.5472,571.38184
