label,socre,x1,y1,x2,y2
2,0.98717904,431.01053,545.73114,497.90707,616.51874
2,0.98559237,181.99142,537.3328,259.6318,607.642
2,0.82956403,688.7509,334.027,764.13074,414.51642
