label,socre,x1,y1,x2,y2
2,0.99737406,342.38303,295.5741,445.8339,388.4229
2,0.95728195,560.8756,540.1241,651.1705,624.68024
2,0.8675943,128.25874,525.49915,176.5674,584.83246
