label,socre,x1,y1,x2,y2
1,0.9828583,469.1827,487.6504,621.40967,637.8505
2,0.97787356,841.61646,332.309,991.2709,467.03613
2,0.953868,98.525345,328.3422,226.71663,494.05334
2,0.9249566,813.5766,33.855156,975.4286,150.94182
