label,socre,x1,y1,x2,y2
2,0.98942167,91.53913,255.99498,195.49977,359.36008
2,0.95757306,875.95483,501.77823,1011.73584,643.63043
2,0.8855259,268.0775,509.23364,405.64774,659.60815
