label,socre,x1,y1,x2,y2
2,0.9959959,125.402336,284.616,265.40778,408.27975
2,0.98717624,82.4862,115.18541,177.94434,204.90474
2,0.98448944,254.38051,613.01685,405.80646,755.595
2,0.9626797,618.26373,334.56158,751.74365,456.10986
2,0.9376104,782.657,570.6856,899.4435,722.3669
