label,socre,x1,y1,x2,y2
2,0.99347395,771.8785,535.95544,911.8522,677.6024
2,0.9448224,261.91373,504.83002,415.66953,661.64764
