label,socre,x1,y1,x2,y2
1,0.9953751,416.18094,170.54396,575.15466,451.18588
1,0.988679,794.6015,299.91916,936.7219,516.1888
1,0.82433695,598.8254,488.17465,779.6704,652.73083
