label,socre,x1,y1,x2,y2
2,0.9979119,531.4778,487.5427,651.0852,617.09827
2,0.9957703,652.41833,209.03929,791.8991,327.6369
1,0.9332464,398.46127,166.54102,582.2289,392.5388
1,0.8900594,301.44427,495.94006,496.50552,690.79895
2,0.84141105,909.7315,267.5409,1002.98206,397.25076
