label,socre,x1,y1,x2,y2
2,0.9988174,549.63965,274.68018,692.1697,364.08118
2,0.9969516,515.74725,139.6034,648.56586,246.27386
2,0.99493235,184.60867,541.8659,290.12808,659.7764
2,0.99460006,919.9708,331.35138,1011.8372,427.3117
2,0.98699516,242.45876,361.4637,358.39597,459.84415
2,0.9675235,466.37677,456.52722,554.106,570.76544
