label,socre,x1,y1,x2,y2
2,0.9927999,391.45108,73.79434,501.9228,187.52414
2,0.9771902,513.9076,474.16327,627.4805,571.52155
1,0.9526623,41.299572,195.17445,165.60661,325.60544
2,0.7988933,717.2924,197.88087,841.5737,305.57074
