label,socre,x1,y1,x2,y2
2,0.992769,632.50006,299.0305,702.7666,354.35474
2,0.9574951,268.39767,533.3959,326.0461,601.9582
2,0.9557625,469.19757,391.71518,555.38074,446.80872
2,0.8816733,826.7541,255.94728,878.7242,326.75494
2,0.85598785,313.30508,419.88458,395.2831,496.6637
