label,socre,x1,y1,x2,y2
2,0.98995984,769.9771,502.54727,929.72986,635.0184
1,0.959278,363.3092,84.4255,538.6772,257.3779
2,0.9557687,135.88065,420.01395,229.38173,528.36914
