label,socre,x1,y1,x2,y2
2,0.9990671,520.7589,373.82077,655.47656,500.10785
2,0.9961175,125.525375,380.17337,262.97638,535.6439
2,0.9932766,240.18074,240.69931,354.87955,358.38156
2,0.9876875,470.88492,121.3183,626.96924,236.7875
2,0.9659395,745.2703,256.97623,863.24066,393.5538
2,0.7907474,374.78964,523.43304,513.2986,641.4425
