label,socre,x1,y1,x2,y2
1,0.9930387,597.5985,155.8407,747.744,302.1488
1,0.9904417,350.0413,594.9375,523.5123,724.9619
2,0.9802674,812.5545,144.07722,913.0947,241.41183
1,0.97418004,841.59436,422.72327,961.86285,539.9805
1,0.953935,109.48408,354.05707,241.68393,467.17334
1,0.9536314,267.57812,245.2074,367.28082,382.98355
1,0.9418292,642.25,531.9277,761.5611,639.1604
