label,socre,x1,y1,x2,y2
2,0.99054694,639.2785,274.48544,731.39233,367.36542
1,0.96287185,837.87665,148.4707,974.7309,301.69415
1,0.81491643,469.37683,340.77722,606.0216,484.05817
