label,socre,x1,y1,x2,y2
1,0.99036634,89.11202,359.30707,231.83246,498.24655
1,0.9866781,879.6619,442.61215,1005.2118,580.57947
1,0.9733256,322.65198,87.825386,451.13937,202.96582
