label,socre,x1,y1,x2,y2
2,0.99694854,657.47986,55.88547,785.1255,223.12589
2,0.99290437,322.68628,372.32755,463.41998,516.5646
2,0.96930164,8.763115,576.78467,114.72917,733.72815
