label,socre,x1,y1,x2,y2
2,0.9982821,488.25034,438.22275,576.6603,530.8707
2,0.9982809,867.7539,579.2907,1006.03296,684.4876
2,0.99806756,826.3005,303.97058,928.74994,395.44714
2,0.9851636,261.55246,648.7351,371.59744,742.6182
2,0.9509961,81.17883,419.5921,186.4244,522.6847
2,0.87217975,5.6558723,303.06635,91.22838,404.92502
