label,socre,x1,y1,x2,y2
1,0.9499959,9.964623,414.63672,174.41202,581.66864
2,0.9230074,545.8922,489.75644,670.4374,658.01825
