label,socre,x1,y1,x2,y2
1,0.94567007,596.5814,391.4855,794.91785,545.8106
2,0.8440397,350.61252,573.7592,462.4303,700.2653
