label,socre,x1,y1,x2,y2
1,0.97829324,377.23483,376.25128,534.7943,519.3608
1,0.8448918,591.90656,557.6581,737.0564,681.3372
