label,socre,x1,y1,x2,y2
2,0.9780538,161.80632,299.70105,275.4537,401.54114
2,0.9612315,120.21138,30.237835,254.41615,137.6127
2,0.96073127,87.71862,627.97736,200.60767,755.9134
2,0.9605552,468.17194,138.09032,573.40466,229.0219
2,0.91798204,793.35425,366.66885,884.76373,461.1561
