label,socre,x1,y1,x2,y2
2,0.96672887,87.26391,191.8622,231.364,343.50906
2,0.9579906,480.2629,46.00459,672.6542,209.49161
2,0.8846474,741.22546,390.44577,912.4857,514.707
2,0.8846427,315.03207,484.97467,491.42807,648.85364
