label,socre,x1,y1,x2,y2
2,0.99975723,361.24408,194.26048,456.3309,311.6387
2,0.99957174,476.6758,506.3142,594.8717,616.49554
2,0.9987563,841.6495,601.27905,972.6546,706.0926
2,0.9888349,734.48145,165.25099,855.7789,258.49606
