label,socre,x1,y1,x2,y2
2,0.99904484,638.85345,499.10678,737.3868,617.19916
2,0.9982639,647.8907,173.42023,768.1581,271.2099
2,0.9767675,852.6553,306.68875,941.5215,418.34244
2,0.91303843,374.97772,417.19904,480.40103,554.1389
2,0.9045305,489.1581,161.21727,579.465,266.262
