label,socre,x1,y1,x2,y2
2,0.9979095,252.51135,34.85683,346.72287,113.07865
2,0.9943433,280.96814,333.64435,355.25684,423.44684
2,0.9886736,97.0017,350.32892,173.80257,434.49368
