label,socre,x1,y1,x2,y2
1,0.9843791,552.08563,604.09344,654.221,729.3736
2,0.8560509,816.9506,6.2640967,962.1072,120.581566
1,0.8347187,179.75433,109.15529,284.75497,211.4031
2,0.824533,458.12793,390.71338,593.6553,504.36826
