label,socre,x1,y1,x2,y2
1,0.99774987,346.40466,75.11915,543.3042,265.74567
1,0.9848903,61.471104,484.58392,228.19514,627.41754
1,0.96070004,766.01996,530.7561,941.4225,702.3772
