label,socre,x1,y1,x2,y2
2,0.9934441,307.5402,444.3515,438.7144,590.91437
1,0.97415054,410.42877,138.86548,582.4592,306.6601
1,0.9560031,78.2672,283.2283,254.92993,456.73694
1,0.845872,587.9917,444.25354,755.06683,612.02795
