label,socre,x1,y1,x2,y2
1,0.9552739,357.73877,516.7901,480.49915,665.59564
1,0.75239766,363.44714,225.4207,481.86447,385.58432
