label,socre,x1,y1,x2,y2
1,0.9958253,724.96063,604.68134,914.0674,739.66327
1,0.8768296,615.07324,243.3959,793.2274,385.23022
2,0.77410114,142.79707,40.39899,343.69864,180.91974
