label,socre,x1,y1,x2,y2
2,0.99709713,485.2862,238.94719,613.13245,346.09863
2,0.99261206,206.1929,169.9928,333.8044,276.2872
2,0.98881173,629.04034,497.23218,712.52405,604.68317
2,0.82496095,787.9723,558.6445,861.9602,654.81006
