label,socre,x1,y1,x2,y2
1,0.9870025,877.0544,474.82193,970.8154,591.1683
1,0.9727571,723.3471,454.8671,811.438,545.415
1,0.9358058,6.2209926,25.01102,130.7017,168.63547
