label,socre,x1,y1,x2,y2
1,0.99590296,65.781715,244.71025,234.29688,381.4946
1,0.95006055,797.9027,167.98663,924.5981,301.85507
2,0.9413448,361.19528,323.34647,498.0153,447.11118
1,0.92017794,709.29095,463.92554,858.74634,603.8359
1,0.9011379,385.43994,64.790375,524.1916,200.07309
1,0.8991415,554.32715,363.181,672.66486,472.68027
