label,socre,x1,y1,x2,y2
1,0.989253,253.462,102.836365,396.61328,245.596
2,0.97987914,846.82513,217.46011,972.16425,334.6245
