label,socre,x1,y1,x2,y2
1,0.9976781,660.9525,205.34811,810.0355,357.64996
2,0.9263404,454.9111,524.14355,581.8127,660.43396
2,0.92499596,258.40842,481.83847,393.13498,598.81024
1,0.9226324,791.15106,523.605,954.4249,687.73486
2,0.88692063,302.03995,55.925304,401.87515,171.59799
