label,socre,x1,y1,x2,y2
1,0.99205244,420.1386,372.1127,585.45465,513.15045
2,0.94665575,751.48737,73.825195,894.35693,227.7048
1,0.9413372,774.332,469.5202,917.6549,620.4841
1,0.92370963,114.20378,413.05545,242.55592,630.5396
2,0.8931975,596.8575,644.00696,732.7348,760.9643
