label,socre,x1,y1,x2,y2
2,0.9929525,544.56964,595.6436,729.7641,734.4025
