label,socre,x1,y1,x2,y2
1,0.9591078,378.77817,165.51964,496.59113,297.62662
2,0.93781227,315.7164,351.9883,430.77393,481.9976
2,0.92851853,850.66895,71.01069,980.7106,183.19128
2,0.85823864,118.52725,586.6197,247.28558,699.9079
