label,socre,x1,y1,x2,y2
1,0.99701273,131.14989,393.18,209.5098,470.59235
1,0.99466175,594.03156,56.514236,679.42334,150.46335
1,0.9861589,325.06494,164.71555,402.99518,248.86418
1,0.87489367,50.37105,177.38379,168.33658,295.4523
