label,socre,x1,y1,x2,y2
1,0.99598914,563.853,187.62636,764.11884,360.01413
