label,socre,x1,y1,x2,y2
1,0.9710599,651.52124,340.54874,766.431,539.4364
1,0.96928823,165.2535,78.94123,287.75583,243.50368
