label,socre,x1,y1,x2,y2
1,0.99263257,376.42783,155.56723,530.9571,309.51135
2,0.98845416,122.05388,498.71402,234.57417,608.02484
2,0.97071403,333.1613,414.64258,459.85336,531.27057
1,0.91435087,201.24321,206.01955,359.75388,327.8625
2,0.87800574,613.531,493.06717,734.6901,652.0744
1,0.831033,718.7865,268.39307,864.0836,400.0007
