label,socre,x1,y1,x2,y2
1,0.95336944,266.2734,179.26653,507.79736,356.83206
1,0.76676697,607.6773,109.01453,763.6488,271.9663
