label,socre,x1,y1,x2,y2
2,0.99915147,579.0802,642.9169,685.1539,741.8174
2,0.9965576,64.625694,453.0699,162.35661,554.9625
2,0.9965198,706.06104,88.25445,802.66284,196.58444
1,0.9895767,467.1125,27.80102,608.1585,155.66473
2,0.9683478,27.72361,273.89185,135.92691,400.60968
2,0.96564364,395.64035,256.78503,475.1045,342.8282
1,0.9559868,414.19003,379.62238,581.2042,504.01987
1,0.94025004,199.00392,552.2202,343.0591,721.456
2,0.86861026,909.711,529.7693,1016.7822,643.537
