label,socre,x1,y1,x2,y2
1,0.84777457,266.3332,5.47314,407.65778,131.53468
2,0.81973165,565.8253,533.53253,650.0767,637.472
