label,socre,x1,y1,x2,y2
1,0.99911505,390.06903,259.2774,545.08057,425.84875
1,0.99752206,245.71214,438.86395,392.95877,593.91907
1,0.98360544,624.3814,276.90298,773.9438,408.4892
1,0.9258617,515.15656,429.9432,727.9987,590.8749
2,0.8439458,242.43556,35.995132,327.15518,124.6294
1,0.76825017,472.10977,51.84285,613.50574,181.43536
