label,socre,x1,y1,x2,y2
1,0.99652964,242.60033,239.57268,415.3248,396.88885
2,0.9847401,211.80162,21.532602,324.48538,152.07341
1,0.9281468,740.11017,560.77795,881.77423,760.5435
