label,socre,x1,y1,x2,y2
2,0.969535,20.946514,511.89807,148.72467,636.3862
1,0.9631481,467.81863,220.64212,610.1386,374.04745
1,0.9265333,110.67118,146.60619,302.90234,283.84702
2,0.88843125,5.1818237,285.00378,94.71956,409.53793
