label,socre,x1,y1,x2,y2
1,0.9939587,129.52689,16.860044,272.93286,177.39597
2,0.9938682,290.33112,622.56537,388.20636,721.72485
1,0.98910075,728.73785,373.45547,867.41364,540.71576
2,0.8996997,26.60846,491.02716,197.05775,650.4462
1,0.86556274,426.2463,373.85953,557.41144,506.62213
