label,socre,x1,y1,x2,y2
2,0.9979954,821.3993,438.8424,953.3446,556.44653
2,0.9946338,685.45013,328.88077,791.9176,414.78113
1,0.94805205,171.85002,483.60028,315.99933,673.662
2,0.8847323,470.91925,533.70184,612.73663,677.9666
2,0.7715959,39.253826,423.2297,148.70866,522.1085
