label,socre,x1,y1,x2,y2
1,0.99374443,176.1691,339.3966,315.02496,543.83405
1,0.99073595,708.20624,276.45895,898.6244,408.99838
2,0.9049361,571.2144,40.25736,653.6584,145.55148
