label,socre,x1,y1,x2,y2
1,0.99532986,356.17328,84.21471,529.19257,221.84152
1,0.98710805,731.4718,404.12122,903.3005,561.7532
1,0.9607371,635.9306,281.86017,706.0232,353.3236
1,0.9292183,621.9018,30.237898,743.86523,137.72209
2,0.8962438,437.62054,360.13693,540.01184,471.4336
2,0.813551,64.435555,173.4026,189.74797,280.98364
1,0.80097,259.61908,360.4577,383.37747,483.09518
