label,socre,x1,y1,x2,y2
2,0.99871457,508.47882,556.4488,601.63336,667.93427
2,0.99840146,344.45148,638.7931,439.39642,750.92194
2,0.99387425,654.8449,235.90034,747.304,349.22562
2,0.993601,453.02432,263.6907,563.36804,401.74088
2,0.9918337,563.6419,139.10854,648.3759,236.28969
2,0.9863238,907.3234,39.8657,1009.8125,160.41934
