label,socre,x1,y1,x2,y2
2,0.9879149,197.65007,33.725704,302.4302,153.22508
2,0.9758268,702.3036,95.816246,826.91,220.75629
2,0.9363941,866.72656,600.43787,997.9204,761.4474
1,0.7872678,108.517136,554.5479,242.9749,687.84424
