label,socre,x1,y1,x2,y2
2,0.99214983,501.72882,38.261986,637.13513,159.87347
1,0.91700435,472.36462,580.14087,629.28064,728.5169
