label,socre,x1,y1,x2,y2
2,0.9946668,442.37378,361.72153,584.8734,495.64008
1,0.9748976,693.15784,263.4999,830.6907,416.1134
