label,socre,x1,y1,x2,y2
2,0.9919749,166.15714,529.7851,247.57227,613.66724
2,0.9551646,834.85376,591.9463,919.4789,659.4124
