label,socre,x1,y1,x2,y2
2,0.9947802,266.5364,147.02147,398.02667,268.947
2,0.99317884,435.97433,318.02792,565.02496,429.11374
2,0.9849235,495.51917,650.0352,584.5385,740.88165
2,0.97371554,871.82227,558.41455,944.09094,637.37805
2,0.96521086,218.76237,503.76035,386.6607,672.78503
2,0.8785757,83.37717,350.50916,167.65045,428.34866
2,0.78616935,664.4815,528.2186,754.1648,614.2389
