label,socre,x1,y1,x2,y2
2,0.9957749,239.39047,266.18405,369.17084,392.93124
1,0.9873219,457.759,443.39587,605.69055,621.0116
2,0.98014224,162.02423,475.16956,278.47223,609.31
2,0.92345417,593.79785,38.917244,760.31683,175.28358
