label,socre,x1,y1,x2,y2
1,0.9817068,424.42825,260.80145,495.11703,340.4626
2,0.9001572,679.81195,638.88586,789.605,746.07513
