label,socre,x1,y1,x2,y2
2,0.9977881,81.664856,12.946106,219.97108,127.430565
2,0.9975721,226.41653,532.0228,382.68625,658.8402
2,0.99723876,860.2116,495.77612,979.5715,653.9842
2,0.9180429,860.8087,28.052168,994.18726,140.64911
