label,socre,x1,y1,x2,y2
2,0.98811454,768.2537,107.51673,904.37103,267.49008
2,0.7893444,412.2623,508.65146,554.0518,665.253
