label,socre,x1,y1,x2,y2
2,0.99224675,304.5288,391.98163,499.3444,539.7055
