label,socre,x1,y1,x2,y2
1,0.9952108,34.4386,539.08124,241.85764,708.78876
1,0.993451,5.9603367,74.12089,145.09023,261.53555
1,0.9846795,711.6312,343.56308,873.18976,515.098
2,0.9702468,468.26196,516.496,605.2697,656.6034
2,0.9634106,792.66095,206.6663,925.6173,326.24866
1,0.8551518,459.14102,64.0,612.6048,217.69707
