label,socre,x1,y1,x2,y2
2,0.99133074,510.4004,50.87221,652.7507,191.57191
2,0.95854884,562.88806,298.9009,666.0655,396.55286
2,0.950587,854.97815,97.44764,939.4243,181.52625
2,0.9229109,151.43843,544.68286,262.96317,645.84674
2,0.8414673,160.02834,355.22607,321.86978,499.6435
