label,socre,x1,y1,x2,y2
2,0.9979184,247.08754,508.8652,322.5033,589.1052
2,0.99602616,225.06174,291.90402,278.86896,371.99484
2,0.9914692,450.72974,250.35979,506.04532,330.1494
2,0.98474336,477.81537,519.62714,551.49677,615.27075
2,0.97570735,506.90167,106.70979,609.96826,200.78528
2,0.8142812,345.86545,16.070137,417.57617,87.974014
