label,socre,x1,y1,x2,y2
2,0.9697206,822.5325,318.85068,900.2243,401.47052
2,0.7563006,369.30298,380.09625,454.7046,491.31497
