label,socre,x1,y1,x2,y2
1,0.99651814,28.814728,310.40347,192.697,500.37103
1,0.9715594,628.5117,553.12384,864.36224,745.78394
