label,socre,x1,y1,x2,y2
2,0.9967384,208.94676,346.94254,279.66574,434.3446
2,0.97665465,688.0048,568.44116,783.0164,685.327
1,0.9509732,433.2612,535.1179,587.12494,705.102
1,0.8021408,130.0141,106.51292,259.15204,249.76033
