label,socre,x1,y1,x2,y2
2,0.9955205,330.88425,541.7615,459.15152,708.6985
1,0.77658474,352.98718,113.013954,491.41327,257.8008
