label,socre,x1,y1,x2,y2
2,0.98096746,406.17154,333.3506,487.71945,413.2738
2,0.8865777,440.54385,509.188,504.81326,588.6689
2,0.8564629,385.2782,193.21732,460.48657,281.5223
