label,socre,x1,y1,x2,y2
2,0.99968946,436.06494,631.85394,535.87714,737.097
2,0.99924004,221.22925,137.62619,322.5466,223.4427
2,0.99833846,188.88019,379.89426,298.59668,478.04382
2,0.9982849,449.8333,374.3924,551.2427,462.9922
2,0.9944681,22.294592,279.22168,110.1299,371.0266
2,0.90237635,468.75302,111.91932,550.9344,224.7709
2,0.8118377,885.0849,424.49753,962.2771,522.79114
2,0.7676639,677.32434,483.12283,788.1265,582.0785
