label,socre,x1,y1,x2,y2
2,0.9965752,45.34641,213.65103,184.28679,341.3377
2,0.9954466,465.48807,232.17711,604.15027,368.0377
2,0.99198854,554.74817,561.1108,747.4372,739.15015
1,0.854771,828.5687,21.97333,909.6652,97.521034
