label,socre,x1,y1,x2,y2
2,0.9977848,751.0411,431.55576,854.5039,563.35736
2,0.9953121,693.1106,145.6488,783.8859,234.54198
2,0.98384297,196.6494,357.73923,278.00546,468.57886
2,0.96235645,500.71887,651.8924,586.275,732.6466
2,0.8980097,447.56067,212.98845,524.38513,304.5056
