label,socre,x1,y1,x2,y2
2,0.95742375,254.76172,433.12085,352.78717,521.5571
2,0.94272476,416.82193,346.85986,509.5499,445.79834
2,0.9302613,780.61316,361.7871,861.25037,448.50397
2,0.917058,353.43832,254.08875,438.73154,339.76
2,0.9160174,677.91864,159.90375,765.5246,236.64357
2,0.90599114,613.1681,326.08914,720.3789,424.5632
2,0.8623885,840.82587,580.7056,925.3368,670.131
2,0.7758388,82.11003,157.45499,186.3938,273.27335
