label,socre,x1,y1,x2,y2
2,0.9941857,436.64645,368.72842,538.2827,484.77582
2,0.9925177,388.77057,146.51164,498.87653,247.38304
2,0.94105613,251.7792,246.0643,373.1898,366.06113
