label,socre,x1,y1,x2,y2
2,0.99965215,676.02295,448.5299,773.4595,567.0162
2,0.9994746,200.21313,212.91928,297.55243,322.75873
2,0.99860185,553.99414,79.03601,646.34216,193.56062
2,0.990159,737.0415,265.29474,835.6978,373.90787
2,0.9859147,469.04782,428.9409,556.8089,527.5986
