label,socre,x1,y1,x2,y2
2,0.9934349,387.55597,452.01294,514.7919,560.4952
2,0.9912273,237.21336,489.55685,345.5747,599.7687
2,0.9896718,585.5106,134.54042,693.196,261.68634
