label,socre,x1,y1,x2,y2
2,0.98976773,84.34905,435.3481,155.21791,518.73706
1,0.9883145,551.0399,365.5484,693.36334,508.6114
1,0.9622143,130.14488,552.5025,276.00113,701.98883
2,0.9035925,464.00116,31.393333,585.71655,149.0444
2,0.85228235,412.86383,530.2016,499.6278,618.39197
1,0.82983994,834.28815,379.2057,962.14685,533.81085
2,0.80001414,135.82677,220.84344,241.88008,331.977
