label,socre,x1,y1,x2,y2
2,0.99293935,817.4199,423.104,906.2518,526.09125
2,0.99243164,539.8975,212.95714,632.1539,314.7144
2,0.9908351,343.17966,326.8602,450.01666,428.99765
2,0.94578296,178.39963,593.2959,351.1066,739.19165
1,0.9098813,42.486618,258.6032,227.59145,418.31564
