label,socre,x1,y1,x2,y2
2,0.99969494,550.4188,314.0125,670.30597,429.8395
2,0.9983437,147.27126,381.12393,271.74472,491.53036
2,0.99533975,412.6641,625.6334,537.7626,726.0959
2,0.98430943,87.512856,499.8986,170.13052,599.1776
2,0.9765851,849.5676,551.2843,968.9624,649.3562
2,0.9517962,322.33154,303.95996,402.55765,388.9639
2,0.94114333,471.5943,142.08122,584.98334,275.44547
2,0.8759865,198.77344,589.2812,349.51834,697.633
