label,socre,x1,y1,x2,y2
1,0.9718483,104.97103,486.6991,238.11433,625.48065
1,0.9263849,196.78523,196.37224,315.82288,340.94235
2,0.89224887,849.07166,342.9684,979.31757,478.20547
