label,socre,x1,y1,x2,y2
2,0.9990934,178.35027,498.52914,283.99014,604.93353
2,0.99798715,284.1204,168.42332,401.84683,279.20212
2,0.99343514,497.65274,127.1786,608.8719,228.67879
2,0.98427,37.449886,182.63925,162.45853,301.49173
2,0.9700916,706.1478,107.95448,794.82806,205.84645
2,0.93904877,834.6459,423.8259,926.0499,512.09784
2,0.8756085,315.4285,479.637,450.99118,581.1845
1,0.82531995,440.24838,309.0644,576.4609,427.3266
