label,socre,x1,y1,x2,y2
2,0.99940765,120.02033,109.67516,222.38892,209.0702
