label,socre,x1,y1,x2,y2
1,0.9946285,411.01917,238.9534,548.962,394.28888
1,0.9644957,592.0274,452.94168,720.84436,629.99384
