label,socre,x1,y1,x2,y2
2,0.99492306,846.87054,37.252903,941.49084,138.73576
2,0.8987316,274.62787,499.63052,419.0376,630.20306
1,0.8860848,368.4414,105.25835,512.43176,243.1824
1,0.86508054,533.753,285.72238,652.4453,407.2992
