label,socre,x1,y1,x2,y2
2,0.9230953,202.46968,322.0139,278.8788,400.64075
