label,socre,x1,y1,x2,y2
2,0.9972499,37.213318,356.0217,146.18477,457.154
2,0.9963995,318.88324,105.96631,420.7706,202.69987
2,0.9845456,540.9484,162.23259,638.8741,263.04382
2,0.96438795,478.9602,471.40402,557.08887,552.50867
2,0.9135685,142.867,230.4605,249.66086,320.23392
