label,socre,x1,y1,x2,y2
1,0.9907685,270.75662,225.35251,434.6726,369.93045
1,0.95214695,398.48132,488.7325,509.30014,595.1193
2,0.86431926,794.2642,338.33002,903.9489,436.76184
