label,socre,x1,y1,x2,y2
1,0.99826777,190.37248,298.81302,328.5676,435.31595
1,0.9975516,806.92395,452.69006,943.2265,584.79224
1,0.99521035,294.99365,43.185905,448.8,177.26006
1,0.99189514,469.05676,180.98329,603.1732,315.1015
1,0.794578,872.4599,260.00446,948.7445,332.51236
