label,socre,x1,y1,x2,y2
1,0.91806,362.5358,304.74554,558.818,465.10223
2,0.8099464,198.10959,586.6299,343.78876,743.76917
