label,socre,x1,y1,x2,y2
2,0.9313048,736.42773,295.85928,838.5884,395.0287
2,0.7671793,59.951218,112.22134,142.22522,192.40178
