label,socre,x1,y1,x2,y2
2,0.99837697,867.5563,579.32227,1006.1008,684.61804
2,0.9982948,488.4123,438.19653,576.69464,530.81604
2,0.9979615,826.54254,303.84894,928.99036,395.5048
2,0.9817104,260.4708,650.0436,370.8568,741.136
2,0.9668969,87.69215,418.58633,180.86848,524.4218
2,0.8839036,5.642413,303.1723,91.62138,405.26974
