label,socre,x1,y1,x2,y2
2,0.9927193,176.45645,586.198,288.36304,724.2846
2,0.9569935,606.84973,520.0484,721.09155,642.65405
2,0.9417926,498.32904,45.164658,584.3839,147.16579
2,0.9398676,797.16345,120.30763,928.54456,226.39108
