label,socre,x1,y1,x2,y2
2,0.9730871,199.1213,612.0584,333.19455,732.5576
1,0.8868308,653.55597,567.6442,840.57007,740.3636
2,0.8221472,267.40283,363.586,374.4838,481.934
2,0.8085972,168.39342,122.197975,333.9198,267.65787
