label,socre,x1,y1,x2,y2
1,0.960032,785.32605,130.26425,947.73047,286.74503
2,0.9555801,95.65493,403.08508,226.92665,552.14026
