label,socre,x1,y1,x2,y2
2,0.9993518,322.93863,283.66043,427.74527,385.70898
2,0.9798766,182.5906,394.10654,256.94452,464.1711
2,0.9675189,448.22925,445.3258,531.6398,531.79694
2,0.92832834,903.5883,397.68442,1005.6706,491.3057
2,0.88118464,617.2399,482.85468,704.2636,558.9118
