label,socre,x1,y1,x2,y2
1,0.9953543,108.61989,366.6196,250.24109,528.9834
2,0.94191307,206.07672,189.48076,304.7039,306.9456
