label,socre,x1,y1,x2,y2
2,0.9990977,533.9273,216.02672,639.48004,325.90082
2,0.98072237,66.30158,35.436127,140.49994,122.99594
2,0.97750616,430.92422,641.4071,527.55347,752.7805
2,0.9194073,917.01605,362.75104,1005.3867,473.57068
2,0.78059494,103.40107,535.8333,233.55743,618.66296
