label,socre,x1,y1,x2,y2
1,0.99044853,430.9821,34.149902,587.0049,193.2429
1,0.97080785,542.2619,508.04758,674.6966,656.2343
2,0.96834093,275.71762,136.8419,389.13998,283.36026
2,0.9163332,498.29626,305.83585,628.02563,446.4432
2,0.87769145,72.98367,63.384182,211.91531,166.36998
1,0.84432334,761.1921,120.87361,908.1475,272.58334
