label,socre,x1,y1,x2,y2
2,0.9986382,45.175278,277.98746,163.40549,385.35394
2,0.9971976,309.1053,213.66156,408.54047,311.5403
2,0.9963063,457.91504,38.385338,564.4452,131.49881
2,0.9507164,766.7767,657.91974,847.6452,745.76984
2,0.7544982,295.16214,80.34131,371.5631,150.96393
