label,socre,x1,y1,x2,y2
1,0.99557257,742.4313,163.38008,875.59064,294.2206
1,0.9255924,43.525608,484.48392,167.43901,600.3355
2,0.92072546,478.73627,123.328766,578.48956,247.1393
1,0.8343664,501.01636,366.79254,614.8882,520.72754
