label,socre,x1,y1,x2,y2
2,0.9981389,328.44104,260.34183,431.09402,377.5523
1,0.962715,157.40347,163.31465,266.11063,279.8817
1,0.9299349,492.7344,372.96445,668.5299,509.03384
1,0.8967698,708.62885,261.54883,825.0466,380.31485
