label,socre,x1,y1,x2,y2
1,0.9996828,250.05206,281.4711,411.36456,481.2977
1,0.99935275,125.97526,495.66373,306.50494,636.66394
1,0.9983577,561.5741,258.50064,728.3694,386.1193
1,0.9979627,532.2202,7.434785,730.29504,178.87906
1,0.99699545,100.992775,115.62547,239.9131,234.47115
1,0.9828912,848.36273,308.2482,960.2413,431.38928
1,0.98256886,7.91706,305.05942,137.24039,457.9952
