label,socre,x1,y1,x2,y2
1,0.9399044,782.37683,493.81622,916.8101,621.44946
1,0.93741447,273.88654,443.2381,409.19696,590.6309
2,0.92402965,244.0272,635.40424,369.93622,759.7073
2,0.90751904,265.42484,114.432434,384.7358,250.4233
