label,socre,x1,y1,x2,y2
2,0.99799407,656.4041,610.5816,764.476,738.55994
2,0.997656,875.41223,391.79105,998.5443,509.18555
2,0.99482524,654.72723,323.22324,766.86365,428.19876
2,0.9760702,169.39728,164.99207,276.8724,273.03134
2,0.93356055,235.85638,321.50217,353.4075,467.41467
2,0.9236133,571.6976,70.78717,695.87866,192.1176
2,0.92191815,165.82414,559.53375,282.2436,665.7701
2,0.8275908,451.5324,296.2289,548.9638,410.2118
1,0.81952924,74.41387,38.43172,186.13535,142.3989
