label,socre,x1,y1,x2,y2
2,0.99903,659.117,223.81757,787.8254,344.16843
2,0.99047196,423.84854,467.10257,533.2255,563.9633
2,0.9904232,22.911098,115.44237,129.94565,220.21417
2,0.9887611,103.18225,340.9265,249.56508,454.3008
2,0.97055477,13.364102,8.989105,117.00397,96.10969
2,0.9519679,438.53668,17.823582,535.2358,102.161606
