label,socre,x1,y1,x2,y2
2,0.984157,470.1709,186.7124,606.8109,298.849
2,0.9819635,695.14655,590.5106,816.1879,701.57965
1,0.9526026,362.83084,389.07343,480.01947,532.1436
1,0.9344155,224.63306,615.8312,357.19058,739.98584
2,0.7731807,9.135015,618.57294,131.03694,736.22906
