label,socre,x1,y1,x2,y2
2,0.99795073,402.43292,27.29128,501.0198,115.298615
2,0.9928444,401.96344,560.8994,504.0122,657.8898
2,0.9895784,880.3827,163.62949,970.8534,247.67686
1,0.98196065,664.6728,399.92258,851.85126,573.0963
2,0.9812044,78.9893,361.7098,176.9589,471.2745
2,0.81911266,660.0026,627.29565,745.01294,719.6896
1,0.78566206,347.7881,256.64508,468.26886,381.21533
1,0.7830778,537.2051,153.8112,674.1268,313.16803
2,0.7627738,21.480675,147.46675,180.61899,289.80243
