label,socre,x1,y1,x2,y2
2,0.96183586,258.75742,576.455,332.5785,660.92236
2,0.8857327,114.25919,497.78677,209.43933,581.32574
2,0.8017404,720.5448,317.93198,795.0856,395.06485
