label,socre,x1,y1,x2,y2
1,0.98592144,176.38515,479.25696,286.65622,600.81287
1,0.97382474,329.3896,147.92168,475.39645,274.38403
1,0.91309524,355.12048,536.11475,493.70944,663.97864
