label,socre,x1,y1,x2,y2
2,0.9991903,638.6034,80.74553,738.0716,175.20547
2,0.998841,309.61044,646.8255,414.2578,758.59796
2,0.99877506,183.07663,362.09262,267.99847,485.28818
2,0.99775356,595.48773,362.9141,736.5404,453.71353
2,0.99771166,823.1574,227.18349,950.4051,323.69168
