label,socre,x1,y1,x2,y2
2,0.9990403,249.984,414.27676,362.49466,517.2916
2,0.9960794,393.46848,312.03726,492.83026,411.82007
2,0.98659503,627.15234,591.99927,743.0784,673.3651
2,0.9569083,81.93995,497.06836,179.6494,600.6927
2,0.90068835,636.0263,145.59242,717.95197,238.37305
