label,socre,x1,y1,x2,y2
1,0.9976878,337.1916,462.67505,478.9164,609.91846
1,0.99252325,575.3294,383.51743,724.9356,540.826
1,0.9862536,603.5405,198.13411,713.9713,312.34323
2,0.95940596,109.30112,80.05885,222.73921,175.50432
1,0.8946438,317.70056,113.51421,455.1485,232.30125
2,0.828189,747.2078,37.432064,843.0059,130.37807
2,0.774442,159.6338,246.2951,281.44296,371.0575
1,0.7704006,516.5042,617.26917,624.73883,738.6966
