label,socre,x1,y1,x2,y2
2,0.9971963,381.77856,40.833508,510.9253,171.8912
2,0.9841101,66.65848,483.91525,238.83704,634.28436
2,0.97425914,724.1755,126.21892,885.81195,319.59094
1,0.9629954,482.67026,363.33774,666.4805,531.43567
1,0.8746576,699.0693,540.71674,871.2269,695.1671
