label,socre,x1,y1,x2,y2
2,0.9953113,16.099478,45.769627,127.90253,165.17819
2,0.993701,873.8068,241.52998,950.91046,329.21658
2,0.993327,220.3761,189.75084,335.84375,295.50095
2,0.98815,540.1644,560.4672,642.60645,667.6055
2,0.9866681,63.05334,614.0468,158.44658,724.7035
2,0.9818116,681.1903,248.5952,793.69867,355.05875
1,0.8393352,180.61732,539.96686,303.23718,662.4605
