label,socre,x1,y1,x2,y2
2,0.9946483,24.21779,257.31586,104.537605,344.33185
2,0.98887795,525.5281,97.75303,605.65967,156.57637
2,0.98598194,407.96735,109.215965,478.3488,183.58304
2,0.79540163,180.6564,76.889565,283.98203,183.51164
2,0.7651371,348.5895,461.20737,397.5338,510.61774
