label,socre,x1,y1,x2,y2
2,0.9928752,254.93018,207.85072,404.18686,352.36282
