label,socre,x1,y1,x2,y2
2,0.9666577,463.86124,350.97028,548.7274,433.28845
2,0.9564008,229.2479,589.08215,313.71454,681.3843
1,0.80831146,872.9328,429.6573,1018.8265,602.65674
1,0.75002146,113.77936,271.7206,308.82095,410.29517
