label,socre,x1,y1,x2,y2
2,0.99855274,636.9549,425.83777,688.5282,493.45486
2,0.99768996,512.3706,648.30066,564.12427,715.3575
2,0.996639,763.9254,93.678635,834.9972,146.67255
2,0.9927533,353.0502,90.422195,405.86954,160.73364
2,0.9823376,177.24916,458.5671,238.42174,504.9579
2,0.9643221,71.30213,467.52737,127.12062,512.7027
2,0.9402632,942.6953,245.17102,998.1511,305.61966
2,0.9088481,393.00317,531.9335,444.63678,602.5306
