label,socre,x1,y1,x2,y2
1,0.9632344,605.5089,293.1883,703.21106,394.8699
