label,socre,x1,y1,x2,y2
2,0.97707045,158.18146,193.03862,250.9166,271.6796
2,0.89217114,52.168934,424.88724,142.85535,511.4127
