label,socre,x1,y1,x2,y2
2,0.9832856,69.70545,588.2136,247.34763,752.0768
1,0.9708254,328.84238,58.576443,514.54004,230.90991
2,0.9254262,318.66104,461.65378,503.77826,614.5602
1,0.8481315,582.8654,131.62428,746.88055,317.9035
