label,socre,x1,y1,x2,y2
1,0.9994286,101.141685,566.8553,303.2773,720.48676
1,0.98026246,518.5947,105.28305,672.52686,260.26645
