label,socre,x1,y1,x2,y2
2,0.84259695,131.7624,183.30843,222.82648,257.20947
2,0.832736,245.45473,382.4177,358.4678,475.1865
