label,socre,x1,y1,x2,y2
1,0.9997873,179.31566,581.56104,339.13034,761.6037
1,0.9996526,525.31323,223.24916,704.19006,409.8645
1,0.9991423,229.3738,121.83785,392.14114,261.8021
1,0.9986809,424.78497,594.73566,576.1746,759.7465
1,0.9972012,763.79034,363.5189,873.41077,517.50446
