label,socre,x1,y1,x2,y2
2,0.9956905,769.79376,331.87418,886.50073,432.2463
2,0.995602,308.49835,186.71973,403.16382,308.03955
2,0.9926663,886.2684,195.94026,987.60016,310.20206
2,0.98459584,383.91147,322.91367,465.31735,409.8131
2,0.98153734,49.05039,549.9682,154.13565,640.907
2,0.9031961,272.25583,674.9613,369.24506,761.0936
2,0.8966813,544.2798,438.63672,630.7412,521.3831
