label,socre,x1,y1,x2,y2
1,0.99364424,755.31836,89.48829,949.1903,306.62534
1,0.99014497,48.481632,26.992214,325.803,216.37215
1,0.93078876,216.59967,577.4141,495.1609,735.732
1,0.9232388,816.50885,497.96097,971.1281,701.4486
1,0.90347964,414.81726,200.98743,578.8384,385.47705
2,0.86240107,104.64268,421.2156,193.77428,513.2679
