label,socre,x1,y1,x2,y2
1,0.9929826,620.9179,483.2902,781.6189,678.6832
2,0.9833944,136.45078,42.722168,224.50894,140.31819
2,0.8441019,731.23395,239.8506,813.78094,340.18765
2,0.80004346,221.97343,321.71664,347.37195,438.5632
