label,socre,x1,y1,x2,y2
1,0.99611425,850.4063,116.98978,979.75916,241.80641
2,0.99288577,182.71767,53.945904,293.4225,164.27722
1,0.9859266,290.04654,191.48715,441.78302,342.5518
1,0.9702735,816.29504,480.24368,940.9309,611.0938
2,0.94194466,475.8907,389.17593,602.93274,515.9319
