label,socre,x1,y1,x2,y2
1,0.9996643,303.44867,385.38477,468.15512,545.63715
1,0.9993826,661.5381,412.72614,835.3179,567.79266
1,0.9961481,290.3728,98.40161,444.06064,232.82542
1,0.9748984,661.9694,173.12416,792.63403,309.33414
1,0.9522128,465.1941,151.35345,574.7784,261.98557
1,0.9261614,60.3913,303.13364,205.60237,447.92056
