label,socre,x1,y1,x2,y2
2,0.9990827,757.96967,296.69382,875.9386,406.58368
2,0.99896216,528.0696,253.6838,637.2451,354.17102
2,0.9985043,219.22403,249.22925,325.43863,367.19116
2,0.9980111,283.01315,448.6915,401.10455,567.6939
2,0.99093455,712.1269,488.2467,901.14374,649.41394
2,0.9851894,27.086084,174.24605,150.69969,357.30386
