label,socre,x1,y1,x2,y2
2,0.99092746,11.479524,615.23987,140.04483,720.3764
1,0.98913133,846.0925,549.10657,957.20496,675.56995
2,0.9829828,138.91437,61.062122,256.7617,148.06618
1,0.7738863,253.36835,277.66846,394.57697,369.5502
1,0.75841385,582.91956,672.39,696.8002,756.48975
