label,socre,x1,y1,x2,y2
2,0.9970701,236.49944,298.60284,358.14328,420.51083
2,0.99575424,616.313,377.31784,745.096,502.44022
2,0.99552673,33.845448,229.11287,151.70564,356.17493
2,0.9938538,718.8981,614.24963,852.4149,752.76807
2,0.9269604,657.45776,153.5409,796.3148,273.43652
2,0.8650779,368.2622,511.21445,490.82986,644.6015
