label,socre,x1,y1,x2,y2
1,0.9905737,619.0063,43.288673,789.00696,172.5384
1,0.88334405,107.771164,335.29343,249.4641,498.77945
2,0.87499595,463.81775,267.26935,596.76056,394.44586
