label,socre,x1,y1,x2,y2
2,0.9298695,586.6717,129.60503,683.0854,236.30772
2,0.8595148,567.7498,442.19748,694.59576,582.3946
2,0.84308255,705.2582,131.53654,798.7463,247.6154
