label,socre,x1,y1,x2,y2
2,0.9998574,213.80151,470.2593,315.144,608.427
2,0.99801046,547.51465,171.64667,642.6959,306.22064
