label,socre,x1,y1,x2,y2
2,0.9976419,445.57404,130.73882,556.57764,234.1051
2,0.9885395,574.9369,546.13574,668.44525,626.96136
2,0.979785,265.32266,608.3613,379.8537,718.23785
