label,socre,x1,y1,x2,y2
1,0.99852496,356.44653,182.63637,549.25977,417.20718
