label,socre,x1,y1,x2,y2
2,0.9950991,95.71907,44.948437,216.35454,185.59122
2,0.9868254,688.3837,384.66724,846.5124,523.2165
