label,socre,x1,y1,x2,y2
2,0.9983442,108.96084,234.3143,203.4909,345.6072
2,0.9890619,781.31,75.05585,883.05365,174.67383
2,0.97742385,712.18524,648.76794,819.2437,721.4444
2,0.9640704,458.2082,112.89973,543.25073,206.43416
1,0.91934323,321.68143,83.59513,415.80338,198.4731
2,0.8889532,505.25406,253.91566,591.69403,356.14645
2,0.8780577,591.40924,142.8653,701.47784,226.73868
1,0.8206351,680.2996,293.86646,774.54504,398.2339
2,0.81479335,786.68884,344.6687,906.9457,431.95535
