label,socre,x1,y1,x2,y2
2,0.99837863,488.19977,320.7283,615.97534,428.90887
2,0.99690694,230.4439,365.70227,324.83026,462.68372
2,0.99147815,806.1764,228.59216,880.92065,312.30954
2,0.9838606,886.1862,360.37393,994.0653,455.3253
2,0.93570024,492.21176,565.40674,583.7407,646.872
