label,socre,x1,y1,x2,y2
2,0.99827886,574.6522,523.3149,682.86316,626.3521
2,0.99269485,353.24295,635.4877,462.59137,754.8234
1,0.95501465,339.77603,88.74071,428.44284,180.74988
1,0.94737107,225.34659,204.192,405.07806,402.2595
