label,socre,x1,y1,x2,y2
2,0.98512846,32.107605,91.474815,127.072205,191.0599
1,0.93978876,818.03253,527.64844,908.1402,627.3027
2,0.8657296,128.32303,389.77972,206.61963,470.7089
1,0.8158124,585.4265,115.451866,668.8399,201.63249
2,0.79513115,700.3157,191.9329,777.7228,284.0421
2,0.78782976,124.991356,657.11237,230.66197,752.4219
