label,socre,x1,y1,x2,y2
1,0.88305146,699.2227,343.30817,820.9896,465.6659
2,0.85657614,375.31366,212.35724,508.1848,311.76962
2,0.7596159,17.573591,173.0736,99.659706,285.15903
