label,socre,x1,y1,x2,y2
2,0.9976228,327.54517,453.29126,459.57724,576.552
2,0.94515854,167.90039,532.7854,251.10832,688.64197
2,0.9157849,329.40155,103.07465,418.96436,266.66718
