label,socre,x1,y1,x2,y2
2,0.99913317,659.2013,223.82185,787.8632,344.06836
2,0.99078935,22.607601,115.376236,130.62015,220.09589
2,0.98771787,103.75274,341.0818,249.42133,454.2079
2,0.98712975,423.76154,467.00034,533.65015,563.69806
2,0.9712564,13.415565,9.181911,117.203964,96.55065
2,0.94938153,441.12064,17.701176,534.367,98.89805
