label,socre,x1,y1,x2,y2
1,0.95053077,471.72394,501.76135,641.7567,634.56915
2,0.95011026,562.14136,198.64568,659.512,286.966
1,0.9348915,654.73663,25.828703,769.0225,154.56685
2,0.89873606,175.14217,443.66116,306.60233,563.23834
1,0.8418164,380.673,56.668144,499.80118,210.09637
