label,socre,x1,y1,x2,y2
2,0.9956494,582.6454,415.9155,678.59265,506.30243
2,0.9831861,282.87152,43.938736,424.39844,185.81703
2,0.9437878,796.9671,248.0398,952.7,457.17014
2,0.941563,422.02673,559.75366,555.24835,731.9578
2,0.8334762,896.0925,562.9874,1000.27216,725.8475
