label,socre,x1,y1,x2,y2
2,0.9993401,524.4662,236.04318,664.5352,380.7234
2,0.99580103,64.06461,373.08823,193.92833,484.70587
