label,socre,x1,y1,x2,y2
2,0.95565677,886.7691,338.57153,975.11084,424.42426
2,0.9510943,274.89957,449.20898,361.85107,524.9089
2,0.944389,450.2294,370.72006,540.14557,455.73627
2,0.9387275,730.81354,524.52124,847.0727,622.1936
2,0.91360253,575.70544,489.51364,656.6105,572.25
2,0.9133103,402.71658,174.15005,488.50464,253.27892
1,0.8619109,220.27316,175.93613,312.64117,264.56857
