label,socre,x1,y1,x2,y2
1,0.99879044,400.54303,195.49666,571.7613,393.8766
