label,socre,x1,y1,x2,y2
1,0.99979895,488.73642,216.31555,661.3028,382.2635
1,0.99943024,161.2009,547.75,315.8843,717.91785
1,0.99476177,263.2206,209.45514,408.39658,369.3938
1,0.9879871,91.896164,19.498257,255.9769,174.27753
