label,socre,x1,y1,x2,y2
2,0.99926704,236.78842,566.3096,330.60342,709.6593
2,0.99912804,721.2527,359.4026,817.7805,495.1398
2,0.99278027,339.3986,359.75473,440.38898,487.68738
