label,socre,x1,y1,x2,y2
1,0.98426926,261.72824,485.87943,409.55682,633.08295
2,0.89082986,611.79486,336.18665,740.5692,482.16794
