label,socre,x1,y1,x2,y2
1,0.99818194,727.7654,279.82538,871.5122,436.93878
1,0.99583286,183.02838,270.19052,334.6224,446.5739
1,0.94965905,723.4032,61.417324,859.90027,199.32986
2,0.88806576,925.83057,550.36993,1011.9239,676.8458
1,0.818374,772.15247,485.12613,887.8806,658.78625
