label,socre,x1,y1,x2,y2
2,0.9848409,440.05276,605.7186,533.8006,654.09595
2,0.98324984,823.95056,258.56158,899.7021,312.76776
2,0.97192097,391.04202,119.535965,458.6142,165.2852
2,0.96547437,464.923,453.15833,544.882,499.73026
2,0.96299964,35.338108,212.2065,110.958405,271.98434
2,0.9124329,590.13086,154.9674,643.877,235.33386
2,0.86796373,631.15326,378.98337,699.2731,445.30505
2,0.86437196,146.2588,513.35443,203.84775,595.57776
