label,socre,x1,y1,x2,y2
2,0.99505687,465.59885,574.79297,607.0559,729.2373
2,0.7883954,215.52011,11.196145,398.25504,159.75952
