label,socre,x1,y1,x2,y2
1,0.9912633,707.30585,416.0501,922.9147,572.19403
1,0.7885762,354.63632,417.61703,513.75665,580.2964
