label,socre,x1,y1,x2,y2
1,0.99877435,355.36423,544.438,503.78754,715.4538
1,0.9902485,648.55804,455.1282,775.9761,633.60284
1,0.939129,105.72661,211.7576,277.52335,350.31482
2,0.9216885,173.27773,36.072243,276.9384,145.11853
