label,socre,x1,y1,x2,y2
1,0.98939204,558.5744,452.0636,752.6738,620.63116
2,0.9779885,823.239,353.82635,978.48596,480.24207
1,0.9363494,340.92502,393.20355,502.441,549.53125
1,0.86742437,293.4806,131.97507,453.24783,285.6364
