label,socre,x1,y1,x2,y2
2,0.99346304,487.4175,345.85376,615.1933,482.80734
1,0.98685324,69.2503,226.51094,234.70262,400.28564
2,0.9725677,883.06866,612.3051,990.3815,706.4907
2,0.9535823,695.6084,521.3299,807.6736,685.10486
1,0.93502057,359.84695,154.37537,468.8408,285.89417
2,0.91134846,148.34593,513.28705,231.1027,607.82556
2,0.89997494,250.8884,362.3502,399.3551,490.0378
2,0.88899875,789.6473,219.36746,929.5543,362.2973
