label,socre,x1,y1,x2,y2
1,0.9648265,431.62576,413.626,593.169,597.34326
