label,socre,x1,y1,x2,y2
2,0.9964743,796.18,487.66882,892.7568,589.0459
1,0.989011,916.857,266.70465,1002.39856,357.46396
2,0.9842535,37.310253,80.30127,120.564804,176.74028
1,0.96266747,249.71265,465.52713,347.94687,558.44214
1,0.9012787,266.5489,264.60657,374.8149,348.13083
2,0.80967337,451.8609,614.9169,563.297,709.8616
1,0.7961579,74.04381,435.83362,166.17938,541.3374
