label,socre,x1,y1,x2,y2
1,0.9958561,226.95036,341.11124,370.6755,549.7614
1,0.9631842,602.4018,225.5692,785.8399,359.60052
2,0.8857539,586.70306,627.1386,652.4481,726.3669
1,0.865884,708.6607,568.28656,870.012,730.02985
