label,socre,x1,y1,x2,y2
2,0.99861026,852.064,471.45258,944.97455,572.3285
1,0.9961979,527.81665,212.44148,686.378,390.09695
2,0.9642637,181.34784,422.73703,304.02988,585.59375
2,0.7905557,648.95703,574.6557,759.76294,726.3504
