label,socre,x1,y1,x2,y2
2,0.9975464,580.74084,63.38543,747.08093,208.75345
2,0.99689865,159.15594,303.79434,276.8727,432.65543
2,0.9944752,831.8997,157.7506,929.6035,260.88333
2,0.99018246,191.73967,55.570385,343.09357,197.75911
2,0.96809274,620.993,521.2283,715.8242,601.115
2,0.9475162,644.2361,272.09186,760.0692,400.35873
1,0.76338565,318.39572,560.8608,470.33798,682.8819
