label,socre,x1,y1,x2,y2
2,0.98738396,225.45537,273.14337,364.8218,417.66492
2,0.98476833,685.7397,511.84152,835.6678,634.96027
2,0.973751,614.94165,10.379113,764.3163,157.65302
2,0.96871465,583.34985,328.97845,713.05646,444.58588
2,0.9644128,776.9189,167.7084,916.5843,291.53433
1,0.93656015,390.42242,417.59906,575.87573,579.5395
1,0.8323222,71.99813,19.857117,233.75803,141.68207
2,0.81306696,774.81165,315.9351,886.7573,425.97263
