label,socre,x1,y1,x2,y2
1,0.90980583,330.47406,264.03207,436.6252,379.18906
2,0.86646956,98.349785,448.8558,212.45198,545.5445
