label,socre,x1,y1,x2,y2
1,0.99456114,519.99347,483.50696,693.66925,645.744
1,0.9914016,159.08525,271.17795,312.3579,458.94315
