label,socre,x1,y1,x2,y2
2,0.9702285,910.89545,606.34485,1018.66943,733.65924
2,0.94820976,345.35678,260.30814,474.55862,409.16464
2,0.82798815,773.7648,501.96005,882.86505,607.7936
2,0.8260992,649.7855,328.66797,787.3498,474.85052
2,0.8051701,383.47162,621.39075,515.15857,750.61584
