label,socre,x1,y1,x2,y2
2,0.99391574,232.2119,531.3112,334.33997,624.9458
