label,socre,x1,y1,x2,y2
1,0.99361444,656.3045,420.7438,812.2346,579.64624
2,0.9292019,428.33447,70.46509,536.71545,196.60161
1,0.91325206,362.0998,373.88776,458.95398,472.83655
2,0.8832966,650.6586,645.24066,763.1161,744.3544
2,0.8801359,219.41455,471.89578,324.3972,571.45874
