label,socre,x1,y1,x2,y2
2,0.9965197,212.58809,370.6151,310.99557,494.50745
2,0.98871756,133.26118,184.48732,228.3043,296.56787
2,0.98575413,87.02977,663.42004,176.85666,762.7361
2,0.9627048,595.15375,648.9318,691.8624,743.78357
2,0.96081007,571.9999,103.95716,658.08453,203.1963
2,0.9374817,469.0983,428.3325,558.91754,519.92737
2,0.9107193,760.08203,532.9237,858.0576,625.8375
