label,socre,x1,y1,x2,y2
2,0.99418616,547.6591,359.70648,625.18115,433.8914
2,0.9925195,804.51843,588.309,903.32776,682.3733
1,0.97102416,228.40765,609.5676,310.02863,678.61707
1,0.9617761,814.20966,231.53511,916.237,325.32657
1,0.9392369,218.57758,145.62265,320.15308,229.24597
2,0.9094315,408.5624,615.9276,489.23853,697.21484
1,0.8877172,414.50558,152.7547,508.78906,258.57663
