label,socre,x1,y1,x2,y2
2,0.99826944,48.538998,160.8887,201.55013,266.35168
2,0.99816626,584.55585,513.45215,729.8367,613.19055
2,0.99737537,465.70535,155.78203,616.9795,272.79288
2,0.9964939,285.81052,524.5158,425.80875,650.78406
2,0.9962651,53.68061,392.0518,173.37154,493.1691
2,0.97873324,570.91486,318.1637,740.3867,431.44974
