label,socre,x1,y1,x2,y2
1,0.98537827,172.61453,345.12024,420.8073,519.2821
1,0.9355935,704.62585,263.94058,899.1826,404.63477
