label,socre,x1,y1,x2,y2
2,0.999648,730.2825,203.63168,829.84406,306.46518
2,0.99836355,813.8664,565.4973,910.3202,661.40894
2,0.853774,491.94833,478.4391,635.77704,622.51373
