label,socre,x1,y1,x2,y2
2,0.99952435,722.7029,442.77795,830.48663,543.85474
2,0.9990932,452.4432,321.13693,547.29407,428.86832
2,0.9952996,406.98367,113.24263,505.49753,203.1127
2,0.9820015,533.5553,516.9785,650.2944,649.28625
2,0.97451043,287.79654,599.39386,375.2258,700.6592
1,0.95351076,150.23161,161.51569,307.75885,312.2924
