label,socre,x1,y1,x2,y2
2,0.9976051,303.7021,453.48743,416.57816,570.8846
2,0.9881563,208.98074,181.4831,347.82303,302.5387
2,0.9479633,600.08014,326.55624,776.8625,506.3111
