label,socre,x1,y1,x2,y2
1,0.95848674,368.6812,188.28888,526.95337,423.02228
