label,socre,x1,y1,x2,y2
2,0.93288684,277.82306,145.47981,393.26102,324.02994
