label,socre,x1,y1,x2,y2
2,0.9987196,828.406,207.03442,944.662,316.972
2,0.9980247,111.253685,323.7702,240.12749,419.70215
1,0.9966941,266.7759,406.5536,408.26648,524.6313
2,0.9966935,628.5616,100.44713,735.30524,194.19356
2,0.99652773,510.41916,254.13908,632.3846,366.4228
2,0.9890224,505.29773,79.50492,589.3676,181.82182
2,0.9881022,800.0552,345.70697,898.87634,449.04962
1,0.9749288,93.72857,527.5831,198.77316,622.1426
1,0.9319319,519.19183,490.52536,652.6404,651.8283
