label,socre,x1,y1,x2,y2
2,0.99724317,154.21007,374.26306,274.6452,509.0676
2,0.9931318,909.87006,566.4997,987.69116,659.43024
2,0.9743027,382.66635,37.856068,476.6935,127.76645
2,0.9403181,149.70958,70.556244,279.29028,213.8128
1,0.9335732,672.187,92.679726,793.64374,217.32477
1,0.85967696,602.5472,272.42572,725.8278,406.42758
2,0.85529166,362.94617,583.7057,489.3356,709.2993
1,0.8365756,540.2528,571.0121,667.3362,709.43054
