label,socre,x1,y1,x2,y2
1,0.999432,170.97429,420.98947,309.7749,583.0362
1,0.9988992,668.233,467.57153,807.22736,631.24365
1,0.9869826,243.5499,92.566666,383.74307,254.17104
1,0.95993245,550.1111,208.3628,695.64557,329.02905
