label,socre,x1,y1,x2,y2
1,0.9444089,678.5357,298.1035,844.76447,465.43808
