label,socre,x1,y1,x2,y2
2,0.99896157,621.23114,141.16571,727.98663,254.83649
1,0.9970085,415.6209,128.8911,574.048,359.2873
1,0.9390327,150.4024,323.99393,302.2964,492.5732
