label,socre,x1,y1,x2,y2
2,0.99402183,492.67267,445.71725,594.2064,542.21234
