label,socre,x1,y1,x2,y2
2,0.99683845,176.04967,604.8996,229.44691,667.7934
2,0.98758477,780.10974,7.6452794,853.0937,73.41634
2,0.9843641,923.04456,332.52136,989.27606,387.19583
2,0.9792103,580.49384,334.44888,633.5763,399.45618
2,0.8641836,395.7248,574.3599,466.30328,626.0741
2,0.83628505,366.68417,71.88198,426.9802,130.46982
2,0.8293125,442.9696,212.59976,498.90427,286.8252
