label,socre,x1,y1,x2,y2
2,0.9894729,375.34927,198.60788,460.6756,287.29956
2,0.91900736,199.6909,392.0439,339.19513,529.8924
2,0.8317147,465.70383,456.2713,588.3937,570.8824
1,0.81403977,662.486,425.07263,796.1936,550.5128
