label,socre,x1,y1,x2,y2
2,0.99224263,690.9574,262.91418,803.17487,396.36984
1,0.9885889,144.32826,307.51758,268.14676,448.94266
2,0.96531326,324.94547,659.8207,415.88818,760.7874
2,0.9409687,523.27026,661.8366,630.3032,752.4115
2,0.9210835,196.168,39.123436,309.76562,127.303
2,0.88695663,860.6069,154.19127,1004.9912,295.57776
2,0.8775989,411.30817,411.96393,554.34485,533.28033
