label,socre,x1,y1,x2,y2
1,0.99696916,12.874765,554.08,168.01764,697.4914
1,0.90485203,408.5746,302.74377,589.01526,423.66702
