label,socre,x1,y1,x2,y2
1,0.99846125,817.83954,279.32257,967.8366,455.56726
1,0.9966092,57.887188,238.58281,197.60211,390.7527
1,0.79828554,551.81793,393.4887,681.58905,540.11334
