label,socre,x1,y1,x2,y2
2,0.98866093,404.13428,358.9418,457.98486,412.3642
2,0.9874484,266.34348,212.61201,322.37695,274.90836
2,0.9678785,446.67725,90.81646,494.26636,141.76411
2,0.962493,481.1265,250.25429,542.9902,303.87097
1,0.96193326,410.09955,146.13025,455.97015,196.02405
2,0.9176369,391.07965,451.4069,438.89255,503.2998
2,0.9071872,505.5702,23.348104,555.5329,76.92581
2,0.9029681,586.51306,143.69507,632.25665,201.06079
2,0.784348,269.80292,559.4318,320.89197,610.2746
