label,socre,x1,y1,x2,y2
2,0.9953122,705.14215,91.53597,840.2783,210.04063
2,0.9932327,147.70966,338.97476,249.04045,458.1221
2,0.9910301,58.615807,190.92908,137.1516,268.4632
2,0.97074294,185.25838,133.0615,275.0247,226.5154
1,0.7797775,561.06586,517.2478,709.57007,661.18335
