label,socre,x1,y1,x2,y2
2,0.974802,229.4895,647.8008,316.63803,750.48517
2,0.9436153,509.03882,507.16638,679.0584,678.0841
2,0.8697044,727.0593,66.61056,887.58386,238.49359
1,0.8510041,723.4363,292.80457,907.43463,450.87186
