label,socre,x1,y1,x2,y2
2,0.9993755,554.54877,350.36865,657.76733,460.58835
2,0.99898475,847.79694,285.52106,948.9439,406.96088
2,0.998792,65.52411,52.27904,192.3241,175.54787
2,0.944015,268.53088,383.2709,353.62335,475.79266
2,0.8768191,341.33466,241.2651,445.62683,336.18497
