label,socre,x1,y1,x2,y2
1,0.92566615,826.68555,269.86237,970.5128,417.62283
