label,socre,x1,y1,x2,y2
1,0.9863794,252.87802,177.10344,374.85968,317.0142
2,0.98471224,604.3177,219.41107,715.7546,347.57748
1,0.9730306,504.47714,541.247,645.47644,688.74365
1,0.82911134,252.94383,481.1165,405.5509,621.12964
