label,socre,x1,y1,x2,y2
2,0.9969928,21.227673,221.61546,141.69888,340.2545
2,0.9935184,660.99817,9.379333,781.6851,124.33029
2,0.9843536,363.14355,252.13818,438.175,335.23654
2,0.9499972,584.1129,359.70206,657.28345,434.77982
