label,socre,x1,y1,x2,y2
2,0.9993069,250.33539,514.8316,363.64783,636.4739
2,0.9977913,383.0858,135.75131,501.63644,266.77203
2,0.9973718,111.470406,413.2748,225.98576,530.76385
2,0.92112255,136.88327,8.046687,244.95767,97.65259
2,0.8607155,59.022175,593.83856,174.58873,701.982
2,0.83354974,96.01296,256.2303,208.00076,353.6715
