label,socre,x1,y1,x2,y2
2,0.9911413,830.30426,267.31247,970.01825,389.28333
1,0.9747274,707.4157,31.865082,865.2565,162.64891
1,0.95883185,5.1902924,136.76976,114.2828,290.07132
1,0.9306781,11.709289,503.15994,144.80002,677.18
2,0.90409565,219.29295,549.5432,330.19766,670.86346
2,0.8345335,839.1541,573.61395,963.99,673.37354
1,0.8259421,508.77386,186.98169,643.4448,338.27057
