label,socre,x1,y1,x2,y2
1,0.98876184,666.5785,469.66254,806.59937,644.0585
1,0.9123558,205.15959,289.4911,364.82492,445.78107
