label,socre,x1,y1,x2,y2
2,0.99906844,638.768,499.16687,737.59247,616.95764
2,0.998565,650.14465,173.35849,770.691,272.3686
2,0.9783569,852.7207,306.6092,941.3859,418.78757
2,0.9272484,375.97827,417.4869,480.0963,554.65753
2,0.90473217,488.82672,161.0661,578.92334,266.15793
