label,socre,x1,y1,x2,y2
1,0.98570806,577.59155,376.7783,732.13544,537.7401
