label,socre,x1,y1,x2,y2
2,0.9972631,39.279087,285.46265,131.84085,390.19412
1,0.9862527,283.43674,443.6338,443.12677,584.0065
2,0.7975264,860.4691,12.918738,968.0669,123.09495
