label,socre,x1,y1,x2,y2
1,0.9876639,154.59013,67.59256,339.38843,215.0858
1,0.9869444,593.11865,273.2313,726.3443,392.11038
2,0.9834462,440.7726,21.32592,553.82495,156.02328
1,0.9672235,823.2751,295.0783,953.1629,496.10092
1,0.9424916,499.01688,465.99423,616.22095,614.7143
