label,socre,x1,y1,x2,y2
2,0.9914102,680.6888,527.54645,823.1838,678.783
2,0.9903791,246.34273,19.351849,393.0197,132.97566
2,0.9456863,359.9974,333.60223,507.80997,451.87122
