label,socre,x1,y1,x2,y2
1,0.90063316,241.86192,553.5919,426.803,737.6595
1,0.82540244,820.46484,7.6994824,957.6106,197.53389
