label,socre,x1,y1,x2,y2
1,0.9996964,493.83127,420.6885,650.5679,575.02203
1,0.9994523,338.92776,179.33678,531.0727,322.88245
1,0.9993843,319.03586,598.717,500.17654,745.2353
1,0.9991141,771.5394,211.03664,933.6615,339.13077
1,0.9913907,166.80966,99.567474,291.9874,236.22102
