label,socre,x1,y1,x2,y2
1,0.9816394,807.8861,287.07404,1004.7655,475.45844
1,0.96433353,258.8258,394.0003,455.33737,575.02
