label,socre,x1,y1,x2,y2
2,0.9988018,578.6214,393.527,673.1187,488.4319
2,0.9982937,640.6075,61.086834,777.3618,161.05669
2,0.99625885,568.4337,558.7027,667.9405,640.1447
