label,socre,x1,y1,x2,y2
2,0.99765354,286.21576,569.6092,378.5105,661.47723
2,0.99606735,687.0594,307.34073,780.9956,402.97522
2,0.98181367,86.20111,304.25226,258.75354,432.89185
2,0.9780542,50.551014,76.963875,185.8511,204.66714
2,0.878887,634.7741,496.75388,783.8259,656.2497
