label,socre,x1,y1,x2,y2
1,0.992149,832.7716,200.04248,907.74805,263.73694
1,0.9884432,375.72018,157.35631,447.10294,217.31555
1,0.9875754,329.67676,603.4637,399.4055,667.6503
1,0.986006,572.1317,564.61926,645.1333,642.3412
1,0.97192943,444.10974,13.952265,529.42694,73.96247
1,0.88228583,188.68779,381.93155,265.14392,455.28888
1,0.88002264,682.63745,232.66177,750.3031,292.80667
1,0.86334723,564.6996,414.14597,631.76996,480.19888
