label,socre,x1,y1,x2,y2
2,0.99851507,37.81719,78.77266,158.66939,185.22935
2,0.99761,748.9127,398.90628,879.1097,512.95026
2,0.9975993,62.95179,354.36346,170.77779,468.0447
1,0.96771485,232.71184,137.70494,450.9263,303.7534
2,0.8438021,341.7667,498.78677,480.03983,679.97284
