label,socre,x1,y1,x2,y2
1,0.99469346,41.571934,378.17114,201.97379,536.5153
2,0.9117445,166.89932,631.2909,244.49913,708.76697
2,0.8348739,137.43571,144.9143,205.36523,219.99103
