label,socre,x1,y1,x2,y2
2,0.9985424,337.13217,365.70267,454.46115,494.7205
2,0.99812347,104.45878,578.57776,235.94695,708.9831
1,0.8349442,231.29866,41.381233,348.184,194.21567
