label,socre,x1,y1,x2,y2
1,0.99951065,53.743923,435.7357,238.5255,611.5794
1,0.9993449,693.3277,230.05634,841.4787,404.47522
1,0.9982339,531.2766,575.84973,677.3307,737.06274
1,0.98910624,348.49463,185.7183,493.1952,344.59708
