label,socre,x1,y1,x2,y2
1,0.99880683,171.13199,172.50845,311.65384,324.35208
1,0.9555614,50.778965,528.05774,168.86638,624.21515
1,0.93046105,580.88586,506.43472,718.20306,644.577
1,0.9292601,659.75555,370.01776,807.5114,492.1798
