label,socre,x1,y1,x2,y2
1,0.9941269,642.3073,468.0327,846.2813,669.0706
1,0.9824515,265.40735,177.68709,426.57098,383.30673
