label,socre,x1,y1,x2,y2
2,0.96560127,384.47455,153.37253,503.67667,266.84177
2,0.8746727,920.4716,482.38004,996.8741,573.17914
2,0.814702,396.14575,310.7596,498.98593,437.65945
