label,socre,x1,y1,x2,y2
1,0.99136657,654.16144,58.08172,726.1411,127.055916
2,0.99006265,85.09794,342.82196,154.82054,394.86465
2,0.96764326,83.33718,477.96274,141.80978,543.30896
