label,socre,x1,y1,x2,y2
2,0.99598676,799.0016,170.12233,942.2264,289.71692
1,0.9815061,433.81284,45.68272,584.0677,219.2707
1,0.890292,217.96732,569.52454,387.66174,726.4192
