label,socre,x1,y1,x2,y2
1,0.99642414,457.22226,580.09393,583.4065,685.8355
2,0.9953687,214.21248,34.34454,319.15906,148.78932
2,0.9798125,447.70328,206.35641,578.3225,312.60324
