label,socre,x1,y1,x2,y2
2,0.9942625,528.7716,366.05777,676.0841,480.79752
1,0.98859054,837.57166,505.72253,987.8204,694.2397
1,0.95242304,783.048,17.215326,924.0551,173.51064
2,0.947172,287.58704,22.585026,405.41705,147.57498
2,0.94714314,274.26584,489.51364,406.0312,613.7722
