label,socre,x1,y1,x2,y2
2,0.9801988,170.19861,92.10405,281.0053,189.17522
