label,socre,x1,y1,x2,y2
1,0.98237085,765.6324,359.3865,920.8287,551.0942
1,0.97518563,274.4436,413.37714,459.45502,594.9374
2,0.95311993,524.9281,353.77963,658.9327,520.73315
2,0.9213851,88.26139,14.267724,259.5492,166.06807
