label,socre,x1,y1,x2,y2
2,0.9992324,815.6139,445.13995,915.08484,540.9321
2,0.99385,93.57068,103.35903,196.65692,215.06349
2,0.98021334,146.71745,350.4638,248.17776,464.08282
2,0.9787714,623.27405,172.51396,712.33514,290.15018
2,0.8943654,467.03568,308.9771,534.307,402.86475
2,0.87084717,152.99873,552.48627,248.66135,666.49994
