label,socre,x1,y1,x2,y2
2,0.99697936,741.9325,375.6751,872.7521,517.4907
2,0.9902236,292.65842,259.2087,441.8781,398.5735
2,0.9770732,127.38692,366.20267,246.08624,507.07703
