label,socre,x1,y1,x2,y2
2,0.994474,275.67303,565.2502,399.70178,658.54785
2,0.9924792,672.3171,409.28983,773.78796,536.2353
2,0.9919521,147.72942,237.42862,261.26126,348.1494
2,0.98220074,465.3743,59.775314,575.447,155.21794
