label,socre,x1,y1,x2,y2
2,0.99802196,589.8482,271.43018,689.63293,378.07117
2,0.99696106,820.1684,293.5671,918.99695,380.06067
2,0.98035496,130.8631,326.3249,268.12033,433.39493
2,0.9790437,746.9742,576.7729,895.4132,703.9942
