label,socre,x1,y1,x2,y2
1,0.8504545,582.3984,365.0909,633.15497,407.23962
1,0.77475965,300.22174,581.9866,352.2428,637.4247
1,0.7634307,210.35957,307.76385,262.71964,359.26114
