label,socre,x1,y1,x2,y2
2,0.95874375,397.02393,581.242,492.61057,672.656
2,0.9499825,147.189,34.466408,287.0242,117.63477
1,0.8449254,37.59216,264.47433,186.81332,397.20624
2,0.78518057,281.27554,223.95592,376.70172,315.25955
