label,socre,x1,y1,x2,y2
1,0.973267,485.45435,402.5003,670.6942,535.6921
