label,socre,x1,y1,x2,y2
1,0.99932384,509.02908,92.939224,701.6067,264.0127
1,0.99912983,125.303,379.44083,288.2231,606.87524
1,0.9988154,618.5243,541.14557,797.1749,710.2329
2,0.92805105,847.9561,533.3734,924.37744,612.9305
