label,socre,x1,y1,x2,y2
1,0.99938166,511.00937,379.27536,702.61224,566.2044
1,0.9755588,751.1141,63.280743,882.27673,204.40688
1,0.9593015,177.42513,602.7708,307.60574,714.54486
1,0.8312495,853.6187,424.31668,981.91895,566.1322
