label,socre,x1,y1,x2,y2
1,0.99888176,448.2831,395.0304,628.0023,606.92896
1,0.9742508,79.2436,299.5007,255.62881,430.76114
