label,socre,x1,y1,x2,y2
1,0.8789176,757.76385,286.27017,835.3688,359.6546
