label,socre,x1,y1,x2,y2
1,0.9898051,458.34216,656.4035,529.07904,722.35284
1,0.91817635,212.54588,274.5692,279.7424,342.844
