label,socre,x1,y1,x2,y2
1,0.9850295,252.34357,106.415405,396.59686,245.2201
2,0.97293097,846.9418,217.54333,972.1288,334.63162
