label,socre,x1,y1,x2,y2
2,0.9988416,749.7169,214.0038,885.14355,355.7409
2,0.99647564,377.2112,334.26352,529.6249,456.7415
