label,socre,x1,y1,x2,y2
2,0.99647814,47.022892,609.17914,162.97073,729.6288
2,0.99614394,673.2425,198.1613,796.6039,323.28586
1,0.9822197,254.32523,519.66547,400.6678,678.32166
2,0.9820535,516.1542,372.34088,656.1035,507.62976
2,0.92437226,827.9394,177.27621,941.7473,327.34534
2,0.9051682,737.20776,605.3589,892.71155,748.697
2,0.8969234,772.4499,401.45712,879.5525,500.02176
1,0.80228704,114.147865,167.33095,265.78754,315.27716
