label,socre,x1,y1,x2,y2
1,0.9758942,680.0646,466.0252,852.88477,686.2246
1,0.9101776,232.06699,17.112173,460.6594,143.50212
1,0.84948176,363.0604,335.67807,493.5292,560.98456
