label,socre,x1,y1,x2,y2
1,0.9984597,47.135883,259.1324,220.80629,388.5993
1,0.99710804,394.01703,574.48883,558.99506,737.5454
1,0.99442047,288.75046,373.39862,467.73172,493.9511
