label,socre,x1,y1,x2,y2
2,0.99875975,653.60266,382.50476,759.50183,496.93265
2,0.9984927,783.2268,257.25613,891.82245,366.87286
2,0.9978927,259.2769,215.95833,359.32565,319.8922
2,0.9090086,319.83298,396.87027,453.31586,570.27313
2,0.89027184,95.394714,336.31073,201.35555,462.68542
2,0.8013371,512.98444,586.1539,627.647,710.65753
