label,socre,x1,y1,x2,y2
1,0.97410357,124.81917,136.82042,277.5156,273.75946
2,0.9456901,219.71732,447.1266,340.11795,575.2015
2,0.8978482,620.9992,612.8661,802.4374,741.29706
2,0.8066248,823.40906,308.1069,954.6757,454.07654
2,0.7628264,521.0931,200.47893,670.3519,335.33948
