label,socre,x1,y1,x2,y2
1,0.99139625,529.4571,382.1271,678.6394,578.8528
2,0.8899372,599.0703,618.2081,683.5231,738.6075
