label,socre,x1,y1,x2,y2
1,0.93224984,772.35345,519.53705,973.36774,679.79083
2,0.8727756,182.61597,31.801397,350.78534,186.3323
2,0.83908993,555.6858,260.68213,699.6192,389.84964
