label,socre,x1,y1,x2,y2
1,0.9926139,237.43234,563.7155,389.00635,747.16376
1,0.9690727,677.42505,215.41592,870.8027,373.63147
2,0.87212425,586.9656,84.774086,691.9587,183.51793
2,0.8480045,392.5269,296.22656,553.14496,409.67688
