label,socre,x1,y1,x2,y2
2,0.9998286,460.06006,98.8315,544.1978,214.32207
2,0.99918634,440.01773,461.86652,534.05347,570.4056
2,0.9991357,749.4178,423.00607,847.26196,537.17914
2,0.9989046,323.9466,616.5019,438.6134,700.5079
2,0.9979533,809.7682,224.3968,904.5225,317.3094
