label,socre,x1,y1,x2,y2
2,0.99875224,704.4807,212.02008,814.69495,311.3281
2,0.99729687,577.99677,465.93375,681.10736,565.3542
2,0.99690175,889.66156,67.680145,1003.1198,178.61287
2,0.99233717,126.23049,398.00244,222.8943,498.20496
2,0.9779912,290.5527,326.78735,391.33566,416.648
2,0.97583723,432.351,283.18085,540.3289,415.91373
2,0.9740384,107.22906,678.1145,192.04082,752.34467
2,0.9402193,409.9528,621.3371,512.4569,736.6965
1,0.78183764,200.63628,92.42783,301.39624,194.80116
