label,socre,x1,y1,x2,y2
1,0.9945134,664.90924,123.3358,839.09814,318.77374
2,0.990724,403.637,463.54663,580.58514,590.7144
1,0.98625237,760.55536,505.73413,906.60974,709.5022
1,0.9566423,229.43832,205.80042,426.29004,357.18362
