label,socre,x1,y1,x2,y2
1,0.9975259,398.5854,294.25595,565.9251,443.13815
1,0.96483696,796.439,102.391464,913.5223,210.3052
1,0.9630274,78.47618,406.1831,183.44827,527.8523
2,0.93189174,644.934,248.26137,736.87225,352.62585
1,0.9185087,286.48218,496.43787,397.94247,595.3684
