label,socre,x1,y1,x2,y2
1,0.9833968,104.075615,505.6405,266.445,632.03156
2,0.96966636,800.96173,247.71935,971.96826,382.3575
1,0.8766612,322.3846,152.51912,499.97366,319.48447
1,0.82320315,532.8906,516.84534,740.2637,736.10187
