label,socre,x1,y1,x2,y2
2,0.99267817,275.6803,509.75693,335.8016,572.7642
2,0.98931164,737.864,257.03253,830.1262,317.7905
2,0.9695403,51.66808,309.98184,122.818146,363.39157
2,0.9530813,884.83826,262.5264,934.19366,341.29074
2,0.8616933,563.9885,596.00745,635.58795,686.2916
