label,socre,x1,y1,x2,y2
2,0.997789,452.98355,472.67514,551.3513,543.52924
2,0.9939569,82.62207,275.6095,168.83936,366.48166
2,0.98071045,151.85559,606.1007,228.51874,701.23914
2,0.9104441,654.0948,627.9362,725.1005,712.5186
2,0.9082216,390.0625,63.433235,474.34775,132.2758
2,0.84564877,323.87613,696.3393,395.76007,760.5904
