label,socre,x1,y1,x2,y2
2,0.99843985,295.38498,390.90674,402.9361,494.02264
1,0.98441815,311.7554,128.8888,455.2171,277.71738
1,0.98092616,821.2518,250.34846,946.0225,422.15353
2,0.91454726,83.26427,393.22913,207.22012,508.93387
2,0.8497623,512.2229,181.76616,652.38916,348.9985
