label,socre,x1,y1,x2,y2
2,0.9955829,590.8871,56.461292,701.7147,169.62067
1,0.985579,459.81372,336.4693,615.76965,502.847
2,0.9725815,165.0299,135.29915,261.05902,223.20076
2,0.93741435,332.36722,181.91577,437.0845,285.9995
1,0.9338165,52.57819,338.51572,222.10477,481.16476
