label,socre,x1,y1,x2,y2
2,0.9967908,800.3301,571.87164,950.40607,761.4238
2,0.9545571,319.59875,82.62506,476.41702,250.81895
