label,socre,x1,y1,x2,y2
2,0.9760809,452.68655,221.65631,597.9999,362.26257
