label,socre,x1,y1,x2,y2
2,0.99383307,180.79231,78.41081,274.74036,167.32176
2,0.98953,807.452,476.54205,890.6638,557.92334
2,0.96377337,352.11252,313.04623,454.07922,413.55316
2,0.9337245,655.314,456.7509,740.1521,546.6538
2,0.83134496,506.44095,25.79625,590.5441,101.03451
