label,socre,x1,y1,x2,y2
2,0.99662364,204.08328,157.55635,314.84912,277.8
2,0.9866462,37.569794,285.27264,158.81561,410.74182
2,0.9509615,166.66153,527.2165,283.65686,669.67285
2,0.9256069,159.25504,350.03308,277.74384,463.71777
1,0.86254686,469.09686,120.374344,639.58044,272.76868
1,0.822487,335.1992,363.17212,476.69104,495.2503
