label,socre,x1,y1,x2,y2
2,0.9806505,284.52686,483.692,376.6145,566.3522
2,0.9737032,689.82306,389.8889,781.733,466.51828
2,0.9521207,403.4804,628.892,485.01144,699.8071
1,0.90138674,789.4653,527.11914,910.1638,641.13837
2,0.8953644,507.4694,365.6597,634.8498,456.36792
