label,socre,x1,y1,x2,y2
1,0.97203517,197.52937,233.30267,373.70456,416.06042
