label,socre,x1,y1,x2,y2
2,0.99871373,185.76004,88.52592,300.4754,184.47462
2,0.9198619,459.90967,289.9834,566.4359,387.95963
