label,socre,x1,y1,x2,y2
2,0.9891804,470.20294,138.44722,577.798,251.71188
2,0.98338497,115.17668,194.87778,247.5997,323.4263
2,0.9811655,508.52954,445.03253,627.79913,554.7663
2,0.88232934,240.02701,109.012924,321.1268,182.54544
