label,socre,x1,y1,x2,y2
1,0.878436,239.74608,254.53683,394.86932,451.78137
