label,socre,x1,y1,x2,y2
2,0.9992518,245.53801,539.7444,350.14078,659.10443
2,0.99896526,368.39407,253.66805,463.13705,361.27094
2,0.9975793,428.60416,107.14617,516.43976,206.07167
2,0.9534387,298.94888,27.169683,402.4606,124.60396
