label,socre,x1,y1,x2,y2
1,0.99842083,402.2004,216.65633,613.5979,376.83072
2,0.99781346,641.1113,581.88324,785.29285,745.82367
2,0.91702366,56.789387,555.0213,199.83899,702.954
1,0.90542716,118.404976,310.78864,290.03378,460.19824
2,0.85184056,266.5017,125.95529,374.81943,231.13564
