label,socre,x1,y1,x2,y2
2,0.99804664,306.89124,100.857124,412.66116,216.45673
2,0.9969343,88.80463,262.08957,196.07178,382.10913
2,0.9961479,447.16605,391.18103,562.1093,521.3238
1,0.9870198,741.72876,311.89642,819.83264,388.2344
1,0.9694224,671.2169,432.46783,757.0755,529.9679
