label,socre,x1,y1,x2,y2
2,0.9991893,733.1287,118.6099,834.1286,214.52492
2,0.9987264,617.19934,280.14587,728.965,395.23068
2,0.99609286,859.99316,299.37033,953.40295,395.44946
2,0.98812664,537.70734,20.493856,616.6511,114.93392
2,0.98634964,483.3621,423.01407,595.8932,534.1557
2,0.9858828,546.63574,618.21857,649.64594,712.8791
