label,socre,x1,y1,x2,y2
2,0.99503857,426.4652,444.4445,523.13464,530.0937
2,0.994769,507.98758,319.8824,596.1343,408.58914
2,0.9904169,140.25874,64.96192,257.04227,161.32837
2,0.87455744,291.02692,450.4615,362.47583,514.34924
2,0.87215096,84.28619,516.6089,158.48338,588.7957
2,0.8289417,258.56256,557.3688,352.24185,640.39435
2,0.75208586,74.61273,251.88951,162.69142,355.4655
