label,socre,x1,y1,x2,y2
2,0.89224154,320.9677,159.01096,455.5824,279.72165
1,0.88537973,243.12679,372.33405,382.48157,509.21982
