label,socre,x1,y1,x2,y2
2,0.99496967,365.54944,17.471008,490.12665,153.07341
2,0.99223036,310.66135,207.87099,435.67987,352.76788
2,0.98371416,315.59647,582.7601,404.02957,682.92816
2,0.9819443,183.5436,519.23267,272.27615,613.03455
2,0.94868416,559.09216,248.02522,653.39575,354.1616
1,0.94189095,470.37268,502.1207,613.94635,643.24084
1,0.9045305,594.7781,75.19833,723.66376,199.55061
1,0.7655465,855.59076,378.81467,1011.25867,516.5059
1,0.75157034,797.3863,38.343773,984.51984,197.86699
