label,socre,x1,y1,x2,y2
2,0.9965044,897.1766,341.63095,993.56647,424.9472
2,0.9946596,199.32301,146.57216,321.52032,273.38126
1,0.98337805,586.4299,536.2754,736.2928,684.96704
2,0.9415869,272.09235,480.8809,379.23447,589.84534
2,0.9405606,11.801925,608.19055,142.25719,722.85254
2,0.927611,747.3113,390.91898,821.2775,527.4535
2,0.8460646,65.345146,358.11264,196.67856,489.5457
