label,socre,x1,y1,x2,y2
1,0.94998556,247.49669,546.4639,399.7163,724.2334
1,0.89280057,244.09196,169.37682,400.63318,308.95193
