label,socre,x1,y1,x2,y2
1,0.94408906,301.68854,318.6997,447.25443,512.2243
