label,socre,x1,y1,x2,y2
1,0.99595624,100.95011,133.87558,233.2857,262.3106
1,0.99465066,659.31744,544.001,815.5216,676.9512
1,0.9591761,528.6235,29.089529,663.9449,134.39938
1,0.95693654,925.2712,638.7894,1012.1398,755.25323
