label,socre,x1,y1,x2,y2
2,0.99549955,410.83743,524.12164,504.0245,644.98285
2,0.99273646,574.8219,375.5383,712.3372,473.33524
2,0.9880206,828.1201,655.3392,951.95197,752.92236
2,0.910088,344.47354,316.30008,450.93372,409.1047
2,0.8120674,83.08845,568.2934,199.22072,672.2694
