label,socre,x1,y1,x2,y2
2,0.95469457,777.2696,511.47226,910.71234,642.1918
