label,socre,x1,y1,x2,y2
2,0.9985032,204.19673,429.3059,316.64462,568.3335
2,0.9894174,832.1163,93.634094,956.7,235.93112
1,0.90654266,385.68344,164.7919,546.21545,310.04868
1,0.87910134,828.86597,355.42838,966.83997,504.93127
