label,socre,x1,y1,x2,y2
2,0.9560626,370.3543,441.49298,473.6157,546.56934
