label,socre,x1,y1,x2,y2
2,0.9995839,316.9349,476.87955,425.8779,571.2611
2,0.99861324,587.4868,349.65634,697.90424,448.68982
2,0.997424,534.3493,40.358334,643.80664,141.77658
2,0.9961706,645.8489,656.72784,762.60986,755.1162
2,0.98920864,212.50632,162.19028,321.28387,253.84915
