label,socre,x1,y1,x2,y2
2,0.9977049,435.08795,463.08234,543.9611,610.6223
2,0.98061794,876.99725,272.17908,990.4039,379.3318
