label,socre,x1,y1,x2,y2
2,0.99987006,106.75494,506.70807,213.63281,609.8672
2,0.9899468,656.27295,146.31392,783.56116,303.69135
1,0.9692787,351.65292,529.50903,509.5257,661.57697
1,0.8952727,194.93501,140.49966,340.0407,317.67743
