label,socre,x1,y1,x2,y2
2,0.99718434,730.18176,661.5933,828.2446,762.8358
1,0.96109146,197.80531,464.24075,356.04565,618.34576
1,0.9276515,789.1093,361.54184,932.8443,546.52277
