label,socre,x1,y1,x2,y2
2,0.98467374,348.80994,31.41514,474.3355,166.096
2,0.97758967,638.95306,552.40967,822.5684,694.8615
2,0.9745875,67.89485,111.864395,205.88219,262.332
2,0.9480204,312.47433,457.55032,475.97473,590.4283
1,0.7755444,506.163,274.1046,669.882,447.39188
