label,socre,x1,y1,x2,y2
2,0.9975,189.22046,670.43646,285.61758,760.35596
2,0.99708,251.63763,501.88968,367.0518,612.2158
2,0.9949334,235.32574,241.87546,360.7995,349.09442
2,0.98865986,548.5483,503.8527,642.42267,593.77606
2,0.96435934,24.481014,416.44473,131.14345,538.9349
2,0.8999528,775.63367,358.7831,866.50024,445.58102
