label,socre,x1,y1,x2,y2
1,0.9167455,242.72684,95.59369,403.93222,297.10928
1,0.7762414,212.11745,545.511,424.50775,683.1607
