label,socre,x1,y1,x2,y2
1,0.99358165,310.88324,93.34911,449.67117,300.7576
1,0.98851097,65.3142,177.1865,215.56763,334.40887
1,0.9852132,538.3651,481.5568,776.8121,682.88007
