label,socre,x1,y1,x2,y2
2,0.9014064,352.10947,404.12897,517.8202,524.87366
2,0.86128664,648.3934,286.9832,877.87036,450.392
