label,socre,x1,y1,x2,y2
2,0.99060225,325.3685,430.0734,422.9986,548.49725
1,0.97335005,492.77997,364.03043,668.4915,496.54962
2,0.9649532,623.1404,73.47223,782.15094,203.3448
2,0.8580299,72.261856,281.619,196.20209,398.74625
