label,socre,x1,y1,x2,y2
2,0.7758477,588.3355,668.60486,713.0692,762.98175
