label,socre,x1,y1,x2,y2
2,0.99006337,494.79385,297.40213,653.6791,451.4225
