label,socre,x1,y1,x2,y2
2,0.9983961,541.0748,234.7614,674.34216,386.64185
2,0.9976083,822.9798,400.92715,921.68976,489.63818
2,0.9936639,247.72304,260.60712,351.46347,355.78342
2,0.99260616,337.61426,496.07565,447.76132,607.30817
