label,socre,x1,y1,x2,y2
2,0.99640805,366.48996,521.56555,483.8886,698.863
1,0.7940866,80.12125,142.09303,232.30951,292.2075
2,0.78315914,803.3284,303.7051,931.68494,472.02972
