label,socre,x1,y1,x2,y2
2,0.9932597,591.7015,74.44044,740.7132,208.81418
2,0.98896176,151.4218,605.73505,304.03818,750.647
