label,socre,x1,y1,x2,y2
2,0.9826705,454.46616,9.912231,606.35223,158.11557
2,0.9652672,735.4677,584.5461,903.4908,751.596
