label,socre,x1,y1,x2,y2
2,0.98688227,383.39993,463.3651,492.9865,645.77295
2,0.9099205,615.86444,576.46405,705.7854,668.78375
2,0.8597886,619.0968,53.394043,721.30597,141.10748
