label,socre,x1,y1,x2,y2
2,0.9589656,795.6316,146.04675,899.5401,249.39618
2,0.95353055,143.91113,126.71285,255.75127,239.53622
