label,socre,x1,y1,x2,y2
2,0.98629934,553.09155,237.23055,626.68994,328.13562
2,0.9679298,314.1804,473.37094,409.40787,560.32965
2,0.89377093,271.46042,214.79324,351.7451,304.1401
