label,socre,x1,y1,x2,y2
1,0.9851303,223.43703,134.53046,372.39563,304.12073
1,0.98129404,816.46313,416.79947,964.01544,575.7599
