label,socre,x1,y1,x2,y2
2,0.9971789,384.6315,335.74252,502.25693,467.27084
