label,socre,x1,y1,x2,y2
1,0.9965313,547.72705,436.064,697.9923,559.8738
1,0.97879636,844.8691,184.90764,990.68256,328.32385
1,0.9707709,70.41901,90.52694,214.09123,246.18199
1,0.9603047,161.01724,392.76334,336.4878,536.4565
