label,socre,x1,y1,x2,y2
1,0.98869133,361.3941,188.04729,546.1823,358.30878
