label,socre,x1,y1,x2,y2
2,0.9401338,170.65851,175.88791,306.23868,291.1873
1,0.8864924,743.6313,479.94983,937.82477,619.2451
2,0.75073195,215.93849,475.1996,341.60672,616.43445
