label,socre,x1,y1,x2,y2
1,0.9972264,121.04281,433.7843,269.17563,577.8936
2,0.97591543,153.5425,173.8157,259.99484,284.8632
1,0.95514685,385.196,436.0212,524.98016,591.0856
2,0.8419668,596.20624,223.08737,738.3815,378.31628
1,0.7906751,634.3254,561.9084,731.30615,655.945
