label,socre,x1,y1,x2,y2
1,0.93847966,415.03778,26.853039,586.8702,159.72176
2,0.9330511,758.7836,513.16425,925.5514,647.7467
2,0.7981861,107.34133,625.58405,269.1276,757.536
