label,socre,x1,y1,x2,y2
2,0.9991285,705.553,94.112595,803.49695,193.85411
2,0.99586856,170.24197,153.60176,319.5377,266.64062
2,0.993211,225.75612,533.6002,354.09116,647.1813
2,0.97050405,343.19357,214.30998,461.85614,360.41336
2,0.9700655,610.982,311.99747,737.7614,429.48444
