label,socre,x1,y1,x2,y2
1,0.9471332,344.62323,338.66357,507.04602,482.58612
2,0.91540253,182.96172,39.374985,329.69647,177.72734
1,0.91039103,693.5166,143.6957,809.6677,286.4873
