label,socre,x1,y1,x2,y2
1,0.99875057,343.75238,294.75134,542.4083,463.19846
