label,socre,x1,y1,x2,y2
2,0.97863126,184.29095,514.9262,259.8714,563.74884
2,0.8851797,445.9258,311.9561,511.4846,375.77017
2,0.88300896,518.3997,596.03046,585.3579,658.37256
