label,socre,x1,y1,x2,y2
1,0.9651693,548.1762,375.23233,722.22284,521.50146
