label,socre,x1,y1,x2,y2
2,0.9985801,187.12856,574.48517,280.18826,685.1168
2,0.99791723,242.70778,343.9996,343.79605,459.55536
2,0.9976078,387.84036,117.261314,492.32547,241.84477
