label,socre,x1,y1,x2,y2
2,0.9983419,472.9787,405.0611,581.35846,505.20123
2,0.9969168,179.605,651.19385,273.37756,757.36847
2,0.99653816,263.85724,127.55537,357.1523,205.67458
2,0.9947017,557.68854,37.014313,649.5145,133.00064
2,0.9697196,412.02505,79.23401,485.19574,157.39859
2,0.96212506,8.363124,652.1864,94.11015,736.7652
2,0.93141186,319.07587,368.82758,395.67273,459.07373
2,0.9221452,206.53899,426.39392,274.10968,495.45404
2,0.89210945,323.5849,522.49805,430.40637,605.4518
