label,socre,x1,y1,x2,y2
1,0.990717,331.11493,150.24971,478.8611,279.74313
1,0.98105514,7.3835745,7.160537,166.29266,147.89842
1,0.94950384,181.22852,534.98535,337.4906,652.9927
1,0.8908816,114.94231,284.08612,269.3185,437.9916
