label,socre,x1,y1,x2,y2
2,0.99961877,414.484,416.4794,507.5652,528.57196
2,0.99951696,143.14267,11.262205,233.36928,121.55092
2,0.99862933,60.57425,432.58453,162.51773,539.13306
2,0.99733067,742.2939,368.23807,856.9169,462.26105
