label,socre,x1,y1,x2,y2
2,0.9939539,834.4085,333.7975,928.88477,417.29404
2,0.955179,72.14537,263.4404,143.06248,343.28305
2,0.89038736,365.72394,45.25691,467.11554,124.67824
2,0.85584956,383.26385,558.219,467.0908,625.57184
2,0.8423381,619.9831,35.364365,704.0448,143.32872
2,0.82910454,395.7928,450.68277,465.11163,519.1596
2,0.8176794,768.0131,461.04202,846.08594,541.861
2,0.8150755,626.5186,579.6789,695.3741,643.9458
2,0.78410566,199.90274,97.02805,298.02203,182.52483
