label,socre,x1,y1,x2,y2
2,0.9996635,436.98438,295.22217,548.42975,427.7255
2,0.99588615,845.77655,129.21626,949.5361,256.02902
2,0.99270904,226.28029,589.0844,347.18506,666.534
2,0.9905171,126.92598,356.04953,203.21484,453.5829
2,0.9900647,755.0214,622.79785,845.5138,734.97363
