label,socre,x1,y1,x2,y2
2,0.9992385,692.2225,261.89218,789.00665,367.53833
2,0.99780816,386.3413,396.4281,487.97668,491.08414
2,0.95571285,452.50488,561.63837,530.20355,630.7162
2,0.93447125,222.71039,162.13141,287.6611,223.80531
2,0.8656846,482.59387,61.36283,552.4737,126.93789
2,0.77728325,681.2192,123.46369,742.98114,186.1587
2,0.7620958,600.71783,102.110596,667.5128,177.49585
