label,socre,x1,y1,x2,y2
1,0.83775365,848.3239,85.91788,948.3971,195.73764
