label,socre,x1,y1,x2,y2
2,0.98259395,651.8451,510.59607,794.5428,651.93463
