label,socre,x1,y1,x2,y2
2,0.9987103,342.75592,353.331,460.6691,462.77228
2,0.97738326,311.01846,525.2459,414.8183,631.88116
2,0.9325666,771.6229,385.36523,862.3108,476.89377
