label,socre,x1,y1,x2,y2
1,0.9804034,198.65306,164.00288,404.23615,362.1954
1,0.9477779,548.9612,333.98596,744.3372,488.7454
2,0.7947487,805.09796,276.705,938.4257,394.46976
