label,socre,x1,y1,x2,y2
1,0.99016917,555.259,393.5898,655.54553,515.75446
1,0.98994374,19.347172,247.04976,144.77841,370.41812
1,0.98006713,232.29602,368.38272,375.48364,489.32523
1,0.9736056,438.94843,587.2383,573.4226,714.8306
1,0.9729927,266.38287,90.83313,419.13107,198.86711
1,0.7779983,619.64215,211.96477,706.94525,297.59174
