label,socre,x1,y1,x2,y2
2,0.98754233,183.32384,508.78604,289.22784,634.50574
1,0.98236024,472.92044,160.47191,630.7843,330.43158
2,0.9809456,563.60803,353.05704,672.9013,450.9791
1,0.97255725,656.5094,483.3404,786.2859,635.85364
2,0.80777293,320.4852,359.04352,434.23813,469.05515
2,0.7553289,810.4612,495.7153,916.7826,624.1024
