label,socre,x1,y1,x2,y2
1,0.8747173,696.1265,95.84271,849.32367,242.09973
2,0.84810376,274.0881,224.74432,381.50696,354.99347
2,0.8429101,188.26686,516.88214,284.59543,625.29846
