label,socre,x1,y1,x2,y2
2,0.9986941,673.1018,615.7675,792.1774,730.82605
2,0.9986815,226.77661,90.49601,333.7571,203.05586
2,0.9938167,144.49695,290.80652,238.46559,389.92697
2,0.9906955,5.8314853,296.9422,109.4521,400.12128
2,0.978785,100.91755,164.0537,194.16212,257.94568
