label,socre,x1,y1,x2,y2
1,0.9911152,251.60686,320.90793,419.40366,484.33575
1,0.9703335,745.1888,327.06198,926.3411,505.64865
