label,socre,x1,y1,x2,y2
1,0.99620664,103.10535,244.41179,237.70753,446.74982
2,0.88118637,817.7023,355.90027,1006.9347,482.57614
2,0.8528375,598.56213,76.028595,695.2954,171.46712
