label,socre,x1,y1,x2,y2
2,0.99714774,264.56485,148.10075,373.86978,258.72012
2,0.9791525,557.7142,582.42847,668.6374,679.863
2,0.87064475,715.3408,627.4294,830.67865,731.0131
