label,socre,x1,y1,x2,y2
2,0.9840157,161.5666,544.93005,230.28656,585.68353
2,0.9612084,719.3537,366.98953,775.5975,425.65494
2,0.9587294,165.3672,11.033554,257.15152,115.014824
1,0.7862485,239.16904,213.15097,293.8363,280.16714
