label,socre,x1,y1,x2,y2
2,0.9990042,458.65265,486.84686,572.08014,580.39307
2,0.93399936,301.2641,312.05865,380.4803,397.92865
