label,socre,x1,y1,x2,y2
2,0.99982005,521.98816,564.66016,626.02954,675.3398
2,0.999574,648.8925,225.38217,739.8996,331.99197
2,0.99921536,221.2256,479.1421,310.8259,580.01215
