label,socre,x1,y1,x2,y2
2,0.9950003,586.6792,282.14456,637.9581,342.1792
2,0.98293996,548.3644,541.28064,605.5608,598.69696
2,0.9828693,774.0045,535.22845,859.36334,592.91833
2,0.963221,587.10803,170.53885,647.1891,209.4765
2,0.8058652,243.07658,21.926176,321.2592,81.26835
