label,socre,x1,y1,x2,y2
1,0.9792468,684.3954,121.865135,832.66113,296.51852
1,0.933853,81.17713,360.5506,227.555,525.82007
2,0.8455143,563.51917,471.10425,702.2912,607.27704
