label,socre,x1,y1,x2,y2
1,0.98341966,688.5065,563.7664,858.25305,746.28864
2,0.83340245,459.0027,619.39233,557.43866,706.96704
