label,socre,x1,y1,x2,y2
1,0.9821922,760.9527,263.3803,900.2394,460.24658
1,0.8983583,250.40959,261.33246,396.36984,443.1259
