label,socre,x1,y1,x2,y2
2,0.9995358,319.9374,474.07248,424.6506,576.2105
2,0.9986426,587.0457,350.07773,697.7196,448.43835
2,0.9972536,534.26605,40.188526,643.6454,141.95497
2,0.99547476,640.767,654.73834,765.4183,750.83966
2,0.99201477,212.61557,162.19884,321.57925,253.26006
