label,socre,x1,y1,x2,y2
1,0.99481744,646.802,249.91522,774.09296,406.82877
1,0.99132454,700.1933,468.66467,835.53406,604.0487
2,0.9741504,416.79858,341.60672,534.4823,480.43375
1,0.9730594,834.0145,35.93912,966.68243,201.22548
1,0.9164559,196.33595,81.76965,332.7185,180.19148
1,0.914398,586.0179,44.204605,744.42957,175.60632
1,0.85966945,203.20247,276.35208,344.15784,435.32242
2,0.78731364,518.07117,483.96457,625.79504,590.6203
