label,socre,x1,y1,x2,y2
2,0.92785805,521.2156,381.9584,626.06665,497.23926
1,0.8514455,451.09586,207.52274,592.11487,318.46555
