label,socre,x1,y1,x2,y2
2,0.9924696,137.33241,539.07697,389.8461,675.17346
