label,socre,x1,y1,x2,y2
1,0.9989039,202.16426,70.11329,368.44702,226.05202
1,0.9987739,783.1057,247.19525,923.70465,423.10043
1,0.9987141,227.66246,571.3524,380.5846,722.07263
1,0.9972869,475.34933,469.35748,630.8334,634.9834
