label,socre,x1,y1,x2,y2
2,0.99983335,344.92496,381.5149,463.29507,476.82962
2,0.99923,859.40283,40.942165,966.2974,129.90672
2,0.9989994,361.86032,33.922318,456.89502,163.11041
2,0.9988575,84.65754,287.23938,190.98004,382.08093
2,0.99857736,269.16583,564.5914,367.0291,691.81775
2,0.9972447,53.616642,53.333187,169.1537,171.30936
