label,socre,x1,y1,x2,y2
1,0.9993455,308.64288,105.22695,516.2773,284.77097
1,0.9991223,135.97345,493.65637,382.7477,673.85406
1,0.9951106,703.9982,301.62994,871.7392,462.14783
