label,socre,x1,y1,x2,y2
1,0.99819905,299.20627,394.43146,473.41107,591.16504
1,0.9126387,611.40405,581.8653,763.77637,710.9152
