label,socre,x1,y1,x2,y2
2,0.91951144,121.140144,422.93466,206.47714,500.85806
2,0.8993585,234.7153,71.414856,312.1104,152.27777
