label,socre,x1,y1,x2,y2
2,0.8824912,802.3578,14.863315,928.0216,152.46329
2,0.81445587,428.452,528.99945,570.95703,677.3675
