label,socre,x1,y1,x2,y2
2,0.98308945,702.07947,377.2537,833.3001,538.56274
