label,socre,x1,y1,x2,y2
1,0.99517584,128.42513,271.11673,324.43814,419.75256
1,0.9501136,42.196434,611.5427,176.84915,722.48706
1,0.9127224,829.49585,352.1703,975.5038,493.86954
