label,socre,x1,y1,x2,y2
2,0.9976336,180.5567,139.12914,298.04855,251.79535
