label,socre,x1,y1,x2,y2
2,0.9785494,631.96027,356.89014,746.8749,436.03577
2,0.92535514,61.659943,199.16127,174.96071,301.07538
2,0.907783,616.0346,659.39886,707.81506,747.5613
