label,socre,x1,y1,x2,y2
1,0.99399453,136.3178,397.30585,349.62094,574.1304
