label,socre,x1,y1,x2,y2
2,0.99198323,296.6349,302.254,387.96075,401.5679
2,0.9915638,365.58038,24.718977,486.1313,132.7846
2,0.9894236,630.52673,426.00955,739.4001,523.04596
2,0.9735844,400.04788,629.5982,502.96353,742.8993
2,0.9606999,663.25146,276.30887,773.5847,395.79337
2,0.9295103,273.0147,144.53073,381.2712,229.7302
2,0.91523445,393.46835,400.20178,485.73102,515.47705
2,0.89116025,167.21127,39.223495,253.29344,139.05042
