label,socre,x1,y1,x2,y2
2,0.96768963,161.78256,374.88995,281.3326,503.9918
1,0.9403886,742.576,230.29707,862.0265,348.004
2,0.8179211,653.9892,32.44462,755.66534,159.04134
1,0.7596988,133.3782,134.5182,245.1441,268.7082
