label,socre,x1,y1,x2,y2
2,0.998516,189.27054,324.8958,313.30594,424.04633
2,0.9977836,336.64606,474.96808,464.32172,575.76373
2,0.9976355,323.5826,637.758,430.30167,734.4885
2,0.99549353,613.65607,474.73782,724.23865,565.7634
2,0.9948775,819.4746,475.98898,914.78125,575.85077
2,0.9876952,406.95297,322.2516,488.87613,407.24463
2,0.9829747,494.8051,59.93332,580.0129,154.90486
2,0.9643568,417.478,179.3505,538.9722,277.17914
2,0.9202776,159.78197,238.54114,233.76242,302.0707
