label,socre,x1,y1,x2,y2
1,0.9948632,138.14441,243.0442,303.7926,372.02878
1,0.974905,622.07336,335.47543,775.4929,492.89267
1,0.95555466,709.36865,587.3795,857.21234,718.89087
