label,socre,x1,y1,x2,y2
2,0.94195676,623.201,104.75574,706.1184,179.25706
1,0.92730206,812.14856,673.63116,878.95135,743.24725
2,0.76207566,477.73343,442.8423,638.8314,566.82904
