label,socre,x1,y1,x2,y2
2,0.99881065,560.5748,258.5408,674.93353,383.64557
1,0.9701873,747.74207,575.12305,889.658,736.5724
2,0.961293,342.14655,457.70554,516.9636,578.0546
2,0.9472661,221.23906,167.84406,345.88892,315.70395
