label,socre,x1,y1,x2,y2
1,0.95068526,630.61,139.22305,802.22455,335.26114
2,0.91869617,392.21832,178.38947,537.9586,317.5812
