label,socre,x1,y1,x2,y2
2,0.9992914,543.436,88.96901,684.9367,194.96384
2,0.9941922,832.2185,644.0067,939.89746,748.10706
2,0.96124256,802.88605,157.4198,917.57965,265.65286
