label,socre,x1,y1,x2,y2
1,0.9800996,698.9676,301.7502,879.621,446.42493
