label,socre,x1,y1,x2,y2
2,0.99444336,169.85149,548.04224,262.23773,625.85767
2,0.99199307,384.5716,130.86978,473.61124,210.42155
2,0.9912388,778.72217,365.97302,863.78955,461.44907
1,0.91784835,360.834,439.39856,530.0231,574.40405
2,0.8996462,549.7833,285.40945,674.91583,409.63184
