label,socre,x1,y1,x2,y2
2,0.99143773,594.3733,638.2779,718.59,744.5435
2,0.98846215,337.66907,538.86847,428.7317,646.53955
2,0.95621586,125.35357,293.4281,234.33994,390.62808
2,0.9521416,230.53564,97.66987,344.99814,235.60652
