label,socre,x1,y1,x2,y2
2,0.99045616,296.41602,599.26935,362.2713,669.47144
2,0.9897849,387.80753,476.98193,480.00046,572.40186
2,0.9870226,758.5377,418.3374,838.43616,506.57687
2,0.98373187,124.3599,246.15767,204.26126,329.6612
2,0.9359747,129.64792,408.9313,232.87755,487.16098
1,0.86593264,542.5625,454.16907,613.5705,532.186
