label,socre,x1,y1,x2,y2
2,0.9995511,277.128,34.06009,399.5441,116.72732
2,0.999035,535.98004,131.60547,663.51044,213.7591
2,0.9988821,274.2578,578.53564,382.54205,703.5876
2,0.99830234,122.74491,274.5339,232.35959,380.13574
2,0.9982805,492.26794,268.4682,591.58936,390.8473
