label,socre,x1,y1,x2,y2
2,0.9577107,740.7291,127.30287,850.79517,284.9374
2,0.89328974,74.66254,410.4888,218.03094,579.5554
