label,socre,x1,y1,x2,y2
2,0.998939,784.7781,181.00903,910.465,271.38855
2,0.99879056,356.62692,308.19516,464.84763,422.4012
2,0.9976362,383.0488,136.61404,505.97498,236.04454
2,0.99569356,150.23924,17.701479,245.839,143.63333
2,0.9948813,654.8405,389.98715,797.2826,488.4835
2,0.992878,403.43857,624.43945,535.1359,719.19867
2,0.98428726,887.40735,633.2428,996.428,757.8838
2,0.8650038,141.97716,661.7855,237.04474,748.94183
2,0.810548,565.3109,91.070496,692.50195,200.00716
