label,socre,x1,y1,x2,y2
2,0.9845942,903.01904,356.85086,951.1803,406.7543
1,0.9607268,84.36003,563.3464,138.12344,619.0768
2,0.9111765,861.2349,622.0156,916.65857,676.2139
2,0.8990727,541.47437,117.21556,600.9338,182.03426
1,0.8754912,865.4668,408.05185,917.65985,466.38684
1,0.8396948,809.9907,21.057575,868.1011,85.419975
1,0.83283836,722.8364,474.2474,781.4347,546.35284
1,0.82000995,414.38434,485.4417,466.5389,554.29156
