label,socre,x1,y1,x2,y2
2,0.98889995,71.61467,624.07544,130.36325,708.9969
2,0.98203355,81.631134,359.2985,142.11497,408.4659
2,0.9254706,5.19418,520.4717,73.559494,556.8495
