label,socre,x1,y1,x2,y2
1,0.9808034,690.159,180.00055,839.8275,365.19922
