label,socre,x1,y1,x2,y2
1,0.99525636,48.35566,545.96716,217.51985,690.7091
2,0.9892216,488.26624,32.221035,625.3884,150.62143
1,0.95229405,619.86725,540.06366,768.5098,681.6679
1,0.92244124,777.7372,131.72426,909.46045,275.9819
2,0.7806697,453.56104,282.83603,597.19073,413.7987
