label,socre,x1,y1,x2,y2
1,0.9670495,577.5469,510.20062,729.27765,632.1165
1,0.9491613,795.0497,561.6253,928.2899,673.1356
1,0.94893265,27.337454,190.54439,184.18062,338.49686
