label,socre,x1,y1,x2,y2
1,0.99915695,595.44244,344.23248,743.0006,498.9031
1,0.9982534,738.7658,169.14253,894.4954,326.68158
1,0.7759341,12.840056,342.5781,153.65552,514.5324
