label,socre,x1,y1,x2,y2
1,0.98895663,521.4714,225.1008,671.8885,409.07382
