label,socre,x1,y1,x2,y2
1,0.99756336,58.619884,298.51968,202.00294,474.1794
1,0.9956018,323.49344,417.32584,483.48773,563.76074
1,0.93947744,596.8419,232.32726,753.91766,416.048
2,0.9143738,588.88995,587.1258,730.87573,709.00287
1,0.8295355,112.2723,14.939128,250.01082,178.02632
