label,socre,x1,y1,x2,y2
1,0.9834504,70.622696,198.328,237.47226,363.30923
1,0.95938474,787.29456,349.11853,945.5855,555.27026
1,0.92113787,400.69226,201.00676,570.28595,383.47748
