label,socre,x1,y1,x2,y2
1,0.9781827,594.45856,376.18207,827.164,634.39215
1,0.97300357,118.626076,460.9689,336.67606,737.9183
