label,socre,x1,y1,x2,y2
2,0.9960712,291.6651,508.7705,410.80893,628.2093
2,0.99103093,475.3087,134.89854,597.4784,269.50122
2,0.8400069,499.43024,347.87555,570.28656,418.79834
