label,socre,x1,y1,x2,y2
2,0.98628587,378.8447,226.63264,469.2218,320.0025
1,0.9806316,280.08835,418.96008,428.47806,606.0144
2,0.752212,379.8155,39.432064,462.41293,123.61665
