label,socre,x1,y1,x2,y2
1,0.9250589,506.29257,537.58765,644.23724,737.5224
1,0.85266423,264.2861,9.767219,412.7234,177.64954
