label,socre,x1,y1,x2,y2
2,0.9895884,328.2793,65.06112,420.90845,129.21014
