label,socre,x1,y1,x2,y2
2,0.9981363,563.1299,153.57935,706.2973,309.32394
2,0.9970812,322.56888,357.57324,472.78412,491.74017
2,0.995432,827.7272,326.5263,923.26953,410.9141
2,0.9949062,356.56683,171.53827,513.7239,323.92432
1,0.9702187,271.90088,541.40906,465.80228,736.1785
2,0.9614406,167.41916,233.14046,268.81143,362.3798
