label,socre,x1,y1,x2,y2
2,0.9890703,513.8173,367.26395,629.348,514.17035
2,0.9563344,329.17972,269.3736,427.8738,357.91122
2,0.9325419,264.834,571.4249,413.7698,696.2683
2,0.8018055,659.651,645.0331,760.3733,753.26385
