label,socre,x1,y1,x2,y2
1,0.9992248,482.98553,294.52396,669.47174,447.0265
1,0.8268594,123.73428,198.07668,247.77351,297.71237
2,0.76336104,215.00601,538.56055,342.83228,645.1439
