label,socre,x1,y1,x2,y2
1,0.9993305,138.90681,26.955828,314.24728,165.43083
1,0.9765821,543.8732,517.99976,716.74475,716.11993
1,0.9572354,214.49,330.73785,369.39178,466.2348
1,0.84172434,72.037186,460.08136,189.0888,599.63715
