label,socre,x1,y1,x2,y2
1,0.9990085,256.59216,419.27734,397.9949,602.8373
1,0.99124265,429.1046,167.60669,583.1706,305.27304
1,0.94134575,140.49405,71.65913,262.86084,161.89644
2,0.8293836,721.7274,17.967857,837.6552,128.3719
2,0.78070444,161.92206,244.95206,274.94012,361.4818
