label,socre,x1,y1,x2,y2
2,0.9920437,105.76753,419.3689,204.04037,497.56018
2,0.8855943,310.32343,502.98508,459.10754,628.9585
1,0.8663343,632.1166,495.75778,818.5192,657.1258
