label,socre,x1,y1,x2,y2
2,0.99947256,712.67267,543.9475,820.5156,649.1601
1,0.978272,46.972115,82.97138,224.99838,289.3447
1,0.9227466,660.1409,26.646664,843.6895,247.98598
2,0.7562947,359.51886,27.132656,499.27264,170.52429
1,0.7505672,105.78806,486.71652,307.93246,698.4639
