label,socre,x1,y1,x2,y2
2,0.9954248,317.1274,294.07507,400.05295,382.47577
1,0.95119673,368.71237,109.34706,502.81848,258.78864
2,0.9450909,185.08076,131.74953,294.3768,243.72168
1,0.9163588,502.44757,453.71823,637.9977,615.1864
2,0.88571906,355.50363,521.69574,462.23752,619.14795
2,0.76597416,418.87173,626.2846,485.24435,693.8896
2,0.7536098,30.276754,605.5507,130.78787,728.7728
