label,socre,x1,y1,x2,y2
1,0.99966526,614.05646,207.20811,771.85803,392.2377
1,0.9978423,98.832855,207.80704,260.95132,344.8924
1,0.96037185,248.75124,394.80887,362.22205,513.6615
1,0.9193962,337.71082,201.15807,410.47305,263.85684
