label,socre,x1,y1,x2,y2
1,0.9840973,596.0625,332.17038,776.18353,530.78345
1,0.9729575,192.80872,455.21472,345.83176,582.3173
