label,socre,x1,y1,x2,y2
2,0.9981187,436.55157,363.72443,551.2261,476.31458
2,0.9956689,398.61603,246.3389,503.67325,348.7381
2,0.9888992,599.4573,458.7235,750.685,576.55316
2,0.98767763,313.45126,524.1743,437.8582,636.0419
2,0.96485186,116.699646,373.8465,243.00182,520.4439
2,0.9160208,286.69443,102.338615,425.2473,220.51596
1,0.777707,683.8501,593.0167,781.66034,673.40326
