label,socre,x1,y1,x2,y2
2,0.91485727,238.28624,155.81104,363.0366,297.97067
2,0.8857243,521.7234,56.699356,660.3848,207.90527
2,0.85967606,380.45844,320.14847,574.4811,441.71844
1,0.8478876,808.14777,136.85759,993.7107,289.93655
