label,socre,x1,y1,x2,y2
2,0.9802766,794.6138,410.57803,878.1391,478.45157
1,0.9794571,460.6145,334.88983,573.42523,482.02853
2,0.955191,240.64352,84.26864,335.44553,186.10304
2,0.90506834,300.66055,337.18478,376.99945,411.55713
