label,socre,x1,y1,x2,y2
1,0.99973136,713.26166,408.00946,907.13477,561.3484
1,0.99965894,130.92378,128.55296,290.41522,293.5834
1,0.99964654,127.97095,389.774,291.68384,561.4926
1,0.9993216,309.87753,306.26715,427.5877,425.79694
1,0.9991585,605.7798,37.296986,780.51276,174.14818
1,0.996572,596.68164,196.64458,738.3268,328.80957
1,0.95898247,633.7253,624.8672,799.98145,753.59906
