label,socre,x1,y1,x2,y2
2,0.9276225,197.56091,19.007113,337.75992,129.14883
1,0.890675,414.5701,197.07243,552.2578,336.53305
2,0.76854634,722.52246,522.3274,783.92175,603.1799
