label,socre,x1,y1,x2,y2
2,0.999522,670.083,275.48608,777.62146,362.4702
2,0.99804664,383.01837,437.23462,476.30173,545.208
2,0.9651594,520.52216,69.48448,604.0176,167.54396
