label,socre,x1,y1,x2,y2
2,0.9992481,236.84468,572.3066,335.02457,708.41766
2,0.99911064,721.18787,359.35928,817.68854,494.6705
2,0.9942319,339.26093,359.30875,440.22293,487.41864
