label,socre,x1,y1,x2,y2
2,0.999703,446.17496,587.2049,538.7664,705.5611
2,0.99951136,852.94946,341.7592,960.464,430.22525
2,0.9992729,59.707886,303.87616,166.29799,393.94696
2,0.99921024,827.56866,646.45013,933.8869,742.9123
2,0.99843377,599.3915,334.91367,701.1411,430.2182
2,0.99760807,419.63892,309.46588,520.1536,400.1778
