label,socre,x1,y1,x2,y2
2,0.99908006,540.61523,617.5454,651.27655,716.5858
2,0.99856585,266.97836,125.38432,374.9366,234.96272
2,0.9985039,711.04266,410.45184,826.73956,524.7594
2,0.9943297,411.1848,317.23077,539.56055,433.2417
2,0.9741657,279.10666,473.4415,387.58273,566.47906
2,0.9102479,860.0268,601.44476,971.94965,704.095
2,0.89851385,746.3589,641.77704,826.69977,727.9695
