label,socre,x1,y1,x2,y2
2,0.9971998,233.64896,385.968,335.18268,502.65338
2,0.9943885,482.78177,330.2904,600.07715,434.5583
2,0.9943327,606.8346,423.11978,725.24805,538.5181
2,0.9917532,629.5883,79.10182,725.3414,167.61038
2,0.98934186,89.53325,106.66883,204.6525,208.02615
2,0.95289576,95.59338,319.18634,189.85487,408.84033
2,0.9253624,335.79736,108.36039,452.10605,195.82733
2,0.8739307,346.1873,518.65967,454.62268,606.32837
