label,socre,x1,y1,x2,y2
1,0.9859065,368.81036,460.86545,527.9526,593.94684
