label,socre,x1,y1,x2,y2
2,0.98604125,589.8898,342.0636,704.75775,440.70102
2,0.98010224,106.677536,452.93094,200.03459,552.0096
2,0.9042234,852.2729,430.35825,947.51984,523.858
