label,socre,x1,y1,x2,y2
1,0.99611664,55.291115,516.5713,231.84084,704.6919
1,0.9927533,782.86835,106.0951,974.4623,259.37378
2,0.87872386,336.76953,44.891506,463.92285,186.7894
1,0.8323959,511.80405,423.73096,677.9511,582.0267
