label,socre,x1,y1,x2,y2
2,0.98238534,690.29205,246.10892,782.0697,334.28348
1,0.945174,412.61285,549.99866,590.49725,704.659
1,0.91716117,285.86255,295.45108,428.59583,449.92535
