label,socre,x1,y1,x2,y2
2,0.97674555,804.43384,259.14935,955.89343,412.6348
2,0.87319183,150.78183,437.93454,339.35834,580.76843
