label,socre,x1,y1,x2,y2
2,0.9998411,284.84146,298.7634,383.00433,413.91724
2,0.9995807,581.27814,429.46436,679.1169,540.3248
2,0.98918766,143.98338,506.22232,238.66971,580.38995
2,0.90177804,456.1284,117.845856,531.5313,188.64418
