label,socre,x1,y1,x2,y2
1,0.98946357,340.4498,445.73627,503.8009,611.0538
