label,socre,x1,y1,x2,y2
1,0.9969162,346.55475,293.68106,505.88205,440.62228
1,0.9863434,726.6646,342.34094,879.68585,484.99042
1,0.97851264,42.793583,96.00266,204.7648,224.49919
1,0.96667415,584.1233,529.01117,727.13586,681.8816
2,0.8017035,446.49728,91.11513,553.8541,210.90846
