label,socre,x1,y1,x2,y2
2,0.9997993,521.8585,564.78174,625.5812,675.352
2,0.9996043,648.8458,225.27104,739.987,332.39655
2,0.99926513,221.31833,479.2816,310.79413,579.96735
