label,socre,x1,y1,x2,y2
1,0.9879958,654.7537,478.54758,788.981,645.4243
