label,socre,x1,y1,x2,y2
1,0.99659157,85.25132,493.47656,333.3529,696.0451
2,0.8880626,749.7124,289.39114,864.0764,386.53912
1,0.8134791,505.98523,92.42602,662.6553,276.80725
2,0.80353755,683.029,408.26968,835.11926,505.54446
