label,socre,x1,y1,x2,y2
1,0.9654766,253.68137,481.69705,458.82608,635.03687
2,0.8330966,596.54224,210.41179,745.77454,343.36435
