label,socre,x1,y1,x2,y2
1,0.99203134,462.4907,576.0055,602.19415,748.4274
1,0.9908454,709.96765,47.100475,869.9843,247.62656
1,0.98885775,695.44037,580.54504,811.27295,752.24005
