label,socre,x1,y1,x2,y2
1,0.9586044,402.69754,417.80063,537.0799,553.6879
2,0.95316124,296.7395,123.34497,410.8291,234.06714
1,0.8988697,673.9995,428.60992,860.79456,605.4861
2,0.88103247,34.779285,170.33029,134.99533,273.0717
2,0.8370873,513.92126,577.1152,663.4741,692.27905
