label,socre,x1,y1,x2,y2
1,0.99822813,644.03516,550.62866,816.13214,716.0284
1,0.9881464,16.777315,444.96634,147.21143,572.50916
