label,socre,x1,y1,x2,y2
2,0.9989613,595.6274,125.30352,696.84326,230.19023
2,0.996135,294.639,394.47,411.49893,500.34772
2,0.8100528,832.21045,478.153,929.95056,582.13434
2,0.777116,830.488,326.3809,899.1014,394.43735
