label,socre,x1,y1,x2,y2
1,0.9970065,44.0991,527.2481,167.01804,682.06006
1,0.9962059,234.36581,115.38016,369.0767,237.69347
1,0.8671845,515.8989,497.38855,667.38965,633.0546
