label,socre,x1,y1,x2,y2
2,0.99734974,760.4431,231.68687,876.0379,332.3066
2,0.9970131,169.1502,130.08537,279.45288,230.00298
2,0.9908626,703.9747,490.8156,811.5141,606.74786
2,0.9529989,17.51151,378.97495,126.12368,506.47968
2,0.92225975,519.3373,175.1293,640.6509,260.6578
