label,socre,x1,y1,x2,y2
2,0.9993717,214.71596,391.45355,311.92328,503.36734
2,0.998976,392.25912,205.9238,492.5968,307.4211
2,0.9981645,163.38202,663.0392,247.14165,748.3815
2,0.99713266,312.85254,596.89343,400.17297,703.9105
2,0.9894197,729.85583,341.3104,827.5246,459.8163
2,0.8271393,503.83725,491.19043,566.84344,574.2425
