label,socre,x1,y1,x2,y2
2,0.99806255,350.98178,429.30115,458.4341,551.57635
1,0.99705267,700.18945,202.97165,836.3617,350.3443
2,0.99492997,517.59076,274.37723,657.9293,403.48465
2,0.9803587,554.50226,515.68097,697.62714,629.81256
2,0.9631727,401.32715,263.54105,481.4915,330.22122
