label,socre,x1,y1,x2,y2
2,0.97634387,590.61536,216.2955,681.2807,300.53506
2,0.84721315,828.7476,101.98301,934.11835,207.27603
