label,socre,x1,y1,x2,y2
1,0.99447787,280.3143,66.71719,421.9886,230.56657
2,0.9761989,153.18173,333.883,259.67535,433.52554
1,0.97496516,97.58771,163.947,226.0394,300.9598
