label,socre,x1,y1,x2,y2
2,0.99861956,687.7077,149.47516,775.1551,235.77025
2,0.9972162,699.0341,450.72205,788.9687,543.08875
2,0.9647052,466.7756,441.55807,578.7756,546.401
