label,socre,x1,y1,x2,y2
1,0.99694484,297.74722,482.7013,465.30533,624.4907
1,0.99207896,294.78525,210.52853,420.7303,377.87247
1,0.99202967,742.3118,430.75443,878.9974,589.9474
1,0.9475702,70.48766,538.11536,225.20927,681.93396
1,0.9434745,629.88464,25.673195,767.24634,166.44691
2,0.92437124,70.506004,87.19216,200.28275,220.8808
2,0.87600297,525.6036,348.21448,672.2728,466.5115
1,0.8176715,551.8079,630.80493,704.3181,753.83026
