label,socre,x1,y1,x2,y2
2,0.9410048,248.76562,524.886,351.92957,606.67346
2,0.9111949,830.5857,426.48914,962.3265,569.7678
2,0.7680511,63.540375,487.77625,195.79922,642.99695
