label,socre,x1,y1,x2,y2
2,0.959643,316.69437,327.92035,431.02667,445.09695
