label,socre,x1,y1,x2,y2
2,0.9985507,424.71832,328.33313,523.52905,430.6733
2,0.99699044,336.7089,507.6288,442.41147,607.0208
2,0.98396206,652.82947,543.1042,747.725,634.16156
2,0.96929514,307.28046,87.02914,401.6955,182.09726
1,0.95653147,106.05683,461.2981,227.21237,611.0281
