label,socre,x1,y1,x2,y2
2,0.9998393,345.10703,381.76547,463.24222,476.77246
2,0.99931073,859.55945,41.503273,965.79736,131.35893
2,0.9989471,362.22604,33.832565,457.07285,162.97646
2,0.99882156,84.86243,287.3487,190.68422,381.85034
2,0.99856085,269.36508,564.97894,366.8829,691.79144
2,0.99716884,53.836563,53.489883,168.83585,171.48244
