label,socre,x1,y1,x2,y2
2,0.9989065,111.0214,199.53781,231.65358,324.74265
2,0.99725807,221.076,344.20847,333.6793,451.28885
2,0.9958709,249.76413,512.07574,350.07434,603.9382
2,0.97907376,440.8896,57.794,575.5697,160.74376
2,0.8968888,685.26917,644.59216,785.0805,741.8278
