label,socre,x1,y1,x2,y2
2,0.9945338,120.788246,182.67288,225.85988,280.4534
2,0.94274616,812.7428,368.19742,958.3924,498.9556
2,0.90581006,450.69293,459.12466,548.705,563.223
1,0.88987976,117.01102,575.58,269.2699,718.24457
