label,socre,x1,y1,x2,y2
1,0.9572734,741.97064,502.50116,855.34985,658.4435
2,0.81302726,404.6803,125.15168,547.8856,251.34917
