label,socre,x1,y1,x2,y2
1,0.99849916,797.8675,371.87247,952.36786,565.12494
1,0.8440987,207.20859,466.2215,336.59457,591.33295
1,0.75993544,695.70624,116.009796,837.98206,239.15721
