label,socre,x1,y1,x2,y2
2,0.9989563,232.08595,478.55154,373.98212,588.60236
2,0.9971539,777.2359,363.47275,912.21405,472.8292
2,0.9943861,571.18024,397.40533,697.769,513.7203
2,0.93541497,39.437977,183.0863,177.09604,333.18036
