label,socre,x1,y1,x2,y2
2,0.9921869,295.36942,596.85895,393.93628,694.71277
