label,socre,x1,y1,x2,y2
2,0.98634285,707.5008,295.08145,865.80994,445.33762
2,0.8513949,330.8675,103.3223,460.1247,247.25519
