label,socre,x1,y1,x2,y2
2,0.9967974,678.7747,575.5406,796.2295,700.41876
2,0.9897168,862.6019,309.64465,984.1669,460.5205
2,0.96793413,536.52875,258.88757,684.1782,412.8124
2,0.95163035,204.34805,33.933304,344.11554,158.09367
1,0.89591664,84.05891,406.5142,237.19302,543.32324
