label,socre,x1,y1,x2,y2
2,0.981978,200.71925,379.96994,327.6992,546.6479
1,0.91971207,473.2157,55.13745,612.259,217.59863
1,0.9014911,527.59393,521.0484,664.3768,701.2806
2,0.7774296,835.9442,355.71906,1006.4164,491.3243
