label,socre,x1,y1,x2,y2
2,0.9990953,386.18146,54.729446,499.53372,179.227
2,0.9954064,811.9218,387.34167,906.8694,483.74725
2,0.9752891,761.06146,151.1205,884.97174,241.51553
2,0.97307587,558.89233,377.05103,664.3154,464.21042
