label,socre,x1,y1,x2,y2
2,0.9972857,314.76233,196.80185,412.54636,291.12277
