label,socre,x1,y1,x2,y2
1,0.9436461,498.3902,173.04222,633.50616,322.90366
1,0.8576192,94.214615,389.97568,253.76477,546.4028
2,0.80921495,587.56586,443.45465,734.4853,591.7205
