label,socre,x1,y1,x2,y2
2,0.99737984,47.674923,406.60434,199.6376,554.98413
2,0.9906758,586.041,148.07797,726.45825,342.4647
1,0.9836743,34.432663,161.45085,200.3928,311.14267
1,0.9602241,325.43637,376.7428,506.06836,540.4965
1,0.95709264,774.27277,27.173393,916.0843,177.78656
2,0.90258366,767.03564,466.98572,912.94934,655.4945
