label,socre,x1,y1,x2,y2
2,0.99635136,658.5536,460.77966,758.7949,559.7139
2,0.8907214,433.94376,442.1073,523.7047,529.4169
2,0.8192922,743.6417,575.1919,835.92993,654.95276
2,0.7777844,258.30914,476.03555,340.20023,577.8231
