label,socre,x1,y1,x2,y2
1,0.9836008,512.64746,269.1151,698.7387,494.65564
