label,socre,x1,y1,x2,y2
2,0.9986669,508.43527,556.59784,601.2501,667.46344
2,0.99816704,344.54724,638.4898,439.0873,751.12854
2,0.9948521,453.3116,264.36197,562.42194,401.44122
2,0.9948013,655.9621,232.70721,747.1203,348.91794
2,0.9913555,563.6054,138.9344,648.2621,236.47899
2,0.98587996,907.4737,39.968113,1010.06836,160.21266
