label,socre,x1,y1,x2,y2
2,0.98858786,43.79653,403.26556,143.17982,499.36276
2,0.95362425,123.72294,552.5395,240.34798,696.1147
1,0.85876757,610.07294,330.87134,763.68085,454.7398
