label,socre,x1,y1,x2,y2
1,0.9966658,26.867393,103.3271,210.23763,268.3497
2,0.9482072,249.68213,630.784,425.798,762.39575
2,0.78464466,341.07446,151.93784,447.15237,247.61662
