label,socre,x1,y1,x2,y2
1,0.9994869,56.0011,318.76544,211.61522,505.1108
1,0.99889356,617.7092,70.36273,782.2288,235.85654
1,0.9848291,368.75046,507.34732,525.93365,657.0442
2,0.9481624,422.2697,30.352554,536.9509,123.374794
1,0.9389787,188.56078,105.023994,310.32162,253.23047
2,0.93274534,362.93005,358.84775,487.0723,465.8397
1,0.900848,626.08636,373.3998,751.88385,490.92435
2,0.76312155,512.94495,247.99077,618.823,359.65628
