label,socre,x1,y1,x2,y2
2,0.9961916,206.90578,407.78018,323.19565,527.1801
2,0.9942212,436.58893,194.28879,547.0743,297.88498
2,0.98238754,53.968285,174.27567,157.25502,270.8058
2,0.9657664,563.0863,642.6637,672.6656,753.68726
2,0.8510948,12.899669,355.84036,118.17588,461.44873
2,0.7656313,383.72812,538.9007,468.84796,629.1026
