label,socre,x1,y1,x2,y2
1,0.99917835,807.4718,184.63976,953.86694,332.22403
1,0.9987924,334.1966,305.01022,482.84464,459.25287
1,0.99790406,594.0517,181.34015,736.3816,343.06705
1,0.9970974,508.04303,444.0424,640.72833,568.74097
1,0.9914186,744.8728,506.33817,900.1637,638.83704
