label,socre,x1,y1,x2,y2
1,0.9771149,798.0651,603.84344,849.47955,658.56616
1,0.93048096,426.2156,115.69708,483.24295,170.39671
1,0.91116965,879.54834,526.242,936.8308,585.3593
1,0.865847,416.74802,35.67983,470.2178,85.66136
1,0.8598312,223.63179,13.666732,280.14026,73.82585
1,0.8548339,537.9283,182.76239,593.50653,238.10863
1,0.82526594,552.74176,429.72,600.912,481.4643
1,0.8132063,96.23358,450.0252,149.65288,509.0955
