label,socre,x1,y1,x2,y2
2,0.9992161,653.08923,109.52207,762.25635,211.27663
2,0.9982109,500.65567,556.5782,588.5778,655.2522
2,0.9910182,735.7727,317.45844,871.28174,439.925
