label,socre,x1,y1,x2,y2
2,0.9992273,483.09207,400.24463,593.04034,499.62103
1,0.9373132,615.3512,447.98816,842.112,732.0764
1,0.8913731,66.616196,475.3073,252.96922,639.5584
