label,socre,x1,y1,x2,y2
2,0.7845894,138.93839,127.42358,241.26735,238.44547
2,0.778328,283.1084,433.43597,413.35977,570.6559
