label,socre,x1,y1,x2,y2
2,0.99952114,322.44897,187.16461,409.30545,306.73
2,0.99944264,77.90591,260.88174,169.61281,385.48633
2,0.998466,416.66714,480.3253,521.3711,609.08215
2,0.99532074,863.987,329.16873,961.13617,416.74545
2,0.93669355,777.9098,210.68579,862.5039,312.07346
