label,socre,x1,y1,x2,y2
1,0.999071,806.212,558.0995,951.97766,722.1807
1,0.99658597,187.5768,46.901352,335.80734,229.73013
1,0.99537694,450.33307,490.55383,617.0437,641.4815
