label,socre,x1,y1,x2,y2
1,0.9985676,824.30396,503.4772,985.5062,677.13434
1,0.99002445,389.07938,550.3998,555.38025,702.3204
1,0.9825004,317.45023,120.34972,490.09592,258.38107
1,0.9789778,82.1541,287.4188,203.58679,455.682
1,0.92268074,410.53726,312.09827,593.1237,437.80182
