label,socre,x1,y1,x2,y2
2,0.9989029,428.2596,145.61218,522.7337,264.45078
2,0.9987191,26.413462,469.65298,170.86423,562.74194
2,0.9972391,692.3818,517.0307,806.3728,626.2181
