label,socre,x1,y1,x2,y2
2,0.99912375,182.94547,164.31454,287.28964,283.56317
2,0.9987476,522.014,605.7847,622.53015,724.8935
2,0.99600536,370.9096,87.57079,490.51538,215.2253
2,0.9772499,617.8785,36.213997,737.0721,176.59921
2,0.9604563,20.553133,447.86832,112.10834,558.3495
