label,socre,x1,y1,x2,y2
2,0.98105663,588.954,402.62714,665.76556,485.1505
2,0.96186835,651.4697,186.3471,720.3909,275.32727
1,0.9408793,514.94934,102.8146,588.70416,171.2864
2,0.9222181,467.58002,521.49475,532.4331,608.8225
2,0.8967462,196.12273,508.9791,286.1291,604.8626
