label,socre,x1,y1,x2,y2
1,0.995216,631.5387,158.52782,756.4838,303.10632
1,0.9872131,465.21155,482.73032,609.83594,644.992
2,0.9102788,152.84756,481.58237,271.9931,618.8253
