label,socre,x1,y1,x2,y2
2,0.9974571,869.9869,324.36517,985.9146,438.43314
2,0.9947113,415.0568,364.32657,561.0131,494.2654
2,0.9919751,120.09178,518.66437,230.1299,642.35785
2,0.9765154,52.942543,307.90073,177.65071,432.8237
