label,socre,x1,y1,x2,y2
2,0.9911578,716.535,291.48166,841.53424,424.3463
1,0.7929276,273.7796,235.97493,414.5771,397.25668
