label,socre,x1,y1,x2,y2
1,0.91851264,489.48663,493.988,637.8769,679.69586
