label,socre,x1,y1,x2,y2
1,0.98381007,709.2281,73.11892,886.35626,191.50264
2,0.95211434,60.671604,135.61353,199.75827,285.10315
1,0.9507888,520.3098,564.0119,668.60516,720.4175
2,0.9306125,259.02676,572.56604,411.18408,705.77905
