label,socre,x1,y1,x2,y2
1,0.9807226,567.3303,41.821766,732.7038,235.73416
2,0.95809156,125.9951,220.75813,314.25833,410.75574
1,0.912532,134.13368,520.1438,295.67575,701.93744
2,0.7710069,858.9506,457.7997,1010.8641,628.8915
