label,socre,x1,y1,x2,y2
2,0.99928254,857.25745,41.050694,963.1062,128.4268
2,0.99415237,725.1292,255.25816,863.36774,361.15106
2,0.9939136,920.14233,404.09512,1010.4865,515.54926
2,0.99132746,446.68207,164.0333,562.28107,258.71765
2,0.98668844,420.57703,516.2525,516.35547,603.9862
2,0.9839048,176.26973,312.5603,293.82907,418.0287
