label,socre,x1,y1,x2,y2
2,0.99315155,326.5671,37.869724,446.31744,152.75528
1,0.98819053,870.9099,416.19427,987.6296,538.30707
2,0.9587108,536.3524,518.6928,659.92944,636.7817
1,0.9201942,682.6519,305.27213,818.8482,435.81992
2,0.8204236,707.7997,84.44316,833.6065,217.86635
1,0.80343556,217.34106,596.28986,361.2554,731.5639
2,0.7685869,375.7948,344.42044,521.3513,476.89557
