label,socre,x1,y1,x2,y2
2,0.99328095,537.7701,452.6735,595.32947,539.7148
2,0.99243164,744.5416,345.9977,835.0803,388.7515
2,0.9897569,395.09525,154.08801,474.7729,214.2673
2,0.9818139,121.61464,149.02138,198.45282,197.63518
2,0.97004515,504.11035,344.93307,562.8222,418.20068
2,0.9099937,203.27142,356.53012,259.56735,446.30133
2,0.9071673,861.2422,25.642075,943.5738,73.97061
2,0.7859834,346.82132,595.3584,424.80695,646.1504
