label,socre,x1,y1,x2,y2
2,0.9988807,597.6884,530.1072,702.0355,636.78064
1,0.9946891,468.8044,228.10481,609.2826,376.54868
1,0.99282986,700.47375,258.07788,832.81696,419.06784
1,0.99281454,80.04026,212.43011,229.47256,376.422
1,0.99107987,342.8791,13.359712,502.3997,155.71375
2,0.9381783,434.9127,432.5643,524.17053,531.5781
1,0.902555,176.73514,422.09836,325.24774,577.73883
