label,socre,x1,y1,x2,y2
2,0.97379285,834.78876,518.60925,950.80237,615.5493
2,0.86810803,438.03058,445.2201,547.40845,563.6508
2,0.78494,688.3602,421.7864,784.4572,511.56116
