label,socre,x1,y1,x2,y2
2,0.9990783,561.32404,525.8263,673.58405,627.1583
2,0.9990281,275.18338,209.08656,381.44275,310.3779
2,0.9981639,869.5856,137.22252,984.42236,227.68617
2,0.9977738,433.9694,298.2997,549.846,396.08072
2,0.9969965,29.50063,543.8686,131.82408,648.7778
2,0.97635025,505.9956,29.150566,626.95197,115.779854
