label,socre,x1,y1,x2,y2
1,0.9964868,536.40936,115.95578,715.81146,328.05356
1,0.9843501,79.801506,353.3774,333.861,552.2036
2,0.7538942,416.24326,539.287,557.73926,732.63556
