label,socre,x1,y1,x2,y2
1,0.99767286,106.10487,204.05592,192.23026,291.81342
1,0.9962722,525.41785,533.64935,680.196,681.3517
2,0.95548534,317.54883,49.452953,421.57434,159.1058
1,0.9437144,116.76381,461.2674,271.11472,610.45447
2,0.8958367,460.26553,106.13358,548.2791,190.02759
2,0.8868747,539.26385,235.1612,640.2399,352.83154
