label,socre,x1,y1,x2,y2
2,0.9607799,289.47958,408.46072,338.129,469.9075
