label,socre,x1,y1,x2,y2
1,0.9995246,646.05383,376.9081,833.3368,531.8256
1,0.9979158,167.02908,89.61349,311.91052,222.96518
1,0.9793657,124.11739,419.62747,285.97034,542.999
1,0.92006,495.8214,504.73734,583.5088,599.4848
