label,socre,x1,y1,x2,y2
1,0.99326456,525.8912,171.6999,668.5835,325.4455
1,0.9922421,764.7169,374.25726,930.63367,546.0063
1,0.97961754,156.70378,394.14752,289.34827,547.4867
1,0.94430244,742.46356,608.98016,851.5841,744.2061
1,0.88148165,241.34906,183.12318,364.65756,314.71097
