label,socre,x1,y1,x2,y2
1,0.99948275,576.9946,472.64178,736.7079,639.81726
1,0.9916147,477.08896,278.24377,583.02704,405.9597
1,0.9893444,329.48642,626.817,472.75226,751.29974
1,0.82855725,298.3495,298.30804,435.49484,441.7097
2,0.8139037,324.74768,531.12396,424.3718,624.14105
2,0.8048916,147.1248,348.04865,258.08554,458.14917
1,0.764196,56.253628,601.31995,220.4375,747.39825
