label,socre,x1,y1,x2,y2
2,0.9938964,240.21074,216.9837,326.02908,293.49753
1,0.7949043,496.94138,185.33832,570.3716,251.92186
