label,socre,x1,y1,x2,y2
2,0.9887573,551.3073,461.72983,658.09045,581.69617
2,0.98647946,117.70903,37.166096,245.4069,150.07187
1,0.9703433,406.03995,158.81143,538.19855,312.84995
2,0.96008706,870.8232,337.99042,995.3049,475.0461
2,0.90248364,144.79185,480.84906,308.56424,626.9671
1,0.84559745,701.7167,6.201042,836.644,152.03156
