label,socre,x1,y1,x2,y2
2,0.9988219,331.26913,639.73004,437.19217,752.93
2,0.9972308,461.94788,281.72427,554.9298,379.09332
2,0.9932799,737.64404,557.1657,839.94684,651.94324
2,0.9815623,870.2872,183.41615,976.3918,276.18066
2,0.9785743,142.92015,647.6484,258.4586,754.9831
2,0.9743425,39.29211,84.344444,162.92583,196.71164
2,0.9021258,365.94562,380.87048,475.29364,487.203
2,0.82102954,885.6397,359.64767,990.1731,471.70682
