label,socre,x1,y1,x2,y2
1,0.99931765,595.49817,409.40665,745.37305,547.80414
1,0.9987355,297.28714,193.46368,439.62088,334.27512
1,0.8285747,15.488996,286.9193,137.86307,413.08667
1,0.7826281,838.3088,518.2973,1013.6664,695.1229
