label,socre,x1,y1,x2,y2
2,0.9877017,717.281,98.2964,785.9279,152.27112
2,0.97945374,316.24966,337.49225,373.9485,409.97693
2,0.855696,483.64594,162.59335,560.83307,231.81506
