label,socre,x1,y1,x2,y2
1,0.8739242,755.3002,79.62408,875.8721,191.28194
