label,socre,x1,y1,x2,y2
2,0.99736196,501.50522,344.38034,603.3406,450.58234
2,0.99671006,714.29565,368.69852,802.6831,481.14035
2,0.9966137,825.1459,130.40224,916.9039,226.1514
2,0.99646086,250.6784,467.2243,343.0034,553.8117
2,0.9061095,517.42377,99.68609,671.5148,245.82726
2,0.88967836,405.57962,602.04333,567.5195,753.0428
2,0.81745774,201.89275,272.3973,308.0936,385.2979
2,0.8007097,838.0959,316.77405,957.09143,435.93777
