label,socre,x1,y1,x2,y2
2,0.97592884,791.97455,602.519,865.0719,690.9503
2,0.90792197,144.96172,277.4905,296.45386,422.90564
1,0.90671617,541.8867,424.42398,678.72034,563.35657
2,0.7939351,201.54684,463.21774,296.69464,578.8198
