label,socre,x1,y1,x2,y2
1,0.9519288,236.24701,375.6422,438.3685,522.7387
