label,socre,x1,y1,x2,y2
2,0.99834967,406.44388,445.70932,537.96423,586.487
2,0.9982595,416.73172,257.45825,536.2338,357.43338
2,0.988288,75.72975,522.342,187.89613,644.65704
1,0.97463983,581.3978,613.50684,796.53046,757.5699
2,0.9745704,159.82689,277.39548,343.03973,456.2907
2,0.8745547,486.1201,87.211174,716.1166,235.96771
