label,socre,x1,y1,x2,y2
2,0.99837935,355.42453,577.45184,495.7733,719.05664
2,0.9927268,655.8782,520.4996,790.4632,643.583
2,0.98662275,805.0967,92.7451,937.169,282.32724
2,0.97192645,179.48189,359.8718,305.5943,498.37646
2,0.78397363,798.09314,351.71085,888.3412,449.69775
