label,socre,x1,y1,x2,y2
2,0.99399936,589.10767,300.15274,716.21655,405.68115
1,0.9479669,404.67725,125.17216,570.31506,276.19302
1,0.94352645,434.4532,517.84766,587.7022,660.28455
2,0.92627686,338.92157,389.20114,448.7674,508.6296
1,0.7778665,103.29705,89.99693,227.46239,196.90877
