label,socre,x1,y1,x2,y2
1,0.981448,246.4157,465.2677,436.24847,633.1157
2,0.95035523,688.0902,427.86783,827.4159,551.6705
1,0.9173773,447.95398,264.52933,610.2456,400.7354
1,0.9126628,180.43509,110.7841,365.98486,278.08365
2,0.8281465,614.765,43.381676,795.55865,191.94237
