label,socre,x1,y1,x2,y2
1,0.99811435,249.3132,181.64734,381.97748,295.721
2,0.9937779,491.46136,338.6206,611.0111,442.6422
2,0.96216816,535.3936,564.0845,681.91693,667.1188
