label,socre,x1,y1,x2,y2
2,0.99773204,751.30634,431.71848,854.85,564.0526
2,0.9954723,693.4026,145.47449,783.9467,235.33653
2,0.98677766,197.3082,357.16077,278.0337,467.5193
2,0.96062404,501.16568,651.3829,585.72125,733.05475
2,0.8828989,445.30322,212.73442,529.127,303.40402
