label,socre,x1,y1,x2,y2
2,0.9915354,884.1279,241.52338,946.1917,307.2733
1,0.98425853,194.49857,291.61285,270.72897,366.437
1,0.9608723,315.0278,311.8115,395.76877,375.7913
2,0.95677125,730.4323,656.4967,795.3781,740.0855
1,0.9554701,492.17032,522.5347,563.6886,596.76166
2,0.95469415,419.08862,647.5352,489.34912,722.55817
2,0.8966559,802.54645,23.44941,861.4636,103.973915
