label,socre,x1,y1,x2,y2
2,0.9982071,138.17981,246.39847,266.70944,367.86624
1,0.9898393,381.88797,113.84485,588.1576,345.2325
2,0.9694188,628.80676,531.27234,736.449,655.9931
