label,socre,x1,y1,x2,y2
1,0.9675877,149.69096,387.87115,309.3759,602.97595
1,0.9355586,586.38306,125.85419,765.1804,283.64136
