label,socre,x1,y1,x2,y2
1,0.99909985,799.7541,151.00989,959.9585,332.90244
1,0.99598795,71.73057,374.30612,229.03835,533.9214
2,0.9956617,75.20926,84.02034,178.48047,197.45033
2,0.9871818,625.72974,365.4585,758.6032,519.8354
1,0.98168784,144.89508,598.1746,317.62674,725.38214
2,0.9811157,780.62463,477.41037,924.71106,591.40625
1,0.9763298,360.88666,450.2409,490.19348,615.5665
1,0.8921968,521.2639,20.711462,648.42804,129.9278
1,0.790694,371.43234,161.92136,518.7162,301.9158
