label,socre,x1,y1,x2,y2
1,0.9972479,418.83215,131.76097,622.3259,384.95837
