label,socre,x1,y1,x2,y2
1,0.9997509,174.46732,27.242826,357.70566,209.88336
1,0.99963605,314.29047,489.23795,492.11093,654.0961
1,0.99962604,481.80716,88.25161,676.79474,273.4751
1,0.9980124,767.65466,577.9764,912.51117,735.9424
1,0.96846336,797.1131,318.9171,950.3618,465.31998
