label,socre,x1,y1,x2,y2
1,0.9944173,160.99678,200.15796,260.76956,285.42563
2,0.9900685,670.5777,208.09254,791.12415,301.7312
1,0.98087984,478.4938,245.72513,559.2974,315.0472
2,0.94917774,859.44073,494.38657,946.93475,577.6128
1,0.9393519,281.502,527.0455,381.12466,626.2527
1,0.9013797,485.7491,623.811,587.17773,728.58105
1,0.8919446,17.030598,370.00504,149.7303,533.7784
2,0.82645893,361.0992,18.767185,465.20035,86.7048
