label,socre,x1,y1,x2,y2
2,0.9982931,620.2269,323.66116,726.83746,436.15662
2,0.99823904,444.05365,563.9796,549.46674,658.1734
2,0.9958935,226.67429,65.419044,342.03714,178.908
2,0.99228984,650.6774,660.14404,736.41736,736.9128
2,0.9848322,674.45715,543.6875,749.1001,611.29395
2,0.9820483,161.962,601.14514,242.44145,680.7143
2,0.97186047,539.7254,397.35803,612.27496,477.51227
