label,socre,x1,y1,x2,y2
1,0.9950244,689.2806,106.152435,835.1515,228.96472
2,0.96810037,910.35175,310.58823,994.52673,385.71414
2,0.9329636,385.22363,190.12434,463.9677,253.57802
