label,socre,x1,y1,x2,y2
1,0.95382017,677.0402,166.29199,828.4544,333.7179
2,0.85655904,165.18742,578.90356,317.22678,715.27545
