label,socre,x1,y1,x2,y2
2,0.99857783,606.81744,40.717514,659.19617,93.10104
2,0.9930674,383.90524,91.326126,442.66058,145.03879
2,0.99074966,717.2341,203.78099,775.42017,254.3964
2,0.9905229,151.92688,494.31216,202.85168,544.4439
2,0.9901348,514.8099,178.76833,565.5111,224.55562
2,0.9795985,101.08894,275.9047,159.51958,316.9952
2,0.9786678,44.413387,172.94382,97.57569,223.08781
2,0.95350426,612.1882,691.36566,665.8842,750.8295
2,0.80357033,96.01782,415.6254,152.06912,468.57565
