label,socre,x1,y1,x2,y2
2,0.99930656,173.67592,112.25412,284.7463,244.00046
1,0.9492566,856.08093,642.9138,960.23663,749.29126
2,0.8828993,522.5002,137.17041,614.95154,242.36925
