label,socre,x1,y1,x2,y2
2,0.99869365,186.96634,574.3504,280.11505,685.4825
2,0.9981238,242.8224,343.72726,343.84967,459.82166
2,0.9965712,390.03537,118.060745,493.03125,238.95284
