label,socre,x1,y1,x2,y2
2,0.99644274,85.30872,113.56323,206.81787,250.38416
2,0.996412,96.85496,431.31274,246.97719,584.07605
2,0.9955634,369.25247,503.12125,529.21204,648.4381
2,0.99552613,482.60583,283.387,637.11676,440.01428
2,0.9945739,253.1133,181.47383,393.62274,335.22372
2,0.99449205,825.9571,329.8005,965.36725,463.64072
2,0.9929491,313.95343,349.9463,451.79547,492.2514
2,0.98744255,644.43085,394.3478,807.09283,539.4753
2,0.986863,852.27344,137.60992,1006.0938,300.0733
