label,socre,x1,y1,x2,y2
2,0.9610135,577.69574,148.00671,693.91095,258.2983
2,0.95427686,562.0543,559.2611,668.1796,679.0955
2,0.9446275,353.09305,161.6235,476.83063,291.35376
1,0.9241187,143.34839,464.63464,236.25325,566.57886
1,0.8644896,343.41718,522.6004,457.83176,654.5049
1,0.8599094,31.455053,142.4972,171.74777,266.1158
1,0.8409996,579.4104,314.16177,734.4785,457.8246
1,0.8287528,276.52582,343.46307,389.1559,430.16232
1,0.76996183,128.35965,300.73154,221.53845,378.87872
