label,socre,x1,y1,x2,y2
1,0.9953891,720.23804,361.08463,877.59125,585.63855
