label,socre,x1,y1,x2,y2
1,0.9844466,525.25244,562.64185,646.3833,671.21735
2,0.91757274,723.852,129.23953,841.9729,238.52567
1,0.9150898,46.86619,259.73804,190.1212,423.26868
1,0.81289655,184.10075,561.8018,315.4716,729.0557
