label,socre,x1,y1,x2,y2
2,0.9977791,283.43893,600.9951,364.1589,685.0139
2,0.9962627,516.9594,215.71997,621.05255,293.46527
2,0.98189616,225.0188,432.86514,324.19986,509.3537
