label,socre,x1,y1,x2,y2
1,0.9185492,368.10553,365.41962,531.2443,560.7426
1,0.91466194,726.9878,126.93149,925.5065,311.7041
