label,socre,x1,y1,x2,y2
1,0.97516316,119.34107,212.96344,312.365,357.38202
