label,socre,x1,y1,x2,y2
2,0.85132,304.565,130.2293,402.74603,223.02682
