label,socre,x1,y1,x2,y2
2,0.9975325,362.7997,339.72397,480.2371,479.1031
2,0.99597746,787.42316,586.17114,942.5363,709.0575
2,0.9940978,914.75574,331.10147,1016.98755,470.19202
2,0.993305,116.17087,68.2861,244.63855,219.93976
2,0.9888453,98.372215,357.2832,232.48587,485.26877
2,0.9418512,31.717804,541.7135,158.40877,679.23535
2,0.86435467,310.6256,135.94095,427.61478,256.4862
2,0.7961477,394.46085,556.32184,561.1367,723.93933
