label,socre,x1,y1,x2,y2
1,0.98548776,80.59104,235.00404,156.1049,314.95157
2,0.98154,300.28336,387.75143,387.72595,466.6127
2,0.9681206,539.70557,534.09705,617.9992,635.2244
2,0.95295256,775.1636,127.38602,846.5742,205.04726
