label,socre,x1,y1,x2,y2
2,0.9698712,247.46576,351.06766,403.07632,521.85315
2,0.904601,243.8057,47.87318,416.81567,197.84648
