label,socre,x1,y1,x2,y2
1,0.9923591,314.57248,98.113914,456.00516,294.35294
1,0.9853755,64.98528,173.91508,218.95667,338.58826
1,0.9851339,542.43976,485.0778,781.6379,683.11847
