label,socre,x1,y1,x2,y2
1,0.9987048,787.49786,563.8333,944.6105,717.496
1,0.9957048,865.4636,331.8019,1000.6976,451.92078
1,0.98936254,273.5423,366.39713,370.21808,452.04745
1,0.98896307,126.30022,641.2778,283.33762,759.5335
1,0.97191715,508.4384,311.5741,647.30273,434.67868
1,0.9558566,126.10907,186.43845,262.12454,313.47754
1,0.855037,373.65012,60.108692,484.3646,173.92285
