label,socre,x1,y1,x2,y2
2,0.998211,815.0924,495.4603,913.5719,615.3424
2,0.9978411,498.75116,255.55104,611.7118,411.86685
2,0.9958763,312.70435,484.4643,396.07858,628.8152
2,0.99438715,916.912,147.79366,1007.3254,294.257
2,0.9903549,678.69324,158.62766,796.79175,303.58713
2,0.9638665,85.526245,133.84804,200.64896,240.70648
