label,socre,x1,y1,x2,y2
1,0.99712604,650.19183,221.71442,853.94806,406.6326
