label,socre,x1,y1,x2,y2
1,0.89012164,439.66263,424.37408,588.15045,606.6706
