label,socre,x1,y1,x2,y2
1,0.99081486,272.08502,461.08105,474.67584,621.9187
1,0.9784877,687.339,57.014698,860.15186,223.05878
