label,socre,x1,y1,x2,y2
2,0.9950801,839.59875,107.40841,955.85156,195.68132
2,0.9917207,331.92798,415.0422,444.52142,539.48596
2,0.9457191,149.13931,304.58893,252.792,424.6947
2,0.9121914,589.8896,149.76518,699.31775,248.99176
