label,socre,x1,y1,x2,y2
2,0.99833775,842.50525,547.43365,976.29614,666.09454
2,0.9972977,262.6235,521.04156,390.20572,668.9328
2,0.9957664,638.3909,320.89453,780.6549,453.1538
2,0.9510929,527.5436,532.7934,620.2163,631.4432
