label,socre,x1,y1,x2,y2
2,0.99860364,534.66095,236.68166,628.48364,342.1224
1,0.9900058,661.3151,470.81064,807.5492,658.60443
2,0.8922455,749.1093,114.616234,877.66675,272.5631
1,0.86471206,235.1562,373.28293,394.11176,517.82605
