label,socre,x1,y1,x2,y2
2,0.99930465,43.401382,517.52515,146.5841,624.141
