label,socre,x1,y1,x2,y2
2,0.9670389,283.58575,370.60013,365.3749,438.31653
2,0.95469046,623.37103,199.71552,704.5933,258.2618
2,0.9262153,33.774754,683.817,115.5512,753.0503
