label,socre,x1,y1,x2,y2
1,0.9943131,669.1286,497.933,921.75183,731.1803
