label,socre,x1,y1,x2,y2
2,0.99835485,802.40186,610.95166,904.3674,729.88257
2,0.9954466,352.4009,538.267,453.51904,650.51306
2,0.9774066,545.7118,183.84233,642.6359,286.77814
2,0.97719795,152.02357,101.02845,251.52298,227.45543
2,0.9676503,337.20728,282.53683,464.94083,401.96255
