label,socre,x1,y1,x2,y2
1,0.99541664,661.6167,146.21921,847.85834,292.95618
1,0.976596,545.15106,559.73224,671.83954,759.4707
