label,socre,x1,y1,x2,y2
2,0.99780804,88.188416,49.292175,187.56839,159.20811
2,0.9971072,285.86597,413.1924,370.1379,520.24817
2,0.99448377,572.2193,459.0232,634.10645,552.3592
2,0.9654475,436.3657,457.3713,519.0756,540.08154
1,0.872172,107.035545,381.83362,192.13068,520.8988
