label,socre,x1,y1,x2,y2
1,0.98400474,224.80228,357.2295,398.89178,538.61255
1,0.97575116,441.54672,282.55365,601.96875,438.4234
2,0.9531466,781.25824,249.81984,871.75323,312.11
2,0.88422734,749.37006,555.7287,907.09625,709.19604
2,0.7815606,914.5055,327.95795,1006.3784,394.61664
