label,socre,x1,y1,x2,y2
1,0.9729205,730.53076,554.25604,898.7687,706.8353
2,0.8647848,241.82494,363.6192,381.93896,521.6468
1,0.7912694,456.9729,67.11901,611.87744,219.2352
