label,socre,x1,y1,x2,y2
1,0.9992041,868.9299,296.8283,1007.36456,437.61783
1,0.9984499,371.5786,485.2763,500.68164,611.8662
2,0.9964126,231.92891,18.794044,354.05157,121.91622
1,0.84391075,631.29224,460.02032,775.036,642.4984
