label,socre,x1,y1,x2,y2
1,0.96669513,696.77325,415.69833,841.179,599.2335
2,0.94723713,152.84998,417.5425,270.52884,554.96313
