label,socre,x1,y1,x2,y2
1,0.9180905,788.5918,524.4687,976.8815,752.20325
