label,socre,x1,y1,x2,y2
2,0.98504364,194.3881,523.1714,289.9104,608.6641
1,0.98489827,422.4217,550.07764,561.1921,685.5493
1,0.9822338,631.6021,348.53058,773.64386,472.65378
1,0.978909,17.919441,16.26898,171.09789,167.29333
2,0.97308517,805.62866,190.57283,891.6954,278.8114
2,0.9702893,54.33395,271.78494,187.75548,414.64786
1,0.9566707,219.64485,335.475,357.86346,472.2827
1,0.95406044,398.54327,318.60046,487.49783,411.09872
2,0.846454,452.4645,153.27237,601.4977,286.86908
