label,socre,x1,y1,x2,y2
1,0.99807054,842.93774,161.3752,919.28796,236.68152
1,0.9964804,152.93686,436.44604,218.8821,504.18637
2,0.97155017,281.64285,601.0195,341.1382,658.8286
1,0.97004086,851.02423,338.35385,919.5702,412.0634
1,0.9037221,270.50208,183.22331,343.03537,254.86078
1,0.85460156,9.664096,629.47986,66.28879,694.8068
2,0.85223365,27.231014,512.65485,91.217636,562.5995
2,0.8145402,338.34375,473.89136,406.38275,544.2594
2,0.7827865,152.72324,68.73501,220.04102,137.81448
