label,socre,x1,y1,x2,y2
1,0.9775325,688.5508,254.06273,832.043,436.9654
2,0.91016996,205.805,307.8922,343.6185,469.76935
