label,socre,x1,y1,x2,y2
1,0.9956884,121.262566,241.45163,315.22342,438.85852
1,0.9390619,155.92169,607.1071,356.96335,744.1895
1,0.8907871,630.3176,533.6269,779.39923,739.7701
