label,socre,x1,y1,x2,y2
1,0.9952496,577.5022,177.98454,647.2273,248.70023
1,0.99360067,646.66125,344.30307,718.1807,406.56528
1,0.99033314,389.12115,406.5411,447.1021,474.64395
1,0.9898325,508.04932,168.9201,571.1601,235.02048
1,0.95870465,631.16614,29.765968,695.45074,95.158295
1,0.9541202,962.96185,652.68475,1008.31494,693.02405
1,0.8646759,344.1626,540.4673,394.94748,598.01514
2,0.8642579,489.9542,556.05676,540.32104,602.5501
