label,socre,x1,y1,x2,y2
1,0.9721147,452.09174,316.36215,639.4137,495.65067
1,0.97027683,88.940575,282.64792,248.84955,449.17447
1,0.95143753,748.57825,459.0859,880.7805,603.9705
1,0.8881314,642.1719,66.60952,848.92303,234.75943
1,0.8136086,142.3603,584.81464,262.78918,705.5998
