label,socre,x1,y1,x2,y2
2,0.99761873,630.39685,584.78265,755.37976,744.9332
2,0.8332633,237.01526,109.87663,374.08987,242.70866
