label,socre,x1,y1,x2,y2
1,0.9206158,138.2269,226.3674,281.76773,407.50797
1,0.8880926,844.90485,122.924034,979.4386,260.04233
1,0.8081476,520.4118,124.5842,648.7893,273.5912
1,0.76612866,457.91406,511.542,634.2355,657.52924
