label,socre,x1,y1,x2,y2
2,0.99587667,625.34564,478.64474,744.7633,645.2525
2,0.9159862,228.16248,338.71527,400.40143,476.96014
2,0.913535,678.3852,165.17877,772.5126,262.69095
