label,socre,x1,y1,x2,y2
2,0.99919564,505.95126,497.2371,640.4799,598.67786
2,0.99891376,479.78842,17.883234,589.84644,117.324844
2,0.99784803,245.40799,375.46042,393.91968,469.9871
