label,socre,x1,y1,x2,y2
2,0.990621,221.59439,494.56082,376.9745,624.03076
2,0.95968056,701.7808,65.04702,827.6569,231.93527
1,0.95887107,792.2206,457.4929,918.71704,637.3551
2,0.8496616,395.06216,162.05319,551.3165,311.8562
