label,socre,x1,y1,x2,y2
1,0.9950478,309.5067,71.67821,446.91556,215.96194
1,0.98892236,444.89862,338.884,575.7801,501.28387
1,0.9752231,282.0451,582.57,390.5071,733.9224
2,0.94567287,892.2708,513.0117,997.3301,614.99365
1,0.86849064,106.136826,263.78726,241.03786,369.33923
