label,socre,x1,y1,x2,y2
2,0.99812645,793.37787,391.34216,942.93085,524.89874
2,0.9940773,64.85835,29.708605,213.12274,174.11745
2,0.9786275,561.9326,313.63492,702.2474,448.0339
2,0.9313673,841.73956,25.370836,965.90234,152.71227
1,0.81811905,709.2383,251.82066,848.3983,387.2126
