label,socre,x1,y1,x2,y2
2,0.99584264,651.16736,493.73776,730.4096,555.4679
2,0.9957468,475.9079,492.1384,534.1552,561.55804
1,0.9549925,922.6708,195.14748,987.9547,271.9869
2,0.9391378,325.7836,276.05844,384.2812,355.92477
1,0.8928207,563.3941,268.45462,642.88007,330.63443
