label,socre,x1,y1,x2,y2
2,0.998723,379.7177,155.83336,490.22916,257.20703
2,0.9966323,100.7304,505.99417,220.18732,610.42004
2,0.99628,359.5088,463.42072,480.54575,555.2062
2,0.99578506,595.8767,231.44312,691.15497,360.47592
2,0.9846673,747.76917,157.06688,836.66046,253.6135
2,0.9259225,833.6878,450.0588,941.7353,543.44977
