label,socre,x1,y1,x2,y2
1,0.9864748,484.06693,203.50749,617.5677,367.7045
1,0.94719917,838.1216,97.466484,971.6228,241.4517
2,0.93832,300.91055,592.6873,467.0918,725.27454
1,0.90093815,141.26855,281.2292,275.51532,444.09695
1,0.84644,687.98584,547.73376,812.2346,691.7144
