label,socre,x1,y1,x2,y2
2,0.9968706,273.61417,52.140953,390.3927,163.69363
2,0.99510574,916.8044,151.77603,1014.91724,257.69147
1,0.9926206,41.84622,201.8961,222.62556,362.61008
2,0.9825713,110.74785,40.275257,212.55424,145.09912
1,0.9173629,187.17798,398.21512,329.18054,608.86444
1,0.84382665,462.14557,195.64426,720.53876,415.34045
