label,socre,x1,y1,x2,y2
1,0.99935156,243.23854,242.44171,472.5796,386.98282
