label,socre,x1,y1,x2,y2
1,0.9948584,272.07855,537.4547,445.39764,696.0751
2,0.97025573,30.88008,434.19592,180.18814,600.3324
2,0.96965986,533.6793,445.67737,702.5045,630.86176
1,0.9396152,134.96373,19.567383,320.094,205.4762
