label,socre,x1,y1,x2,y2
1,0.99119836,546.211,361.05875,700.1734,510.73874
