label,socre,x1,y1,x2,y2
2,0.9897877,760.12335,314.52264,860.78143,421.82562
1,0.7875226,520.98926,524.2681,633.54675,641.9401
