label,socre,x1,y1,x2,y2
1,0.9858283,139.33264,404.22272,286.16718,535.24744
1,0.9331507,655.61914,589.0073,779.0803,715.9704
2,0.8821381,373.9305,555.73773,479.38608,657.2259
2,0.8084407,877.8507,429.35974,965.8282,555.7944
1,0.76717603,338.0078,145.10579,427.95602,214.74586
