label,socre,x1,y1,x2,y2
1,0.9982628,343.406,197.89882,488.39816,349.08063
1,0.9968695,730.03815,234.13315,873.9866,366.57523
1,0.99680185,753.022,524.2086,923.1905,672.42444
1,0.9962729,221.42928,580.14,391.25458,740.05676
