label,socre,x1,y1,x2,y2
2,0.80747575,47.423992,474.1773,153.80145,566.65497
