label,socre,x1,y1,x2,y2
2,0.9983596,552.6654,117.148766,612.2927,193.28114
2,0.9917604,303.98398,478.42264,381.92526,567.8278
2,0.98870474,542.4888,580.01953,601.578,639.6494
2,0.9811116,53.74703,91.208305,135.49615,145.77425
2,0.9678944,701.1694,125.87314,783.23553,203.58705
2,0.96715873,86.200165,371.07974,138.66371,460.17764
