label,socre,x1,y1,x2,y2
1,0.99965346,375.6448,243.6825,559.85077,418.68585
1,0.99964786,370.60876,550.1246,587.7877,723.3169
1,0.9976986,600.2251,50.042805,757.2563,195.48758
1,0.9958311,723.17004,291.1998,868.2371,408.18784
1,0.9942853,133.02524,182.03806,277.85284,349.21234
