label,socre,x1,y1,x2,y2
2,0.99011666,344.88052,298.2445,471.5665,416.7804
2,0.9373466,254.48854,520.0394,360.85306,646.92456
1,0.8957752,769.47815,474.4801,886.0623,600.1908
