label,socre,x1,y1,x2,y2
2,0.91759515,347.77734,354.7756,519.9088,515.3813
2,0.9128968,721.471,372.89822,877.64307,497.4325
2,0.81883913,83.933685,158.36256,234.19298,297.81995
