label,socre,x1,y1,x2,y2
2,0.9987425,897.0347,461.75455,992.9464,561.766
2,0.9943462,255.66685,600.2308,377.406,716.42126
2,0.9940455,524.3919,73.84481,624.27484,172.80215
1,0.96874547,744.80676,169.87064,867.0019,335.2212
2,0.89456815,32.94338,586.0501,129.32199,675.2051
