label,socre,x1,y1,x2,y2
1,0.9668231,790.77094,110.54452,949.68744,262.9719
