label,socre,x1,y1,x2,y2
1,0.9996741,431.73868,432.74008,619.1052,611.18207
1,0.9995092,842.44244,540.38,977.5556,686.2392
1,0.9990989,367.0285,123.37589,535.40674,260.5698
1,0.9989574,74.38697,504.76926,222.3074,657.9481
1,0.99887365,744.96704,89.62594,945.4614,267.733
