label,socre,x1,y1,x2,y2
1,0.9527306,215.4735,526.0831,404.9766,682.73883
2,0.9311408,700.2116,415.59863,808.03546,524.1084
