label,socre,x1,y1,x2,y2
1,0.8686058,715.557,519.4308,910.74896,712.8084
