label,socre,x1,y1,x2,y2
1,0.991919,692.45447,29.896793,845.07745,188.82649
1,0.9592319,787.6136,428.8224,951.99304,601.7593
1,0.8854683,372.149,369.39648,506.95685,517.6284
