label,socre,x1,y1,x2,y2
1,0.99945503,27.922014,228.25635,199.75328,403.65262
1,0.9987612,427.64243,27.85152,626.44403,214.30716
1,0.99590176,869.4874,508.71146,1015.9921,657.1802
