label,socre,x1,y1,x2,y2
2,0.9992926,309.72238,607.43225,418.06924,706.56195
2,0.998993,92.81649,582.293,202.5177,695.6423
2,0.99894136,397.3094,415.2559,509.73892,505.2424
2,0.99679416,183.88783,157.94084,290.42462,276.34393
2,0.99437416,387.02924,229.8341,475.2216,322.18942
2,0.97466075,459.0632,36.602478,576.2417,138.09195
2,0.97419465,174.92255,423.82947,263.24368,506.07373
2,0.9716997,849.0409,209.60808,931.6,293.64743
2,0.78564054,680.80426,183.58101,763.7964,295.34195
