label,socre,x1,y1,x2,y2
2,0.999401,348.83905,275.5375,456.95837,385.99524
2,0.99900454,781.7708,340.99832,890.36536,454.33002
2,0.9984201,632.0651,500.5262,721.8012,610.79156
2,0.9981179,102.67097,323.56775,192.55913,442.16882
2,0.996523,476.011,205.78464,581.9965,291.08173
2,0.9957367,517.71747,80.73114,606.55273,172.36488
2,0.99305916,817.30145,194.9803,926.5286,307.24435
2,0.9547931,279.6482,8.019668,362.60605,114.97907
