label,socre,x1,y1,x2,y2
1,0.98855865,668.06744,467.8773,843.0693,614.3455
2,0.8105758,309.24945,361.05283,447.65628,498.28815
