label,socre,x1,y1,x2,y2
1,0.8752731,515.2992,180.3745,660.05084,358.50558
1,0.8393079,649.1925,550.8712,752.35535,645.66974
