label,socre,x1,y1,x2,y2
2,0.9990038,293.99814,566.42303,414.81592,648.1601
2,0.99741936,607.8917,185.74794,721.6332,313.47205
2,0.9767437,903.85376,114.42854,984.534,203.50479
2,0.75946224,783.27795,349.52307,856.6519,408.67096
