label,socre,x1,y1,x2,y2
1,0.9796124,215.98842,95.989815,345.9523,248.5098
