label,socre,x1,y1,x2,y2
2,0.9989158,442.44226,204.45894,551.28314,322.27615
2,0.99741036,693.52594,557.83856,820.16077,693.78357
2,0.993796,264.8923,44.39943,410.58298,200.90286
2,0.9642714,295.13507,539.4507,422.26184,650.7065
2,0.8950226,15.72167,83.37547,108.76782,202.02419
