label,socre,x1,y1,x2,y2
1,0.9725758,731.9634,283.798,783.9695,329.26593
1,0.8767785,560.9456,314.71863,612.4977,366.0521
1,0.84610987,498.42795,208.96104,554.11414,257.92496
