label,socre,x1,y1,x2,y2
1,0.9490506,698.5778,84.72369,878.9304,271.02988
1,0.9344357,351.91547,332.1199,521.71204,506.63388
1,0.90372014,795.45764,573.6529,985.742,747.888
