label,socre,x1,y1,x2,y2
2,0.9931726,494.125,490.92682,587.98535,590.1538
2,0.97793764,503.00623,335.83395,599.9451,417.66718
2,0.9659078,707.8282,430.70084,800.8307,506.61304
2,0.94923127,82.92404,361.8533,161.06631,456.06357
2,0.92467946,754.12067,565.4297,823.9828,654.72595
2,0.91532385,210.63754,378.84677,280.9509,463.7593
2,0.8953507,208.55289,213.97649,315.40204,302.9798
2,0.88929397,889.3487,315.3316,989.5454,405.58157
2,0.79748726,154.58965,551.13684,227.94061,633.0489
