label,socre,x1,y1,x2,y2
1,0.9976751,591.2993,608.8144,751.2769,744.34424
1,0.9974837,261.52866,292.89432,405.26883,450.60696
1,0.9917013,327.96338,599.0836,476.40985,744.8071
2,0.96804416,735.5091,475.05322,808.64594,543.61597
