label,socre,x1,y1,x2,y2
1,0.99957854,545.4736,602.30005,681.0893,728.2529
1,0.9993666,122.0974,426.91464,263.8672,569.3277
1,0.998694,534.32587,271.64056,679.60626,410.09045
1,0.9984982,235.59177,36.391186,385.7932,207.81697
1,0.9975318,695.4134,55.453796,801.2121,168.64821
2,0.96174014,511.0839,38.14368,612.4275,137.39076
1,0.8894289,757.4324,515.99243,869.2925,616.9114
