label,socre,x1,y1,x2,y2
2,0.9950342,646.17316,423.79553,784.6361,566.04095
2,0.9880455,515.6389,588.0146,621.6354,697.47614
2,0.948306,213.20117,429.0882,308.67657,515.7889
2,0.94565046,699.4685,42.77972,789.565,142.78542
1,0.9326264,51.08764,103.700096,233.53403,272.6946
2,0.9312554,421.34857,193.68562,553.1833,335.67966
