label,socre,x1,y1,x2,y2
2,0.9951892,155.14127,188.68694,278.10468,332.8304
1,0.9728879,175.53067,419.7568,322.876,635.4995
