label,socre,x1,y1,x2,y2
2,0.9856791,326.421,644.10126,439.19275,751.4297
1,0.9813353,678.3969,300.9897,859.5496,466.3876
2,0.9372075,24.343702,586.6619,120.06889,682.87836
1,0.8025235,224.41716,372.6469,384.29156,528.50073
