label,socre,x1,y1,x2,y2
1,0.99954504,257.54224,492.4915,416.72018,651.3853
1,0.99755245,302.2541,267.85782,460.70096,406.92258
1,0.9944441,846.9199,150.7826,960.0864,257.86462
1,0.9496857,523.9659,443.73605,648.695,552.98474
2,0.90856266,405.50632,38.993824,513.26074,149.0792
1,0.80987465,66.764366,436.23132,174.20792,535.613
