label,socre,x1,y1,x2,y2
2,0.99596786,64.705284,304.75507,164.47336,394.81052
2,0.984219,443.2038,189.74753,546.6855,302.89523
2,0.76585233,242.67334,348.02945,332.12814,436.49515
