label,socre,x1,y1,x2,y2
2,0.99663264,774.6917,365.38248,881.597,479.35846
2,0.9853973,616.78076,537.4616,755.55237,676.881
2,0.9837257,87.399925,290.3318,230.56578,419.59763
2,0.9606549,695.55145,203.14626,787.2575,287.02884
2,0.9115674,337.6409,368.71536,453.0146,500.41763
2,0.76208174,485.73074,143.55067,639.345,272.3515
