label,socre,x1,y1,x2,y2
2,0.9993368,804.15216,383.02884,890.6714,488.53308
2,0.9988869,581.33466,248.2644,678.15326,330.02795
2,0.9965784,314.34955,655.86804,402.4174,755.27484
2,0.9941849,623.4902,71.36133,722.20026,171.41281
