label,socre,x1,y1,x2,y2
2,0.9708378,561.58295,345.96164,660.28046,439.85922
2,0.96392107,859.2402,160.60971,954.24426,261.9155
