label,socre,x1,y1,x2,y2
2,0.9970004,635.3694,427.82767,719.2697,526.9875
2,0.9937163,878.71216,401.4125,978.6076,509.76285
2,0.9688873,452.67813,472.10385,536.44244,580.863
2,0.9678007,413.94574,330.54135,529.82666,443.35077
