label,socre,x1,y1,x2,y2
2,0.9903258,241.56209,303.70334,326.95755,394.36893
2,0.95660186,409.7754,255.58333,505.79575,358.62347
2,0.94600505,287.89282,502.9647,379.46887,598.1451
2,0.8616978,48.952408,364.28076,145.2577,476.44864
2,0.8467724,657.2334,302.72495,749.99854,380.4352
2,0.8169587,516.6882,231.85867,600.79016,319.0991
