label,socre,x1,y1,x2,y2
2,0.9896974,755.7742,357.49518,917.03894,483.70468
2,0.8951019,354.92444,443.02017,515.12994,589.96136
