label,socre,x1,y1,x2,y2
1,0.986795,689.4562,42.79116,850.72205,207.8313
1,0.91715133,320.2237,484.7952,487.21744,659.8296
