label,socre,x1,y1,x2,y2
1,0.9996722,498.38907,260.3825,674.36456,459.57132
1,0.9867638,198.7687,187.90034,341.47797,307.7171
