label,socre,x1,y1,x2,y2
1,0.9757868,605.3339,504.62354,664.22485,556.27814
