label,socre,x1,y1,x2,y2
2,0.99445397,241.73914,110.90374,314.73358,189.02122
2,0.99083394,297.2177,669.6496,392.58228,761.1931
2,0.98429686,38.34056,621.59204,133.50114,718.93524
2,0.97773767,248.59311,508.58167,324.2874,593.62805
2,0.93730825,373.25635,382.09293,472.24515,450.1949
