label,socre,x1,y1,x2,y2
1,0.9862076,622.6822,518.4306,765.3734,669.486
1,0.98096704,678.35284,5.5678415,826.67236,120.07469
1,0.9786733,318.8039,190.09262,449.33554,321.335
