label,socre,x1,y1,x2,y2
2,0.9909706,386.02835,123.8373,544.6683,252.56912
