label,socre,x1,y1,x2,y2
2,0.99544466,217.51932,570.91943,367.1401,719.4329
1,0.98048234,41.78479,207.9805,229.03627,392.17474
1,0.9800851,699.75256,511.0828,927.93774,683.86346
2,0.97557324,506.93433,225.9391,665.165,380.5164
2,0.83770454,298.18796,32.184235,452.9042,151.20474
