label,socre,x1,y1,x2,y2
1,0.99167484,49.183178,86.86081,202.59221,233.78947
2,0.9527757,286.68558,293.09674,413.10144,420.17386
2,0.9466629,251.45395,536.19336,378.2756,640.5786
2,0.9299783,595.3314,451.0572,727.4621,580.05426
1,0.90424466,534.47845,108.87207,681.7677,226.32283
