label,socre,x1,y1,x2,y2
2,0.9952769,321.41357,188.70885,466.3734,313.21674
2,0.9948106,222.49046,321.35837,334.90106,432.31583
1,0.86902833,119.00032,495.07486,282.53067,643.70447
