label,socre,x1,y1,x2,y2
2,0.9997763,582.00745,483.35474,686.3645,589.7588
2,0.9987539,741.22784,341.851,847.8662,433.9004
2,0.99828184,896.31165,413.56207,1006.0322,531.9921
2,0.9974843,186.6294,419.88177,306.80322,510.43527
2,0.9912409,249.29556,178.26492,348.7826,273.8776
