label,socre,x1,y1,x2,y2
1,0.9994593,287.07626,368.47998,481.35577,552.4926
