label,socre,x1,y1,x2,y2
2,0.998431,198.79507,6.1392994,317.6879,112.98373
2,0.99005556,831.1732,604.90326,946.07587,730.2481
2,0.98226905,329.51596,406.056,455.03302,538.40283
1,0.9705282,860.71747,207.54086,988.7478,327.43283
1,0.8993172,15.228643,251.86566,140.31995,361.74423
1,0.87943476,623.7315,135.70137,775.9596,298.17554
