label,socre,x1,y1,x2,y2
1,0.9929253,694.46204,328.82455,885.2434,471.73505
1,0.988602,299.6709,34.862022,451.37616,232.2227
1,0.97701716,90.76969,572.6863,209.4611,726.0115
