label,socre,x1,y1,x2,y2
2,0.99848026,444.46017,574.2552,537.54156,683.79315
2,0.9981055,611.70483,156.82622,716.0149,256.08392
2,0.9961052,787.34827,500.08728,901.4544,607.925
2,0.9957071,56.801853,467.72333,169.38954,589.7852
2,0.99466586,593.54285,370.09662,675.12274,448.45892
