label,socre,x1,y1,x2,y2
2,0.9995246,490.26025,192.12498,597.0045,274.80292
2,0.99831533,467.14294,573.3977,578.2117,664.5021
2,0.99829704,275.50247,422.52554,370.517,529.3105
2,0.9981218,7.196441,221.05391,113.252,334.74115
