label,socre,x1,y1,x2,y2
1,0.91058326,850.5998,305.85754,985.10046,464.08734
2,0.79107636,150.74965,187.23615,344.4174,322.08865
