label,socre,x1,y1,x2,y2
2,0.9988381,81.09687,493.75223,191.03355,586.9589
1,0.9901596,386.73575,518.70917,471.09604,635.59894
2,0.9764755,485.00186,182.94685,602.4859,287.1338
1,0.9738816,650.0792,55.710373,790.4442,188.71028
1,0.94273734,232.48288,205.28088,323.4413,330.43994
