label,socre,x1,y1,x2,y2
2,0.9686365,351.62793,502.62057,473.75082,651.02704
2,0.91954285,51.9114,474.00537,163.03105,582.4508
2,0.79951036,31.408932,240.85551,175.4514,364.85553
