label,socre,x1,y1,x2,y2
2,0.9956469,328.8958,145.72496,465.40186,270.08206
2,0.99195004,265.9434,498.78152,392.7461,607.22345
2,0.9456096,116.89212,563.42926,215.02231,668.29944
