label,socre,x1,y1,x2,y2
2,0.99857676,516.62506,428.26828,619.42535,546.3801
2,0.9954085,183.01799,291.68622,287.71307,425.38373
2,0.98889554,21.333185,519.95386,143.83543,658.12354
