label,socre,x1,y1,x2,y2
2,0.9967434,605.6095,148.49478,724.1622,246.64604
2,0.9957912,838.7691,255.58556,953.87006,365.82336
2,0.9952734,332.94254,384.5251,448.63614,480.9013
2,0.9456779,887.40204,374.28412,979.8,480.77353
2,0.8050661,252.6294,208.42262,353.9214,319.24725
