label,socre,x1,y1,x2,y2
2,0.99400055,475.3067,270.1558,620.01404,415.07526
1,0.9425723,682.719,250.05421,892.0199,426.2459
1,0.8481538,48.081146,304.86438,230.15045,511.42798
2,0.7600567,332.68436,361.10825,463.13593,506.31033
