label,socre,x1,y1,x2,y2
2,0.9953655,156.54272,269.40002,278.91336,371.465
2,0.99338794,388.9328,306.16443,505.1933,425.78854
2,0.9751971,256.23502,449.16782,384.65323,579.9475
