label,socre,x1,y1,x2,y2
1,0.9992514,358.27438,259.8503,541.92584,438.35718
1,0.9977841,165.7476,593.02234,324.70938,742.13934
1,0.99734783,126.72354,347.4886,285.30945,479.09863
1,0.9800931,160.11975,59.745014,278.8494,197.4922
