label,socre,x1,y1,x2,y2
2,0.9978421,647.35645,444.80707,766.5419,552.67523
2,0.99319106,31.09778,413.97006,143.2712,512.8711
2,0.9451908,125.658936,243.77103,211.94595,327.73694
2,0.94152,262.8947,553.2291,329.94174,630.7028
1,0.9204106,781.1379,655.81714,874.22516,760.7515
2,0.86572146,893.30176,166.61215,1003.5944,274.60727
