label,socre,x1,y1,x2,y2
2,0.9995285,279.29095,270.28482,362.1391,360.96848
2,0.99861073,891.79193,77.399605,1008.94196,178.6525
2,0.99681336,161.4398,590.9799,262.01666,680.68744
2,0.9965199,146.22336,486.8511,234.0022,573.07007
2,0.9958002,397.29727,195.36243,481.22482,282.52005
2,0.9858743,299.4945,529.62213,404.6225,636.1462
2,0.9733181,499.52475,428.42184,595.4641,536.0416
