label,socre,x1,y1,x2,y2
1,0.99478036,321.84637,399.50803,519.51874,623.6966
