label,socre,x1,y1,x2,y2
2,0.9980172,769.44275,122.72378,882.44604,271.48746
2,0.994206,156.42094,408.66812,296.55768,562.418
1,0.8985585,526.2034,271.81287,663.04736,399.92532
