label,socre,x1,y1,x2,y2
2,0.9988741,578.4906,393.38208,672.9851,488.3554
2,0.9985019,638.9153,58.274334,777.0908,161.44371
2,0.99594915,568.42053,558.70374,668.1823,640.04584
