label,socre,x1,y1,x2,y2
2,0.9979243,747.9319,185.46118,855.5229,339.3715
2,0.99445456,452.75604,438.5121,575.6425,564.7821
2,0.96715945,362.7119,183.73529,506.06116,301.1749
