label,socre,x1,y1,x2,y2
2,0.99747247,603.1842,383.98856,707.36597,515.3699
2,0.98334867,310.59137,303.5938,429.36823,421.85153
2,0.96170294,281.3039,141.1377,424.0152,268.93573
2,0.9539346,608.4614,616.708,736.98254,758.7315
2,0.9116338,100.31,262.20264,234.61224,381.50836
