label,socre,x1,y1,x2,y2
2,0.9813844,499.10748,121.52294,616.12494,243.7417
2,0.97860193,24.969318,631.99475,142.32126,750.4964
1,0.97856754,194.02823,192.70526,328.47516,374.60516
1,0.9420827,570.5082,465.73868,714.8852,642.96533
