label,socre,x1,y1,x2,y2
2,0.99197924,79.62733,23.276579,250.06454,187.19414
2,0.97692376,211.5411,326.94122,347.36035,498.1086
1,0.92555374,652.48425,303.07944,811.02924,495.6202
