label,socre,x1,y1,x2,y2
2,0.9994796,274.2115,193.81091,375.29755,302.45905
2,0.9988269,12.381497,334.77325,118.690254,454.4709
2,0.920415,249.98396,471.98605,324.04956,610.8482
2,0.81758183,412.18707,592.0192,493.97086,694.9981
