label,socre,x1,y1,x2,y2
2,0.9966899,154.241,57.687927,259.82928,169.60965
2,0.9470141,520.982,459.05927,661.6538,584.4295
