label,socre,x1,y1,x2,y2
2,0.997726,108.86955,302.75375,242.33504,456.82483
2,0.9960296,738.1463,590.0705,864.89325,747.35535
