label,socre,x1,y1,x2,y2
1,0.9578418,693.53094,228.40936,853.98065,376.8756
1,0.945751,254.13643,526.4076,407.0242,703.59625
