label,socre,x1,y1,x2,y2
2,0.9850269,249.04547,459.5303,367.93225,569.52106
2,0.98269653,434.39117,457.54938,575.2513,597.4437
