label,socre,x1,y1,x2,y2
2,0.9960322,6.424367,16.07838,99.53579,111.274124
2,0.99404013,346.5039,496.51318,453.34805,625.9436
2,0.9777685,927.7594,189.38496,1011.1805,296.60934
2,0.9360909,630.0662,546.0452,743.52216,650.6831
2,0.9349086,763.8488,625.353,872.1168,739.69086
2,0.8846445,762.06384,357.42108,853.93604,450.0732
