label,socre,x1,y1,x2,y2
1,0.93076015,482.3642,63.59649,626.7976,195.52277
1,0.8704191,565.8909,468.74878,675.96515,577.55316
2,0.85385156,305.07047,521.7981,432.70444,622.5855
1,0.7555042,216.10052,11.96039,329.77646,123.674675
