label,socre,x1,y1,x2,y2
2,0.9988201,248.11069,30.427265,386.07477,144.50656
2,0.9918218,736.0095,572.6811,815.71295,701.5573
1,0.93397725,409.37003,490.93475,563.63275,639.4652
