label,socre,x1,y1,x2,y2
1,0.9737941,468.6462,187.3259,618.8796,308.9959
1,0.9476702,113.6474,241.02852,266.39288,400.57373
