label,socre,x1,y1,x2,y2
1,0.9975447,165.10744,515.7597,287.7881,634.49255
1,0.99391854,413.86093,101.36127,528.1042,215.72847
1,0.98367476,331.2024,431.43753,457.91324,551.0434
1,0.97425133,611.1816,157.7672,756.26434,310.21964
2,0.96552026,174.18834,41.462082,334.60318,147.60027
2,0.9559596,833.07935,290.47644,917.13916,373.9342
1,0.9242018,263.00592,262.02695,344.1017,340.1477
2,0.91614467,842.38245,481.5908,920.5484,560.45496
2,0.89961565,109.28958,283.32907,219.90059,434.45038
