label,socre,x1,y1,x2,y2
1,0.89914775,504.07193,274.69226,648.52106,443.97412
