label,socre,x1,y1,x2,y2
1,0.9747512,584.52185,129.65402,643.34106,198.70898
2,0.9566899,191.88512,129.34485,313.01163,240.18286
2,0.8393463,688.8099,462.57233,786.78687,557.82806
