label,socre,x1,y1,x2,y2
2,0.9954886,6.4631104,16.005249,99.64593,111.36495
2,0.9951957,346.57892,496.3187,452.4745,626.162
2,0.97978824,928.40546,189.097,1010.96234,296.49915
2,0.9503086,633.8138,546.2753,738.9277,649.4703
2,0.9458109,762.185,624.5287,872.31573,740.05585
2,0.8811985,761.2276,357.51166,853.7019,450.5842
