label,socre,x1,y1,x2,y2
1,0.7889291,767.78485,273.00613,917.48676,419.09607
