label,socre,x1,y1,x2,y2
2,0.97771543,246.65446,366.49255,397.30756,515.11255
