label,socre,x1,y1,x2,y2
1,0.9987368,522.36334,276.0898,678.4174,415.59918
1,0.99804294,336.27368,428.37918,472.66553,568.6993
1,0.9807891,348.77344,133.92638,465.79797,265.4204
1,0.91647536,137.06657,219.99297,323.82434,438.07986
