label,socre,x1,y1,x2,y2
1,0.96755457,434.02893,92.49324,576.0701,238.83969
1,0.9285673,431.90143,407.49197,549.46704,548.99097
1,0.8443892,132.99431,298.69073,276.5825,439.49762
