label,socre,x1,y1,x2,y2
2,0.9508512,259.6803,445.5059,430.4622,600.7155
2,0.9473927,773.9767,132.69691,945.15735,267.29874
