label,socre,x1,y1,x2,y2
2,0.95766664,553.539,349.2357,662.0097,468.5312
2,0.9359571,366.89694,317.2142,500.31955,457.47293
2,0.8479101,462.08298,225.82146,527.52435,296.3586
2,0.7614414,753.36383,64.06069,863.4404,187.23091
2,0.7612293,86.722404,81.027596,207.13828,212.69025
