label,socre,x1,y1,x2,y2
2,0.9975647,519.5512,21.941132,648.6836,138.6938
2,0.9826645,373.92917,562.17456,533.7621,684.3131
2,0.966009,772.6637,181.5062,884.21295,297.2049
2,0.9424965,26.214283,607.3251,144.26462,718.88617
