label,socre,x1,y1,x2,y2
2,0.9957314,457.6746,323.61542,639.4501,467.09357
