label,socre,x1,y1,x2,y2
2,0.99483913,862.6182,55.609512,965.8232,144.41125
2,0.96021587,543.93195,437.74036,620.33966,514.75385
2,0.9403923,66.49462,462.34787,149.103,540.41077
2,0.8511365,634.5941,224.8626,722.8373,314.79462
2,0.8027496,565.5536,106.78113,669.7001,202.54611
1,0.7758707,490.9103,628.9828,557.29407,699.61066
1,0.7756309,298.697,465.45844,365.05716,532.1612
