label,socre,x1,y1,x2,y2
2,0.9997824,582.2073,483.56085,686.3985,589.8095
2,0.99874014,741.5864,341.91403,847.87054,434.0282
2,0.9983405,896.34186,413.57593,1005.70557,532.2689
2,0.99745125,186.86162,419.50113,306.18384,510.59537
2,0.98996335,249.81947,178.09608,349.25128,273.73996
