label,socre,x1,y1,x2,y2
1,0.9984484,62.213936,304.97546,215.6883,463.0721
1,0.9750982,644.7732,276.16873,804.6674,419.12976
1,0.95381737,510.7167,147.2702,636.11176,254.69608
1,0.9518505,327.55276,461.70068,460.9629,597.9213
1,0.9142663,207.4479,583.20044,297.14227,654.6184
2,0.866256,490.58957,555.1669,598.4144,662.88513
1,0.84003896,665.01917,632.89667,745.0744,717.3445
