label,socre,x1,y1,x2,y2
2,0.99783784,817.21906,453.4915,956.80054,560.2885
2,0.98732156,41.129833,285.4763,129.57922,366.3763
2,0.9841421,316.10452,411.35876,422.26956,501.4896
2,0.977424,86.13873,453.3843,198.68086,548.79944
2,0.9769011,401.0903,150.76535,516.53845,257.80933
2,0.9220193,540.72174,317.62936,628.9456,398.90808
