label,socre,x1,y1,x2,y2
1,0.9913292,272.94315,428.7585,452.75397,588.2538
1,0.86733,771.26337,205.21866,950.3209,385.0169
