label,socre,x1,y1,x2,y2
1,0.98645717,284.7495,605.8839,453.76657,759.6231
1,0.97488844,727.72394,389.08206,852.86206,522.2091
1,0.971221,204.46497,278.89478,365.89316,428.2659
2,0.9501598,43.176327,362.74692,152.92223,478.96265
1,0.93843704,911.76276,267.753,1016.7602,400.82162
1,0.7922377,623.1195,202.83934,746.1638,348.35382
