label,socre,x1,y1,x2,y2
1,0.9982851,564.2896,191.6323,729.01184,341.94934
1,0.98875564,411.71283,477.2845,558.27527,601.35693
1,0.97632766,193.4305,624.29083,300.94006,727.7815
1,0.9594663,806.356,567.5188,898.4877,633.1567
1,0.9471753,382.41534,334.47952,508.61118,439.66895
1,0.92673236,290.96133,151.6625,435.59238,263.86716
