label,socre,x1,y1,x2,y2
2,0.9968659,48.55371,490.5679,146.64653,597.7041
2,0.9967475,259.18106,560.66156,357.5642,683.7347
2,0.9944208,493.84872,486.729,602.6876,597.8824
2,0.9874456,637.99475,507.07007,740.9306,608.46747
2,0.9660307,88.54798,325.85464,197.82564,416.4915
2,0.880641,648.0261,272.6765,762.2812,387.41772
