label,socre,x1,y1,x2,y2
2,0.973623,344.50684,188.8079,448.612,308.665
2,0.8855826,89.815445,385.33035,176.52077,488.33286
