label,socre,x1,y1,x2,y2
1,0.99060625,298.76266,451.39542,520.8643,694.3413
1,0.97910905,63.14555,492.97147,266.2058,726.3818
