label,socre,x1,y1,x2,y2
2,0.97272533,897.83685,555.99524,955.3882,602.70996
2,0.9495689,216.30347,524.8906,277.4701,587.8022
2,0.94695187,512.12024,480.9253,561.6192,531.00726
2,0.9393635,716.8846,313.65292,769.90564,366.76758
2,0.90924776,258.89398,684.9544,321.88806,749.4488
2,0.8763273,755.94836,461.9525,816.6118,526.81274
1,0.8640459,603.7264,366.60397,669.4194,428.72028
2,0.77337253,680.5619,623.04944,745.9734,690.9283
