label,socre,x1,y1,x2,y2
2,0.99725133,447.39584,218.38469,523.6731,312.10034
2,0.99150825,550.50305,261.3464,658.1027,392.24536
2,0.99120754,622.4722,605.1706,711.82367,695.74695
2,0.9863566,186.85596,180.69641,282.20428,291.85678
2,0.9643333,721.90125,124.56885,843.3648,263.53284
2,0.9587925,789.1009,491.75958,895.86884,612.1332
1,0.8665332,318.7936,464.98596,459.83536,580.4718
2,0.7887831,61.152115,408.4655,167.87808,555.8614
