label,socre,x1,y1,x2,y2
2,0.9973309,227.79883,252.90884,322.14072,354.6046
2,0.99039674,624.73206,309.41302,751.85156,433.18073
2,0.98748744,31.735302,232.44702,146.77188,338.8879
2,0.97921306,230.34746,393.84763,308.168,459.16232
2,0.89340323,538.955,310.20276,610.4161,378.7218
2,0.7669124,464.51224,597.7993,555.4484,683.64246
