label,socre,x1,y1,x2,y2
1,0.9681247,706.94995,326.02823,833.2636,519.3545
2,0.93280303,934.2463,364.24506,1013.47504,499.4923
1,0.9102332,136.4435,32.047455,280.21094,172.42235
1,0.90737194,120.35949,555.71954,283.8549,723.6321
