label,socre,x1,y1,x2,y2
2,0.99981767,460.19247,98.917,544.3903,214.29327
2,0.9991487,440.04575,461.79437,533.8739,570.5911
2,0.99913824,748.8775,422.8374,847.5274,537.52094
2,0.9990397,323.90802,616.4475,438.35513,700.77716
2,0.9979976,809.9037,224.26097,904.79663,317.44955
