label,socre,x1,y1,x2,y2
2,0.9987361,287.67078,342.09137,393.67648,434.5414
2,0.99295795,658.57,368.7327,754.9864,469.63687
2,0.9893897,828.5542,430.38458,917.53986,517.9136
2,0.98888224,186.39716,625.77985,288.8283,718.3199
2,0.984837,846.5526,296.90353,944.81805,412.21027
2,0.9815455,372.1279,142.73251,491.79224,232.62842
2,0.97060734,770.1109,93.42999,876.8005,187.55643
2,0.9344889,139.87682,302.23676,229.44307,391.33914
2,0.91000724,479.18436,382.22577,567.8153,452.73257
