label,socre,x1,y1,x2,y2
1,0.98050576,142.55789,119.22894,296.46756,289.80823
1,0.8182496,56.77384,544.82007,206.15088,683.6451
