label,socre,x1,y1,x2,y2
1,0.99938035,190.80113,383.5188,328.14453,553.9428
1,0.99905807,241.11546,65.446625,399.9246,242.97305
1,0.99781585,710.3532,259.96375,871.48065,397.9649
1,0.9958605,432.0593,329.31647,606.34656,478.0962
1,0.9936772,23.232637,102.22085,158.00168,256.6114
1,0.9934087,657.3831,431.56595,778.64246,551.543
2,0.96710443,41.291325,450.4334,127.33217,542.8639
1,0.9424286,61.784344,616.4441,212.23586,756.8531
