label,socre,x1,y1,x2,y2
1,0.99585706,47.049805,244.68018,220.72966,386.4903
1,0.9876467,843.04755,510.00397,988.54266,723.9833
1,0.81552804,260.79974,515.4585,452.08142,647.55194
