label,socre,x1,y1,x2,y2
1,0.9988593,37.887817,231.85185,219.47295,397.97696
1,0.9981249,469.5418,562.59564,601.69543,691.92224
1,0.9949142,494.62393,298.20215,652.1196,423.75598
1,0.9878,216.41765,431.0701,386.5558,578.00037
1,0.94497496,677.6803,464.13208,797.87177,603.0196
