label,socre,x1,y1,x2,y2
2,0.9949823,345.54428,71.99204,479.3192,201.34155
1,0.9764865,99.92972,590.6796,251.49197,751.0449
