label,socre,x1,y1,x2,y2
2,0.99502534,737.18506,58.38503,847.0321,182.1253
2,0.98523706,306.9414,20.31546,414.97153,113.73471
2,0.98316437,840.36646,563.75854,943.39764,647.05853
2,0.9796608,549.8135,517.5347,641.85394,619.5542
