label,socre,x1,y1,x2,y2
2,0.99790645,196.50172,94.71229,340.67792,243.72586
2,0.91331434,795.992,558.4849,929.67615,704.9584
2,0.83745974,549.1536,305.28485,693.77216,454.99963
