label,socre,x1,y1,x2,y2
2,0.97850627,131.20901,25.58625,278.2617,147.88824
2,0.9582565,458.61655,43.26709,592.75867,163.55237
1,0.94455826,877.0341,72.34213,1016.6482,233.84222
1,0.94135994,637.64545,488.6074,829.9383,644.64886
2,0.9252994,163.73378,624.88806,310.54584,753.0449
