label,socre,x1,y1,x2,y2
1,0.99794894,149.78415,406.36243,311.2065,614.17944
