label,socre,x1,y1,x2,y2
1,0.9983188,354.56088,322.12146,494.42426,487.07016
