label,socre,x1,y1,x2,y2
2,0.97276795,481.44702,88.21181,566.59375,175.79153
2,0.8484139,648.827,232.86389,725.1436,310.0393
