label,socre,x1,y1,x2,y2
1,0.83785796,398.7653,210.77106,550.4969,409.94702
