label,socre,x1,y1,x2,y2
1,0.9967282,406.11926,131.51256,584.8581,325.6265
1,0.9947114,704.8331,299.26877,901.8955,460.89148
