label,socre,x1,y1,x2,y2
1,0.97706145,746.172,231.23517,902.8022,398.7616
2,0.9505912,278.71683,627.9905,502.70966,742.36664
1,0.9470296,101.87715,296.8781,303.08173,443.6929
1,0.9121211,494.48358,382.9546,666.034,519.83856
