label,socre,x1,y1,x2,y2
2,0.9966325,243.66171,100.40144,402.58954,217.47882
2,0.99347645,252.27644,524.79443,402.16714,643.0664
2,0.99319154,599.19977,178.4815,743.62585,320.49417
2,0.9041692,76.97554,395.0332,179.75987,498.4476
