label,socre,x1,y1,x2,y2
2,0.99386346,608.6682,364.91425,650.662,448.51968
2,0.99075794,618.2659,594.25085,685.3593,677.9561
2,0.95283175,189.785,422.5677,239.6691,488.64795
2,0.9397279,822.1624,586.09076,890.1451,632.58057
2,0.7868092,268.74268,300.0843,345.99808,365.82306
