label,socre,x1,y1,x2,y2
1,0.99780184,29.521584,132.32599,186.76656,343.89633
1,0.9859729,520.5233,511.68045,737.14026,673.25305
