label,socre,x1,y1,x2,y2
1,0.98403835,445.17694,372.31442,700.358,593.7943
1,0.9814107,425.91544,124.3083,612.039,306.0433
1,0.9627566,42.229027,25.512312,304.15143,239.80464
