label,socre,x1,y1,x2,y2
2,0.999385,421.82825,186.83026,543.9328,284.23068
2,0.99914026,567.53577,432.6077,670.27344,534.0722
2,0.9985989,850.2574,641.74646,951.2868,756.4617
2,0.98753124,820.6987,357.50818,967.79785,474.95444
2,0.9866671,826.366,76.26473,928.67065,189.90602
2,0.98446935,249.8173,403.58847,345.91733,487.64664
2,0.82861274,679.9559,313.99417,790.03674,422.84488
