label,socre,x1,y1,x2,y2
2,0.9969945,170.46147,604.7699,318.94354,745.9704
2,0.98410285,727.1377,332.89386,877.715,472.1507
2,0.9774419,854.36676,77.9997,989.1284,227.26093
