label,socre,x1,y1,x2,y2
1,0.9977477,339.0301,407.66354,487.9557,576.7998
1,0.9970156,564.2279,128.39874,709.87775,269.5484
2,0.9931003,80.523254,507.72028,179.92357,615.92346
1,0.9696102,160.44566,303.7424,294.7453,448.52768
1,0.96739566,339.16095,191.85153,478.15643,338.52094
1,0.96653795,706.2925,375.47528,864.66,523.4842
2,0.8755495,562.5835,511.5625,682.43713,617.8792
2,0.8478106,153.67653,21.966969,248.69322,127.084335
2,0.7799719,531.07794,358.09238,670.87646,462.38632
