label,socre,x1,y1,x2,y2
1,0.997012,477.5028,67.71269,638.0826,207.47197
1,0.9916155,544.6101,429.3751,678.15265,550.7746
1,0.99100554,751.5667,285.4597,910.438,417.2632
1,0.96673465,18.804087,39.536747,160.52423,186.24101
1,0.9261847,236.24657,48.345615,383.6163,179.29181
1,0.92494017,218.47502,486.33838,362.73105,614.61694
1,0.8985995,361.7423,221.0702,508.45825,351.71634
