label,socre,x1,y1,x2,y2
2,0.9938835,551.4964,404.356,616.7307,454.20087
2,0.9858052,65.71554,494.7308,121.90442,552.1029
2,0.9578092,315.49622,258.52267,359.55508,311.9391
2,0.9232894,370.972,233.9314,449.69806,327.1593
2,0.9207031,250.02489,557.85657,309.26004,608.7947
2,0.85518795,712.9626,85.57296,781.2598,131.0977
