label,socre,x1,y1,x2,y2
2,0.99543864,195.55066,584.4318,297.65314,677.4625
2,0.96564585,664.63696,519.70294,800.28503,669.35596
