label,socre,x1,y1,x2,y2
1,0.9939056,393.84824,26.70123,596.7942,207.58946
1,0.9889791,624.2591,112.37658,777.35596,293.81396
1,0.97672325,50.732983,72.309906,190.84158,229.65694
1,0.93790096,766.0369,388.02036,923.83734,556.3152
2,0.92969686,856.3482,226.1884,983.6186,357.1487
2,0.8287476,200.5652,157.05823,358.56854,304.32806
