label,socre,x1,y1,x2,y2
2,0.99383706,145.79561,181.6706,269.25464,277.82376
1,0.97610724,585.83856,214.09663,722.3847,444.89554
2,0.91460013,319.79123,356.7885,436.4939,462.70563
1,0.9123837,672.2807,516.22107,874.02686,631.8677
2,0.89918566,71.15302,509.47165,201.22778,675.89197
2,0.8792948,307.53284,591.33575,453.25192,711.1884
