label,socre,x1,y1,x2,y2
1,0.97281873,250.05054,329.18744,428.42596,485.17902
2,0.86539,626.5013,305.515,726.9119,409.0442
