label,socre,x1,y1,x2,y2
2,0.99559844,304.76178,436.53204,406.94318,547.3713
2,0.9532299,107.041016,606.4678,190.93929,690.4079
2,0.9410633,776.7977,219.81557,858.87244,313.3869
2,0.9246727,246.05591,353.849,325.0619,422.56354
