label,socre,x1,y1,x2,y2
2,0.9747951,466.4572,329.30685,592.8268,459.83716
1,0.92601776,869.4146,346.82532,1002.70404,495.66238
