label,socre,x1,y1,x2,y2
1,0.9979984,115.06273,300.93387,309.98,456.52423
1,0.9944522,405.55182,450.7905,553.7191,680.44165
