label,socre,x1,y1,x2,y2
1,0.9989008,245.76038,564.0942,398.47192,749.8273
1,0.9919767,722.768,274.7466,887.27576,456.4762
