label,socre,x1,y1,x2,y2
2,0.99965465,79.47666,166.03847,200.6931,255.76488
2,0.9992687,654.5037,371.19507,770.7805,475.62747
2,0.9955924,185.56454,652.8862,275.8471,761.05896
