label,socre,x1,y1,x2,y2
2,0.99121547,363.40472,89.74689,459.98248,209.66148
2,0.8903115,96.86381,154.51077,225.85178,296.9234
2,0.78242964,309.94113,462.36438,416.3211,580.35144
