label,socre,x1,y1,x2,y2
2,0.9448864,132.61447,661.4449,214.48874,749.2761
2,0.9360941,161.02415,34.30201,245.4234,120.754555
1,0.9333449,410.05963,413.66144,509.22073,522.3371
