label,socre,x1,y1,x2,y2
2,0.9997073,236.46857,519.3705,343.64716,628.3218
2,0.99935323,198.76747,229.16058,337.3675,322.12274
2,0.9683744,608.3899,135.91487,740.4524,254.86136
