label,socre,x1,y1,x2,y2
2,0.99322236,893.61096,297.25858,982.2315,407.90067
2,0.990664,816.2269,502.80795,928.53503,633.28955
1,0.9283982,234.25684,216.35764,358.41983,397.82532
