label,socre,x1,y1,x2,y2
2,0.9985362,247.62054,376.45862,357.01273,485.29025
2,0.99698454,487.90103,349.34924,607.8349,455.7103
2,0.9552936,138.5032,137.31248,236.12346,222.9873
2,0.90464544,930.0713,413.35678,1018.7656,508.01013
