label,socre,x1,y1,x2,y2
1,0.98651296,724.3489,111.86023,882.4089,299.5305
1,0.9786896,169.38972,598.77905,341.11285,743.6513
