label,socre,x1,y1,x2,y2
2,0.99793786,8.520096,619.8361,112.968155,729.7786
2,0.98932576,40.294617,421.4461,108.39104,508.20807
2,0.97346425,184.61221,245.97717,268.39105,317.55548
2,0.96743906,543.4501,66.87498,641.599,178.71123
2,0.86568624,126.74364,704.39105,192.41866,754.7101
2,0.8369837,285.8353,205.0369,348.38257,264.66342
