label,socre,x1,y1,x2,y2
2,0.9896207,653.3177,199.56233,762.0713,319.25842
1,0.88788277,461.7921,426.8406,604.2425,584.18005
