label,socre,x1,y1,x2,y2
2,0.9987816,542.7346,30.897604,656.31323,152.62134
2,0.98937714,217.89825,121.768234,311.0277,211.52643
2,0.8928803,717.06665,271.4666,844.65533,382.99597
