label,socre,x1,y1,x2,y2
2,0.9991326,234.20198,354.06885,326.753,452.8476
2,0.9916556,225.54626,616.2907,319.19412,722.585
2,0.9912451,475.13968,410.32608,582.4063,501.8428
2,0.9854396,721.27374,270.5382,820.2945,376.2293
2,0.97107565,441.26633,283.9398,557.84454,375.6648
2,0.8497229,331.32553,133.80444,433.8189,219.94344
