label,socre,x1,y1,x2,y2
1,0.9965133,212.77875,480.9652,368.08127,637.3615
1,0.9957755,816.3303,411.64468,960.1721,535.4709
1,0.9947068,345.35202,226.28381,502.64243,370.75912
2,0.98620194,485.5262,372.49677,585.9354,460.886
1,0.9657528,182.12323,360.07404,278.57263,456.0792
2,0.9648193,655.4175,455.81665,745.2698,539.04205
1,0.92571783,123.16305,663.718,233.2811,756.24396
1,0.8728186,610.7064,592.2878,750.8788,696.6907
