label,socre,x1,y1,x2,y2
1,0.99501026,260.63098,247.88179,405.21167,423.45685
1,0.9864109,753.6699,356.45377,896.96204,513.5851
