label,socre,x1,y1,x2,y2
1,0.99936885,470.12286,40.098587,672.43677,206.27922
1,0.99885225,177.55142,204.91093,346.25198,354.5115
1,0.997891,823.1258,176.50336,980.8399,327.74594
1,0.99550337,387.34518,417.926,576.1767,545.6342
