label,socre,x1,y1,x2,y2
2,0.989915,46.5715,37.357346,160.90149,164.66615
2,0.9509572,732.5695,301.57242,817.9333,408.2445
1,0.88838875,543.27014,482.9285,661.7505,618.6771
2,0.80979085,338.29544,475.63464,478.13937,629.4146
2,0.75266844,247.48663,34.98306,367.88437,179.77492
