label,socre,x1,y1,x2,y2
2,0.99751484,382.95215,112.33707,492.92758,211.97342
2,0.98513514,100.00693,530.13055,197.3701,629.4397
2,0.96845084,472.3301,520.47565,577.08606,636.6585
1,0.9488674,644.2893,194.71422,766.95264,313.97742
