label,socre,x1,y1,x2,y2
2,0.99832875,680.27844,621.01013,808.21606,722.7856
2,0.997755,147.11899,294.6125,251.69415,403.0043
1,0.9855679,465.38248,402.88065,629.2681,536.6786
2,0.9540561,160.46,469.61182,296.47375,598.4747
2,0.94672847,890.3356,389.127,988.4859,468.40833
