label,socre,x1,y1,x2,y2
2,0.97731197,716.1129,114.393585,791.2751,162.9485
2,0.95811146,801.9879,674.6631,849.35425,741.0968
2,0.85298866,79.08465,49.73424,130.37357,120.43715
2,0.84490603,410.22998,196.22768,462.3592,283.69095
1,0.8012675,535.90027,240.28996,585.3897,319.65387
