label,socre,x1,y1,x2,y2
1,0.99792576,386.93042,267.83478,534.6,474.0941
2,0.923201,918.80505,665.2038,1006.3281,762.7842
2,0.9091115,831.2412,549.5977,922.3266,649.45856
