label,socre,x1,y1,x2,y2
1,0.9981117,794.12354,544.5536,961.323,727.8106
1,0.997514,265.22647,218.52414,411.90845,402.76773
1,0.97076076,145.69844,625.83923,249.20105,752.84106
2,0.91430426,646.43945,516.023,732.4279,633.5045
2,0.8823664,715.4357,43.226402,829.04865,197.89415
2,0.7744173,458.9717,627.014,581.80066,732.54706
