label,socre,x1,y1,x2,y2
1,0.99297994,743.6656,400.377,824.0279,469.51938
2,0.9903591,560.1633,643.0873,626.5415,731.21356
1,0.98275626,157.04688,586.4868,235.68387,657.8192
2,0.9805931,364.85718,609.0836,415.09897,675.7968
2,0.9791445,528.2362,124.10486,596.4486,187.97983
2,0.96501,268.80005,141.14757,321.17072,213.24849
2,0.943615,71.27514,260.79468,129.68544,329.20148
2,0.90205556,435.5722,409.64032,518.3533,475.87628
1,0.87686694,781.7886,162.06194,829.21246,226.19936
