label,socre,x1,y1,x2,y2
1,0.9979837,109.7406,41.870235,268.60056,170.52565
1,0.99526775,234.31075,448.94336,363.78265,561.22375
1,0.9071576,672.55237,574.93506,829.9962,749.3854
1,0.7715052,116.56215,256.5545,197.63216,336.22583
