label,socre,x1,y1,x2,y2
2,0.9882181,359.4817,507.81955,502.7528,708.91455
