label,socre,x1,y1,x2,y2
2,0.99354374,658.44104,103.550385,763.76984,192.91063
2,0.98458374,313.93002,348.49948,413.39413,451.19696
2,0.97371155,910.63055,405.5072,1003.39514,499.90814
2,0.9724691,598.0734,256.02795,751.98474,392.25754
2,0.9493158,773.93854,523.16815,893.8695,685.4983
2,0.9111546,793.6547,260.56754,879.532,340.07874
2,0.869551,5.164891,327.3717,139.65898,485.52496
