label,socre,x1,y1,x2,y2
2,0.954679,618.1651,424.27948,727.11127,534.7554
1,0.9456434,149.21242,119.90445,268.92465,238.21487
2,0.8672295,218.43927,587.0092,363.07962,700.65393
1,0.85085154,584.9662,148.90099,729.9013,293.256
2,0.8169598,879.7335,49.62793,989.62006,168.44449
