label,socre,x1,y1,x2,y2
2,0.94754666,424.76294,467.78876,608.0649,626.72174
2,0.7963861,796.01196,186.76357,884.6963,263.25177
