label,socre,x1,y1,x2,y2
2,0.9610798,687.43555,307.2801,844.7414,449.2772
