label,socre,x1,y1,x2,y2
2,0.99149066,33.08273,454.26495,146.02484,563.28235
2,0.97981364,177.08372,519.99817,251.06361,596.3626
2,0.9477992,534.9631,681.5782,618.199,753.69586
2,0.86518866,287.26892,180.40005,390.83246,265.04395
1,0.8408275,241.48106,292.17722,408.1505,459.813
