label,socre,x1,y1,x2,y2
2,0.9993523,887.0132,242.25023,985.1978,352.24686
2,0.9926698,849.6241,473.26697,960.93304,560.35016
2,0.9910665,9.956679,658.0585,102.73965,739.9321
2,0.9835285,364.98587,349.09515,445.48917,440.07648
1,0.97734034,600.2946,231.86115,791.96326,387.73102
1,0.907261,87.81321,263.9322,235.33167,427.39423
2,0.89358884,157.49263,474.96045,240.22325,558.69727
1,0.81850636,352.32016,487.54938,500.00623,634.4773
