label,socre,x1,y1,x2,y2
1,0.99886465,823.2837,234.07141,905.33344,307.77158
2,0.80295646,25.293232,260.6227,86.886665,318.24774
