label,socre,x1,y1,x2,y2
1,0.99932396,582.3565,51.718636,645.64606,118.38613
1,0.9800741,181.02951,341.94214,242.97595,400.42038
1,0.9717045,500.1922,131.45407,561.6622,209.35982
1,0.9706462,805.10547,449.1102,867.26416,515.8949
1,0.8106389,690.981,682.54,760.12103,755.8476
1,0.7542232,132.34972,693.9027,205.40378,761.94934
