label,socre,x1,y1,x2,y2
2,0.9940328,433.8911,323.05713,522.22186,434.09122
2,0.94156206,677.0067,192.30176,762.1113,265.1035
2,0.93602663,582.3951,344.3432,667.1546,429.1661
2,0.8410723,318.21048,132.31999,387.08725,186.97214
