label,socre,x1,y1,x2,y2
2,0.99528617,140.93881,551.14453,276.93622,688.90826
2,0.9705932,182.9475,250.72183,286.1742,384.08286
1,0.9380472,926.113,315.74402,1010.638,457.41956
2,0.8600259,681.7023,260.61493,794.95215,395.85104
1,0.8515878,415.06155,317.06088,569.3494,441.3288
2,0.7857614,556.30914,101.26725,672.57806,247.4217
