label,socre,x1,y1,x2,y2
1,0.87997794,738.4736,431.09573,928.16986,567.9738
2,0.78483003,144.11052,450.03592,308.16354,579.56714
