label,socre,x1,y1,x2,y2
2,0.96713257,453.90314,272.1886,566.7281,392.72766
2,0.9603967,641.853,93.47416,723.1564,183.3169
2,0.95715743,627.9752,451.80344,725.09784,558.5261
2,0.95421034,758.96484,226.00543,867.1013,339.73022
2,0.94894016,241.11041,409.12152,357.5983,536.1095
