label,socre,x1,y1,x2,y2
2,0.9997441,361.3311,194.3303,456.47937,311.71997
2,0.9995851,476.59164,506.3658,594.6545,616.38684
2,0.9986865,841.80743,601.32104,972.95917,706.0488
2,0.98911476,734.9382,166.19989,855.29333,258.55862
