label,socre,x1,y1,x2,y2
2,0.98893654,441.88422,299.45453,550.5451,406.5214
2,0.9762431,492.7939,84.190994,588.1429,179.29764
2,0.9440337,77.84893,307.33862,206.81976,466.20743
2,0.9174132,645.63544,476.68756,787.0517,621.4113
2,0.91613907,284.6179,125.354324,428.78815,270.0003
