label,socre,x1,y1,x2,y2
2,0.99657273,156.80133,99.15217,286.40747,204.69545
1,0.9692793,799.6139,353.1143,968.8626,501.39514
2,0.9427311,128.92249,452.46164,263.6358,575.2289
1,0.94045824,430.32874,443.1016,572.1417,595.4707
