label,socre,x1,y1,x2,y2
2,0.9977143,156.15431,178.37486,246.16621,269.75928
2,0.9958403,168.85817,298.12445,251.18556,384.1343
2,0.9946695,101.40005,573.60535,203.35564,695.4877
2,0.9541517,674.4411,264.19473,779.30975,356.96133
