label,socre,x1,y1,x2,y2
1,0.9913641,163.4473,187.52048,306.41614,347.69598
1,0.95746875,772.67224,369.49588,935.7832,541.27057
1,0.82535267,496.64487,249.0438,636.43756,393.75015
