label,socre,x1,y1,x2,y2
2,0.999092,655.54755,565.5151,768.3855,654.64685
2,0.99797374,527.04395,337.15817,635.3458,436.6246
2,0.99792564,118.015274,92.855225,220.36093,212.75644
2,0.9954548,833.7586,32.958866,946.5216,139.49245
2,0.95906085,736.12726,275.99182,874.80743,370.11548
2,0.95447415,421.9341,360.0561,504.92566,453.35312
