label,socre,x1,y1,x2,y2
2,0.98362374,166.2782,79.39815,225.66258,145.37762
2,0.9188059,147.1527,494.78677,221.75755,581.6061
2,0.90861094,783.8494,450.81268,874.4287,537.81036
1,0.8832667,450.96426,164.38928,538.3192,235.03493
1,0.8384111,634.64685,300.3995,709.0344,364.70422
2,0.7946942,344.07904,592.40735,422.6736,665.04956
