label,socre,x1,y1,x2,y2
2,0.99852604,476.87073,277.99777,597.95435,388.97415
2,0.99752647,84.63959,475.84018,195.46262,587.8874
2,0.99317414,313.46124,393.18726,433.07394,502.0524
2,0.99286413,744.88074,492.96796,888.2772,616.5735
2,0.98998296,166.27487,61.674328,302.6628,190.31573
2,0.9415894,735.63385,156.9768,861.73035,269.55704
2,0.9313925,525.83856,86.6684,625.36664,193.05449
