label,socre,x1,y1,x2,y2
2,0.9977155,40.453197,141.25941,141.89754,239.16078
2,0.99299943,179.82129,307.90024,275.6772,428.17786
2,0.94494027,918.94995,347.04294,1002.9427,437.4927
