label,socre,x1,y1,x2,y2
2,0.99918133,506.24866,497.33783,640.40106,598.68933
2,0.9989386,479.67087,17.738537,590.053,117.12095
2,0.99736065,245.14098,375.5059,394.21924,469.86896
2,0.9918876,125.82475,666.73004,266.1381,760.6215
