label,socre,x1,y1,x2,y2
2,0.7801058,387.26306,347.5149,549.4275,514.78204
