label,socre,x1,y1,x2,y2
1,0.97302985,359.86465,547.4986,493.59714,719.37317
1,0.88967144,694.2219,288.89673,832.96045,431.6662
