label,socre,x1,y1,x2,y2
2,0.9984358,356.11197,106.73181,443.75055,165.34184
2,0.99708277,206.11133,435.33188,287.47205,494.0743
2,0.98594207,375.6797,386.8298,460.0547,444.6145
2,0.9806183,676.01874,505.3048,751.6311,561.4101
2,0.97499937,457.9657,532.3773,533.4689,598.7065
2,0.9672938,196.22554,37.065536,277.6463,119.28425
2,0.9662905,294.8212,635.3504,376.03064,698.7915
2,0.8346593,156.10948,203.14188,244.52449,254.71191
2,0.8054444,507.55746,254.06595,566.218,318.4838
