label,socre,x1,y1,x2,y2
2,0.78389895,823.96967,435.25604,926.8828,533.96533
