label,socre,x1,y1,x2,y2
2,0.9963481,261.19696,335.70868,324.4145,400.51093
1,0.98539925,113.147766,530.1237,191.57172,592.06915
2,0.9779739,358.7773,296.73148,419.37964,353.62057
2,0.9526806,503.0308,203.1634,564.45435,239.85133
2,0.90053976,846.1851,156.07397,901.75323,221.13553
2,0.8273849,5.6144943,161.521,65.86345,253.83893
