label,socre,x1,y1,x2,y2
1,0.9939995,432.51376,43.579247,621.02686,333.7874
