label,socre,x1,y1,x2,y2
1,0.9996394,677.9827,235.82156,852.33356,373.74478
