label,socre,x1,y1,x2,y2
1,0.9952931,817.1985,547.2568,1016.0121,691.8626
2,0.9912076,84.997215,379.23633,271.18375,505.70975
2,0.8723477,843.06744,220.93707,983.58844,345.90396
