label,socre,x1,y1,x2,y2
1,0.84635663,598.20013,151.24525,720.1124,336.71884
2,0.8391468,88.42339,506.75693,282.6101,656.3142
