label,socre,x1,y1,x2,y2
2,0.9996861,734.8685,526.91034,838.1249,636.0468
2,0.996222,533.656,292.22095,640.1966,382.66556
2,0.78438634,760.4045,100.23918,860.5976,192.14946
