label,socre,x1,y1,x2,y2
1,0.993493,671.63275,592.961,834.8162,758.73816
1,0.9051842,241.26727,233.73201,406.3344,405.5228
