label,socre,x1,y1,x2,y2
1,0.99734783,261.43088,501.81714,417.32852,641.10974
1,0.99588925,180.65918,215.28851,320.38162,341.54327
1,0.99214244,589.59814,630.589,725.6381,756.7783
1,0.8540473,563.27875,11.812954,674.28235,113.704025
