label,socre,x1,y1,x2,y2
2,0.8718723,510.40466,229.90114,621.069,337.53918
