label,socre,x1,y1,x2,y2
1,0.989237,755.4134,562.7711,938.43134,694.13947
1,0.9796529,668.0058,95.47981,798.58905,231.86684
2,0.89919025,938.8976,453.36905,1016.6807,549.9671
