label,socre,x1,y1,x2,y2
2,0.99870765,31.733612,471.6648,153.32404,570.87573
2,0.9982004,741.45544,385.65457,840.6706,497.771
2,0.9973345,17.920403,126.31756,139.57466,230.56831
2,0.9966102,459.12738,389.90442,568.9749,494.03232
2,0.98850924,670.75305,226.26234,768.1171,326.83862
2,0.97762704,844.3379,580.0258,942.4528,685.2092
2,0.8472406,453.886,540.9216,566.80804,659.8549
