label,socre,x1,y1,x2,y2
2,0.9450924,611.6736,451.86523,742.7652,567.49164
2,0.93409765,105.243866,388.35587,250.8952,527.7647
1,0.87614614,283.14267,381.7352,507.37112,577.7289
