label,socre,x1,y1,x2,y2
2,0.8424071,280.61926,270.27682,384.66574,367.19843
