label,socre,x1,y1,x2,y2
2,0.94401884,458.9829,271.39517,604.27686,398.1627
