label,socre,x1,y1,x2,y2
2,0.98704344,592.41016,360.1014,645.8956,411.49258
2,0.9551583,537.7433,426.28662,583.8049,479.2211
1,0.9423132,501.5462,481.03015,549.37897,532.1658
1,0.9323325,776.0509,328.30338,882.8545,454.14548
2,0.90449804,571.04425,581.28613,635.11005,640.2113
2,0.9013723,448.46075,95.317795,496.9878,154.30229
1,0.86854553,355.60034,547.13525,415.03802,612.2128
2,0.86266875,677.93317,480.1622,721.002,534.86096
1,0.83669835,497.76993,693.9891,551.6422,745.8289
