label,socre,x1,y1,x2,y2
2,0.99865675,136.83687,367.39084,252.1117,454.23965
