label,socre,x1,y1,x2,y2
1,0.999663,590.9189,292.38727,724.87115,440.36542
1,0.9994165,287.15457,545.77686,432.1513,719.3728
1,0.9960224,307.5299,337.97263,463.74637,484.61163
1,0.9958801,237.94826,26.418924,372.95657,169.2622
1,0.9494407,157.99405,368.64893,251.4548,479.87012
