label,socre,x1,y1,x2,y2
2,0.8617679,31.070337,118.122025,143.22485,236.8522
