label,socre,x1,y1,x2,y2
1,0.9825806,669.2999,424.89642,807.8531,597.227
