label,socre,x1,y1,x2,y2
1,0.99923956,359.2557,87.30042,548.9172,288.7954
1,0.9988231,169.26257,315.4431,312.95288,454.61926
1,0.99877363,340.53284,597.9303,510.5716,744.03424
1,0.99848527,642.82666,215.9018,811.0088,379.3951
1,0.97439176,654.52716,472.50024,790.81,583.9936
