label,socre,x1,y1,x2,y2
2,0.9989555,801.10175,130.01039,919.4957,248.00027
2,0.9989525,498.7785,289.78177,612.4869,408.6702
2,0.9853382,54.485336,302.06488,202.21321,431.17838
1,0.9530763,244.07523,566.7677,403.64862,700.00684
2,0.8283676,885.8292,429.51727,976.6262,536.05786
