label,socre,x1,y1,x2,y2
2,0.9780979,418.09546,254.80716,568.5333,388.19424
2,0.89978796,79.00593,473.5723,245.32535,613.2805
2,0.89370114,589.4811,463.891,719.06586,593.83295
2,0.851034,850.41766,499.09653,982.7133,649.05255
2,0.7728517,170.98839,220.03368,322.9368,346.44952
