label,socre,x1,y1,x2,y2
1,0.99963045,659.4005,437.47687,840.46735,596.163
1,0.9993278,374.66937,191.27179,550.9448,341.7154
1,0.99870765,60.034782,36.80304,238.2117,248.28275
1,0.99848026,412.1592,624.2514,597.0913,762.1484
