label,socre,x1,y1,x2,y2
2,0.99916565,410.83447,618.4352,519.762,720.42145
2,0.9979748,481.18805,416.21964,584.8895,539.20026
2,0.99767417,153.50203,450.49826,308.30298,578.02124
1,0.99408686,600.7218,104.27018,789.1714,262.11118
2,0.9698036,276.22076,55.604546,390.65634,155.02423
1,0.96777546,760.09894,419.5033,940.2061,574.6871
2,0.94708997,45.177803,22.152012,168.28732,125.641685
