label,socre,x1,y1,x2,y2
2,0.99186677,480.9586,39.73055,568.2164,127.79396
2,0.99054176,523.0792,547.55194,601.04767,638.22345
2,0.98393494,577.14087,178.2378,677.20447,276.2022
2,0.97910815,658.4454,413.80118,743.67377,499.5502
2,0.97574437,322.73914,627.6118,390.06717,707.28595
2,0.89711726,703.589,636.1922,801.8997,729.3595
2,0.8237194,795.3961,352.19995,878.1018,435.25958
2,0.77605826,824.9213,496.436,909.20355,575.4169
