label,socre,x1,y1,x2,y2
1,0.97078997,809.54095,571.9097,936.03687,705.7873
1,0.9675917,45.807335,371.80273,170.83795,494.11182
1,0.8631358,885.36383,40.564304,999.6792,132.65456
1,0.8371945,300.51773,564.45703,469.5715,712.4725
2,0.8168498,550.85724,545.51044,652.2199,659.04956
