label,socre,x1,y1,x2,y2
1,0.98944795,441.68567,298.88766,599.49255,457.39374
2,0.9312467,804.52936,226.58704,941.19293,378.3135
