label,socre,x1,y1,x2,y2
1,0.97668546,659.4171,219.08983,802.8872,360.0727
1,0.97189665,660.4847,440.141,805.525,572.4684
1,0.96685535,8.649621,351.73065,113.177956,468.13834
2,0.8144009,584.1233,95.01943,700.81903,214.82405
2,0.81116223,253.07613,302.12332,384.32397,434.08804
