label,socre,x1,y1,x2,y2
2,0.9884235,204.09645,431.15903,286.2087,527.4141
1,0.9662655,789.0907,486.2671,964.00323,619.854
2,0.96622854,468.50113,598.7115,599.6525,729.8621
2,0.88575107,552.9257,31.22211,698.0371,190.7441
2,0.83835644,265.89258,215.44322,341.06595,302.27734
