label,socre,x1,y1,x2,y2
1,0.9949798,85.18237,27.292734,255.64136,163.8835
2,0.9131344,610.2972,274.56808,763.68195,423.23993
