label,socre,x1,y1,x2,y2
1,0.99968636,36.863457,447.05606,220.35928,607.6061
1,0.99955004,258.22714,374.75485,405.74872,534.8647
1,0.99945265,839.9374,335.58023,990.0162,514.09894
1,0.9983429,477.15677,241.27483,622.75574,400.58255
1,0.99741673,201.6476,128.36432,384.84787,272.96417
