label,socre,x1,y1,x2,y2
2,0.9985266,275.06506,392.89444,370.2732,500.05453
2,0.98132676,401.47174,216.9222,504.80328,327.21768
2,0.97595394,53.7052,200.32458,121.174934,286.26114
2,0.7992097,392.02094,391.2145,473.4814,460.36328
