label,socre,x1,y1,x2,y2
2,0.98972905,346.8708,315.13742,413.1182,413.90298
2,0.95938694,242.07385,456.69473,328.5691,547.8038
2,0.9486958,137.93062,277.64014,228.10352,371.56342
2,0.8895431,442.26096,635.4863,546.1812,733.326
