label,socre,x1,y1,x2,y2
2,0.9875502,586.55817,458.0078,763.3252,606.8195
1,0.8107147,333.60004,283.28128,473.48856,484.98044
