label,socre,x1,y1,x2,y2
2,0.9762723,600.9405,27.333317,739.09515,182.86394
1,0.94912016,144.38464,519.1644,292.80527,694.2757
1,0.9280371,730.6034,553.62714,871.2596,711.2257
