label,socre,x1,y1,x2,y2
2,0.9983164,529.88824,550.90906,704.2758,698.8539
1,0.89383984,608.96014,81.986664,760.6174,227.32904
2,0.8599638,255.81291,186.48419,372.62488,368.7753
