label,socre,x1,y1,x2,y2
1,0.99933904,128.78325,601.40845,346.34366,755.0964
2,0.812224,398.5567,487.01813,506.7759,583.21826
1,0.7587926,846.71564,358.53574,991.40515,497.05817
