label,socre,x1,y1,x2,y2
1,0.97003293,763.6828,126.895134,898.89355,270.3105
