label,socre,x1,y1,x2,y2
2,0.9907011,151.2167,136.05952,272.4002,291.01642
2,0.96563953,616.683,22.153131,734.7856,187.09306
