label,socre,x1,y1,x2,y2
1,0.96031195,643.36975,231.46452,812.8728,365.43234
1,0.82238084,175.33054,631.3106,308.79572,757.037
