label,socre,x1,y1,x2,y2
2,0.99902093,385.85236,54.72848,499.4647,179.40881
2,0.9942363,811.36194,387.06357,906.9038,484.22653
2,0.9759177,558.51904,377.4474,665.08624,464.39313
2,0.9736032,761.06775,152.59457,878.3269,239.97054
