label,socre,x1,y1,x2,y2
2,0.9671165,366.1881,535.66486,498.77274,655.3794
1,0.9511728,127.660484,170.449,252.97285,312.65637
2,0.82595086,592.30743,353.80463,689.0075,461.77744
