label,socre,x1,y1,x2,y2
2,0.999371,702.4707,616.12933,801.6685,717.84326
2,0.9920844,781.11304,472.6209,874.46954,578.8128
