label,socre,x1,y1,x2,y2
2,0.9332671,390.97668,481.45374,489.33533,582.7544
2,0.8055475,161.61977,246.32393,251.41202,329.44122
