label,socre,x1,y1,x2,y2
1,0.97235084,737.6296,136.04059,874.71716,314.72626
1,0.840361,457.50635,587.47034,601.7837,721.44763
