label,socre,x1,y1,x2,y2
2,0.9539602,601.25323,289.34918,772.93835,447.69907
2,0.88492787,309.02643,247.8687,446.9727,373.9646
2,0.87427014,589.5841,578.11127,775.7442,750.07
