label,socre,x1,y1,x2,y2
2,0.98185366,320.42886,86.7396,440.8643,193.34155
