label,socre,x1,y1,x2,y2
2,0.9761237,654.628,89.05823,807.76215,205.98697
2,0.97056895,655.92004,632.0373,765.1749,726.3252
1,0.9523862,193.99724,631.9297,339.3074,759.11835
2,0.9450928,673.4801,289.7896,786.17737,384.8156
2,0.92063046,292.24677,79.26991,442.43973,188.2177
1,0.915202,883.9494,319.1546,1018.9593,495.93668
2,0.9005909,626.9044,412.74362,768.534,500.49146
2,0.75556,804.86536,572.4152,923.98236,684.74457
