label,socre,x1,y1,x2,y2
1,0.99091446,380.57056,161.80092,539.66895,352.90326
2,0.9875702,430.0833,570.94995,520.06226,673.38074
1,0.9337542,780.6466,517.3045,929.95746,752.2178
2,0.7948367,690.1352,29.295395,840.1862,213.2602
