label,socre,x1,y1,x2,y2
2,0.9973579,394.0501,487.1562,513.94617,624.5293
1,0.992829,701.46246,535.79877,862.5494,693.9618
1,0.9766051,561.60266,101.29062,711.4563,242.70338
1,0.88439196,122.15327,150.21457,268.61258,283.68674
1,0.80361533,161.15564,575.39246,265.60806,720.9085
