label,socre,x1,y1,x2,y2
2,0.9984251,275.48413,164.46689,402.91034,277.63803
2,0.99400264,854.7174,139.36238,995.1884,304.18393
2,0.99227715,154.82132,264.98563,238.89684,368.16083
