label,socre,x1,y1,x2,y2
1,0.99798125,449.7048,574.43024,629.5954,729.7522
1,0.99732614,42.7407,207.80698,202.01616,346.23572
1,0.9966627,283.04556,342.13498,439.19214,488.2102
1,0.9707051,749.4045,361.47162,884.6295,505.01395
1,0.8978897,251.25325,566.1592,378.5253,674.0257
2,0.8005884,660.9458,583.6641,777.07434,683.9243
1,0.7636389,35.458508,5.4937096,108.002625,89.24153
