label,socre,x1,y1,x2,y2
2,0.99363035,654.96533,470.44058,754.6111,581.4899
1,0.98907894,169.49939,34.66848,366.19785,219.29396
1,0.9588313,358.6977,496.83023,541.805,661.9983
2,0.94387937,824.83136,314.89023,977.61163,475.65225
1,0.90709424,500.30353,147.54172,679.68097,320.46475
1,0.9012545,62.910362,409.04254,200.33888,531.1201
1,0.8320721,718.194,50.96092,876.5751,201.23651
