label,socre,x1,y1,x2,y2
2,0.9958352,651.0338,175.54257,808.4101,322.05142
2,0.9918065,211.20837,410.62686,377.98465,580.5294
2,0.9538014,467.84247,551.40704,625.70306,713.45776
1,0.82196665,317.46964,17.122118,472.48663,183.53705
2,0.75453764,204.91158,586.047,367.47644,758.3424
