label,socre,x1,y1,x2,y2
1,0.99789387,102.45709,77.770485,255.22078,247.06616
1,0.98005986,405.80942,113.04801,556.113,288.45316
1,0.9118978,183.25691,301.81616,325.51508,419.67368
2,0.8612389,759.80786,264.67993,893.4975,361.4899
2,0.8305146,669.4532,538.4784,793.0687,651.8752
