label,socre,x1,y1,x2,y2
2,0.9600643,531.5236,401.1803,676.98364,519.9697
2,0.87869054,283.17157,125.89052,416.6886,308.16342
