label,socre,x1,y1,x2,y2
1,0.9549941,546.6842,504.31137,690.8656,676.92993
2,0.8746157,660.4977,29.991364,835.3208,191.16087
2,0.86461043,282.4775,48.891415,399.95032,227.48587
