label,socre,x1,y1,x2,y2
2,0.9985469,235.32755,416.20178,344.15005,523.21436
2,0.9946403,480.4611,117.07218,626.992,232.14272
2,0.994146,579.94165,535.68207,712.59784,651.7667
2,0.9885389,794.8397,109.48916,911.5284,222.76608
