label,socre,x1,y1,x2,y2
1,0.9954383,369.08276,226.77605,491.9046,376.44656
1,0.9951225,216.65857,568.5966,365.86798,715.7621
1,0.98956025,619.28796,593.7281,759.60175,741.21454
2,0.7585645,713.6706,367.64893,810.58844,464.89328
