label,socre,x1,y1,x2,y2
2,0.9765912,308.51477,151.29633,408.2348,249.34804
2,0.8879452,120.95311,367.28513,238.76764,479.25873
