label,socre,x1,y1,x2,y2
2,0.99363047,226.09068,288.16708,346.8638,404.34406
2,0.97485244,113.62123,549.98566,245.0797,714.0534
1,0.78469384,429.00336,72.5805,570.59576,220.90936
1,0.76014555,779.0874,265.96942,908.7748,446.97342
