label,socre,x1,y1,x2,y2
2,0.99836546,500.64212,457.6065,610.1508,554.9156
2,0.99799216,144.2844,611.43994,245.08414,736.2246
2,0.99620026,795.34296,262.30505,934.728,371.78442
2,0.9938227,723.06775,614.8123,820.71405,707.96045
2,0.9733035,902.9789,94.82951,1005.4412,216.21288
2,0.92148995,76.890976,295.55383,178.77832,379.01477
