label,socre,x1,y1,x2,y2
1,0.99001956,249.87048,600.54266,369.88562,728.0148
1,0.98229676,273.10297,207.69858,410.99368,362.0866
1,0.9784936,873.4396,113.61859,992.85333,260.36423
2,0.9288097,58.46277,334.87506,194.89655,456.55875
1,0.9048663,20.341478,29.06469,149.83292,139.6342
