label,socre,x1,y1,x2,y2
1,0.99629265,534.19727,567.6131,737.57043,723.49664
1,0.9810924,8.390955,181.81386,156.7089,336.96664
2,0.94627374,429.4025,339.69836,521.62164,445.14926
2,0.8410095,243.65326,326.7269,357.2477,436.5763
