label,socre,x1,y1,x2,y2
2,0.9996917,375.57135,308.803,474.61914,434.69266
2,0.9987457,536.62335,68.582634,654.0741,176.46332
2,0.9982956,728.7986,467.90982,829.6065,599.58167
2,0.99828786,500.9552,622.62915,620.97864,729.11456
2,0.9950381,893.2042,167.52484,994.9469,306.8309
