label,socre,x1,y1,x2,y2
2,0.9165494,654.3292,538.72156,826.2698,723.08514
1,0.88644445,849.97406,119.38326,990.29095,268.77502
