label,socre,x1,y1,x2,y2
1,0.9858644,513.7766,342.3018,669.1379,457.01978
1,0.9764555,197.17206,259.59222,344.63895,426.44672
1,0.9635651,486.54767,507.88867,629.6933,663.96533
2,0.865228,463.96365,89.89439,553.8179,214.47702
1,0.8063892,698.0693,182.14429,841.92365,325.46045
