label,socre,x1,y1,x2,y2
1,0.9801788,816.11694,520.17255,1016.12115,697.85693
1,0.9514066,567.5788,185.8149,754.5659,361.16928
