label,socre,x1,y1,x2,y2
2,0.99360174,29.754478,228.74826,123.61468,316.01013
2,0.9912202,248.68954,508.4895,347.65976,595.5201
