label,socre,x1,y1,x2,y2
2,0.9879501,501.36716,220.74876,591.8456,321.59875
1,0.9738601,845.10645,93.86788,963.40497,222.84267
1,0.94752055,22.535831,461.08218,164.08868,570.48517
2,0.9367413,8.708215,619.7494,115.00865,725.47363
1,0.93283194,434.31467,589.9598,591.81805,757.2554
1,0.9084057,105.7553,264.09973,245.98332,393.03662
1,0.8592211,677.4028,206.69923,784.2403,311.88474
1,0.8428022,313.8636,79.03267,438.36758,195.07294
