label,socre,x1,y1,x2,y2
1,0.99972886,443.653,295.06195,609.6408,452.9595
1,0.9989435,728.0152,58.151417,867.13055,189.99922
1,0.98862165,697.833,386.11246,849.1168,533.21643
1,0.9693637,12.435103,137.2255,164.83713,291.78024
2,0.959525,375.88672,94.808784,505.24878,210.84375
1,0.8024202,593.0286,104.59062,673.8688,205.72673
