label,socre,x1,y1,x2,y2
1,0.9974631,521.0525,443.65536,689.57477,591.6015
2,0.7918577,785.0932,78.74764,908.46497,185.8193
1,0.76759964,463.64786,261.39096,547.0692,360.85126
