label,socre,x1,y1,x2,y2
1,0.99245524,485.24976,464.9213,662.6717,638.4406
