label,socre,x1,y1,x2,y2
2,0.99304974,349.361,285.4082,510.40866,429.63455
2,0.94590455,884.08105,303.0046,1010.70776,447.08026
1,0.79924345,596.07526,258.00616,791.965,463.9856
