label,socre,x1,y1,x2,y2
1,0.9589814,251.22452,219.30222,412.52676,379.89978
2,0.95263505,653.2782,603.29144,791.59174,724.55035
