label,socre,x1,y1,x2,y2
1,0.9905267,418.112,328.09192,615.3806,572.3705
