label,socre,x1,y1,x2,y2
2,0.98672247,310.66998,445.72415,385.96793,517.92957
1,0.97803444,698.1398,241.13467,777.1819,310.0121
2,0.9762913,645.4105,655.9865,714.68396,716.41144
2,0.96115696,889.6343,103.52406,962.9754,174.45236
2,0.95068645,761.9923,384.29678,831.9615,447.52194
2,0.91601753,617.728,363.31656,684.00757,422.80905
2,0.91553533,557.7299,253.26308,625.5901,315.67374
1,0.8313619,349.0183,282.88657,421.80917,350.41763
