label,socre,x1,y1,x2,y2
2,0.98918915,216.5433,75.69438,334.9336,201.60931
1,0.9868151,699.9527,287.5746,878.9223,448.8346
2,0.9836669,831.7102,469.75168,923.55164,567.6819
2,0.97650856,144.93369,551.2965,244.25146,644.18164
2,0.9656196,474.37967,158.83391,566.2192,252.21967
2,0.9350909,328.38406,617.49304,477.75214,743.3164
1,0.90777135,117.114075,286.2493,252.68196,420.7666
