label,socre,x1,y1,x2,y2
1,0.9801721,342.63763,342.74185,491.9865,529.5711
