label,socre,x1,y1,x2,y2
2,0.98936,829.05054,473.5845,928.8621,572.9132
1,0.986007,132.14725,155.66693,274.47253,298.86
1,0.97482514,795.30524,287.181,929.4756,435.6333
1,0.90345776,272.75745,573.1132,435.66483,729.56134
2,0.82977027,858.61566,620.39185,953.77515,703.722
2,0.7705317,527.68365,327.08112,663.8817,464.13522
