label,socre,x1,y1,x2,y2
2,0.9907629,38.48225,664.1218,132.35431,757.07764
2,0.9803319,670.37805,359.14395,805.9185,496.1647
2,0.8931162,535.86536,592.8793,615.26105,680.4917
2,0.8908708,467.01447,92.15584,611.81696,232.07498
