label,socre,x1,y1,x2,y2
2,0.9992902,694.18115,134.98096,800.4675,240.26164
2,0.9935928,445.27545,446.23495,550.1935,565.0624
2,0.9899637,314.6408,584.1023,426.39203,693.34576
2,0.9872264,241.46338,125.571915,366.09912,267.42062
2,0.98055524,747.3894,500.47382,894.0112,647.8752
2,0.7923531,49.61151,110.68628,149.35208,200.81624
