label,socre,x1,y1,x2,y2
2,0.9893038,827.8261,369.70486,913.2806,456.60983
1,0.9153664,822.0025,601.50006,940.10406,726.35913
