label,socre,x1,y1,x2,y2
1,0.9686034,585.80743,489.66174,740.2626,666.2673
1,0.9584276,425.2611,50.91974,585.7737,226.86288
