label,socre,x1,y1,x2,y2
2,0.9958002,714.54333,452.9503,839.24396,566.65216
2,0.987163,566.5216,314.37088,646.35583,408.2509
1,0.9549606,435.5483,535.4022,551.3397,627.9392
2,0.94268376,137.7497,665.1134,225.18379,759.60284
2,0.9335382,244.24785,184.53685,348.87402,280.2358
2,0.93038315,7.576835,17.41288,111.752144,117.2756
2,0.8989224,73.08607,325.1922,159.36247,417.48502
2,0.8138831,852.1908,202.30246,963.9369,319.9302
2,0.7877024,351.53336,389.83252,445.03143,474.08096
