label,socre,x1,y1,x2,y2
2,0.9996507,79.484406,165.94423,200.6699,255.80203
2,0.9992908,655.1657,371.3149,770.6669,475.419
2,0.995044,185.65926,652.54315,276.28125,761.15533
