label,socre,x1,y1,x2,y2
2,0.9989642,81.60167,368.2401,175.44937,468.80017
2,0.9987398,529.58997,97.75135,629.15656,200.92865
