label,socre,x1,y1,x2,y2
1,0.9870222,217.8895,390.6717,399.56027,584.0784
1,0.7971381,92.46447,642.0664,270.61157,761.58246
