label,socre,x1,y1,x2,y2
2,0.9977375,387.00986,489.41028,490.77826,575.49084
2,0.98436385,363.89053,239.10052,460.20074,336.8367
2,0.7849359,509.37054,187.69032,602.56415,282.86377
