label,socre,x1,y1,x2,y2
2,0.9977977,559.3793,364.17816,666.8281,452.00693
2,0.9907891,381.31635,529.6319,497.21774,631.2146
2,0.8889714,628.1719,599.3391,735.3548,683.06757
2,0.8661031,95.29944,14.729201,201.26845,99.83349
