label,socre,x1,y1,x2,y2
1,0.9725361,285.65567,71.34274,434.77176,247.61469
