label,socre,x1,y1,x2,y2
1,0.9996315,227.55031,438.08273,406.80466,605.5091
1,0.9896081,207.55028,223.4547,389.2216,407.50558
1,0.9760607,604.69196,279.13727,748.9841,482.99338
