label,socre,x1,y1,x2,y2
2,0.9770369,425.0956,319.1192,479.4356,396.03238
2,0.96493053,167.37073,187.18268,238.79436,268.31696
2,0.8645511,420.27866,181.28821,482.06348,232.68486
