label,socre,x1,y1,x2,y2
2,0.9670368,79.85556,137.60365,211.8077,247.13039
2,0.9142033,590.3338,413.91006,778.9144,550.8193
