label,socre,x1,y1,x2,y2
1,0.9993449,633.8536,290.91797,729.4223,374.1685
1,0.9993168,559.9622,614.53076,727.29834,753.5931
1,0.998847,133.64104,313.22647,272.50882,415.26913
1,0.9966366,278.14835,6.509868,418.62143,153.90189
