label,socre,x1,y1,x2,y2
2,0.9969043,492.43622,512.61664,582.91956,599.6612
2,0.98892236,741.6517,645.89355,847.0902,743.01526
2,0.96345025,22.23078,373.27603,95.43379,449.62848
2,0.96337533,106.63799,527.94336,170.4205,610.13367
2,0.9530979,439.63193,184.18208,530.169,272.20078
2,0.91508013,274.33484,277.25006,348.69534,351.25696
2,0.82900983,429.97604,28.342876,504.4555,127.2371
