label,socre,x1,y1,x2,y2
1,0.9988697,675.4141,27.66405,843.77234,168.70924
1,0.9958546,381.13507,236.16913,554.5256,364.00565
1,0.99276793,78.547775,80.4187,225.66423,232.74786
1,0.9842688,587.2167,542.7829,728.9769,682.8856
