label,socre,x1,y1,x2,y2
2,0.9989679,868.9647,321.07727,988.19617,452.5385
2,0.99606127,591.82666,140.16988,715.7335,277.58154
2,0.96128285,85.3518,225.16737,201.88405,325.11435
