label,socre,x1,y1,x2,y2
1,0.8017966,463.05734,378.4115,602.0062,578.51404
