label,socre,x1,y1,x2,y2
2,0.9987172,185.82407,88.50446,300.3931,184.51903
2,0.8982511,457.3294,290.4707,568.37604,390.02203
