label,socre,x1,y1,x2,y2
1,0.99948895,780.3293,57.712887,922.7296,218.52094
1,0.9965438,475.27582,312.94043,612.2693,448.84418
1,0.99482936,713.2613,383.99503,866.884,517.378
1,0.97789454,304.18298,184.3397,445.47995,337.03812
1,0.8969472,566.876,76.77798,691.17,220.78705
