label,socre,x1,y1,x2,y2
2,0.995618,736.6067,58.06198,847.6968,181.90291
2,0.98505914,307.1,20.150587,415.0414,113.64846
2,0.9841462,838.9549,563.13,944.61334,649.5046
2,0.9790026,549.8178,517.7292,641.7231,619.18005
