label,socre,x1,y1,x2,y2
1,0.99319845,556.962,162.56375,714.5385,378.1345
2,0.965845,34.1629,143.60405,124.75824,236.4885
