label,socre,x1,y1,x2,y2
2,0.9985752,170.3393,405.35822,317.1344,520.04877
2,0.99738115,614.3598,31.361864,759.205,144.29189
2,0.9971227,625.8888,313.2489,762.3141,445.45178
1,0.948998,321.6943,162.14578,463.66623,339.20114
2,0.9460824,385.51642,602.645,514.5495,732.0124
