label,socre,x1,y1,x2,y2
1,0.9960232,218.33868,375.57233,364.74152,552.23785
2,0.8444692,456.50568,428.08313,561.0486,542.7256
