label,socre,x1,y1,x2,y2
2,0.99812764,531.4801,150.42976,652.9839,276.00696
2,0.99809843,786.4737,53.37386,906.467,158.97523
2,0.97537464,653.3515,305.19733,772.45166,397.38092
2,0.9510973,182.6782,289.5644,322.98267,417.38336
2,0.93912446,79.06313,45.87341,167.17969,120.65036
