label,socre,x1,y1,x2,y2
2,0.9983217,901.484,568.3783,986.34076,666.95325
2,0.997577,144.71815,378.39285,271.5173,515.01373
2,0.99616647,376.3002,38.70207,467.2204,132.51639
2,0.99482745,599.17554,283.8244,722.00995,406.41513
2,0.97451234,146.34076,78.197784,271.86624,221.54147
2,0.9717988,538.2273,578.10333,660.38715,706.1903
2,0.94243973,659.8498,95.34491,791.84393,220.38438
2,0.8988069,355.1029,585.589,484.44202,720.91254
