label,socre,x1,y1,x2,y2
2,0.99934465,43.36306,517.6202,146.88057,624.01996
