label,socre,x1,y1,x2,y2
1,0.99696904,240.11717,274.19104,387.32544,466.29327
1,0.9708293,593.40924,17.160343,733.655,176.53491
