label,socre,x1,y1,x2,y2
2,0.9957008,770.8138,256.33188,871.1813,345.96884
2,0.99524814,207.1179,119.92831,308.22595,209.25848
2,0.96539336,917.81964,41.406498,1015.9534,138.6318
2,0.9625679,490.8297,91.53639,624.6143,246.38316
2,0.9051543,290.07364,353.89847,408.22144,467.1398
1,0.7685363,615.658,544.2048,721.20905,636.5061
