label,socre,x1,y1,x2,y2
1,0.98756856,200.6356,339.63223,404.0441,517.7018
1,0.93825513,218.27785,77.04351,429.417,281.62637
1,0.93462104,719.10474,117.7985,935.66956,374.08786
