label,socre,x1,y1,x2,y2
2,0.99374974,513.8418,395.30545,613.95276,485.78903
2,0.99125427,291.48337,300.7821,375.34784,389.51865
2,0.98468256,195.37228,226.72192,278.86786,308.27304
2,0.9837812,748.7854,475.19775,844.7575,567.26306
2,0.9714894,41.836617,172.40414,131.7397,265.4035
2,0.96072644,432.8753,69.56925,502.18704,150.95483
2,0.87461406,119.652626,455.37656,184.20561,539.4891
2,0.82722455,355.0454,564.5745,445.3724,640.1986
