label,socre,x1,y1,x2,y2
2,0.9857172,679.2176,478.1076,779.6918,573.6851
1,0.9699953,93.94369,429.04614,277.27954,594.2395
1,0.95807326,708.1435,218.42789,921.1626,359.7182
