label,socre,x1,y1,x2,y2
2,0.9955428,730.1333,496.35666,818.69464,590.9938
2,0.9853639,377.6254,318.00827,509.85596,435.97366
2,0.94876885,711.0347,126.71967,798.58417,200.01964
2,0.8956135,383.0441,557.9739,461.6782,643.6335
2,0.78737456,339.63077,256.5291,399.5724,315.40634
