label,socre,x1,y1,x2,y2
2,0.9978865,128.8885,567.4429,221.55202,649.70184
2,0.99776673,432.04715,222.82713,528.72504,317.24954
2,0.98347497,556.9696,408.42386,639.6814,507.5554
