label,socre,x1,y1,x2,y2
2,0.9914452,195.22018,422.4131,313.72787,548.51483
2,0.98533463,850.7677,259.72455,958.8511,366.46954
2,0.86959857,63.424316,542.26953,171.16089,696.4382
2,0.81984586,468.1642,517.31335,599.9847,623.1023
