label,socre,x1,y1,x2,y2
2,0.99700975,750.3901,310.67847,862.82465,450.93744
2,0.98619986,98.09184,241.58038,240.18855,376.69055
1,0.95206773,224.41876,478.8449,392.57767,620.52856
2,0.89292765,904.75134,97.624,999.7641,194.82469
1,0.8357769,272.96515,232.25453,443.47208,386.68604
2,0.82309854,495.55576,632.08545,624.26166,746.0502
