label,socre,x1,y1,x2,y2
1,0.9946085,173.12852,527.1885,314.43173,673.72766
1,0.9937308,243.17757,288.97284,409.5113,425.47357
1,0.98572713,21.35102,394.3971,167.05414,551.1878
1,0.9607479,488.42917,418.15424,612.9361,537.4192
1,0.95463055,36.781105,30.321005,161.11752,171.959
1,0.7964019,632.458,566.815,767.3223,720.535
