label,socre,x1,y1,x2,y2
2,0.9986324,743.2189,210.805,860.7306,318.69403
2,0.9450279,588.2567,604.6782,694.47504,726.13074
2,0.9301995,693.4871,388.7702,773.2031,465.875
