label,socre,x1,y1,x2,y2
1,0.9388499,169.53693,202.55287,335.86926,383.11832
1,0.9232502,282.15753,474.38022,470.26062,637.4193
