label,socre,x1,y1,x2,y2
2,0.99785054,730.6653,426.09558,826.7903,522.65155
1,0.9948762,432.5529,306.74402,600.39636,489.04822
1,0.90585345,579.47534,72.97529,708.64417,223.39307
1,0.76826614,786.75275,218.64594,914.35205,380.58218
