label,socre,x1,y1,x2,y2
1,0.9323503,274.2148,261.06693,417.58783,377.23495
1,0.8518448,187.96494,485.86963,357.77493,642.2505
2,0.7755829,49.707806,441.88486,147.19383,531.1766
