label,socre,x1,y1,x2,y2
1,0.99864906,461.5597,408.12122,611.2929,572.81665
