label,socre,x1,y1,x2,y2
1,0.9460931,262.86517,449.29004,362.52277,547.1376
