label,socre,x1,y1,x2,y2
1,0.9997602,521.5931,485.74197,704.8279,670.44885
1,0.999448,654.8147,206.98459,847.3889,361.8784
1,0.9993185,263.1478,172.57254,404.40677,334.95795
1,0.9982344,28.868265,338.5219,233.40373,516.3929
1,0.99819857,348.9008,426.12167,481.80334,554.0244
