label,socre,x1,y1,x2,y2
1,0.9948415,566.49603,120.18687,813.72986,317.77722
