label,socre,x1,y1,x2,y2
2,0.7546319,195.87181,167.8682,331.94257,314.54913
