label,socre,x1,y1,x2,y2
2,0.97898555,861.66815,364.1764,980.8341,509.8611
