label,socre,x1,y1,x2,y2
1,0.9893245,401.08118,607.73047,610.44147,760.4286
1,0.9847711,35.11387,448.18716,250.49,628.3318
1,0.98466057,642.13617,406.781,805.09534,591.7712
1,0.9566011,352.8243,273.76282,538.08984,463.77057
1,0.9506299,744.8497,45.983196,976.35333,263.88742
2,0.85833627,55.23153,273.8722,173.74805,361.90872
