label,socre,x1,y1,x2,y2
1,0.9738203,359.71277,105.91725,471.70947,226.82376
1,0.97248197,849.3159,144.31499,980.9347,276.6392
1,0.824354,71.19689,302.70044,159.25882,394.0243
