label,socre,x1,y1,x2,y2
2,0.9950895,305.57315,91.87322,437.9451,215.3539
2,0.99316895,810.58636,436.45328,935.3836,564.5324
