label,socre,x1,y1,x2,y2
1,0.92181563,828.95135,262.36423,993.95416,412.04758
2,0.84208834,603.01086,480.18674,730.03644,619.0029
2,0.77347285,245.3419,400.12286,380.58926,575.2121
