label,socre,x1,y1,x2,y2
2,0.9991678,656.19025,564.2749,768.20013,658.10504
2,0.99829227,526.62134,336.9693,635.3349,437.11844
2,0.9979048,117.729935,92.60152,220.60764,212.81523
2,0.9952217,833.8349,32.882965,946.3696,139.73155
2,0.95809066,735.96893,276.30975,875.1866,369.97415
2,0.94400716,421.9565,360.0065,504.90665,453.6509
