label,socre,x1,y1,x2,y2
2,0.999382,109.451195,321.76456,202.5036,412.90198
2,0.9963767,593.44727,440.41623,689.3964,524.13446
2,0.9218057,742.2262,337.8265,859.6412,434.7255
