label,socre,x1,y1,x2,y2
2,0.9991198,786.10297,366.66064,880.06146,471.14072
2,0.99759704,7.800624,439.9136,105.74289,535.3113
2,0.90364736,185.7033,205.26451,300.74338,356.87408
