label,socre,x1,y1,x2,y2
2,0.9796275,506.7176,466.89496,664.2401,609.7018
1,0.9770567,181.92719,313.63873,324.34775,534.86774
1,0.96816564,664.83496,355.0468,832.80273,511.54764
1,0.8588799,338.863,547.9347,498.06433,715.5579
1,0.7524122,206.27731,107.88715,357.55676,285.064
