label,socre,x1,y1,x2,y2
2,0.99720913,489.0964,484.40027,565.1558,574.6781
2,0.9969503,167.5174,585.2623,243.46454,656.4202
2,0.99466586,162.55223,146.6523,238.02003,249.78198
2,0.9825994,321.8285,607.4562,377.10214,674.0164
