label,socre,x1,y1,x2,y2
2,0.9972983,296.26697,622.2868,399.59048,744.83966
2,0.9955841,636.1121,306.08728,753.4402,415.85077
