label,socre,x1,y1,x2,y2
1,0.91629314,578.33875,446.8796,792.73615,595.2009
