label,socre,x1,y1,x2,y2
2,0.9969903,376.05524,344.81256,421.71964,404.2721
2,0.9965906,334.96713,111.95914,386.5712,171.28761
2,0.9906024,195.08508,356.8319,251.53072,423.01788
2,0.9883627,163.28282,233.53629,217.86331,284.66837
2,0.9686074,267.19586,524.1435,312.2142,591.2658
