label,socre,x1,y1,x2,y2
1,0.99044245,670.6847,71.51964,868.0369,272.38403
1,0.99002165,707.93964,433.8359,876.06824,608.7672
1,0.975173,505.6924,605.3056,665.0401,756.72284
1,0.94573414,241.79971,523.8583,385.3204,703.1343
