label,socre,x1,y1,x2,y2
1,0.99973375,294.52417,215.45885,457.42108,369.72208
1,0.9993574,598.3043,159.11429,748.64777,299.77744
1,0.9985814,501.2771,475.42392,644.0136,617.60095
1,0.99763846,430.6236,79.22303,563.8893,202.60184
1,0.92307204,674.7235,428.89093,830.7648,584.56445
