label,socre,x1,y1,x2,y2
2,0.99153745,699.4777,350.5589,837.06146,468.40094
2,0.8495876,518.8708,449.70456,635.04315,564.33057
