label,socre,x1,y1,x2,y2
1,0.9833725,552.8693,496.1741,744.2087,677.0687
1,0.9593285,165.06781,446.998,299.79205,582.613
2,0.9131207,870.9862,537.3816,999.0565,647.89655
2,0.91089296,316.2312,368.4748,449.44223,485.00897
