label,socre,x1,y1,x2,y2
2,0.9989182,533.16547,207.32306,658.0537,315.8429
2,0.9978471,254.01483,245.78955,367.72513,342.9953
2,0.99745315,738.42285,311.69885,846.1539,435.5996
