label,socre,x1,y1,x2,y2
1,0.99897563,308.74832,229.70845,498.48886,393.63995
1,0.997841,257.50903,599.2148,390.49408,755.8676
1,0.98309696,677.9644,235.09282,819.93933,377.5606
