label,socre,x1,y1,x2,y2
2,0.9961904,581.37366,604.00226,663.26294,682.6966
2,0.98631096,243.74892,405.84625,339.98328,498.46082
2,0.98618037,553.8663,461.2461,645.4208,553.187
2,0.98395765,302.22684,73.62639,413.24817,184.16458
2,0.94133353,874.02576,440.5919,970.6146,515.4671
2,0.90631825,592.3627,240.00224,685.71204,343.75534
2,0.8560299,228.9481,200.29144,311.44583,280.03595
