label,socre,x1,y1,x2,y2
1,0.8735192,302.11533,292.60434,441.50586,439.2198
