label,socre,x1,y1,x2,y2
2,0.99966896,676.0512,448.40457,773.62634,566.728
2,0.999479,200.28217,212.98576,297.62192,322.57465
2,0.99875474,554.17554,79.12093,645.2902,193.6529
2,0.9883378,737.37463,265.27133,836.2807,374.50497
2,0.98104435,469.99576,429.75836,556.3329,527.2153
