label,socre,x1,y1,x2,y2
1,0.99981636,550.6679,91.60475,714.8886,278.07047
1,0.9835495,689.6828,404.64484,786.19794,534.727
2,0.89701766,604.60767,622.11346,699.20483,731.00714
2,0.83976537,518.1133,399.85056,615.7672,529.4244
