label,socre,x1,y1,x2,y2
1,0.9841743,259.37918,465.9379,378.6244,609.40027
2,0.98248464,388.68643,568.7336,474.1488,669.4836
2,0.9029435,891.67395,277.0611,973.39453,352.28082
1,0.8901319,301.50992,662.3542,377.86118,732.68353
1,0.76650095,7.1499987,390.42795,95.48755,522.0525
