label,socre,x1,y1,x2,y2
2,0.99931026,294.62634,104.27562,387.9113,202.78389
2,0.99725777,427.0123,608.86035,528.6636,713.3311
2,0.9964258,361.18076,286.43353,442.85056,390.45676
2,0.98863435,672.34985,453.02106,782.16296,568.9307
2,0.76249105,882.1079,613.7196,1006.60297,742.0378
