label,socre,x1,y1,x2,y2
2,0.9953923,512.8982,376.23972,591.59204,469.04144
2,0.9942502,715.7245,391.12518,819.23883,503.819
2,0.993693,329.4361,171.33751,467.60748,284.7881
2,0.99251646,444.54645,561.46344,546.82245,691.20245
2,0.9437443,898.0427,293.27795,1014.6268,407.67856
