label,socre,x1,y1,x2,y2
2,0.8900321,643.8513,284.81354,776.8852,434.12372
2,0.82320535,351.68243,547.50885,438.26526,668.2803
