label,socre,x1,y1,x2,y2
2,0.99001837,213.20984,79.00404,383.05722,240.87587
2,0.9530486,354.05652,263.97128,485.46118,411.43814
2,0.7879511,822.84985,53.231472,936.76434,170.52956
