label,socre,x1,y1,x2,y2
1,0.997766,402.31744,329.92935,520.4767,450.72763
1,0.9081434,224.58926,411.98804,324.85098,515.14594
