label,socre,x1,y1,x2,y2
2,0.9952354,342.12317,594.5356,446.85648,702.9814
2,0.9824432,609.8821,569.9904,716.5785,671.6764
1,0.95646745,616.3302,88.484985,740.9003,260.2235
2,0.9441382,100.54758,161.05579,206.46553,279.70737
1,0.90825355,209.4482,263.61563,323.11472,388.3194
1,0.89531404,407.0142,288.90567,561.61066,466.5027
2,0.81554735,774.0781,236.35089,903.3555,374.75168
