label,socre,x1,y1,x2,y2
2,0.99914527,702.28107,523.9476,810.43445,639.24225
2,0.99842703,395.26483,447.2824,495.23135,550.3324
2,0.9975661,685.82544,266.20944,798.09155,368.06613
2,0.99517244,219.5861,225.491,329.18958,311.2814
