label,socre,x1,y1,x2,y2
2,0.9983846,197.22482,255.37909,309.2769,378.29395
2,0.9965269,114.35379,558.3396,225.24438,664.9991
2,0.7886229,446.08368,523.99994,665.09454,666.074
