label,socre,x1,y1,x2,y2
2,0.9981316,508.8386,522.58405,643.762,643.66895
2,0.9694922,26.34902,379.65994,190.9317,559.6665
2,0.9173271,919.62213,348.0683,1018.01746,482.14758
2,0.7927663,378.93777,388.4672,502.43152,494.16486
