label,socre,x1,y1,x2,y2
1,0.9927221,844.612,381.90796,944.4918,511.0084
2,0.98431903,662.9073,546.87964,739.9155,640.8835
1,0.96047133,169.10883,137.6758,266.4199,230.26567
2,0.9570388,390.75327,200.09079,465.27716,281.70023
2,0.91336924,571.8064,324.99017,652.3105,412.4408
1,0.90860444,71.95638,100.02491,157.90761,239.10884
2,0.86495465,135.99425,293.32703,220.931,383.8317
