label,socre,x1,y1,x2,y2
2,0.99900514,229.4858,432.85394,317.14307,518.9262
2,0.9974349,255.47537,162.67929,355.80524,254.52943
2,0.9934157,199.41307,614.2869,292.7176,704.89325
