label,socre,x1,y1,x2,y2
1,0.99766004,365.25714,305.89523,530.7273,451.68005
