label,socre,x1,y1,x2,y2
2,0.9943137,5.1619773,549.3354,128.08778,640.4777
2,0.9929636,96.40498,270.91,211.79967,374.74786
2,0.98675144,615.7599,337.30518,752.6762,426.81543
2,0.97427803,257.08734,448.69415,370.18707,536.1841
2,0.9689727,264.6586,578.0477,369.96906,658.5711
2,0.96551836,821.96643,247.27675,924.5165,339.51428
2,0.90156597,693.9469,27.85385,825.2094,115.12716
1,0.88876337,440.41107,103.06677,529.8626,222.88481
2,0.76640964,506.23477,608.9333,618.88745,705.9422
