label,socre,x1,y1,x2,y2
2,0.9953436,492.51807,164.97885,601.7365,271.4987
2,0.9934412,613.09326,483.4708,725.08624,596.65027
2,0.9582507,783.31177,266.42215,904.62085,391.16916
1,0.9519099,205.00652,385.45474,356.98224,516.0931
2,0.93623775,262.37656,126.19368,379.74118,248.76527
