label,socre,x1,y1,x2,y2
2,0.98391193,395.07428,340.72354,460.6854,400.6459
2,0.96819925,260.42862,507.98624,347.7335,593.12085
2,0.9667881,117.92098,187.5914,178.92491,263.59088
2,0.88741446,553.14136,103.151695,650.1947,195.19315
2,0.8834622,447.08847,595.9157,522.28485,678.2424
2,0.8173981,579.7992,347.16425,656.6762,432.1227
2,0.8018358,730.35706,418.43695,816.52826,514.1791
