label,socre,x1,y1,x2,y2
2,0.998728,752.9029,298.32,887.86444,422.39664
2,0.9983333,410.09622,366.4935,552.414,476.40106
2,0.9976835,197.01738,427.80005,309.60135,530.8716
2,0.9968328,665.85626,155.86517,778.06177,261.60187
2,0.99629056,29.991022,170.92921,183.8463,310.67703
2,0.99017835,662.1141,547.42523,835.8927,733.1067
2,0.9778542,57.43757,430.27142,168.80986,557.88605
