label,socre,x1,y1,x2,y2
2,0.9997279,446.2578,587.3254,538.6994,705.5097
2,0.99950624,853.0427,341.924,960.4364,430.56183
2,0.99928313,827.56915,646.38043,933.741,742.8205
2,0.9992471,59.400974,303.7831,166.28812,393.85312
2,0.9985221,599.241,334.9542,701.0469,430.16898
2,0.9975007,420.74994,312.46722,518.3913,397.50906
