label,socre,x1,y1,x2,y2
1,0.9991259,27.184166,22.802065,236.22789,178.97581
1,0.99906784,809.7445,443.3874,1005.74414,638.2095
1,0.9981749,759.91833,195.13028,915.5729,340.64188
1,0.9980172,175.9679,368.55426,321.78503,503.3141
1,0.99668115,453.3416,370.3747,613.9455,533.63165
