label,socre,x1,y1,x2,y2
1,0.98715407,248.36723,378.7273,402.89572,569.7477
2,0.95002997,503.14563,232.51001,548.8205,302.48596
2,0.7820379,66.990395,206.26839,152.33203,291.06082
