label,socre,x1,y1,x2,y2
2,0.9982667,196.41846,253.69162,307.07645,379.03677
2,0.99806386,754.2972,479.1743,855.53076,579.87305
2,0.9973132,417.56772,394.6602,517.06757,499.7014
2,0.9961183,623.7796,262.35318,753.6901,359.8368
2,0.995413,652.83325,598.73987,769.71906,711.4527
2,0.99288577,86.617,410.49622,202.57816,526.43256
2,0.9541765,744.85156,117.53247,865.9268,230.8538
2,0.75750476,651.1004,382.73062,756.5502,471.0648
