label,socre,x1,y1,x2,y2
2,0.9982747,92.84148,179.59215,201.048,292.02975
1,0.97980773,205.42879,457.12564,354.74597,623.213
2,0.9784898,354.0251,242.97838,464.34036,360.40527
1,0.8984385,579.5796,238.18398,703.6317,392.01968
2,0.8348051,861.87933,52.43335,968.2341,181.20421
1,0.8173477,268.55746,59.076313,400.06543,185.62898
1,0.75477946,594.73254,457.6317,746.25867,585.34467
