label,socre,x1,y1,x2,y2
1,0.9440586,352.8183,249.80191,485.4226,409.68127
1,0.7819256,261.6516,559.1128,461.19742,713.9869
