label,socre,x1,y1,x2,y2
2,0.9978829,541.10156,368.6693,643.5876,466.26108
2,0.99741423,588.8342,577.2078,688.7639,665.784
2,0.9934803,309.79126,184.41806,404.90674,276.97668
2,0.9923741,296.18457,635.26984,382.86514,744.2555
2,0.98452294,137.34274,610.3749,235.26274,691.59766
2,0.98225087,927.4397,579.22424,1017.29175,676.29346
2,0.9750718,512.9437,24.464125,586.1087,111.33501
2,0.9745083,140.42923,154.8425,243.15071,242.28336
