label,socre,x1,y1,x2,y2
2,0.998662,137.44939,367.16632,251.95749,454.17072
