label,socre,x1,y1,x2,y2
2,0.9971528,215.15973,642.42554,318.13098,751.9147
2,0.99703753,292.69168,200.0286,413.62903,309.63666
2,0.99690104,457.30142,84.30278,579.39465,200.2645
2,0.996387,69.335625,275.54245,176.73752,396.14084
2,0.9948537,727.1497,301.33353,867.0005,424.0875
2,0.990547,341.07858,532.9733,448.09326,643.7167
2,0.9900927,612.4999,504.90466,718.00366,607.6958
2,0.9793656,489.5704,605.63794,582.78595,701.395
