label,socre,x1,y1,x2,y2
1,0.94191825,713.6726,600.0222,867.8036,743.73627
1,0.8431579,278.55655,209.90288,392.36237,321.77142
2,0.75916326,128.98116,9.58675,229.22514,149.26666
2,0.75256556,880.20215,427.61795,969.74896,549.1098
