label,socre,x1,y1,x2,y2
2,0.99885213,370.8668,165.78651,469.3067,250.63681
2,0.9985441,637.3698,155.16272,741.21094,267.02948
2,0.99392277,98.29514,207.61537,188.60727,306.5167
2,0.9870819,709.59503,437.80258,835.27515,523.15
2,0.96854365,846.3813,29.247807,943.7698,129.02022
2,0.968114,323.46283,401.20297,404.44458,478.55826
2,0.86835086,628.2246,636.34973,714.8441,716.9239
2,0.8584559,434.30856,642.0399,529.99115,740.27997
1,0.78629786,262.03177,109.982445,368.50638,203.37944
