label,socre,x1,y1,x2,y2
2,0.9038012,749.0057,515.5385,830.6892,578.66156
