label,socre,x1,y1,x2,y2
1,0.9781965,860.34576,195.52437,998.77484,340.80832
2,0.90831983,318.45963,54.694035,424.615,144.85793
2,0.89056146,674.47437,525.18555,804.09045,637.97076
2,0.8304795,413.9673,255.66527,526.2516,401.25186
1,0.80763507,99.97432,92.77158,231.09245,226.71828
