label,socre,x1,y1,x2,y2
1,0.99851364,475.80173,200.16275,636.9814,400.92322
2,0.9326214,341.23825,323.1577,439.34283,424.66025
2,0.87266004,857.4836,401.60046,963.1032,508.483
