label,socre,x1,y1,x2,y2
1,0.97484493,240.72685,302.66104,411.39212,467.44345
2,0.7751195,8.635953,266.5216,113.69178,386.69604
