label,socre,x1,y1,x2,y2
2,0.99940014,569.7752,271.13947,661.1339,394.5402
2,0.9993905,868.3546,237.1689,967.06226,334.0588
2,0.9989121,195.41411,583.4223,288.30948,679.53455
