label,socre,x1,y1,x2,y2
2,0.99858665,336.76404,407.48904,442.15112,499.52325
2,0.9968946,164.9851,661.55237,269.30908,761.1561
2,0.9954053,64.8497,544.3856,180.95987,655.518
2,0.9927382,207.60606,31.141588,309.17828,133.52647
