label,socre,x1,y1,x2,y2
1,0.95780766,357.69693,141.48471,546.6112,329.57495
1,0.9024764,461.53534,570.32996,637.36084,747.72833
2,0.86709267,695.0356,47.4757,856.18665,207.1683
1,0.86349183,555.37006,358.11508,770.7943,521.1019
