label,socre,x1,y1,x2,y2
2,0.9984882,389.19098,496.8928,452.96548,543.09924
2,0.9930957,627.5171,333.8975,684.16,384.737
2,0.93692887,543.1053,205.17108,586.928,266.3381
2,0.9189954,339.0837,343.6069,391.11804,382.7245
2,0.8938545,247.32452,619.48804,303.8885,686.2001
