label,socre,x1,y1,x2,y2
2,0.996534,605.58954,147.34084,724.60864,246.8022
2,0.99628687,838.2159,254.95418,954.06494,366.16586
2,0.9921027,330.0537,384.43558,451.18668,481.56744
2,0.9614183,887.5796,368.39114,981.73694,484.6
2,0.80827236,245.8741,205.96057,361.51376,316.54907
