label,socre,x1,y1,x2,y2
2,0.9897462,432.8739,82.285576,516.0197,166.73317
2,0.9792976,86.33711,386.25815,193.32782,489.30176
