label,socre,x1,y1,x2,y2
2,0.99721223,517.9857,100.30808,616.1917,192.91121
2,0.9942688,99.33798,109.19128,174.16595,165.32724
2,0.986971,530.0718,351.36273,621.6475,410.66483
2,0.93079513,243.76643,344.99066,357.6369,396.52478
