label,socre,x1,y1,x2,y2
2,0.99786466,694.1342,435.07773,801.4769,581.7984
2,0.99341524,84.32043,328.95505,187.77878,467.43616
2,0.9929254,462.89767,351.94012,573.5626,470.7559
2,0.98781455,610.7893,288.85306,728.49615,388.64508
2,0.97946256,440.11676,117.77367,552.27606,227.51703
2,0.96568096,302.46564,418.5274,407.07077,521.2968
2,0.92946845,224.57059,100.99261,355.31906,258.2189
2,0.76593506,364.02972,579.722,467.74567,757.4756
