label,socre,x1,y1,x2,y2
2,0.99079424,119.69229,36.09502,200.95299,140.0912
1,0.75630677,312.52103,349.82727,439.10287,472.6011
