label,socre,x1,y1,x2,y2
1,0.9878057,207.80527,368.046,327.95245,496.59988
2,0.9865871,218.04706,98.61828,332.93994,205.711
2,0.9836104,440.39545,265.98972,562.267,369.4631
2,0.9813572,484.65588,19.450033,594.80414,106.168724
