label,socre,x1,y1,x2,y2
2,0.998166,576.42865,224.47832,679.3658,340.17087
2,0.9969627,120.51387,243.8647,271.12936,372.78708
2,0.98551965,367.06192,80.76559,436.44547,166.08691
2,0.9798114,412.86105,238.44008,500.71774,328.93326
2,0.979545,856.20593,526.57086,993.30145,653.04
