label,socre,x1,y1,x2,y2
2,0.9865437,217.97064,329.66412,323.167,420.1569
1,0.9753523,743.2262,306.7575,862.5388,416.4206
2,0.95434636,138.32056,143.34933,243.25735,248.4196
2,0.9488403,473.26202,291.06128,575.9812,390.29166
1,0.8978198,365.52563,60.67507,506.54468,171.8716
