label,socre,x1,y1,x2,y2
2,0.9972178,259.1595,521.3904,348.54117,620.6695
2,0.9871378,50.09684,589.5695,136.15059,682.0362
2,0.9648404,440.0187,144.01529,557.9859,249.70227
2,0.9435114,443.8749,327.8129,537.0009,411.95224
