label,socre,x1,y1,x2,y2
1,0.9964462,473.53555,425.6196,541.37,502.82062
1,0.96758837,535.9017,637.471,600.092,718.86566
1,0.9314168,201.09175,89.99564,288.03653,164.38416
1,0.9261008,544.6218,387.83008,609.93396,449.03696
1,0.8783612,422.25626,45.235428,489.91965,116.933754
1,0.8092679,115.352005,454.061,201.46745,536.05524
