label,socre,x1,y1,x2,y2
2,0.99874604,143.85333,611.4796,241.11656,738.75323
2,0.9982504,500.62552,457.86047,610.0291,555.0753
2,0.9963116,795.27356,262.28625,934.6821,371.90207
2,0.9929304,722.68994,614.633,820.70496,707.8898
2,0.97316045,902.9882,96.287155,1004.69525,215.99689
2,0.91575503,75.90437,294.99304,178.29553,379.46085
