label,socre,x1,y1,x2,y2
1,0.92693377,469.491,418.00214,670.31647,579.9499
