label,socre,x1,y1,x2,y2
2,0.99047977,360.58054,101.19071,515.0658,266.2287
2,0.97336394,281.46603,459.18323,435.10287,664.137
1,0.9298511,714.8355,226.71454,893.96014,392.74057
