label,socre,x1,y1,x2,y2
1,0.9995166,205.80528,432.9883,359.13837,620.1518
1,0.9993362,119.297134,126.06925,279.11737,286.72403
1,0.999321,550.4926,143.98625,712.02216,283.3725
