label,socre,x1,y1,x2,y2
2,0.9993437,501.12552,339.137,631.51556,438.84387
2,0.9960967,202.07133,630.7235,322.56003,736.6195
1,0.9283831,675.4228,103.00985,794.14557,214.75179
2,0.78805614,366.11856,301.88815,480.8808,392.7503
