label,socre,x1,y1,x2,y2
2,0.9964715,345.4365,596.23444,487.44443,735.9236
2,0.9877466,850.60785,402.14832,1012.24493,582.2191
1,0.96536934,42.939003,446.6588,207.1223,630.26526
1,0.9495841,155.86446,25.441553,327.4174,233.8434
2,0.9336583,387.92593,219.51312,561.1475,399.5928
1,0.823089,625.1721,375.08447,781.1236,535.5883
