label,socre,x1,y1,x2,y2
1,0.98929405,213.4254,83.97375,416.15088,262.11603
1,0.97685325,75.61144,498.42584,240.32104,667.1313
1,0.9582507,451.14157,592.64294,672.91223,751.888
