label,socre,x1,y1,x2,y2
2,0.9967385,204.78157,186.36287,320.0627,310.5463
1,0.9950642,466.7892,137.62875,669.87573,350.967
2,0.9894237,742.192,509.18506,890.0235,654.54675
2,0.9735956,340.51996,457.51724,488.34537,693.5149
