label,socre,x1,y1,x2,y2
1,0.9995092,556.14386,400.86,724.3732,586.1198
1,0.9993331,157.8476,277.09326,304.93555,446.55722
1,0.9961695,465.0203,38.157993,580.82117,170.29294
1,0.9911856,784.9287,359.88846,904.56757,478.56372
1,0.95474327,645.2206,5.630171,787.36505,136.43558
1,0.92873394,829.9903,84.58906,960.71716,224.02399
2,0.85412467,174.16545,645.3161,260.0438,751.7579
