label,socre,x1,y1,x2,y2
1,0.9749073,650.5002,133.93784,825.2736,263.2451
2,0.88106143,544.9353,624.54456,679.083,753.0505
