label,socre,x1,y1,x2,y2
2,0.999508,435.4666,154.07077,535.2743,264.36414
2,0.99616337,104.43046,113.519455,206.91423,203.61772
2,0.9941533,592.6392,458.61703,684.5983,557.83356
