label,socre,x1,y1,x2,y2
2,0.97902703,477.24985,599.6342,640.60004,740.86633
2,0.97558445,113.0931,521.99493,205.37445,613.3949
1,0.9499583,459.34183,276.53125,596.5225,418.78662
2,0.90090764,207.60768,131.1398,357.37766,254.11786
