label,socre,x1,y1,x2,y2
2,0.7851761,94.51089,401.75256,212.7949,498.05505
