label,socre,x1,y1,x2,y2
1,0.99142456,103.91522,254.55826,300.6002,421.39377
1,0.9870596,741.8014,440.20584,871.7823,621.7889
1,0.7750453,577.63824,142.30107,729.63495,273.52774
