label,socre,x1,y1,x2,y2
1,0.9945311,356.3525,568.22296,540.4588,733.4622
1,0.9831412,746.3983,319.0742,883.1766,482.56287
2,0.7516705,169.36848,561.1209,268.061,645.46265
