label,socre,x1,y1,x2,y2
2,0.9989378,486.72806,251.71465,596.6586,359.64404
2,0.9979348,118.37271,49.43357,225.2201,160.79929
2,0.9918132,760.55786,545.4916,844.15967,611.06726
2,0.979705,273.96756,474.92175,375.668,575.76514
2,0.921726,703.7302,213.43643,824.13245,342.84882
2,0.788895,238.55841,131.58595,305.75858,189.10199
