label,socre,x1,y1,x2,y2
2,0.99965394,705.7613,87.25328,796.53394,209.52464
2,0.99841607,837.0124,496.05643,948.06335,612.5001
2,0.9968046,288.50525,95.44368,414.3894,207.1722
