label,socre,x1,y1,x2,y2
1,0.8341988,170.94756,432.03778,385.68512,601.6627
