label,socre,x1,y1,x2,y2
2,0.94963753,327.17847,279.9588,462.04874,436.0309
2,0.85469234,544.2126,52.17753,707.11127,205.86342
