label,socre,x1,y1,x2,y2
2,0.9743372,429.08688,383.73035,510.9785,466.35947
