label,socre,x1,y1,x2,y2
2,0.9976078,328.18085,451.5807,459.51913,576.7576
2,0.95368016,167.58362,531.87445,253.04799,688.1914
2,0.93310726,329.7889,103.026146,418.34015,266.84293
