label,socre,x1,y1,x2,y2
2,0.9986871,518.2479,504.18872,618.1677,619.10486
2,0.9984407,754.08936,467.5626,878.8558,587.24615
1,0.99290824,184.83684,531.83417,387.5143,677.90515
1,0.98163646,414.4612,67.10989,591.09784,220.94614
2,0.9733324,129.12317,179.66994,294.11057,327.87393
