label,socre,x1,y1,x2,y2
2,0.99528414,307.95142,218.8892,425.63202,333.3791
2,0.96729827,894.40393,606.4424,1010.72034,730.4065
2,0.8560848,236.91988,407.38962,334.86383,494.5805
