label,socre,x1,y1,x2,y2
1,0.98544645,417.58997,54.144585,567.7131,209.82503
1,0.8483882,640.09845,135.79439,778.12164,308.9134
