label,socre,x1,y1,x2,y2
2,0.94550633,219.04254,250.20532,319.45874,354.21527
