label,socre,x1,y1,x2,y2
2,0.9995478,749.2653,436.47336,853.19495,539.4514
2,0.9994604,580.5772,233.61978,674.2042,345.39725
2,0.9987526,144.56488,389.26172,239.51964,498.20605
2,0.990122,303.59924,492.16492,397.00595,596.9202
