label,socre,x1,y1,x2,y2
1,0.99749905,823.4261,508.68018,977.64417,734.258
2,0.98869157,264.271,183.28436,405.72867,383.10596
2,0.8147014,46.157684,665.35376,147.88403,760.1293
