label,socre,x1,y1,x2,y2
2,0.99551374,134.73418,349.51483,295.83234,507.81375
