label,socre,x1,y1,x2,y2
2,0.99828184,582.0088,611.045,698.6942,704.63416
2,0.9267213,414.9912,532.30414,515.2454,622.5699
