label,socre,x1,y1,x2,y2
1,0.9917922,571.3747,247.64578,697.91846,385.12018
2,0.98985493,418.5253,444.9089,527.4959,578.745
1,0.97041523,86.360115,164.896,210.14024,337.2192
