label,socre,x1,y1,x2,y2
1,0.999181,505.33255,31.224367,696.49744,207.25262
1,0.99877244,602.09155,608.29803,787.3792,750.05365
1,0.99764615,546.1289,357.85782,706.48413,532.8465
1,0.9926455,265.84824,348.21204,441.14783,491.60947
1,0.9462496,186.39317,132.5407,324.84323,277.71848
