label,socre,x1,y1,x2,y2
1,0.9880135,21.931366,375.8793,168.31902,498.66727
1,0.96465564,743.77496,531.2264,843.34686,646.7716
1,0.9454809,775.46124,25.863317,856.0375,107.68867
1,0.8229627,376.6266,418.3716,466.7071,493.72012
1,0.8220491,672.1365,196.81123,798.2154,331.9771
1,0.8027695,144.36899,83.63323,251.27876,194.67923
