label,socre,x1,y1,x2,y2
1,0.9968112,764.03723,88.621376,886.8393,231.8271
1,0.9919294,749.0864,292.99405,898.12994,434.34027
2,0.96560585,742.5937,469.28616,875.66876,590.37854
1,0.96138024,42.75168,278.26718,195.85292,414.73413
1,0.95737064,521.7767,348.97076,649.99194,475.4795
1,0.8183183,259.53214,458.01163,390.64218,580.45953
