label,socre,x1,y1,x2,y2
1,0.9992269,219.4261,159.18571,386.28568,304.78687
1,0.99892694,574.1418,487.45773,724.1866,646.1951
1,0.99822265,442.76892,47.82493,605.3918,204.61935
1,0.9957741,326.18414,469.85458,496.95877,604.26575
1,0.7816226,724.2941,276.3479,886.86206,440.12476
