label,socre,x1,y1,x2,y2
2,0.9891109,377.2557,508.41556,481.33212,628.96936
2,0.98830265,244.29091,284.14688,376.51062,409.46518
1,0.9536303,625.9376,15.880415,731.2431,145.83604
2,0.89982116,587.01154,258.0028,684.0337,382.90805
1,0.8582427,763.26184,245.13737,908.45123,368.97638
