label,socre,x1,y1,x2,y2
2,0.9995146,541.774,562.2058,649.01227,675.2132
2,0.99330246,236.77834,382.34875,338.9402,502.72867
2,0.972562,470.66528,232.71164,553.97754,312.0016
