label,socre,x1,y1,x2,y2
2,0.99905294,81.389244,370.27353,175.1542,470.4747
2,0.99883753,530.0946,97.69442,629.52966,200.82767
