label,socre,x1,y1,x2,y2
2,0.98975813,428.7223,379.35193,528.1746,447.41724
2,0.9887938,534.3475,217.09583,602.5098,295.10995
2,0.9879771,547.8104,494.7313,624.68604,579.5658
2,0.96882564,155.61479,113.0454,224.09161,196.03712
