label,socre,x1,y1,x2,y2
2,0.9991798,749.75366,404.38498,879.86237,525.4618
2,0.9990274,349.434,414.60333,478.8554,523.5975
2,0.99865025,815.19714,593.15186,951.77124,704.62
2,0.99787235,276.35666,103.14463,392.90543,241.95749
2,0.99246746,202.88954,346.19833,332.83878,474.72833
2,0.9637884,691.10913,238.49353,808.414,335.45062
2,0.95093894,251.29456,597.4562,348.5459,676.88293
2,0.88378185,39.189003,61.85537,150.19447,169.7184
2,0.8173648,458.91513,624.4166,595.1121,713.5145
