label,socre,x1,y1,x2,y2
1,0.9847781,359.3222,91.912025,515.29016,281.56763
1,0.95368767,458.41556,570.586,622.45465,761.67615
1,0.94535196,149.01672,374.57098,316.77863,568.88135
