label,socre,x1,y1,x2,y2
2,0.99773884,392.4555,368.2144,455.1075,445.1644
2,0.99253935,76.764046,437.4138,168.40446,489.9268
2,0.99057174,65.25771,204.90846,136.17818,289.51468
2,0.97924644,135.23776,535.7237,211.89389,603.0089
1,0.8400343,559.9321,527.53906,732.4606,694.6181
2,0.80082285,711.4423,212.0983,775.14636,255.99442
