label,socre,x1,y1,x2,y2
1,0.9962799,280.6294,147.84875,440.0482,343.6833
1,0.9355411,526.81525,597.3566,709.00055,756.299
1,0.8512731,288.6924,598.2676,447.1705,755.9491
