label,socre,x1,y1,x2,y2
2,0.9865493,72.29819,498.43933,190.55772,643.8735
1,0.9345059,408.01987,90.232376,591.3184,269.43927
1,0.881158,229.41183,370.28043,388.96054,526.5877
