label,socre,x1,y1,x2,y2
1,0.9983974,432.47955,133.36754,586.4331,296.06973
1,0.99542326,742.4761,49.248764,894.2836,207.1924
1,0.9879888,206.09802,344.95956,317.86978,521.7939
1,0.9854762,792.61786,405.9909,960.3735,545.0332
1,0.98218185,577.0689,341.8598,697.85046,462.41263
2,0.97773015,288.85394,110.93462,385.23785,237.33391
1,0.8623998,241.89513,599.10004,341.6109,706.29553
