label,socre,x1,y1,x2,y2
2,0.99775165,652.2572,163.74902,755.62225,271.61072
1,0.9950147,176.26271,356.30087,335.16556,544.0104
2,0.9891928,168.40823,165.51923,255.73572,258.52118
2,0.9870013,804.619,231.55113,899.2622,315.38367
