label,socre,x1,y1,x2,y2
1,0.9996075,255.73517,369.3803,421.52057,523.8938
1,0.9668218,390.63623,265.1866,462.69598,326.67868
