label,socre,x1,y1,x2,y2
1,0.9758316,535.16846,421.17746,669.8421,537.826
2,0.97166103,363.8903,242.03001,494.28384,359.32654
1,0.9527083,491.4433,79.72666,596.2714,203.40471
1,0.9384575,350.93936,623.4907,481.375,760.8054
1,0.87503326,149.6029,398.58255,271.95972,593.8754
1,0.8257697,188.43996,182.88708,305.4177,290.96786
