label,socre,x1,y1,x2,y2
2,0.9692487,121.2273,386.28683,268.7297,513.3784
