label,socre,x1,y1,x2,y2
1,0.99849117,803.82214,261.46277,877.9796,337.978
1,0.9967542,213.59358,500.0743,286.7154,571.55914
1,0.99567574,229.27466,20.265743,302.02753,84.82415
1,0.97833323,857.2393,66.90221,933.05884,139.48105
1,0.95718944,60.949406,626.6676,141.90463,695.7425
