label,socre,x1,y1,x2,y2
1,0.9985845,103.42292,273.6014,246.2774,418.9132
1,0.99306035,376.7994,191.9415,520.7612,301.1192
1,0.98898613,644.6985,107.469055,768.2671,258.70685
1,0.9503834,70.50972,33.348145,233.68582,148.36467
1,0.88023925,300.04987,444.78146,404.9686,568.77295
