label,socre,x1,y1,x2,y2
2,0.99925023,170.27351,622.3187,271.80768,748.2831
2,0.9992169,729.6163,460.6312,831.8142,570.35315
2,0.99919826,236.39552,433.37772,328.24594,541.96265
2,0.99662125,32.102226,486.39523,105.41729,589.9002
2,0.9958448,85.18411,174.0165,171.43335,277.3469
2,0.9723341,195.2288,154.96983,298.5362,227.44778
2,0.92344505,355.36655,609.14056,451.03748,704.86316
2,0.8985976,910.26013,344.62445,1007.87103,472.41238
