label,socre,x1,y1,x2,y2
2,0.99962616,439.45792,296.11963,551.5638,427.7915
2,0.99548835,845.7876,129.14064,949.69507,256.17334
2,0.9919601,225.84805,588.8132,347.0824,666.7118
2,0.98970044,124.27778,355.3278,203.36731,456.28864
2,0.9879532,755.83325,626.1671,844.6889,734.8528
