label,socre,x1,y1,x2,y2
2,0.9963056,211.63338,162.95332,339.51355,295.09576
2,0.98884416,534.7214,102.66772,659.3103,205.23271
2,0.9285625,449.75507,360.69733,566.727,480.73746
2,0.91247964,856.17676,258.2407,950.3402,377.10016
2,0.909669,216.80237,593.4227,352.5714,722.3912
