label,socre,x1,y1,x2,y2
2,0.9956982,704.31964,240.2473,800.35626,347.81238
2,0.98811775,594.24963,635.72125,684.585,739.1753
1,0.9829542,339.2873,560.9999,480.93146,712.8057
2,0.868213,626.6347,403.98764,748.25415,528.20593
2,0.79226154,701.4327,660.1323,805.5318,755.2361
