label,socre,x1,y1,x2,y2
2,0.9889341,285.06845,98.396965,379.66315,184.14595
2,0.9805727,504.9762,191.39613,618.16473,297.41644
2,0.94941914,34.763042,580.058,125.34155,676.3468
2,0.9223802,758.5136,427.6589,852.40735,516.0109
2,0.88028395,297.90536,359.13428,392.21094,448.31934
2,0.84146184,108.81985,336.74847,213.86206,411.39005
2,0.80669534,703.0901,91.48142,786.4412,182.48572
2,0.801433,546.3934,545.6723,618.933,619.4171
