label,socre,x1,y1,x2,y2
2,0.9915235,799.2126,508.40378,925.0108,632.91516
1,0.9811569,41.73952,183.78766,186.44865,303.13983
1,0.97894764,139.43767,485.49838,259.06924,611.81635
2,0.96714014,616.20544,195.11247,757.2187,325.0155
2,0.9094085,515.01624,497.9986,632.82324,599.1787
2,0.8760218,232.64812,315.78055,341.36148,447.9813
2,0.8570715,898.8942,112.40248,997.6643,228.20468
