label,socre,x1,y1,x2,y2
2,0.99577856,621.6231,489.14236,758.09344,648.4164
2,0.9877879,335.57632,252.19012,499.47836,389.28912
2,0.9759778,112.66515,188.66798,246.34416,299.20395
