label,socre,x1,y1,x2,y2
1,0.9770587,709.1211,591.5081,895.2097,746.4844
1,0.8855647,447.35025,94.942825,678.88135,227.70242
1,0.86837727,100.381355,430.25244,254.36937,619.4508
2,0.8130404,742.4501,43.55339,888.84393,133.37303
