label,socre,x1,y1,x2,y2
2,0.99928457,857.26935,41.068928,963.12286,128.31036
2,0.99409205,725.02954,254.35516,863.1861,361.83386
2,0.9936585,918.9745,404.39072,1007.26874,515.0778
2,0.990743,448.20062,164.57106,562.74884,258.0127
2,0.98721015,420.45798,516.3232,516.53577,604.316
2,0.97978824,176.62204,312.15955,293.86826,417.97623
