label,socre,x1,y1,x2,y2
1,0.9734215,111.86742,67.265724,282.63153,223.19098
1,0.9571333,829.2155,15.5505905,1018.4122,198.42406
