label,socre,x1,y1,x2,y2
1,0.93956316,279.62845,284.46344,493.95285,479.76144
