label,socre,x1,y1,x2,y2
1,0.99500257,449.38983,549.7866,708.0871,726.33484
