label,socre,x1,y1,x2,y2
2,0.98901665,142.3582,333.37958,311.5543,484.18286
2,0.937145,398.40106,607.70984,548.0518,734.54224
1,0.82450414,432.78683,101.129456,552.7352,255.82733
