label,socre,x1,y1,x2,y2
2,0.99460477,275.7398,565.1341,399.54474,658.46735
2,0.99254674,147.67648,236.99838,261.1633,348.28326
2,0.9906352,672.29596,408.33835,773.79224,535.4815
2,0.9813079,465.3322,58.804962,575.4321,155.93082
