label,socre,x1,y1,x2,y2
2,0.9990081,552.96735,410.02637,652.7952,509.90988
2,0.9977456,346.05197,289.97073,439.0817,389.17545
2,0.9957594,561.7835,643.72314,658.54095,750.30896
2,0.9941712,109.55628,485.79532,200.07253,584.3297
2,0.9932461,324.46378,423.15076,414.23904,514.9258
2,0.9925591,873.6055,167.82549,962.77356,255.22493
2,0.9863114,305.8,36.404354,396.84015,113.96037
2,0.97418416,769.49036,311.8878,864.3685,386.5512
