label,socre,x1,y1,x2,y2
2,0.98745954,486.5417,186.06331,576.1234,276.64792
2,0.9848623,514.734,441.16104,662.47675,562.45544
2,0.9586549,226.15259,75.184586,337.3688,193.60533
2,0.91702306,270.54105,367.63815,344.1611,440.401
