label,socre,x1,y1,x2,y2
1,0.9845088,352.50943,311.4947,543.6736,502.19418
