label,socre,x1,y1,x2,y2
1,0.9993086,257.31082,506.35556,420.39185,706.2485
