label,socre,x1,y1,x2,y2
2,0.9931114,281.52472,53.624016,351.4108,120.56957
2,0.9645139,620.1824,630.1706,681.4147,695.5023
1,0.9113849,918.6205,308.55182,990.3246,371.32632
2,0.88144714,533.22046,399.60986,592.42377,467.93942
2,0.8510182,684.6464,201.59904,753.0628,261.3557
2,0.7998427,470.89694,188.92374,551.2434,263.74933
