label,socre,x1,y1,x2,y2
2,0.98436004,876.481,529.6356,949.73486,614.7354
2,0.98087984,632.01,534.77515,712.5287,617.1379
2,0.9713453,726.3543,637.2618,853.6613,737.605
2,0.91583747,467.47888,613.804,570.70874,699.1382
2,0.9082631,523.1985,203.62735,603.2134,293.0874
2,0.8669858,232.6118,313.75903,326.73563,411.01688
2,0.76310086,107.53677,405.0521,179.24992,479.36426
