label,socre,x1,y1,x2,y2
2,0.99942327,868.79517,237.25253,967.02637,333.9973
2,0.9993943,569.90265,270.93857,661.4407,394.92395
2,0.9988807,195.86342,583.5913,288.0733,679.2615
