label,socre,x1,y1,x2,y2
1,0.99802256,418.50473,256.44327,662.4875,410.5862
