label,socre,x1,y1,x2,y2
1,0.9981799,455.42294,396.32123,528.1481,461.37753
1,0.99526703,744.22687,550.7521,832.3146,649.43286
1,0.9929053,386.06708,35.951763,472.17966,99.07323
1,0.984812,909.28625,326.80103,972.79724,385.56894
1,0.93318665,48.53604,64.05163,107.217064,113.00412
1,0.8969979,591.25104,436.82385,650.0034,498.33514
2,0.83841956,657.7148,283.344,731.897,332.21576
1,0.82061845,144.64702,310.25424,207.05547,371.2654
2,0.75792223,370.7821,317.46738,439.5511,371.3929
