label,socre,x1,y1,x2,y2
1,0.9925714,614.54285,321.78558,775.0662,469.65997
1,0.9515891,43.90687,164.44408,224.84521,301.68668
