label,socre,x1,y1,x2,y2
2,0.99822074,165.36699,616.8609,283.63284,747.468
2,0.98283905,103.261444,145.9842,252.22807,270.19943
2,0.93102705,781.1787,45.863796,914.4907,188.7968
2,0.92281896,203.92775,389.24786,301.61615,508.2706
1,0.9109139,804.2308,622.9216,933.0244,744.7498
