label,socre,x1,y1,x2,y2
2,0.8413794,595.0454,442.17517,681.1561,535.9853
