label,socre,x1,y1,x2,y2
2,0.9417982,231.26514,566.34393,367.71582,703.3729
1,0.9165431,856.5299,403.80566,996.3037,536.6547
2,0.88638747,289.70425,66.83452,440.44794,175.0134
