label,socre,x1,y1,x2,y2
2,0.9844156,244.17279,373.4436,364.64352,543.8073
2,0.95680696,548.12683,571.81934,716.8304,711.7356
2,0.9122407,728.551,53.91281,914.8817,203.19202
