label,socre,x1,y1,x2,y2
2,0.9997067,110.52705,287.62766,217.09106,384.37244
2,0.99810934,290.71164,371.68735,392.82553,489.3966
2,0.9972807,542.34204,150.54951,658.9356,264.42328
1,0.9947771,319.92047,43.085213,465.02048,171.15462
2,0.9803017,562.4669,570.62415,682.68726,703.90546
