label,socre,x1,y1,x2,y2
1,0.99831885,470.90433,500.58502,612.31604,726.8775
1,0.99212146,855.59064,305.76596,995.76984,462.22058
1,0.9806234,381.55072,66.895805,507.0191,227.41228
2,0.9279405,73.21219,96.5028,227.54066,211.02708
