label,socre,x1,y1,x2,y2
2,0.9958333,265.33194,211.70828,348.88794,304.28934
2,0.9952602,474.7997,462.90555,561.2602,558.9108
2,0.98080117,508.8367,323.95972,598.64557,410.85
2,0.8762346,416.29175,108.31991,482.6572,195.62477
