label,socre,x1,y1,x2,y2
2,0.9975327,331.2011,438.86133,505.67548,566.7506
1,0.989553,716.7169,106.6201,863.1972,303.0623
