label,socre,x1,y1,x2,y2
2,0.9976809,516.0061,171.30128,640.7855,291.01443
2,0.99729186,184.00671,360.50137,307.58444,458.0039
2,0.9506071,846.4933,544.10693,969.28046,640.0425
2,0.89423734,735.33496,319.749,850.1891,415.85327
