label,socre,x1,y1,x2,y2
1,0.99936503,362.48535,409.1105,523.1845,564.8785
1,0.9978478,581.2467,468.86752,757.5583,632.6883
1,0.9945722,335.73352,108.2049,581.7993,278.92316
1,0.9832116,11.84238,93.055664,153.06927,238.05618
1,0.9774565,624.2058,287.5256,775.1964,426.23483
1,0.83923894,860.9045,38.695694,1014.3444,183.15933
