label,socre,x1,y1,x2,y2
1,0.9987017,275.1019,211.64793,402.2773,361.28824
1,0.99846715,52.60407,510.60602,196.4761,653.9214
1,0.99730563,479.88126,614.2251,597.8851,737.03815
1,0.996619,363.61353,32.116062,497.94354,155.82394
1,0.97677076,619.8262,458.65045,762.3698,609.91534
2,0.90720826,84.23336,348.97983,182.45953,440.75568
