label,socre,x1,y1,x2,y2
2,0.992728,733.3181,106.630165,861.43787,275.31128
2,0.98380893,226.8716,431.20813,372.6246,590.8121
