label,socre,x1,y1,x2,y2
1,0.9013433,341.0974,321.85803,519.1019,472.0906
2,0.862667,130.53639,481.13403,309.0122,609.7208
1,0.7868488,823.5698,303.80643,971.83307,468.1204
