label,socre,x1,y1,x2,y2
1,0.9674627,81.33824,195.43953,224.57243,329.3171
1,0.9447931,115.91752,575.9464,237.63478,728.41473
2,0.9423886,314.0467,341.86343,456.8494,446.08643
1,0.8008398,595.228,423.45526,724.79553,567.1223
