label,socre,x1,y1,x2,y2
1,0.98683804,168.94469,486.95343,305.77603,654.9459
1,0.82291144,326.42105,601.5711,444.73767,740.5746
1,0.8029194,765.4878,232.38806,931.50775,353.6064
