label,socre,x1,y1,x2,y2
1,0.99960107,213.98816,223.05234,361.65982,372.11578
1,0.9983576,662.5023,603.79926,819.16486,738.1574
1,0.99720925,656.1625,176.57901,783.4486,307.89188
