label,socre,x1,y1,x2,y2
2,0.9993849,702.4746,616.0353,801.42303,717.2621
2,0.9905737,781.7649,472.8306,875.0611,578.9785
