label,socre,x1,y1,x2,y2
2,0.9970667,342.84134,347.9254,440.354,470.10104
2,0.9944153,739.0801,203.20454,840.09357,320.0927
1,0.9909373,192.31932,480.40106,305.0954,609.6278
2,0.9849686,707.78217,435.93906,808.8123,539.19025
2,0.9612639,534.8752,368.70184,624.6387,484.04657
2,0.94847006,549.75916,66.31563,694.9055,174.77048
2,0.85267144,777.4609,8.936184,862.4677,95.30662
