label,socre,x1,y1,x2,y2
2,0.98705125,319.9456,86.66764,440.66013,193.53598
