label,socre,x1,y1,x2,y2
2,0.7783123,694.5701,393.80823,789.0082,485.56503
