label,socre,x1,y1,x2,y2
2,0.99623775,47.338146,495.97943,139.18442,608.92896
2,0.99524623,264.48822,269.14648,382.8689,400.68997
2,0.99262756,605.2636,426.41907,683.1333,514.6955
2,0.75719106,187.35724,541.03436,275.21777,636.9727
