label,socre,x1,y1,x2,y2
2,0.9174635,527.84686,482.40842,645.50507,608.13293
2,0.9091215,73.066124,309.92444,199.19048,429.56033
1,0.8060437,226.27489,528.9355,336.47336,623.3133
