label,socre,x1,y1,x2,y2
2,0.98313737,438.46606,350.0218,526.052,438.9541
2,0.97003055,278.6348,48.143375,370.71542,140.74783
1,0.90421355,147.97371,521.73645,231.01515,605.3941
2,0.8979692,66.32903,222.98714,153.5736,313.1967
2,0.7546979,697.75714,417.6713,771.56976,496.1289
