label,socre,x1,y1,x2,y2
1,0.99757797,419.5692,465.24536,560.4444,600.3603
1,0.9890353,116.60691,459.7379,250.0774,577.7205
1,0.9889998,763.91205,293.74973,897.69885,434.13354
1,0.9879298,483.98343,272.80112,615.60657,413.7308
1,0.96959597,28.817377,53.89198,145.272,176.31363
1,0.95689386,243.89694,260.38873,323.597,353.29376
1,0.93790793,548.8743,87.72235,685.5771,215.18712
2,0.9005154,831.70795,44.55673,919.289,123.361664
