label,socre,x1,y1,x2,y2
2,0.99420327,787.09717,480.24954,926.30023,599.6444
2,0.9904004,657.6235,257.1518,769.42413,377.3505
1,0.98932964,147.53105,245.472,296.3846,408.23004
2,0.97852844,846.8791,84.40604,970.1848,226.42047
2,0.945951,465.969,295.11737,603.97906,427.54135
1,0.942477,152.9685,610.70917,277.47574,753.4331
1,0.8663266,332.26636,479.48267,437.84927,616.24316
