label,socre,x1,y1,x2,y2
2,0.99743015,818.87555,452.96426,934.7783,575.5914
2,0.98955685,67.506096,372.03168,154.18858,445.13226
2,0.9027137,597.39905,676.6765,696.202,758.2533
