label,socre,x1,y1,x2,y2
2,0.999273,541.4217,625.8097,675.6685,745.2792
2,0.9985644,260.48145,407.51926,367.26028,543.848
2,0.99851686,571.4235,301.11954,670.714,400.42984
2,0.99573505,368.3236,655.6647,460.34537,741.9646
2,0.9895007,517.22003,467.863,616.76086,591.6131
2,0.95441854,457.96207,24.390903,557.3337,126.417564
1,0.9458699,137.7014,502.09488,237.01915,593.1628
2,0.84006083,677.8785,505.4899,786.22687,628.92303
