label,socre,x1,y1,x2,y2
1,0.99339676,607.4768,340.09595,781.4211,523.0702
1,0.96270555,187.12535,514.75806,361.00113,662.36926
1,0.94871575,308.5793,87.812675,439.778,229.785
