label,socre,x1,y1,x2,y2
1,0.92857456,317.8507,493.30283,453.99347,625.6123
1,0.92273206,502.64975,83.971085,628.43256,187.4225
1,0.80501926,106.87679,285.37518,234.61383,394.542
1,0.7943106,570.362,295.09885,698.05676,418.04086
