label,socre,x1,y1,x2,y2
1,0.99625176,397.7782,10.742438,482.6952,104.6683
1,0.9689192,891.47894,117.65851,995.93024,201.69536
