label,socre,x1,y1,x2,y2
2,0.9943435,129.30884,555.02124,285.46307,697.69904
2,0.98687047,678.42865,211.08206,852.0087,344.82333
2,0.8864583,115.794174,21.245493,243.97197,175.99442
