label,socre,x1,y1,x2,y2
2,0.8589879,56.01441,501.8272,142.9702,595.99524
