label,socre,x1,y1,x2,y2
2,0.9966275,419.32242,521.39545,550.5419,660.1609
2,0.9960685,732.64136,373.75024,884.0142,528.1671
2,0.98824346,520.14874,25.594622,681.82544,177.211
1,0.97572225,140.78755,456.5555,328.0426,623.9882
