label,socre,x1,y1,x2,y2
2,0.98460996,724.5708,241.75789,890.47986,372.2269
2,0.9786357,265.71024,259.5088,442.0275,420.17236
