label,socre,x1,y1,x2,y2
1,0.99954873,443.20383,232.54399,645.99023,436.72107
