label,socre,x1,y1,x2,y2
1,0.99968386,526.10895,217.80672,687.6595,389.33664
1,0.9994702,477.8554,554.5247,640.34393,739.0735
1,0.9993851,216.00366,94.26175,353.71082,308.1989
1,0.99827075,92.13089,561.90906,251.48975,705.42944
