label,socre,x1,y1,x2,y2
2,0.9985979,289.0646,474.23907,396.08994,616.7744
2,0.99544924,290.2178,154.85652,419.69165,273.697
2,0.98883086,598.47095,208.46431,711.37537,337.0088
2,0.9871294,455.37363,401.6646,555.5988,496.73367
2,0.9844617,595.5881,560.5541,715.2753,691.4784
2,0.9833308,792.26276,405.16968,883.0747,502.68756
2,0.9551785,490.8764,605.00793,583.8653,709.9362
2,0.93173575,850.3196,238.37173,942.2816,349.13538
1,0.8817881,762.58325,576.955,865.05994,701.28625
