label,socre,x1,y1,x2,y2
1,0.983297,178.4253,454.07623,368.18985,581.55804
1,0.98235786,531.8763,248.48727,672.08734,409.328
1,0.97686106,711.2235,478.96518,863.0154,674.81683
1,0.87057316,177.26991,81.734634,363.8656,240.50912
