label,socre,x1,y1,x2,y2
2,0.99652344,195.45627,94.979866,320.18063,196.18785
2,0.9914765,427.46393,135.20255,533.77014,234.55261
2,0.9815564,172.77498,457.09924,270.3051,572.83276
2,0.925839,343.30826,279.40582,434.90997,371.65164
