label,socre,x1,y1,x2,y2
2,0.9961479,164.979,610.704,303.20798,751.7979
2,0.99516207,249.94325,352.35092,363.29474,463.64255
1,0.9926628,739.04974,519.8087,874.8564,663.608
1,0.96925294,60.10181,61.715446,207.07135,171.76921
2,0.9576889,408.4728,48.599503,531.4456,171.39891
1,0.95629793,476.37503,485.07785,613.6117,626.11414
1,0.95290744,595.58795,175.3062,750.95886,316.87796
2,0.76469386,185.49599,189.23505,327.5748,307.0219
1,0.7640868,23.965847,366.79642,198.11398,510.33292
