label,socre,x1,y1,x2,y2
2,0.99713993,850.41254,404.17178,945.5094,498.74722
2,0.9662772,519.8311,399.9718,605.218,504.0881
2,0.96591127,636.483,262.4291,739.924,361.12598
2,0.76097864,601.28656,90.79383,705.1442,169.64474
