label,socre,x1,y1,x2,y2
2,0.99336606,152.6292,93.47541,194.17314,173.47018
2,0.99189305,746.76825,611.64606,804.9975,660.02423
2,0.99179465,166.75641,340.00708,227.27423,404.51154
2,0.98703474,366.1346,316.0827,439.11398,360.9323
2,0.8935581,309.81448,385.72278,370.0816,457.45422
