label,socre,x1,y1,x2,y2
2,0.99256015,507.5754,317.0229,611.3546,452.852
2,0.93107027,324.59335,517.99164,442.63702,635.89667
