label,socre,x1,y1,x2,y2
2,0.9944048,35.441322,507.6688,149.13963,618.6963
2,0.9913146,821.93555,193.2474,938.51404,324.06058
2,0.96962345,17.894686,333.47934,167.89456,452.78473
2,0.9582993,286.5956,533.5058,391.22247,666.0689
2,0.8608449,574.84985,343.16336,682.7653,462.05338
