label,socre,x1,y1,x2,y2
2,0.9769199,469.24094,498.8496,662.9483,648.3765
