label,socre,x1,y1,x2,y2
1,0.99816835,815.433,452.74902,968.27045,612.86346
1,0.99772435,230.3299,414.38245,366.6614,575.2441
1,0.99698716,540.66064,542.5601,639.5947,629.6344
1,0.95988846,434.1504,68.216774,544.60657,182.9937
2,0.84182066,706.07446,302.34286,836.59064,410.05154
