label,socre,x1,y1,x2,y2
2,0.9940941,834.45325,170.11887,925.3536,253.51283
2,0.99354386,556.96643,636.09106,658.6347,727.4631
2,0.9893552,280.16248,412.57947,383.70932,514.54285
2,0.9527703,693.5155,176.88364,794.3779,267.36096
