label,socre,x1,y1,x2,y2
2,0.99775296,731.60645,132.83124,867.0064,254.42754
1,0.93474424,20.116468,379.23947,175.26099,518.2755
