label,socre,x1,y1,x2,y2
2,0.9972236,580.8448,618.32574,695.6838,729.89764
2,0.9958625,451.19388,401.3119,554.2591,527.42474
2,0.9936102,318.5737,178.23587,442.32388,300.3683
2,0.8567129,650.80725,143.46497,752.43304,282.58105
