label,socre,x1,y1,x2,y2
2,0.9979863,511.69247,459.64594,624.7429,569.9981
2,0.9943897,360.00986,241.87605,464.73376,351.48743
