label,socre,x1,y1,x2,y2
1,0.9946233,368.8598,301.133,472.42197,419.74362
1,0.98242074,483.67917,63.021633,630.65924,219.38454
1,0.82643276,532.7419,438.02045,708.724,610.8345
