label,socre,x1,y1,x2,y2
2,0.9991273,708.5141,78.216385,806.6481,161.79868
2,0.9934277,717.63965,263.30948,805.75726,352.39453
2,0.9861687,379.74182,504.51526,506.53085,620.13794
1,0.98085326,73.47071,108.133545,215.89081,278.02786
2,0.95558274,625.12714,468.0581,742.4383,583.0486
2,0.9225773,79.24418,459.88766,193.14697,565.53235
2,0.91019744,528.5232,94.404396,661.61646,228.314
