label,socre,x1,y1,x2,y2
2,0.99775344,316.1882,278.38266,433.81473,386.67496
2,0.99693584,552.92633,108.14529,684.84467,243.75784
2,0.9968262,61.315704,470.68137,216.65514,606.96564
2,0.9963403,729.0927,522.7473,816.9691,611.2969
2,0.9849198,157.13239,227.46165,258.7768,325.4558
2,0.9842135,622.38873,306.6709,711.529,396.20596
2,0.96714205,476.2677,473.50204,620.1528,611.8024
1,0.8080609,888.1673,356.84653,1015.5502,485.22028
