label,socre,x1,y1,x2,y2
1,0.9906871,735.19275,266.7683,926.4897,423.3955
1,0.98762566,342.98547,187.4413,495.53845,372.38126
1,0.946771,130.41551,468.29654,267.02094,619.3503
