label,socre,x1,y1,x2,y2
2,0.9678508,377.33423,30.664585,513.49817,177.29745
2,0.8693241,274.5256,527.8466,413.30695,669.89905
