label,socre,x1,y1,x2,y2
1,0.9987203,77.47133,211.08278,277.2153,371.22928
1,0.98720646,507.85373,437.5467,646.66235,641.12506
1,0.97571474,369.51715,87.0049,552.4374,280.865
1,0.88154316,806.95715,215.11693,941.9597,395.75296
