label,socre,x1,y1,x2,y2
2,0.98194146,578.2889,69.35974,666.713,171.45969
2,0.94881153,699.8711,250.98016,853.0227,421.92297
2,0.940905,235.23438,47.088207,379.09174,189.3747
1,0.9377179,254.7687,502.32117,402.60126,686.7207
