label,socre,x1,y1,x2,y2
1,0.94898385,596.72455,140.28802,773.57996,343.02072
1,0.7994068,181.61224,449.33746,401.94745,725.46545
