label,socre,x1,y1,x2,y2
1,0.98799765,448.18317,200.86499,607.72736,415.60867
