label,socre,x1,y1,x2,y2
2,0.997218,462.1838,257.5037,596.3156,394.64853
