label,socre,x1,y1,x2,y2
2,0.96200496,369.60876,185.14204,501.95944,347.6857
2,0.9189526,772.4245,255.79672,922.90326,389.63257
