label,socre,x1,y1,x2,y2
2,0.95038396,150.5735,362.87183,295.1844,492.58264
