label,socre,x1,y1,x2,y2
1,0.96175116,536.79395,212.67194,622.6768,302.27313
1,0.9498257,689.40063,618.6199,755.69684,680.98846
2,0.91751474,256.75034,381.99228,323.01645,454.73737
1,0.83935803,367.55515,235.33437,446.92664,312.83133
