label,socre,x1,y1,x2,y2
1,0.90280515,75.78055,500.85614,163.6863,585.82635
2,0.8304641,184.71637,391.58047,263.7616,475.46088
