label,socre,x1,y1,x2,y2
2,0.9994025,734.4817,169.0548,856.0848,263.32413
2,0.99912196,358.45935,587.3517,473.93225,689.01434
2,0.99815875,150.27194,312.0101,248.52415,419.49945
2,0.9762005,813.92664,623.1839,918.1704,713.67535
2,0.8523538,435.26868,211.70688,559.1639,296.38278
