label,socre,x1,y1,x2,y2
2,0.99728763,72.488014,299.87347,180.05165,385.06818
2,0.9952834,315.89996,549.3303,437.6705,649.093
2,0.9943621,129.93646,62.177254,241.87903,160.68816
2,0.99405515,714.96173,496.1397,814.4546,585.54834
2,0.99209374,281.51016,321.87442,379.91684,435.07953
2,0.9827716,916.0811,518.09766,1009.4206,625.4492
2,0.969827,78.39538,601.4813,160.12881,665.84753
2,0.9446803,248.27199,177.52203,351.54474,266.2837
2,0.92652917,526.11475,588.98737,593.40076,659.07007
