label,socre,x1,y1,x2,y2
1,0.99458486,808.14197,165.77129,1007.7253,369.5772
