label,socre,x1,y1,x2,y2
2,0.99474394,139.6576,288.23773,264.48117,460.81155
2,0.9945293,252.1491,595.6923,406.9769,742.3758
