label,socre,x1,y1,x2,y2
1,0.99310887,596.66785,307.7664,734.823,491.64844
2,0.99179244,176.4388,47.011383,298.37177,212.60701
2,0.92932254,145.13742,394.0643,301.61667,548.6948
