label,socre,x1,y1,x2,y2
2,0.9992478,561.6199,328.6916,681.1653,442.8413
2,0.9972428,703.0384,506.05225,819.38293,611.8832
2,0.99257314,371.9408,5.5284376,475.3121,121.868965
2,0.95800227,296.71173,258.81747,417.9778,355.0751
2,0.9501442,542.43506,195.50485,623.8768,275.69006
2,0.91271865,857.4488,310.62952,962.60443,437.4576
2,0.8917661,834.34814,59.517994,948.9655,165.6352
