label,socre,x1,y1,x2,y2
2,0.9988386,22.546839,230.86946,131.64801,325.50732
2,0.9927891,637.5376,364.94907,729.99194,457.35385
2,0.9826916,671.8754,15.905043,757.79535,109.88048
2,0.81776196,236.34668,10.590454,348.7626,77.7361
