label,socre,x1,y1,x2,y2
2,0.99467045,615.215,412.59186,709.36694,506.27963
2,0.94440943,781.826,377.96396,921.08466,506.21976
1,0.8210763,336.0429,435.63654,492.23956,613.40045
