label,socre,x1,y1,x2,y2
1,0.98257935,682.84015,415.6941,805.60297,561.3869
2,0.95643586,262.39954,589.98395,385.00473,709.4664
2,0.9404443,198.99866,314.10474,322.49115,440.84723
1,0.80091864,455.69998,347.5038,549.9947,454.2553
