label,socre,x1,y1,x2,y2
2,0.9991493,379.16513,355.03098,493.86838,475.42978
2,0.9968131,41.25398,388.89163,174.54694,505.55988
2,0.9929363,725.0143,514.7611,895.6697,650.06024
1,0.8946817,526.5252,45.903587,764.6705,243.81259
