label,socre,x1,y1,x2,y2
2,0.99701166,134.1003,51.198338,225.34148,167.51088
2,0.9959202,649.86707,467.61438,750.9582,571.30035
2,0.99176484,296.06387,445.50208,393.3035,532.96375
2,0.98765343,570.72986,42.255585,664.9356,154.84879
