label,socre,x1,y1,x2,y2
2,0.99938154,683.14185,409.43256,831.1611,546.9653
2,0.99737775,518.74036,616.65826,643.7606,726.86163
2,0.99269193,720.84186,244.87985,848.7158,375.15982
2,0.9728333,271.72784,480.4347,393.21558,602.83484
2,0.8947592,244.91243,320.3851,363.98782,431.77798
2,0.88516635,439.9871,396.60538,526.7277,513.1425
1,0.7927368,149.844,182.82628,312.9527,301.89005
