label,socre,x1,y1,x2,y2
2,0.99914384,599.50104,170.39651,708.93994,273.57227
2,0.99743325,298.10907,237.01695,398.20435,317.33786
2,0.9957146,510.3726,648.46204,620.4827,739.50195
2,0.9955829,454.54617,37.83617,555.2297,127.57342
2,0.9953022,240.18007,373.63855,375.47034,533.2564
2,0.9938181,767.6203,246.63412,885.0592,365.46136
2,0.98167,698.5336,518.323,802.76245,606.8552
2,0.9644684,835.0801,593.0572,929.6157,669.9197
2,0.84295577,469.10474,498.52792,537.8094,577.7204
