label,socre,x1,y1,x2,y2
2,0.99937433,160.17618,273.2983,265.17627,383.04514
2,0.9985287,617.03546,13.2356615,727.7502,109.88168
2,0.99570835,420.69473,194.8319,524.5257,290.45932
2,0.9910024,320.41452,456.44043,411.83865,549.43
2,0.8671006,894.00946,645.969,1011.181,745.2204
