label,socre,x1,y1,x2,y2
2,0.99844813,308.2609,520.0095,420.57318,625.4601
2,0.99819547,459.82208,54.83594,573.05817,157.09653
2,0.99742883,440.94772,294.89734,523.4919,383.79657
2,0.99604577,319.5168,156.47633,448.46213,262.8186
2,0.9930282,682.40625,213.36314,800.641,323.32892
