label,socre,x1,y1,x2,y2
2,0.9973368,467.3052,109.30465,558.3783,223.80116
2,0.9932626,200.02988,52.307793,282.11105,144.66853
2,0.99040765,125.09599,506.56528,227.92503,590.00476
2,0.9883264,397.4538,481.26462,497.499,597.7087
2,0.90961915,794.8303,434.2794,900.9259,518.49506
1,0.88657296,729.96625,184.75659,822.84204,281.17676
1,0.86158353,153.43993,232.94298,258.55063,307.17188
