label,socre,x1,y1,x2,y2
2,0.9985177,358.94714,428.04138,465.22546,528.31836
2,0.99677306,103.35032,103.25594,211.63239,218.08806
2,0.99620515,842.5743,229.46431,948.5269,325.38867
2,0.9960311,583.6705,285.7576,681.1862,408.6143
2,0.9802664,267.24152,203.28426,380.5314,304.61847
2,0.9662729,580.8441,12.847291,673.9611,104.67139
2,0.9503122,397.55215,60.40451,470.49915,153.14139
