label,socre,x1,y1,x2,y2
2,0.96183366,303.30692,527.7325,465.32944,655.27435
2,0.96135676,812.6181,274.98822,913.38684,459.47708
