label,socre,x1,y1,x2,y2
2,0.99785405,652.4257,257.32593,795.0842,358.71695
2,0.99378395,310.2022,327.83176,442.1931,443.6395
2,0.98102987,703.5159,531.3755,808.0503,620.51245
2,0.9778946,302.84134,36.947918,413.8505,146.81578
2,0.9694932,351.9392,547.5647,486.13245,657.90106
1,0.8900253,14.712913,11.57343,114.795586,143.71936
1,0.8327733,58.568855,515.41455,211.76167,679.16046
