label,socre,x1,y1,x2,y2
1,0.9911069,698.8144,555.94995,850.8437,720.3808
2,0.9908249,461.05646,126.47105,621.128,277.22913
