label,socre,x1,y1,x2,y2
2,0.997759,439.72107,276.56046,556.9642,385.10092
