label,socre,x1,y1,x2,y2
2,0.99819034,389.0672,182.93498,492.3545,286.718
2,0.99586284,586.13776,167.25342,692.60645,280.3067
2,0.99302304,850.304,179.05571,968.21277,297.3711
1,0.9274304,558.90796,480.17975,679.73755,622.7209
