label,socre,x1,y1,x2,y2
2,0.9952502,161.47266,39.5668,282.6586,159.23027
2,0.9362498,314.36496,266.85934,446.69098,373.4985
