label,socre,x1,y1,x2,y2
2,0.99239105,248.65042,508.3955,347.2203,595.5188
2,0.99238926,29.886799,228.66637,123.7367,316.08286
