label,socre,x1,y1,x2,y2
1,0.97643036,716.4292,594.5698,886.303,755.7
1,0.96565217,127.401985,354.237,258.80106,496.25092
2,0.9646913,648.59424,418.1721,758.71063,526.3277
2,0.9645007,245.16074,74.36094,384.00748,238.91791
