label,socre,x1,y1,x2,y2
2,0.99809974,258.6212,125.60505,398.76318,234.80956
2,0.9954449,539.65295,432.97342,693.9731,558.1115
2,0.99410206,258.62247,561.56134,417.21176,689.02454
2,0.976447,715.4197,231.54651,895.1813,354.7153
