label,socre,x1,y1,x2,y2
1,0.8680348,351.90283,298.1415,490.50812,486.55078
