label,socre,x1,y1,x2,y2
2,0.99851686,591.6667,404.43216,691.8029,499.38315
2,0.99347997,560.7022,649.30695,686.05707,759.13354
2,0.9891158,299.37674,409.33603,413.97195,546.8062
2,0.9635159,834.632,448.85205,916.0424,533.72034
2,0.8543571,748.4048,353.56332,828.7896,424.43134
