label,socre,x1,y1,x2,y2
2,0.9991702,772.1282,569.35254,930.2664,689.933
2,0.93189585,880.42053,123.33549,1017.99884,253.69095
1,0.9171649,71.98195,371.28262,226.5644,516.6452
1,0.84490305,345.53452,273.8202,484.32718,443.24542
