label,socre,x1,y1,x2,y2
1,0.99970394,65.30561,388.88998,280.8192,551.58844
1,0.99933857,330.8364,101.78913,514.6757,231.30408
