label,socre,x1,y1,x2,y2
2,0.99547285,751.042,17.110207,888.7225,137.96045
1,0.99242085,337.64334,244.74011,468.40472,347.6159
1,0.9674164,858.20917,419.97385,965.1185,533.84454
1,0.8910848,629.6859,508.33575,741.587,615.16187
1,0.88957983,6.5629396,303.09286,154.56003,426.50406
2,0.83973616,638.21643,285.99576,765.1496,410.25882
