label,socre,x1,y1,x2,y2
2,0.9857268,283.203,554.2042,410.80655,651.28375
2,0.87913907,478.31808,364.4643,626.198,494.87097
