label,socre,x1,y1,x2,y2
2,0.99569184,143.32944,550.10223,270.85812,671.2043
2,0.99535084,34.7749,416.9175,132.1546,509.98282
2,0.9951374,286.74777,468.51108,374.53372,561.1647
1,0.98910016,519.0306,519.91364,660.3432,700.43994
1,0.9591362,345.20575,10.53372,507.0353,165.23796
2,0.9374756,621.741,341.0831,713.75604,440.79886
2,0.8464341,445.35403,342.89368,558.3056,462.76
