label,socre,x1,y1,x2,y2
2,0.9997539,453.8376,109.533356,553.2555,200.45348
2,0.998231,134.50188,275.6004,238.117,361.6246
2,0.9978933,591.5587,457.31543,675.2443,545.6566
2,0.99754614,335.5449,388.3432,456.52377,474.83203
2,0.9971462,146.97304,165.31645,244.2373,256.55948
2,0.99544096,286.45648,17.25758,387.14923,115.290855
2,0.9952526,547.9689,294.0312,650.4922,387.28238
2,0.9920724,77.54333,391.59247,172.4699,471.29047
2,0.8458257,868.16296,253.10431,969.51166,347.92493
