label,socre,x1,y1,x2,y2
2,0.9987587,655.581,633.42017,773.88055,740.29736
2,0.9973623,539.17816,512.63794,646.647,621.1592
2,0.9952493,777.67596,41.685577,888.0689,166.62527
2,0.99503654,398.85065,381.80582,515.4319,498.2928
2,0.98521626,13.260428,608.39026,134.94014,713.9714
