label,socre,x1,y1,x2,y2
2,0.99905056,119.558876,480.15637,241.40617,580.1233
