label,socre,x1,y1,x2,y2
1,0.9092386,397.1553,312.34055,567.62354,490.55795
1,0.90904766,118.113075,245.24513,258.52103,384.84836
1,0.8823778,678.2736,430.30148,798.8462,593.8405
2,0.8664811,605.4085,20.009447,689.76373,110.69396
