label,socre,x1,y1,x2,y2
1,0.91063637,181.0328,31.563559,325.87097,173.99419
1,0.847054,273.19016,501.0693,411.9506,638.67426
1,0.8039072,410.5163,331.69354,507.59177,441.29565
