label,socre,x1,y1,x2,y2
2,0.9956512,178.4339,629.4868,266.45792,709.203
2,0.9932126,788.55365,419.74066,890.8235,525.51666
2,0.9904219,320.5439,58.155556,466.99484,207.92024
2,0.956458,41.44439,397.76898,145.95036,502.13126
1,0.87767357,745.0127,19.274471,889.7098,170.64343
