label,socre,x1,y1,x2,y2
1,0.9989471,452.23798,107.8326,608.8995,273.19467
1,0.98592305,28.663446,139.26093,162.61098,289.70273
2,0.8459141,475.81937,493.0923,564.18933,591.1628
