label,socre,x1,y1,x2,y2
1,0.9937078,221.43062,558.90234,387.51584,728.2741
2,0.98436683,5.802247,607.3469,123.9966,725.63
1,0.97294044,464.6504,72.57757,676.4962,282.73816
2,0.90713036,838.7728,242.42116,1013.59766,402.09732
2,0.85322475,270.60455,309.73184,382.499,409.6862
2,0.8512549,7.109144,252.21024,116.59444,358.62637
1,0.8380294,490.69424,372.67365,639.90857,536.61224
1,0.76316243,100.24107,42.632942,267.73926,226.43057
