label,socre,x1,y1,x2,y2
2,0.9845099,547.90796,318.77554,709.6026,481.9589
2,0.9611628,694.60754,5.2638793,911.52747,199.33444
1,0.9596622,317.079,355.98062,473.46402,523.4333
1,0.9316566,72.99324,511.86877,278.74536,719.845
1,0.88284487,408.40775,551.83923,607.5322,730.23505
1,0.8020283,221.43575,87.473854,410.86017,284.05835
