label,socre,x1,y1,x2,y2
2,0.99716264,864.5121,245.61678,973.43964,353.5405
2,0.99619293,121.987274,251.86136,217.66188,377.97122
2,0.99572986,428.01138,458.12204,540.2311,560.82245
2,0.97382855,292.93985,193.09145,373.17078,277.25473
1,0.899971,271.90918,539.08453,378.8974,686.2714
2,0.8131541,637.1275,193.71674,748.046,303.44342
1,0.75499207,7.3653994,137.15059,118.3282,248.7554
