label,socre,x1,y1,x2,y2
1,0.9906489,503.95227,550.6885,722.78613,752.49146
1,0.98278034,264.27655,429.6459,432.26004,592.4345
1,0.94917023,181.82074,87.38958,343.94022,253.55385
1,0.9478239,69.46855,380.0883,252.42355,538.717
2,0.9394749,351.15976,8.14615,514.45325,146.54756
