label,socre,x1,y1,x2,y2
2,0.99893206,274.18796,360.5252,384.9864,485.934
2,0.9956862,210.26093,63.682644,338.90817,184.37396
2,0.98490417,550.1354,620.4886,701.30133,744.4419
2,0.9609368,522.925,242.81035,715.39124,434.6355
