label,socre,x1,y1,x2,y2
2,0.99918956,396.05658,301.43115,504.15894,402.0028
2,0.9967416,531.7047,462.8722,645.0546,581.09076
2,0.9943587,458.94547,81.65501,532.0713,163.36714
2,0.9911713,339.94318,535.0078,410.38428,614.20087
2,0.95875853,323.27252,94.983894,390.10526,175.0391
2,0.8227427,276.06528,214.73315,347.07578,280.9547
