label,socre,x1,y1,x2,y2
2,0.9987509,626.68854,122.84317,728.8484,236.24352
2,0.9976165,687.6205,556.4084,803.0053,693.78064
2,0.98830414,830.366,125.22093,986.1319,265.22668
2,0.98084575,549.7673,305.40033,649.29694,423.53384
2,0.95216936,532.41205,519.45135,636.0868,645.0039
