label,socre,x1,y1,x2,y2
2,0.9992619,215.34894,585.2929,319.5244,675.31384
2,0.9990582,272.1359,187.1518,364.2789,291.20398
2,0.99817,553.98676,258.36865,643.2962,355.88412
1,0.83597285,613.83777,28.8442,751.1098,207.42914
