label,socre,x1,y1,x2,y2
1,0.98453265,588.1821,378.2831,745.72845,572.0177
1,0.7513853,383.79675,171.71587,464.7719,248.26373
