label,socre,x1,y1,x2,y2
2,0.9415476,537.12396,556.5796,657.6362,732.41315
2,0.89356905,280.37112,83.17447,464.8622,212.8998
